Day,Date,Time,201808 reversal1-25:Irrad,201808 reversal1-26:Sham,201808 reversal1-28:Irrad,201809 reversal-13:Sham,201809 reversal-14:Irrad,201809 reversal-15:Irrad,201809 reversal-16:Sham,201810 reversal-17:Sham,201810 reversal-18:Irrad,201810 reversal-20:Sham,201811 reversal1-17:Irrad,201811 reversal1-18:Sham,201811 reversal1-20:Irrad,201811 reversal2-21:Irrad,201811 reversal2-22:Sham,201811 reversal2-23:Sham,201811 reversal2-24:Irrad,201812 reversal-1:Sham,201812 reversal-2:Irrad,201812 reversal-3:Sham,201812 reversal-4:Irrad
-5,5/27/50,17:12,nan,nan,nan,203.462,165.051,0,160.431,22.83,64.38,357.014,238.82,112.264,0,0,183.325,101.892,233.284,131.395,208.479,141.803,231.773
-5,5/27/50,17:13,nan,nan,nan,133.539,189.141,0,152.866,77.129,122.548,225.947,236.291,187.448,0,0,164.514,165.498,173.539,147.012,149.991,161.234,287.352
-5,5/27/50,17:14,nan,nan,nan,13.632,202.818,0,10.34,32.856,121.389,182.863,183.662,95.392,0,0,130.638,45.457,182.345,121.037,216.182,128.22,222.124
-5,5/27/50,17:15,nan,nan,nan,77.649,0,0,75.035,79.196,116.402,194.682,97.368,101.233,0,0,111.376,0,166.933,134.53,259.667,147.407,267.275
-5,5/27/50,17:16,nan,nan,nan,219.045,0,0,18.502,97.081,181.265,286.284,166.949,0,0,0,72.598,0,250.807,214.366,135.046,158.703,178.139
-5,5/27/50,17:17,nan,nan,nan,149.476,0,0,72.157,105.605,128.749,158.99,94.904,0,0,0,114.224,0,191.139,164.914,129.168,109.026,212.279
-5,5/27/50,17:18,nan,nan,nan,214.385,0,153.755,0,57.582,170.566,98.454,215.461,0,0,0,83.371,0,177.064,210.192,171.487,161.047,192.47
-5,5/27/50,17:19,nan,nan,nan,190.343,41.021,131.484,0,71.56,173.075,151.859,87.289,0,0,0,107.556,0,159.831,141.918,151.705,126.949,206.243
-5,5/27/50,17:20,nan,nan,nan,216.079,0,41.836,0,65.609,150.097,116.375,143.271,0,0,0,0,0,238.549,111.449,187.523,145.641,168.556
-5,5/27/50,17:21,nan,nan,nan,227.408,31.301,109.37,0,108.741,113.541,87.197,145.47,0,0,0,126.381,0,181.619,176.882,92.992,139.04,154.626
-5,5/27/50,17:22,nan,nan,nan,234.422,0,24.163,0,101.958,143.407,156.394,93.614,0,0,0,187.069,127.705,216.31,186.961,170.246,82.052,149.98
-5,5/27/50,17:23,nan,nan,nan,206.706,91.448,105.169,0,71.405,70.764,97.575,65.358,0,0,0,0,48.869,196.699,190.855,87.272,142.418,205.404
-5,5/27/50,17:24,nan,nan,nan,180.222,21.734,0,119.438,108.751,87.986,64.429,48.201,0,0,151.124,75.692,0,211.192,151.822,165.118,108.04,159.317
-5,5/27/50,17:25,nan,nan,nan,123.639,0,48.913,89.203,147.861,146.533,49.619,150.545,0,0,217.096,0,0,143.491,195.163,140.602,127.58,211.384
-5,5/27/50,17:26,nan,nan,nan,140.301,40.644,42.401,89.092,124.831,192.052,120.411,63.22,0,0,124.348,0,0,213.831,131.853,144.724,159.337,190.149
-5,5/27/50,17:27,nan,nan,nan,192.206,0,75.235,160.827,124.747,85.206,148.428,98.156,0,0,0,23.027,0,164.074,210.16,104.454,86.54,207.424
-5,5/27/50,17:28,nan,nan,nan,185.909,47.629,130.195,72.593,102.712,139.234,133.16,107.413,0,0,0,0,0,186.904,207.537,104.022,136.316,210.565
-5,5/27/50,17:29,nan,nan,nan,187.552,0,105.259,0,159.071,171.768,114.659,0,0,0,0,71.319,0,177.639,157.936,118.369,27.55,168.345
-5,5/27/50,17:30,nan,nan,nan,207.346,0,78.896,0,114.893,101.446,110.512,0,0,0,0,115.944,0,229.022,175.096,102.58,48.595,207.572
-5,5/27/50,17:31,nan,nan,nan,106.718,0,51.748,0,95.359,102.429,174.848,0,0,0,0,73.666,0,185.143,105.218,84.056,123.2,201.264
-5,5/27/50,17:32,nan,nan,nan,27.804,0,138.547,0,59.849,123.694,173.469,0,0,0,0,138.973,0,201.925,159.886,148.29,76.44,254.587
-5,5/27/50,17:33,nan,nan,nan,188.745,0,82.88,0,130.746,152.148,66.673,0,0,5.084,0,0,0,39.965,116.049,153.731,151.909,266.409
-5,5/27/50,17:34,nan,nan,nan,167.126,0,98.319,0,87.005,184.356,147.599,0,83.413,106.814,0,0,0,211.105,95.618,77.609,105.89,168.641
-5,5/27/50,17:35,nan,nan,nan,154.821,0,8.802,0,62.366,211.61,89.915,0,144.803,19.159,0,0,97.627,156.026,120.063,109.376,89.39,156.14
-5,5/27/50,17:36,nan,nan,nan,171.101,0,103.148,0,58.418,83.131,96.23,122.607,200.737,97.151,0,0,53.787,186.792,158.824,30.273,86.689,235.476
-5,5/27/50,17:37,nan,nan,nan,121.944,0,0,0,93.73,41.945,67.74,0,140.26,144.79,0,0,142.504,213.9,181.446,129.24,89.191,285.736
-5,5/27/50,17:38,nan,nan,nan,118.727,0,19.475,0,109.236,69.611,122.875,0,189.604,100.041,0,0,96.583,187.176,192.12,56.84,136.523,228.041
-5,5/27/50,17:39,nan,nan,nan,63.154,0,0,0,88.867,178.336,118.091,0,100.087,106.39,0,0,44.311,148.48,189.886,85.131,59.147,217.752
-5,5/27/50,17:40,nan,nan,nan,153.322,0,0,0,50.269,160.132,12.402,0,0,113.897,0,0,0,195.486,171.735,63.616,57.644,179.371
-5,5/27/50,17:41,nan,nan,nan,207.571,0,0,0,7.073,38.786,160.556,52.766,75.424,62.166,0,0,0,191.984,170.099,53.358,83.152,159.997
-5,5/27/50,17:42,nan,nan,nan,161.672,119.235,0,0,163.215,138.229,99.347,41.539,90.209,79.947,0,0,0,14.484,127.934,135.998,81.658,140.018
-5,5/27/50,17:43,nan,nan,nan,135.066,118.69,0,0,51.693,49.873,39.669,128.154,119.043,0,0,0,0,125.796,219.379,182.012,143.66,224.494
-5,5/27/50,17:44,nan,nan,nan,25.751,201.13,0,0,66.859,137.631,28.914,70.534,16.679,68.249,0,0,0,80.744,191.943,86.755,35.715,337.413
-5,5/27/50,17:45,nan,nan,nan,123.667,224.166,0,0,100.772,109.076,238.915,128.841,57.689,75.912,0,0,66.445,208.799,181.801,94.454,80.893,229.423
-5,5/27/50,17:46,nan,nan,nan,120.838,208.912,0,0,63.063,140.833,164.64,67.847,116.813,77.335,0,65.463,0,188.874,191.231,165.114,92.809,383.238
-5,5/27/50,17:47,nan,nan,nan,178.746,118.987,0,0,134.09,161.97,168.113,148.761,184.241,53.764,0,186.196,0,179.052,164.759,64.17,110.578,209.369
-5,5/27/50,17:48,nan,nan,nan,109.486,117.119,0,0,83.229,74.558,124.65,64.195,33.857,153.957,0,172.277,0,111.661,160.847,115.491,101.348,263.802
-5,5/27/50,17:49,nan,nan,nan,77.518,63.747,0,0,114.165,132.565,158.937,111.63,15.594,131.038,0,254.068,0,144.673,127.226,137.605,83.849,193.392
-5,5/27/50,17:50,nan,nan,nan,35.05,57.896,0,0,113.323,104.881,61.353,197.299,0,35.845,0,157.728,0,209.093,195.951,57.919,30.039,234.11
-5,5/27/50,17:51,nan,nan,nan,100.959,185.273,0,0,100.409,76.65,89.92,0,0,0,0,115.069,0,200.774,227.713,91.393,20.314,153.352
-5,5/27/50,17:52,nan,nan,nan,24.407,52.456,0,0,0,98.71,193.645,136.913,50.781,0,0,158.286,0,203.269,175.364,161.719,111.954,215.319
-5,5/27/50,17:53,nan,nan,nan,78.781,0,0,136.036,98.21,106.136,109.86,48.04,15.126,0,147.223,93.381,0,222.33,154.481,13.628,73.831,187.897
-5,5/27/50,17:54,nan,nan,nan,102.218,0,55.23,192.471,12.393,115.152,96.577,0,0,0,176.396,0,0,130.342,209.726,65.63,82.926,190.874
-5,5/27/50,17:55,nan,nan,nan,84.612,0,97.243,166.768,0,60.195,29.791,0,0,0,106.868,0,0,193.321,89.339,23.819,43.695,175.273
-5,5/27/50,17:56,nan,nan,nan,11.533,0,195.22,128.288,77.76,73.749,125.218,0,0,0,0,0,0,151.725,131.926,0,69.062,210.928
-5,5/27/50,17:57,nan,nan,nan,122.597,0,170.394,62.19,160.221,36.472,11.878,0,0,0,0,0,0,216.883,80.726,103.783,105.502,257.25
-5,5/27/50,17:58,nan,nan,nan,201.707,0,145.093,106.619,129.465,102.167,11.019,51.809,0,0,0,116.921,24.369,186.181,179.697,144.735,73.389,263.27
-5,5/27/50,17:59,nan,nan,nan,47.371,0,93.054,158.201,96.135,104.915,11.545,104.92,0,0,0,0,215.752,190.401,187.517,32.435,103.137,223.574
-5,5/27/50,18:00,nan,nan,nan,76.719,0,120.527,119.995,158.164,93.6,11.342,0,0,0,0,0,150.602,155.576,257.108,68.017,57.598,333.797
-5,5/27/50,18:01,nan,nan,nan,43.207,0,63.463,122.992,92.02,183.396,104.589,0,0,0,0,0,182.735,60.529,57.73,136.378,140.824,234.132
-5,5/27/50,18:02,nan,nan,nan,113.632,0,123.832,157.519,70.478,102.67,57.196,0,0,0,0,0,190.608,136.501,158.277,38.652,46.184,294.021
-5,5/27/50,18:03,nan,nan,nan,35.329,0,94.889,134.769,78.348,103.992,17.421,0,0,0,0,0,208.134,167.884,165.176,53.931,104.094,348.335
-5,5/27/50,18:04,nan,nan,nan,142.228,0,192.602,168.336,44.231,113.054,30.776,0,0,0,0,0,155.668,132.758,211.456,90.872,49.157,336.014
-5,5/27/50,18:05,nan,nan,nan,134.942,0,160.541,192.657,159.369,282.144,266.292,0,0,0,0,0,146.363,187.607,151.81,77.444,47.956,301.958
-5,5/27/50,18:06,nan,nan,nan,316.173,149.223,122.587,143.294,160.443,317.586,175.067,156.855,0,0,0,0,176.983,326.548,227.989,323.968,216.251,346.713
-5,5/27/50,18:07,nan,nan,nan,165.953,246.418,147.87,84.688,158.039,190.059,203.771,189.787,46.209,0,28.189,129.977,242.089,223.453,238.579,252.236,195.411,307.661
-5,5/27/50,18:08,nan,nan,nan,0,233.993,129.54,140.108,241.718,212.833,212.482,247.182,189.558,0,171.296,97.158,154.136,230.762,221.362,133.139,233.303,313.909
-5,5/27/50,18:09,nan,nan,nan,78.869,259.555,52.062,147.53,211.287,24.98,153.47,286.85,243.096,0,160.054,135.024,209.585,247.977,249.513,181.425,86.275,261.758
-5,5/27/50,18:10,nan,nan,nan,0,214.063,42.853,174.746,192.675,144.104,36.44,202.273,179.324,0,189.227,192.859,140.165,181.828,257.039,133.854,127.712,245.57
-5,5/27/50,18:11,nan,nan,nan,169.212,224.693,176.483,140.627,254.246,186.308,92.014,228.61,276.936,0,179.324,173.843,207.111,292.832,253.185,97.959,89.141,150.128
-5,5/27/50,18:12,nan,nan,nan,158.197,96.347,163.132,103.205,226.468,195.084,135.195,174.442,224.247,105.977,215.019,152.648,111.07,188.593,193.804,140.085,224.904,202.042
-5,5/27/50,18:13,nan,nan,nan,199.737,216.219,145.476,85.213,211.979,126.973,16.065,201.379,274.574,196.18,63.687,143.092,208.53,202.904,115.243,158.864,18.203,277.362
-5,5/27/50,18:14,nan,nan,nan,102.109,139.084,151.083,58.496,137.67,81.407,32.602,127.497,338.119,125.484,185.742,168.235,207.7,230.269,75.467,139.862,144.929,102.084
-5,5/27/50,18:15,nan,nan,nan,101.486,210.057,124.591,42.993,189.949,69.16,52.302,157.978,213.852,202.714,206.401,179.091,169.397,232.982,209.988,144.141,148.015,184.434
-5,5/27/50,18:16,nan,nan,nan,153.245,216.493,130.6,198.339,240.416,53.819,46.847,70.189,184.621,136.864,250.876,233.534,180.203,216.748,183.063,159.39,117.768,374.062
-5,5/27/50,18:17,nan,nan,nan,4.378,125.676,161.189,205.331,248.003,49.919,154.044,135.428,24.785,168.614,113.758,109.381,171.315,98.554,177.318,137.739,106.769,281.347
-5,5/27/50,18:18,nan,nan,nan,40.829,204.044,121.606,172.589,151.877,167.751,145.155,137.144,135.3,168.393,215.419,108.975,156.248,190.84,118.465,58.449,162.774,154.529
-5,5/27/50,18:19,nan,nan,nan,122.377,137.343,125.863,139.91,200.894,154.726,106.311,83.039,30.708,79.474,162.806,88.464,217.414,277.274,272.199,71.992,142.584,212.147
-5,5/27/50,18:20,nan,nan,nan,185.228,163.917,39.714,103.136,144.206,160.111,112.281,152.221,117.485,131.908,157.195,137.275,142.511,211.343,93.739,151.262,155.23,254.782
-5,5/27/50,18:21,nan,nan,nan,222.68,153.641,137.949,53.473,98.055,131.865,165.719,101.731,165.303,192.248,128.331,119.219,212.327,282.199,80.814,0,55.117,271.532
-5,5/27/50,18:22,nan,nan,nan,63.339,228.988,102.757,207.157,144.139,159.72,86.247,201.197,164.984,116.143,91.975,98.271,76.193,172.22,109.649,43.233,156.872,295.489
-5,5/27/50,18:23,nan,nan,nan,83.453,88.5,130.783,111.585,167.877,103.581,190.28,98.76,0,208.666,88.36,132.38,223.495,128.261,154.886,131.496,96.359,193.93
-5,5/27/50,18:24,nan,nan,nan,100.945,85.69,117.449,88.313,118.429,89.189,212.007,169.648,97.21,119.642,162.75,16.898,261.571,120.532,252.734,67.446,122.94,282.125
-5,5/27/50,18:25,nan,nan,nan,129.033,57.937,100.609,175.124,188.24,121.183,121.934,96.7,212.761,222.815,104.934,106.414,167.459,218.773,129.415,129.048,93.746,188.57
-5,5/27/50,18:26,nan,nan,nan,95.023,111.941,168.244,108.062,155.516,136.122,54.708,110.485,184.259,112.393,221.87,109.091,101.629,147.796,186.131,159.941,67.916,244.318
-5,5/27/50,18:27,nan,nan,nan,243.204,171.946,156.759,80.966,42.632,147.126,67.476,132.978,145.756,107.262,179.719,143.555,152.19,223.507,208.889,122.011,176.913,218.05
-5,5/27/50,18:28,nan,nan,nan,58.453,72.175,125.052,107.217,184.991,83.234,150.221,76.842,137.749,105.147,100.204,136.513,79.32,225.928,140.736,125.263,120.308,115.291
-5,5/27/50,18:29,nan,nan,nan,90.127,65.848,102.297,198.34,156.281,132.145,72.589,157.191,144.986,39.652,149.495,131.195,0,245.793,159.973,96.581,176.488,123.115
-5,5/27/50,18:30,nan,nan,nan,84.086,39.528,138.441,149.058,184.962,142.589,100.956,73.263,207.743,173.779,105.808,182.876,0,56.528,149.161,154.087,121.518,208.29
-5,5/27/50,18:31,nan,nan,nan,133.912,0,25.191,111.507,93.732,82.922,138.943,193.065,175.475,40.898,141.282,140.429,0,90.364,130.063,42.702,34.669,246.472
-5,5/27/50,18:32,nan,nan,nan,78.994,123.665,117.038,46.668,179.291,142.118,177.553,163.075,62.266,195.836,177.534,166.84,0,188.973,125.967,100.183,104.091,182.954
-5,5/27/50,18:33,nan,nan,nan,134.718,236.886,6.965,70.376,116.499,120.646,192.415,163.597,0,83.842,198.281,69.981,106.272,317.707,123.717,71.8,170.334,144.293
-5,5/27/50,18:34,nan,nan,nan,44.243,195.659,96.819,143.106,86.552,158.276,133.747,136.194,0,113.041,240.606,0,139.849,231.221,151.105,162.131,1.133,184.03
-5,5/27/50,18:35,nan,nan,nan,91.662,157.558,12.217,173.492,146.52,188.488,46.93,153.33,111.409,101.06,163.6,98.994,31.288,187.802,198.839,178.855,126.481,158.615
-5,5/27/50,18:36,nan,nan,nan,178.948,152.873,102.784,43.971,167.431,49.021,97.509,104.173,184.833,175.641,146.564,135.036,77.337,145.612,179.865,107.782,183.349,231.717
-5,5/27/50,18:37,nan,nan,nan,166.747,188.045,67.842,75.073,201.061,88.534,18.786,138.135,129.649,117.144,177.222,188.923,144.126,170.302,190.971,39.698,127.984,267.957
-5,5/27/50,18:38,nan,nan,nan,75.505,214.352,90.713,89.973,219.72,114.08,83.144,37.023,144.979,138.527,166.769,171.935,178.804,287.097,181.321,60.128,117.841,72.23
-5,5/27/50,18:39,nan,nan,nan,207.868,196.764,14.91,49.601,136.307,112.485,160.914,45.384,134.247,67.357,196.351,162.81,50.587,234.499,160.558,130.403,50.627,140.074
-5,5/27/50,18:40,nan,nan,nan,111.852,117.907,163.02,132.962,54.111,100.778,120.14,191.64,207.392,55.067,150.815,34.818,84.925,252.081,117.91,54.718,70.282,291.872
-5,5/27/50,18:41,nan,nan,nan,41.607,98.795,120.651,136.691,130.159,24.059,107.177,238.765,98.437,50.53,175.83,21.37,18.154,168.943,182.166,110.346,134.441,126.072
-5,5/27/50,18:42,nan,nan,nan,84.323,77.441,64.059,198.908,110.65,116.353,93.23,144.518,155.689,25.987,101.302,0,94.592,185.879,216.191,91.645,135.603,235.113
-5,5/27/50,18:43,nan,nan,nan,0,196.303,87.318,145.837,58.052,137.306,118.508,94.647,195.083,196.651,140.088,0,154.58,78.688,102.098,86.559,109.679,181.515
-5,5/27/50,18:44,nan,nan,nan,97.922,123.729,52.711,152.793,129.903,116.247,20.344,69.34,144.426,124.824,177.482,125.275,213.536,164.029,76.233,148.369,78.759,229.825
-5,5/27/50,18:45,nan,nan,nan,0,0,121.432,127.817,169.805,87.445,0,126.079,156.777,41.958,198.531,176.22,29.903,247.415,138.95,169.87,13.152,158.701
-5,5/27/50,18:46,nan,nan,nan,72.583,74.072,52.614,165.77,151.08,120.73,0,261.139,13.698,73.87,131.861,126.87,43.628,180.054,188.313,109.189,155.005,180.464
-5,5/27/50,18:47,nan,nan,nan,0,157.253,79.228,68.753,231.528,119.906,40.207,198.056,0,124.962,152.561,155.801,170.972,86.731,210.683,47.405,144.946,143.864
-5,5/27/50,18:48,nan,nan,nan,0,260.656,191.152,168.133,165.91,101.6,111.223,127.214,0,172.401,151.127,138.198,0,54.268,193.365,44.8,98.369,132.811
-5,5/27/50,18:49,nan,nan,nan,0,126.509,152.199,92.057,75.082,163.702,0,181.035,0,226.557,209.192,226.51,0,72.921,185.376,49.007,129.184,115.28
-5,5/27/50,18:50,nan,nan,nan,32.521,3.077,115.909,9.726,85.367,112.39,0,210.167,0,123.094,152.419,151.667,0,185.245,97.091,29.45,47.953,77.227
-5,5/27/50,18:51,nan,nan,nan,76.978,155.345,93.558,43.499,86.686,0,0,151.682,0,102.843,109.778,159.701,50.634,237.9,103.51,105.391,63.911,64.074
-5,5/27/50,18:52,nan,nan,nan,177.171,139.887,105.096,111.024,161.439,42.218,43.829,172.499,0,4.909,152.693,101.088,181.745,237.792,80.852,144.534,180.875,210.898
-5,5/27/50,18:53,nan,nan,nan,60.646,219.49,69.307,123.043,74.635,106.062,16.375,24.707,0,242.157,78.023,73.887,101.872,161.166,201.442,109.781,59.408,254.415
-5,5/27/50,18:54,nan,nan,nan,72.305,202.424,128.837,162.319,138.391,59.294,14.866,0,0,135.897,0,83.804,112.789,180.539,43.931,35.548,125.489,105.833
-5,5/27/50,18:55,nan,nan,nan,79.142,220.558,81.875,60.122,151.568,137.594,11.047,0,0,256.86,56.946,74.829,0,234.51,117.745,64.841,177.364,203.011
-5,5/27/50,18:56,nan,nan,nan,116.544,176.424,47.917,33.598,205.904,145.183,13.81,0,102.746,258.701,137.921,188.388,29.481,130.082,167.019,157.213,79.67,186.055
-5,5/27/50,18:57,nan,nan,nan,147.349,206.212,82.627,65.735,164.611,158.247,12.52,130.306,54.043,167.198,190.229,144.054,0,146.904,195.121,63.038,112.36,197.546
-5,5/27/50,18:58,nan,nan,nan,110.661,196.784,73.159,37.449,187.565,7.232,13.608,128.342,24.309,0,117.484,57.507,0,173.769,277.037,131.987,162.929,156.579
-5,5/27/50,18:59,nan,nan,nan,68.294,229.389,82.837,60.456,220.429,79.918,83.979,269.548,206.461,0,108.763,58.26,0,116.533,149.709,34.229,148.231,212.393
-5,5/27/50,19:00,nan,nan,nan,1.446,115.692,147.385,59.04,147.029,39.838,14.006,129.464,25.391,0,70.561,116.392,46.255,3.132,230.939,106.686,118.119,300.354
-5,5/27/50,19:01,nan,nan,nan,0,148.59,93.07,90.527,170.716,33.25,12.032,175.088,15.679,131.36,85.677,95.189,113.751,221.685,180.82,85.453,120.114,302.67
-5,5/27/50,19:02,nan,nan,nan,2.066,41.628,151.5,108.933,65.943,48.271,126.827,138.865,89.401,341.005,104.003,87.526,200.332,201.87,194.238,59.378,8.569,229.728
-5,5/27/50,19:03,nan,nan,nan,0,136.623,38.478,173.686,193.432,40.901,177.312,141.844,77.256,178.808,56.133,184.021,95.233,163.37,269.05,69.306,116.702,276.979
-5,5/27/50,19:04,nan,nan,nan,73.121,109.073,85.1,110.152,116.924,69.728,185.993,178.493,1.826,109.799,118.495,150.412,162.403,243.961,210.928,59.776,60.628,204.744
-5,5/27/50,19:05,nan,nan,nan,60.377,44.285,13.419,192.793,128.933,3.643,49.888,93.294,35.877,161.398,58.508,132.736,199.107,155.389,267.38,141.334,53.331,246.256
-5,5/27/50,19:06,nan,nan,nan,201.3,117.201,149.374,72.303,123.048,0,129.413,224.623,93.799,102.109,103.96,188.092,51.951,117.951,98.04,52.065,109.538,41.36
-5,5/27/50,19:07,nan,nan,nan,167.786,181.657,126.574,60.636,95.247,74.805,44.128,135.237,84.513,40.915,114.156,43.816,26.034,185.875,108.284,136.403,107.818,130.787
-5,5/27/50,19:08,nan,nan,nan,21.757,229.655,132.186,191.071,116.927,148.207,136.118,32.224,92.775,95.559,138.285,0,88.817,129.59,253.135,113.138,83.884,231.34
-5,5/27/50,19:09,nan,nan,nan,0,171.481,147.553,94.019,185.963,134.714,0,57.714,60.366,102.032,137.816,51.008,83.58,233.703,105.086,186.361,117.006,162.724
-5,5/27/50,19:10,nan,nan,nan,33.067,228.227,192.697,68.89,175.25,224.757,40.697,101.525,0,33.91,85.842,132.675,133.493,80.753,179.606,150.345,131.866,184.288
-5,5/27/50,19:11,nan,nan,nan,0,256.944,44.752,63.113,98.979,47.395,114.126,203.224,91.23,187.346,4.476,138.172,103.88,96.043,185.375,107.757,64.698,154.043
-5,5/27/50,19:12,nan,nan,nan,0,200.905,22.314,122.092,200.072,8.968,54.52,196.636,199.879,186.453,108.447,71.429,0,111.514,95.548,24.16,69.651,219.7
-5,5/27/50,19:13,nan,nan,nan,79.984,205.861,84.68,58.592,194.133,73.89,75.638,76.088,23.987,159.37,159.613,118.922,0,187.9,131.643,102.044,187.796,163.816
-5,5/27/50,19:14,nan,nan,nan,81.686,253.272,41.598,124.426,179.559,13.371,39.628,0,0,49.173,50.93,180.637,0,180.24,149.385,0.466,154.616,201.397
-5,5/27/50,19:15,nan,nan,nan,163.875,191.934,62.569,102.062,215.046,25.549,15.652,0,57.197,54.253,19.715,162.817,0,86.554,208.922,12.814,141.518,85.921
-5,5/27/50,19:16,nan,nan,nan,191.948,274.558,105.906,21.319,129.362,147.057,13.515,102.846,81.979,110.489,69.701,87.674,0,117.094,81.026,15.065,107.469,271.347
-5,5/27/50,19:17,nan,nan,nan,0,142.625,126.828,0,101.106,68.763,9.751,154.938,114.872,185.096,145.465,221.947,0,182.678,59.526,66.226,48.865,140.202
-5,5/27/50,19:18,nan,nan,nan,1.929,172.987,100.834,0,122.995,19.372,8.942,115.294,5.45,27.527,175.085,87.337,0,59.765,206.588,72.411,144.855,262.612
-5,5/27/50,19:19,nan,nan,nan,0,82.412,106.944,38.606,93.947,52.887,9.48,102.89,144.26,173.892,117.598,190.707,0,108.279,187.259,110.894,35.078,331.054
-5,5/27/50,19:20,nan,nan,nan,0,0,150.103,52.274,41.616,110.525,8.919,125.967,114.044,95.753,140.057,83.478,0,106.247,203.991,88.118,7.706,325.67
-5,5/27/50,19:21,nan,nan,nan,0,0,72.565,70.395,33.76,61.968,8.216,141.21,0,143.023,99.959,120.374,90.698,177.458,237.308,125.954,114.531,246.752
-5,5/27/50,19:22,nan,nan,nan,41.887,7.54,69.413,178.367,40.604,87.817,88.118,317.319,0,167.693,229.02,6.338,158.162,163.887,238.658,11.652,80.127,287.485
-5,5/27/50,19:23,nan,nan,nan,155.012,92.765,99.879,80.873,29.894,112.905,152.578,70.859,45.697,23.309,209.387,0,200.408,170.471,209.054,106.758,128.763,170.004
-5,5/27/50,19:24,nan,nan,nan,94.042,142.633,0,43.502,38.372,31.575,67.46,28.441,0,92.176,106.904,14.311,124.55,214.945,185.389,97.113,101.138,268.117
-5,5/27/50,19:25,nan,nan,nan,133.012,147.435,132.882,103.068,159.468,31.052,116.828,176.899,0,69.607,131.565,21.522,192.972,47.987,106.411,90.109,164.052,167.23
-5,5/27/50,19:26,nan,nan,nan,90.381,194.635,27.83,178.684,103.093,66.941,16.979,178.634,0,142.152,28.978,39.177,132.667,173.007,197.824,45.721,116.65,81.635
-5,5/27/50,19:27,nan,nan,nan,151.437,66.905,44.901,89.687,147.732,163.441,41.133,200.641,0,180.035,3.005,99.476,49.67,95.497,76.661,39.403,223.238,143.897
-5,5/27/50,19:28,nan,nan,nan,201.819,19.601,118.287,65.896,67.883,107.211,63.883,59.886,0,0,3.835,62.115,0,149.391,191.396,76.867,102.207,68.479
-5,5/27/50,19:29,nan,nan,nan,29.302,130.802,171.815,147.491,0,100.638,53.782,148.301,0,0,0,0,37.51,89.382,162.055,122.697,50.853,106.933
-5,5/27/50,19:30,nan,nan,nan,120.652,167.36,120.73,91.915,107.388,2.345,0,145.748,0,24.271,108.578,63.42,164.406,159.789,168.439,121.141,156.672,0
-5,5/27/50,19:31,nan,nan,nan,103.507,151.003,107.449,15.645,131.836,41.023,43.856,140.743,0,137.479,158.627,29.695,89.699,116.576,148.829,115.986,47.263,141.279
-5,5/27/50,19:32,nan,nan,nan,207.527,48.502,141.181,46.696,202.349,49.835,141.605,80.488,0,69.448,53.263,0,171.179,127.049,90.096,150.261,68.929,20.21
-5,5/27/50,19:33,nan,nan,nan,252.643,143.244,73.216,134.197,173.79,15.107,62.66,152.081,0,118.846,55.586,0,119.603,190.427,188.374,17.685,148.104,123.92
-5,5/27/50,19:34,nan,nan,nan,104.291,205.656,65.253,60.077,102.153,11.799,68.674,104.069,0,111.431,0,7.136,14.735,306.546,185.607,117.787,37.679,220.364
-5,5/27/50,19:35,nan,nan,nan,8.583,204.888,67.535,18.678,189.945,15.013,18.577,2.593,0,42.102,4.802,27.281,0,283.116,208.917,19.31,78.562,231.44
-5,5/27/50,19:36,nan,nan,nan,0,156.43,64.69,125.071,255.84,147.689,0,102.336,0,92.961,155.337,63.263,0,206.331,95.489,91.835,12.444,308.235
-5,5/27/50,19:37,nan,nan,nan,0,230.725,48.923,41.911,217.684,52.211,47.433,47.313,0.491,124.095,101.299,32.96,0,156.135,197.934,0.985,68.654,302.372
-5,5/27/50,19:38,nan,nan,nan,22.131,196.579,0,55.31,250.263,90.643,25.999,126.834,146.714,67.15,133.084,14.298,0,197.412,128.799,103.539,115.487,291.385
-5,5/27/50,19:39,nan,nan,nan,77.212,211.55,0,118.772,167.859,83.623,0,148.33,210.944,89.857,162.697,76.751,0,115.811,90.148,9.227,128.047,293.13
-5,5/27/50,19:40,nan,nan,nan,77.756,151.867,0,113.482,178.864,133.337,0,145.676,200.803,216.747,51.908,186.416,121.112,35.686,242.46,9.502,52.159,235.1
-5,5/27/50,19:41,nan,nan,nan,0,74.128,0,158.589,188.135,7.43,80.085,46.339,186.542,47.247,55.857,79.613,80.967,189.464,151.475,8.16,52.176,218.377
-5,5/27/50,19:42,nan,nan,nan,0,53.363,0,92.861,84.347,27.348,0,168.938,166.181,55.348,41.41,16.153,93.938,35.448,214.819,21.734,75.406,155.994
-5,5/27/50,19:43,nan,nan,nan,0,132.379,118.314,72.574,105.405,82.659,0,125.714,256.349,95.014,0,46.647,203.912,82.051,243.362,41.911,66.79,176.601
-5,5/27/50,19:44,nan,nan,nan,42.977,141.607,39.914,41.237,140.932,38.727,0,105.526,181.468,79.847,0,133.92,129.606,132.369,120.345,48.428,0,250.454
-5,5/27/50,19:45,nan,nan,nan,124.079,216.945,38.934,136.222,183.838,68.981,0,0,111.975,63.528,115.354,71.055,221.739,173.317,145.081,132.03,123.026,158.245
-5,5/27/50,19:46,nan,nan,nan,187.947,142.157,55.224,77.72,200.341,0,0,56.506,117.827,66.171,214.387,95.572,156.725,179.405,77.322,72.256,181.963,142.503
-5,5/27/50,19:47,nan,nan,nan,122.013,0,117.924,77.352,109.204,11.963,33.495,113.709,14.462,113.387,266.47,122.807,121.339,167.017,2.446,64.386,103.639,169.811
-5,5/27/50,19:48,nan,nan,nan,5.691,53.255,87.434,47.93,60.369,0,7.867,110.275,137.73,142.968,228.371,94.217,138.036,187.76,197.69,123.876,173.342,166.387
-5,5/27/50,19:49,nan,nan,nan,155.999,21.043,127.419,43.125,190.664,35.726,13.012,29.948,16.406,144.479,137.084,183.627,11.663,126.024,94.881,86.944,137.72,120.926
-5,5/27/50,19:50,nan,nan,nan,106.68,173.254,100.739,56.743,229.781,138.179,15.16,175.207,64.137,67.309,49.266,77.417,97.618,216.572,120.456,114.401,104.579,216.735
-5,5/27/50,19:51,nan,nan,nan,93.048,92.891,86.444,21.131,235.86,121.176,130.973,200.691,68.976,32.059,16.995,0,0,227.619,139.334,46.879,99.047,173.527
-5,5/27/50,19:52,nan,nan,nan,0,46.524,30.541,140.802,186.366,108.294,157.539,119.587,35.011,173.332,93.038,78.199,41.773,123.404,241.038,71.919,97.477,222.345
-5,5/27/50,19:53,nan,nan,nan,0,56.065,0,149.581,237.59,58.72,99.168,28.46,7.203,84.606,39.419,173.267,192.887,70.586,242.366,95.611,102.121,162.984
-5,5/27/50,19:54,nan,nan,nan,0,212.848,0,112.813,149.414,33.356,45.782,128.555,111.831,58.427,0,177.458,129.002,158.846,20.451,13.909,121.283,124.08
-5,5/27/50,19:55,nan,nan,nan,0,149.848,0,80.26,160.445,51.558,22.977,67.781,101.428,0,134.949,208.803,72.155,145.906,2.123,117.053,74.691,132.176
-5,5/27/50,19:56,nan,nan,nan,0,162.503,0,46.993,275.51,22.479,62.317,139.484,0,53.303,157.012,80.169,79.279,114.84,77.2,76.806,153.943,85.111
-5,5/27/50,19:57,nan,nan,nan,0,214.21,0,36.741,202.403,83.079,134.485,186.464,34.451,117.256,152.366,29.007,0,210.767,73.961,55.028,147.24,259.685
-5,5/27/50,19:58,nan,nan,nan,0,31.279,0,40.03,84.227,88.952,30.068,134.767,134.159,96.374,255.564,85.448,0,156.74,149.086,68.31,87.096,74.759
-5,5/27/50,19:59,nan,nan,nan,0,0,0,46.795,122.054,83.677,43.353,133.153,134.771,116.982,184.836,14.666,1.774,65.634,174.977,112.325,0,177.42
-5,5/27/50,20:00,nan,nan,nan,97.118,0,0,97.287,140.274,71.45,17.951,196.333,127.564,142.917,194.72,79.125,28.968,94.682,153.779,79.93,7.07,291.72
-5,5/27/50,20:01,nan,nan,nan,19.015,0,0,126.09,187.877,90.12,0,46.577,131.771,160.358,190.207,0.894,126.94,132.632,64.737,111.582,129.065,325.054
-5,5/27/50,20:02,nan,nan,nan,21.318,0,0,59.186,164.939,145.421,0,0,159.778,157.257,166.909,0,114.286,156.847,144.853,101.163,86.784,257.378
-5,5/27/50,20:03,nan,nan,nan,0,88.056,0,12.909,106.144,25.957,36.5,0,162.278,165.161,72.051,0,132.463,99.338,170.901,175.678,52.803,169.843
-5,5/27/50,20:04,nan,nan,nan,0,122.593,0,8.356,236.931,72.04,35.66,87.587,99.73,147.437,27.754,0.366,105.456,201.338,184.124,223.908,69.645,257.353
-5,5/27/50,20:05,nan,nan,nan,0,134.697,0,13.828,203.885,89.079,0,184.467,82.53,69.19,84.227,70.758,144.691,49.406,161.61,99.317,129.601,14.469
-5,5/27/50,20:06,nan,nan,nan,111.711,137.416,0,11.759,106.511,0,0,57.042,55.882,31.724,138.004,103.29,17.238,82.129,149.832,87.984,69.52,195.237
-5,5/27/50,20:07,nan,nan,nan,131.828,89.525,52.243,44.007,37.828,94.882,122.802,108.926,90.799,121.199,154.481,125.878,0,173.451,162.347,146.256,37.796,159.769
-5,5/27/50,20:08,nan,nan,nan,111.551,77,79.974,40.299,148.859,82.922,57.502,190.197,163.235,156.118,188.351,118.86,179.046,159.736,204.28,29.795,49.89,172.042
-5,5/27/50,20:09,nan,nan,nan,171.506,150.076,59.928,140.008,38.024,85.764,80.71,78.963,111.079,153.038,147.521,75.29,100.272,151.184,170.395,8.32,112.784,43.189
-5,5/27/50,20:10,nan,nan,nan,259.693,84.113,129.193,184.05,241.01,56.392,136.355,70.936,12.228,112.845,67.097,236.884,92.586,49.162,159.672,11.385,72.275,14.594
-5,5/27/50,20:11,nan,nan,nan,102.423,184.206,40.268,212.012,111.505,30.562,0,151.229,157.002,68.429,104.161,145.11,169.675,71.086,100.372,42.335,58.894,169.257
-5,5/27/50,20:12,nan,nan,nan,107.092,91.503,30.892,182.113,54.961,43.778,100.251,110.972,61.455,68.199,26.703,187.208,75.523,64.842,69.828,109.137,45.859,184.338
-5,5/27/50,20:13,nan,nan,nan,180.149,40.973,54.632,98.309,201.256,38.867,97.658,177.638,40.42,46.992,0,142.162,160.754,45.798,116.591,168.359,0,206.932
-5,5/27/50,20:14,nan,nan,nan,59.384,32.112,38.417,77.376,207.749,125.028,38.137,186.275,36.444,33.522,0,34.437,97.254,57.406,0,61.902,9.563,219.872
-5,5/27/50,20:15,nan,nan,nan,4.963,60.684,108.188,132.277,126.547,88.814,88.533,217.185,136.829,66.415,1.894,61.837,0,42.039,140.13,75.198,49.226,302.362
-5,5/27/50,20:16,nan,nan,nan,11.086,104.898,110.944,94.965,249.037,93.307,18.547,179.614,25.325,148.121,73.366,95.5,0,88.733,160.721,124.298,130.437,195.992
-5,5/27/50,20:17,nan,nan,nan,0,159.344,91.43,84.76,207.993,135.026,0,183.007,75.821,217.208,119.507,128.487,0,182.787,194.302,78.8,70.623,320.477
-5,5/27/50,20:18,nan,nan,nan,0,66.123,102.074,62.457,223.332,0,0,47.497,148.416,158.522,209.02,227.002,0,217.589,117.321,21.266,117.418,232.347
-5,5/27/50,20:19,nan,nan,nan,0,213.54,150.201,100.858,182.725,26.953,0,102.67,86.339,52.747,197.285,170.805,0,196.952,121.508,53.244,43.547,280.089
-5,5/27/50,20:20,nan,nan,nan,175.986,205.733,118.577,30.751,68.529,49.148,0,117.774,36.74,56.851,120.637,199.81,0,197.467,133.801,69.483,91.21,184.61
-5,5/27/50,20:21,nan,nan,nan,38.374,164.273,76.325,13.386,177.937,51.618,0,67.336,94.26,67.95,69.749,187.655,0,250.336,144.335,55.917,102.05,89.282
-5,5/27/50,20:22,nan,nan,nan,214.165,152.553,32.101,82.001,126.527,109.928,0,101.092,59.01,98.07,216.429,211.7,0,109.257,103.025,88.162,139.49,195.454
-5,5/27/50,20:23,nan,nan,nan,145.472,85.548,30.439,109.173,123.515,107.174,40.484,158.6,139.583,104.729,187.582,155.228,0,103.228,151.059,71.32,156.689,193.914
-5,5/27/50,20:24,nan,nan,nan,95.677,100.238,4.603,109.949,164.68,36.809,62.057,15.621,25.869,0,275.08,204.712,43.46,120.699,196.346,38.355,80.773,31.602
-5,5/27/50,20:25,nan,nan,nan,139.629,60.381,18.36,81.043,61.382,32.067,0,52.139,0,108.544,177.385,68.683,146.971,40.354,68.396,40.956,14.614,203.768
-5,5/27/50,20:26,nan,nan,nan,155.204,69.018,122.703,177.051,92.138,0,0,46.524,66.901,76.629,138.859,102.463,206.058,140.367,82.941,106.329,124.876,82.342
-5,5/27/50,20:27,nan,nan,nan,32.589,132.808,95.843,105.498,73.307,1.066,0,60.961,66.57,191.242,90.372,127.211,70.699,240.967,78.104,5.414,77.57,0
-5,5/27/50,20:28,nan,nan,nan,0,124.083,99.857,149.154,25.999,88.535,8.737,82.569,97.142,186.245,179.421,0,119.022,106.02,7.151,0,158.384,71.98
-5,5/27/50,20:29,nan,nan,nan,0,1.662,164.33,129.047,117.663,69.986,39.808,51.218,60.913,153.808,94.597,21.034,271.542,26.416,124.611,50.101,39.762,101.554
-5,5/27/50,20:30,nan,nan,nan,0,0,120.548,130.035,67.007,42.303,15.458,6.634,132.085,80.162,133.444,79.051,210.066,42.015,149.32,75.817,0,142.72
-5,5/27/50,20:31,nan,nan,nan,0,196.607,48.988,0,167.952,128.419,141.203,66.413,61.6,131.482,26.429,153.428,75.267,77.147,143.622,107.411,79.507,159.58
-5,5/27/50,20:32,nan,nan,nan,0,264.824,71.168,37.641,134.899,72.755,129.767,64.992,89.215,104.139,39.546,181.827,96.912,63.084,210.983,54.086,109.311,158.966
-5,5/27/50,20:33,nan,nan,nan,142.415,267.399,123.731,22.639,138.461,15.586,0,99.881,80.686,156.197,112.776,136.402,34.335,142.108,168.383,73.786,80.205,205.814
-5,5/27/50,20:34,nan,nan,nan,76.813,210.87,157.414,124.251,267.251,60.996,0,101.468,24.38,45.043,95.084,122.421,0,73.314,252.236,24.734,126.96,296.853
-5,5/27/50,20:35,nan,nan,nan,164.059,202.132,91.837,66.162,225.923,14.68,0,205.121,37.335,63.851,24.008,204.068,0,127.577,99.759,88.384,182.534,151.288
-5,5/27/50,20:36,nan,nan,nan,95.521,166.668,21.676,44.106,279.222,133.019,0,78.767,133.66,34.611,0,135.164,0,300.546,88.624,93.276,54.374,194.878
-5,5/27/50,20:37,nan,nan,nan,160.862,159.062,51.256,38.125,136.502,88.829,69.299,112.886,75.831,169.627,194.245,63.692,0,185.3,138.001,108.675,91.414,313.514
-5,5/27/50,20:38,nan,nan,nan,49.712,81.33,57.05,28.746,57.677,95.768,0,13.42,41.681,115.17,218.53,81.174,0,238.517,150.182,70.109,89.838,248.447
-5,5/27/50,20:39,nan,nan,nan,60.533,124.224,2.478,0,19.35,143.324,0,72.364,162.626,0,153.574,116.058,70.087,190.817,128.132,40.286,135.637,311.4
-5,5/27/50,20:40,nan,nan,nan,171.682,160.961,153.626,109.679,75.331,144.864,0,37.221,196.484,113.285,59.679,109.128,119.321,216.444,124.691,59.734,106.137,230.534
-5,5/27/50,20:41,nan,nan,nan,117.413,69.149,119.319,127.995,81.816,88.417,0,93.269,126.788,32.987,3.787,115.653,119.883,180.474,141.746,113.489,13.739,219.355
-5,5/27/50,20:42,nan,nan,nan,129.707,163.403,64.978,111.626,143.574,41.717,0,126.714,38.64,82.061,0,139.505,115.146,89.249,139.726,77.762,152.516,240.883
-5,5/27/50,20:43,nan,nan,nan,159.195,183.719,25.843,84.647,98.895,68.09,0,233.265,216.679,125.148,174.476,132.41,79.373,165.081,214.944,37.42,76.092,232.409
-5,5/27/50,20:44,nan,nan,nan,20.817,120.968,96.962,82.718,200.692,64.626,0,127.712,0,153.723,191.751,169.172,94.924,126.242,120.457,35.704,91.812,107.86
-5,5/27/50,20:45,nan,nan,nan,188.864,159.486,25.188,108.54,142.838,46.144,0,0,0,105.019,77.807,260.851,43.803,161.518,163.289,27.808,161.536,22.503
-5,5/27/50,20:46,nan,nan,nan,146.521,0,70.363,169.628,147.431,4.928,35.599,0,0,0.951,167.593,82.8,89.761,126.026,69.574,24.625,135.308,73.203
-5,5/27/50,20:47,nan,nan,nan,113.534,0,21.172,75.032,254.978,43.649,53.21,0,0,0,231.453,70.411,194.178,72.283,72.252,45.035,49.308,57.201
-5,5/27/50,20:48,nan,nan,nan,0,99.803,6.975,70.511,21.1,48.828,146.843,0,0,0,75.199,168.507,116.623,168.505,52.774,61.027,72.881,83.583
-5,5/27/50,20:49,nan,nan,nan,0,169.599,67.955,96.875,16.296,46.965,7.842,52.856,0,64.859,95.587,212.903,64.757,71.489,133.494,78.547,164.35,92.968
-5,5/27/50,20:50,nan,nan,nan,0,150.935,32.198,48.739,100.37,35.224,116.526,88.289,0,55.597,228.818,153.503,36.266,110.132,100.787,39.604,146.437,83.599
-5,5/27/50,20:51,nan,nan,nan,129.757,80.297,38.999,49.102,164.638,76.773,64.358,116.369,0,0,130.285,150.329,138.633,92.817,110.91,96.605,100.376,270.095
-5,5/27/50,20:52,nan,nan,nan,80.422,155.755,130.087,93.821,238.592,63.584,0,215.151,0,0,16.995,124.767,92.498,232.168,163.62,82.42,89.941,157.319
-5,5/27/50,20:53,nan,nan,nan,0,166.35,99.216,83.407,166.343,14.962,26.336,188.041,0,0,0,142.24,12.55,146.123,25.217,129.34,41.814,204.248
-5,5/27/50,20:54,nan,nan,nan,49.711,143.829,81.449,92.286,22.479,17.415,17.848,141.673,0,0,1.768,181.323,70.691,180.073,96.254,49.582,99.111,108.314
-5,5/27/50,20:55,nan,nan,nan,0,145.623,88.204,84.406,202.06,113.99,30.958,166.367,0,0,123.206,22.646,157.384,43.401,68.836,43.275,177.881,53.968
-5,5/27/50,20:56,nan,nan,nan,0,185.413,107.025,140,137.02,35.293,0,79.011,0,62.931,164.01,7.371,239.292,162.524,57.913,115.451,149.727,163.061
-5,5/27/50,20:57,nan,nan,nan,0,214.374,103.222,98.166,113.415,175.978,0,169.13,0,134.73,89.953,210.285,162.998,77.515,15.267,88.105,37.521,321.259
-5,5/27/50,20:58,nan,nan,nan,0,136.563,56.603,38.463,68.822,105.831,32.093,157.418,0,91.462,40.292,221.564,114.618,163.939,110.088,170.428,36.774,246.732
-5,5/27/50,20:59,nan,nan,nan,0,111.589,53.406,64.102,131.433,44.308,0,50.432,0,23.578,11.886,134.417,13.722,128.516,100.552,115.774,47.827,175.828
-5,5/27/50,21:00,nan,nan,nan,0,140.409,92.943,62.909,66.76,37.683,0,167.218,0,52.598,0,234.469,174.198,44.158,0,101.278,55.633,194.6
-5,5/27/50,21:01,nan,nan,nan,0,86.077,149.143,49.14,117.715,45.116,0,226.821,0,72.474,85.188,256.025,34.385,24.036,93.771,156.96,120.318,105.628
-5,5/27/50,21:02,nan,nan,nan,0,130.97,0,42.997,67.39,34.972,0,89.079,0,128.97,149.231,336.217,31.649,92.465,124.29,129.709,33.296,164.071
-5,5/27/50,21:03,nan,nan,nan,0,29,32.207,69.195,109.232,42.249,0,180.706,168.36,100.451,155.697,209.069,48.333,127.773,125.264,36.593,0,154.336
-5,5/27/50,21:04,nan,nan,nan,0,188.452,114.826,32.579,148.765,66.665,0,229.674,142.501,68.16,71.379,237.017,183.114,216.165,150.208,31.522,31.964,78.249
-5,5/27/50,21:05,nan,nan,nan,0,81.221,38.303,46.314,96.516,88.074,0,148.255,212.423,114.066,30.718,116.846,141.042,118.666,164.178,76.499,136.768,19.799
-5,5/27/50,21:06,nan,nan,nan,72.678,212.343,7.099,73.982,115.802,66.165,0,132.152,224.868,0,29.467,124.833,157.803,136.09,84.334,144.385,119.691,9.603
-5,5/27/50,21:07,nan,nan,nan,172.624,158.337,80.975,266.087,72.916,8.268,0,92.874,154.598,0,152.651,66.637,261.476,96.058,50.28,17.452,109.515,25.735
-5,5/27/50,21:08,nan,nan,nan,239.312,158.984,77.942,61.88,186.065,18.981,0,24.155,66.459,0,82.364,94.631,238.815,27.797,119.775,23.573,73.67,50.397
-5,5/27/50,21:09,nan,nan,nan,125.718,156.927,165.277,11.25,156.517,71.137,0,28.326,84.935,0,19.365,0,216.195,107.188,110.046,40.758,36.744,176.531
-5,5/27/50,21:10,nan,nan,nan,231.491,160.893,116.909,29.572,30.667,57.576,40.172,179.498,60.891,0,236.556,86.057,128.392,70.805,172.06,52.531,40.832,165.17
-5,5/27/50,21:11,nan,nan,nan,230.84,37.48,35.399,44.791,32.069,44.448,36.705,20.433,108.611,0,167.341,190.169,136.202,156.117,168.76,43.135,41.307,203.181
-5,5/27/50,21:12,nan,nan,nan,9.968,45.487,41.365,132.307,173.338,23.259,18.937,145.296,44.443,0,0,210.356,82.803,227.687,61.955,37.529,40.037,344.231
-5,5/27/50,21:13,nan,nan,nan,0,23.143,0,176.889,216.881,28.957,0,54.299,110.019,0,1.967,97.626,13.457,147.103,131.328,47.611,42.618,217.382
-5,5/27/50,21:14,nan,nan,nan,0,176.556,0,93.02,169.435,15.708,28.49,244.451,71.941,0,205.566,39.644,0,110.782,2.88,78.302,57.401,258.041
-5,5/27/50,21:15,nan,nan,nan,1.546,239.561,0,104.04,262.353,15.051,174.126,75.091,86.875,0,110.251,8.798,35.544,73.196,65.883,0,163.468,175.031
-5,5/27/50,21:16,nan,nan,nan,247.25,186.459,0,74.693,144.525,117.909,131.951,65.596,162.394,0,119.596,155.521,109.653,167.65,159.556,102.917,219.999,244.322
-5,5/27/50,21:17,nan,nan,nan,124.966,132.442,0,148.045,175.451,24.203,0,76.053,93.435,0,201.404,71.076,160.071,53.623,118.306,61.191,235.894,201.914
-5,5/27/50,21:18,nan,nan,nan,148.431,278.864,0,14.89,257.566,72.815,19.261,76.538,107.636,0,179.419,64.387,141.789,62.548,147.128,72.989,211.355,177.702
-5,5/27/50,21:19,nan,nan,nan,76.337,225.095,0,0,249.062,82.36,0,170.163,0,0,193.779,0,29.47,176.786,123.188,72.616,116.63,84.074
-5,5/27/50,21:20,nan,nan,nan,103.133,234.965,0,35.265,235.457,22.819,0,252.461,0,35.765,173.115,0,0,233.683,117.903,33.537,145.332,91.036
-5,5/27/50,21:21,nan,nan,nan,160.49,163.02,0,6.159,163.231,17.634,0,208.634,0,113.59,203.305,184.571,107.234,129.657,158.117,37.806,3.442,149.951
-5,5/27/50,21:22,nan,nan,nan,43.547,66.203,0,46.164,148.651,24.153,0,42.832,97.272,153.097,177.551,177.375,89.26,9.851,128.512,35.424,0,164.64
-5,5/27/50,21:23,nan,nan,nan,0,29.133,0,20.269,52.921,33.721,0,23.835,89.901,155.113,54.727,169.697,140.219,125.048,123.544,39.441,59.923,30.004
-5,5/27/50,21:24,nan,nan,nan,0,117.214,0,68.711,121.976,80.615,0,65.565,36.849,184.759,22.595,195.962,77.343,90.901,90.209,11.862,178.228,0
-5,5/27/50,21:25,nan,nan,nan,0,181.432,0,166.314,146.667,107.31,0,46.5,1.328,250.225,66.854,82.235,113.917,143.207,195.729,80.414,160.512,89.817
-5,5/27/50,21:26,nan,nan,nan,0,115.08,0,120.047,34.405,73.134,0,102.57,0,154.32,163.834,0,33.645,125.78,9.404,40.943,37.697,184.175
-5,5/27/50,21:27,nan,nan,nan,0,102.668,0,70.388,39.537,161.213,0,50.07,25.05,119.31,0,12.111,121.404,99.214,112.033,69.684,68.398,128.376
-5,5/27/50,21:28,nan,nan,nan,0,52.302,0,35.183,78.089,125.655,0,150.045,43.345,0,86.672,47.341,108.103,159.228,154.784,50.208,65.389,147.363
-5,5/27/50,21:29,nan,nan,nan,0.316,235.45,114.957,24.083,105.814,37.831,0,161.746,0,0,106.036,154.823,209.961,93.777,120.619,30.259,228.356,205.757
-5,5/27/50,21:30,nan,nan,nan,157.986,12.048,28.784,117.927,94.588,5.992,0,52.75,0,99.85,214.478,174.199,133.796,187.78,57.687,3.476,144.21,214.036
-5,5/27/50,21:31,nan,nan,nan,135.296,0,0,137.724,35.094,79.509,0,84.033,111.435,145.313,44.767,187.997,77.292,155.442,141.888,0,96.175,172.059
-5,5/27/50,21:32,nan,nan,nan,75.063,0,100.198,125.227,145.998,162.108,0,104.098,59.639,56.787,70.556,265.208,0,174.888,88.995,0,79.331,224.121
-5,5/27/50,21:33,nan,nan,nan,247.455,83.34,154.137,0,0,119.459,0,120.344,72.238,106.101,35.643,136.165,0,7.075,226.572,60.344,89.255,189.65
-5,5/27/50,21:34,nan,nan,nan,136.539,126.852,146.961,0,174.388,99.554,0,66.969,32.768,124.326,138.051,176.377,0,156.95,72.626,72.524,39.528,237.314
-5,5/27/50,21:35,nan,nan,nan,182.646,156.202,21.468,70.431,224.217,42.816,0,80.97,133.864,167.572,199.29,158.197,128.442,56.522,4.372,80.241,133.096,231.944
-5,5/27/50,21:36,nan,nan,nan,0,108.687,90.318,114.557,57.395,2.293,0,104.9,45.988,152.552,162.685,138.32,109.278,60.024,185.043,52.978,188.628,283.928
-5,5/27/50,21:37,nan,nan,nan,0,187.544,0,105.356,296.955,3.103,0,120.782,0,23.693,61.452,186.228,123.183,169.227,20.346,91.11,48.892,241.857
-5,5/27/50,21:38,nan,nan,nan,0,118.582,19.005,57.548,62.396,105.861,0,87.481,0,57.434,76.85,46.826,169.817,68.72,55.209,114.163,96.854,228.222
-5,5/27/50,21:39,nan,nan,nan,0,91.925,50.733,83.392,73.916,122.6,21.773,63.664,27.482,75.814,137.803,79.85,110.376,181.162,52.263,112.688,57.77,231.07
-5,5/27/50,21:40,nan,nan,nan,0,143.161,9.344,31.86,161.329,44.573,14.68,42.649,134.809,17.194,248.673,116.181,0.501,188.064,143.247,113.412,0,167.162
-5,5/27/50,21:41,nan,nan,nan,0,187.063,0,125.93,160.611,77.883,0,197.021,124.718,196.644,152.928,137.754,170.008,34.966,179.597,150.801,3.308,160.394
-5,5/27/50,21:42,nan,nan,nan,83.571,94.414,33.494,133.362,86.624,50.056,50.605,48.842,187.813,188.784,100.58,155.822,144.962,129.007,65.861,142.979,162.019,148.637
-5,5/27/50,21:43,nan,nan,nan,0,118.524,85.816,112.05,151.052,60.606,49.521,0,38.408,101.125,98.818,225.873,148.481,96.956,54.712,199.994,111.684,126.913
-5,5/27/50,21:44,nan,nan,nan,0,164.153,107.907,83.365,93.034,20.19,61.974,123.834,0,159.48,174.733,19.175,173.785,171.533,67.509,96.333,174.846,0
-5,5/27/50,21:45,nan,nan,nan,0,142.941,162.14,0,98.766,9.778,83.492,202.162,0,59.04,36.771,0,176.946,149.094,37.086,121.5,122.765,64.35
-5,5/27/50,21:46,nan,nan,nan,0,88.594,136.72,44.527,62.211,112.613,67.522,91.065,0,90.976,57.137,8.759,255.873,0,53.898,3.97,127.524,200.823
-5,5/27/50,21:47,nan,nan,nan,0,173.932,133.525,15.312,0,0,0,251.968,0,162.036,66.187,122.19,166.796,0,125.099,60.135,181.168,135.53
-5,5/27/50,21:48,nan,nan,nan,53.321,91.632,0,86.671,21.621,0,0,262.418,116.053,39.165,144.466,100.576,145.565,178.503,71.692,61.623,81.025,143.499
-5,5/27/50,21:49,nan,nan,nan,33.807,17.063,0,84.313,105.229,23.239,0,132.344,20.022,141.423,175.984,167.77,143.481,130.887,47.958,81.851,83.516,239.645
-5,5/27/50,21:50,nan,nan,nan,0,92.55,0,77.014,137.829,128.184,66.495,135.53,60.817,189.277,86.054,83.383,272.612,156.093,14.351,63.767,48.438,176.563
-5,5/27/50,21:51,nan,nan,nan,21.572,179.221,8.578,119.313,217.497,66.402,71.391,0,110.946,13.254,20.979,71.417,102.885,215.767,0,133.833,125.743,72.925
-5,5/27/50,21:52,nan,nan,nan,187.949,154.42,59.525,101.083,175.239,10.284,0.122,78.849,88.684,59.621,36.904,146.191,84.752,226.456,0,83.403,109.906,56.561
-5,5/27/50,21:53,nan,nan,nan,153.259,50.681,114.976,59.185,331.255,9.022,55.582,136.472,57.442,93.63,96.355,207.424,66.673,69.829,0,130.891,96.999,126.638
-5,5/27/50,21:54,nan,nan,nan,165.432,35.231,46.532,35.229,148.261,0,0,28.501,128.694,39.707,170.168,185.237,173.338,137.8,0,87.622,147.13,136.951
-5,5/27/50,21:55,nan,nan,nan,74.933,152.255,16.691,28.947,194.602,0,0,80.387,78.302,158.557,229.589,222.185,149.607,144.257,0,17.058,142.467,0
-5,5/27/50,21:56,nan,nan,nan,48.641,132.103,17.077,44.578,113.461,43.94,0,54.121,120.304,102.296,215.093,15.197,91.219,179.208,0,18.458,93.141,102.853
-5,5/27/50,21:57,nan,nan,nan,23.484,168.786,52.873,93.234,50.531,65.006,0,140.362,101.786,0,192.091,0,61.362,145.534,0,31.037,66.66,7.095
-5,5/27/50,21:58,nan,nan,nan,47.212,159.394,59.448,130.095,165.51,14.969,78.479,222.552,0,67.017,70.591,66.267,24.68,49.523,0,43.351,64.5,24.272
-5,5/27/50,21:59,nan,nan,nan,179.96,38.861,93.89,233.322,76.575,105.823,60.713,58.407,84.23,167.515,171.261,56.858,168.007,110.31,0,26.894,137.924,202.556
-5,5/27/50,22:00,nan,nan,nan,159.733,109.863,36.245,222.134,138.92,26.964,45.888,103.767,0,72.513,116.2,0,44.17,162.174,0,20.783,60.969,74.403
-5,5/27/50,22:01,nan,nan,nan,41.546,116.372,61.305,113.37,105.539,120.862,49.527,125.175,0,0,119.66,0,0,106.439,0,71.175,93.684,111.199
-5,5/27/50,22:02,nan,nan,nan,148.394,196.885,76.818,87.299,137.985,95.871,90.13,126.097,33.629,0,114.368,44.43,141.18,153.179,0,48.127,15.537,132.434
-5,5/27/50,22:03,nan,nan,nan,24.639,70.765,80.97,36.522,147.162,29.064,117.891,103.991,185.873,0,26.483,150.499,108.867,138.117,0,54.012,42.202,89.127
-5,5/27/50,22:04,nan,nan,nan,23.544,237.358,65.018,52.994,156.812,96.571,151.61,62.709,16.19,86.847,1.53,198.262,39.181,168.121,0,117.225,10.24,111.437
-5,5/27/50,22:05,nan,nan,nan,15.773,209.833,109.378,29.72,136.158,9.708,64.063,139.026,0,132.864,52.975,115.245,99.002,28.301,0,130.43,94.996,155.551
-5,5/27/50,22:06,nan,nan,nan,21.287,205.995,96.907,93.043,48.934,7.738,0,200.798,101.347,133.334,40.094,96.292,131.872,29.87,0,17.749,104.154,175.932
-5,5/27/50,22:07,nan,nan,nan,54.382,52.651,89.261,149.204,0,9.23,0,143.058,134.54,82.785,178.244,133.522,133.059,168.23,0,0,114.051,110.296
-5,5/27/50,22:08,nan,nan,nan,30.586,170.734,74.747,133.761,28.105,8.203,0,0,65.499,100.425,212.96,23.732,92.816,199.724,0,68.073,151.392,174.924
-5,5/27/50,22:09,nan,nan,nan,125.04,67.606,0,185.091,141.818,11.904,0,44.29,0,160.547,172.592,151.384,198.458,120.977,0,59.045,122.921,0
-5,5/27/50,22:10,nan,nan,nan,140.232,174.53,26.396,62.469,173.393,49.172,0,54.756,19.838,28.749,206.865,109.996,35.743,47.635,0,18.136,209.391,14.465
-5,5/27/50,22:11,nan,nan,nan,113.547,105.26,54.948,55.571,154.272,133.237,0,43.026,105.049,51.122,226.079,142.152,0,54.307,148.207,0,96.756,190.226
-5,5/27/50,22:12,nan,nan,nan,72.78,24.063,109.488,88.001,200.181,8.622,0,108.56,100.182,117.026,82.391,152.245,48.844,60.436,234.005,4.261,74.663,213.703
-5,5/27/50,22:13,nan,nan,nan,128.626,232.705,123.249,83.764,184.384,21.03,0,28.293,101.906,123.513,115.95,55.505,148.217,254.461,258.59,29.61,58.857,137.858
-5,5/27/50,22:14,nan,nan,nan,71.963,148.173,80.63,28.172,226.638,0,0,169.245,81.175,93.111,64.461,80.647,102.11,193.818,222.751,81.191,113.075,282.511
-5,5/27/50,22:15,nan,nan,nan,214.567,122.874,73.552,70.001,192.579,1.747,0,70.328,104.581,92.903,121.356,173.244,176.726,264.894,157.968,154.807,95.16,181.59
-5,5/27/50,22:16,nan,nan,nan,118.848,245.312,105.368,141.954,200.252,43.211,0,33.225,233.027,95.889,90.757,93.563,50.861,199.512,218.032,28.618,156.15,46.836
-5,5/27/50,22:17,nan,nan,nan,111.854,30.247,74.99,62.302,183.172,76.787,0,161.884,31.557,0,278.622,177.361,52.946,193.367,185.222,60.236,106.265,9.433
-5,5/27/50,22:18,nan,nan,nan,0,62.532,38.967,40.081,133.832,47.065,0,117.203,129.356,0,167.746,146.029,0,211.577,181.45,72.143,137.698,0
-5,5/27/50,22:19,nan,nan,nan,0,141.535,7.22,180.455,94.769,4.715,0,82.502,24.246,7.087,95.489,153.008,18.691,193.74,203.294,65.451,104.216,13.783
-5,5/27/50,22:20,nan,nan,nan,0,227.719,78.065,69.727,158.597,36.561,0,0,50.796,46.365,116.815,70.06,34.66,45.096,155.393,60.443,90.651,143.447
-5,5/27/50,22:21,nan,nan,nan,0,225.752,82.953,55.011,99.183,90.799,0,195.772,80.555,151.729,240.115,98.02,120.685,105.91,115.906,62.84,4.901,108.801
-5,5/27/50,22:22,nan,nan,nan,0,98.657,33.423,87.369,61.044,157.333,0,111.895,98.985,203.395,166.885,127.569,133.995,83.776,2.357,127.642,11.876,163.227
-5,5/27/50,22:23,nan,nan,nan,0,36.625,70.606,69.159,130.505,4.224,0,99.212,94.821,95.454,42.971,93.219,168.779,59.451,27.233,73.079,70.39,181.045
-5,5/27/50,22:24,nan,nan,nan,141.251,28.743,90.236,70.822,171.997,11.337,0,11.714,99.954,116.968,137.431,109.334,73.215,71.554,9.988,154.862,29.001,201.327
-5,5/27/50,22:25,nan,nan,nan,65.256,48.613,184.429,90.359,97.376,67.32,0,59.128,25.1,90.738,204.803,210.104,115.199,141.78,84.39,40.566,2.186,73.571
-5,5/27/50,22:26,nan,nan,nan,64.284,157.555,41.933,57.43,40.548,99.45,96.402,169.236,0,60.802,156.223,238.79,64.31,234.605,171.824,71.285,57.582,133.068
-5,5/27/50,22:27,nan,nan,nan,114.704,77.104,62.785,54.326,117.821,0,44.694,103.469,37.882,14.875,116.121,191.186,95.504,82.993,216.841,64.489,76.876,170.913
-5,5/27/50,22:28,nan,nan,nan,246.871,99.612,66.397,122.45,126.233,30.404,110.642,60.324,116.756,16.814,16.744,14.608,42.109,83.022,99.709,94.135,119.975,165.557
-5,5/27/50,22:29,nan,nan,nan,266.176,163.525,109.926,182.119,191.188,28.398,25.873,65.495,148.674,10.728,17.581,17.732,91.091,133.573,148.658,16.621,196.544,108.351
-5,5/27/50,22:30,nan,nan,nan,203.719,261.289,135.079,156.175,250.779,34.649,0,0,182.647,84.002,204.58,85.358,203.317,126.117,180.863,28.325,36.879,216.346
-5,5/27/50,22:31,nan,nan,nan,236.025,218.147,211.48,320.071,37.909,22.674,98.871,88.852,17.773,14.755,57.913,85.753,182.239,0,167.635,111.15,10.535,181.21
-5,5/27/50,22:32,nan,nan,nan,202.618,176.225,213.528,216.701,138.594,7.188,57.914,70.381,34.229,75.38,77.509,308.874,103.63,0,138.308,16.651,8.528,238.194
-5,5/27/50,22:33,nan,nan,nan,224.688,188.94,185.331,174.232,90.75,113.216,0,70.933,73.171,53.697,117.402,148.36,87.45,62.141,13.636,36.966,161.02,215.698
-5,5/27/50,22:34,nan,nan,nan,259.269,144.35,168.221,163.513,109.537,23.759,0,161.998,0,76.034,78.659,113.705,111.632,179.569,11.034,29.14,80.764,55.887
-5,5/27/50,22:35,nan,nan,nan,162.917,219.904,126.223,131.024,27.171,81.784,0,47.912,0,72.518,56.341,234.258,39.337,212.284,41.275,43.633,80.211,172.73
-5,5/27/50,22:36,nan,nan,nan,256.287,131.036,5.786,97.388,99.677,45.738,0,143.434,7.917,156.861,73.737,193.784,0,145.76,144.032,34.607,26.99,218.743
-5,5/27/50,22:37,nan,nan,nan,64.27,148.49,32.842,67.709,134.76,90.93,0,105.873,164.805,176.817,80.033,43.289,87.211,245.512,72.578,34.095,132.573,135.953
-5,5/27/50,22:38,nan,nan,nan,181.772,183.734,25.359,34.088,121.135,6.76,0,49.934,56.804,92.411,100.868,144.448,75.356,328.603,10.681,47.316,70.676,75.336
-5,5/27/50,22:39,nan,nan,nan,179.63,218.183,25.646,35.816,130.833,9.831,0,64.779,85.248,4.249,159.794,111.811,90.861,345.504,92.715,57.86,177.806,89.271
-5,5/27/50,22:40,nan,nan,nan,114.822,206.893,33.867,44.786,59.872,95.255,0,157.411,29.767,145.219,203.438,0,98.474,193.723,119.109,34.68,64.719,50.697
-5,5/27/50,22:41,nan,nan,nan,192.783,161.381,44.986,4.151,198.037,0,91.389,162.74,0,140.253,187.851,93.731,131.892,291.127,82.977,22.845,157.942,118.215
-5,5/27/50,22:42,nan,nan,nan,76.692,137.322,151.783,8.686,100.544,0,93.152,43.208,0,100.792,21.678,209.798,163.712,95.515,196.16,26.632,173.753,130.783
-5,5/27/50,22:43,nan,nan,nan,25.316,89.126,112.493,75.46,192.684,42.961,100.424,163.946,47.346,0,22.793,230.625,155.893,154.11,132.395,25.893,83.023,113.756
-5,5/27/50,22:44,nan,nan,nan,19.882,211.848,48.114,39.922,240.078,39.655,191.546,83.983,145.386,0,145.834,213.761,129.122,71.964,163.976,43.206,8.569,0
-5,5/27/50,22:45,nan,nan,nan,24.456,233.36,0,8.616,3.406,27.511,34.625,136.318,2.475,0,248.851,103.13,182.816,20.703,71.406,40.082,63.348,0
-5,5/27/50,22:46,nan,nan,nan,21.719,110.168,20.35,48.284,39.596,110.061,41.659,183.948,58.367,0,172.888,156.542,230.675,35.892,71.707,42.202,105.39,95.576
-5,5/27/50,22:47,nan,nan,nan,31.836,177.335,31.284,192.079,40.233,65.971,0,83.831,95.244,60.781,62.101,151.721,218.962,103.767,125.256,34.161,2.25,180.658
-5,5/27/50,22:48,nan,nan,nan,126.785,189.058,167.79,87.347,167.616,176.37,0,68.701,62.141,43.958,96.376,81.229,91.093,224.244,149.119,42.295,28.065,2.731
-5,5/27/50,22:49,nan,nan,nan,110.793,88.037,164.412,146.103,126.102,82.303,41.443,159.935,98.152,74.076,207.633,193.371,204.466,127.252,36.39,37.055,106.172,0
-5,5/27/50,22:50,nan,nan,nan,267.518,96.838,25.748,95.847,199.484,73.246,43.126,104.376,111.773,105.401,149.915,21.638,214.416,80.057,77.962,8.606,162.887,184.586
-5,5/27/50,22:51,nan,nan,nan,157.336,46.295,12.961,139.736,3.305,68.22,47.048,69.069,90.696,0,224.149,0,151.069,161.462,193.419,3.719,194.173,212.063
-5,5/27/50,22:52,nan,nan,nan,141.328,125.65,127.639,16.281,53.934,57.311,0,88.833,86.399,63.173,122.621,15.847,154.085,190.143,114.37,3.374,109.74,168.693
-5,5/27/50,22:53,nan,nan,nan,183.946,127.914,63.286,47.377,107.619,0,0,33.844,136.954,15.701,205.782,0.978,100.598,156.984,172.751,11.483,148.893,118.375
-5,5/27/50,22:54,nan,nan,nan,128.793,224.178,0,122.724,240.226,9.552,0,95.419,80.826,0,104.327,0,153.149,151.033,78.341,9.085,173.22,163.344
-5,5/27/50,22:55,nan,nan,nan,135.207,83.296,0,160.523,38.685,76.26,0,97.932,87.859,0,185.685,16.343,106.973,86.747,92.784,9.591,185.722,85.724
-5,5/27/50,22:56,nan,nan,nan,107.325,43.572,0,105.86,7.266,53.624,0,64.54,14.819,0,132.29,113.816,112.461,266.697,47.146,15.236,133.048,140.748
-5,5/27/50,22:57,nan,nan,nan,0,147.542,0,150.393,0,118.984,0,34.7,51.625,0,124.633,49.968,170.468,200.328,71.668,2.984,11.219,123.483
-5,5/27/50,22:58,nan,nan,nan,0,201.711,65.372,148.719,0,14.163,0,176.013,55.212,0,68.541,189.479,159.091,157.144,162.432,3.62,120.47,110.983
-5,5/27/50,22:59,nan,nan,nan,0,250.145,176.64,155.917,0,127.762,0,0,1.773,0,107.535,41.269,171.671,201.771,0,2.935,0,114.365
-5,5/27/50,23:00,nan,nan,nan,0,179.239,17.012,181.512,0,168.484,0,86.626,0,0,126.793,98.555,68.842,207.736,52.937,2.391,68.524,46.266
-5,5/27/50,23:01,nan,nan,nan,0,125.251,0,68.103,75.082,55.591,0,62.772,6.293,0,114.088,200.589,104.687,183.829,193.751,14.838,101.067,0
-5,5/27/50,23:02,nan,nan,nan,0,105.568,29.119,72.108,134.075,29.054,0,4.273,58.011,0,175.131,89.043,60.476,71.399,186.627,43.78,143.924,0
-5,5/27/50,23:03,nan,nan,nan,0,36.259,172.912,4.441,192.176,0,0,100.952,134.905,0,239.388,141.178,48.034,44.513,96.475,121.816,57.516,11.411
-5,5/27/50,23:04,nan,nan,nan,115.106,36.252,210.254,64.363,131.987,9.968,0,72.155,88.576,0,219.885,186.271,187.596,51.301,120.827,150.78,62.641,94.068
-5,5/27/50,23:05,nan,nan,nan,61.763,148.784,121.31,113.935,74.577,66.606,0,19.811,41.193,0,155.847,111.775,4.164,46.152,113.617,119.249,161.055,180.061
-5,5/27/50,23:06,nan,nan,nan,133.748,184.516,143.807,137.539,53.11,32.68,0,14.735,181.671,0,45.475,147.802,9.318,36.497,38.061,63.16,153.176,27.793
-5,5/27/50,23:07,nan,nan,nan,231.79,54.34,113.356,20.458,0,111.185,0,24.928,67.412,89.521,71.652,3.37,59.006,37.614,106.828,0,91.195,74.046
-5,5/27/50,23:08,nan,nan,nan,88.361,142.549,29.102,172.054,0,85.983,0,131.685,34.138,165.993,47.05,153.467,173.8,31.625,127.214,0,105.801,175.055
-5,5/27/50,23:09,nan,nan,nan,8.326,225.35,22.41,175.053,42.548,102.82,0,120.174,171.568,142.354,65.675,143.321,142.211,143.559,76.253,0,150.093,210.965
-5,5/27/50,23:10,nan,nan,nan,220.569,281.464,24.578,173.468,100.041,62.971,0,166.49,14.691,178.186,201.796,59.155,161.022,211.037,81.09,0,118.206,234.237
-5,5/27/50,23:11,nan,nan,nan,43.892,38.198,0,101.296,49.246,0,0,120.546,126.678,162.867,188.738,50.324,218.778,198.578,156.082,0,138.217,288.854
-5,5/27/50,23:12,nan,nan,nan,124.537,84.712,83.211,63.749,142.314,8.724,49.117,216.115,114.526,222.475,133.781,111.17,238.275,172.319,78.279,110.433,134.312,182.704
-5,5/27/50,23:13,nan,nan,nan,73.162,119.452,93.578,180.192,130.319,32.567,79.886,110.998,103.12,142.726,238.342,107.419,184.734,21.348,228.35,80.681,160.649,272.948
-5,5/27/50,23:14,nan,nan,nan,0,213.236,150.907,26.574,39.727,74.522,165.962,108.221,18.74,98.496,67.524,33.271,103.116,117.096,151.408,59.051,182.193,222.373
-5,5/27/50,23:15,nan,nan,nan,104.491,249.042,154.449,0,74.255,48.875,87.346,51.433,2.321,168.294,85.476,97.669,63.545,91.199,31.837,56.441,143.787,105.9
-5,5/27/50,23:16,nan,nan,nan,203.552,198.946,53.9,18.641,9.535,58.475,34.325,102.142,79.43,100.294,31.751,209.815,125.785,173.209,0.587,152.323,157.539,100.625
-5,5/27/50,23:17,nan,nan,nan,53.029,52.992,135.095,167.933,9.978,346.478,63.726,95.351,74.819,47.737,7.473,158.688,86.898,187.175,139.227,94.743,13.056,211.824
-5,5/27/50,23:18,nan,nan,nan,14.924,110.311,51.697,233.464,131.086,127.809,142.847,176.919,0,9.078,22.966,71.972,58.655,242.932,135.67,82.174,130.431,151.769
-5,5/27/50,23:19,nan,nan,nan,129.732,229.715,43.27,226.067,29.302,109.53,139.217,179.223,25.14,0,0,82.761,155.262,350.275,185.59,173.216,160.232,64.996
-5,5/27/50,23:20,nan,nan,nan,21.06,136.922,0,69.521,70.633,167.648,66.834,0,220.228,0,0,248.337,204.361,229.51,142.264,36.757,126.057,65.358
-5,5/27/50,23:21,nan,nan,nan,191.734,200.159,21.63,14.541,24.463,18.918,69.654,200.051,29.171,17.728,36.123,233.515,148.631,178.637,47.555,98.659,29.4,91.845
-5,5/27/50,23:22,nan,nan,nan,69.859,214.25,25.248,103.149,75.338,0,32.482,121.558,0,0,197.913,148.735,95.217,266.584,106.302,87.937,68.582,153.523
-5,5/27/50,23:23,nan,nan,nan,184.619,79.637,5.263,129.159,66.299,8.912,37.629,63.705,47.976,66.815,239.582,108.646,146.235,220.337,136.775,0,100.214,156.172
-5,5/27/50,23:24,nan,nan,nan,131.529,190.172,54.372,232.926,98.006,34.771,95.993,112.038,115.389,193.909,123.83,95.585,44.452,239.626,8.477,5.005,13.884,96.073
-5,5/27/50,23:25,nan,nan,nan,253.379,131.37,88.78,56.087,114.198,0,168.347,167.316,92.744,92.432,183.899,99.382,17.556,133.179,92.938,0,13.191,175.931
-5,5/27/50,23:26,nan,nan,nan,125.071,0,79.832,103.732,31.624,0,13.247,121.134,33.586,49.74,152.762,152.773,196.179,41.221,68.674,49.523,51.026,94.134
-5,5/27/50,23:27,nan,nan,nan,67.081,85.279,26.131,108.908,35.915,62.958,8.106,0,34.949,0,86.179,220.61,125.946,37.465,13.356,29.157,139.489,138.145
-5,5/27/50,23:28,nan,nan,nan,0,247.126,28.524,97.959,16.476,9.265,8.02,53.337,90.272,18.712,71.703,106.911,64.698,154.656,8.253,79.444,213.177,140.307
-5,5/27/50,23:29,nan,nan,nan,0,208.941,130.871,58.135,85.663,12.625,119.561,20.066,0,82.82,235.857,97.925,210.199,26.865,40.841,64.762,160.914,29.96
-5,5/27/50,23:30,nan,nan,nan,0,156.481,83.925,16.064,184.718,49.119,101.963,110.88,0,122.175,213.499,129.93,117.697,120.027,67.686,73.115,166.702,179.246
-5,5/27/50,23:31,nan,nan,nan,0,177.283,175.441,0,233.774,126.108,0,46.479,0,150.833,233.059,25.756,243.254,120.301,119.548,15.62,95.467,81.263
-5,5/27/50,23:32,nan,nan,nan,116.207,123.495,4.899,0,80.697,99.192,0,51.35,0,96.986,302.223,0,146.652,288.117,151.058,55.575,159.103,113.407
-5,5/27/50,23:33,nan,nan,nan,160.789,218.319,0,0,58.742,32.129,0,122.413,39.066,101.939,204.072,0,147.13,120.016,140.112,0,136.26,14.287
-5,5/27/50,23:34,nan,nan,nan,91.503,185.421,0,0,91.117,0,110.114,0,145.359,133.093,38.181,133.151,186.249,156.138,7.625,0,39.394,117.924
-5,5/27/50,23:35,nan,nan,nan,131.895,0,0,0,142.59,43.206,65.512,79.037,81.989,101.549,83.928,189.826,130.699,161.51,13.664,0,38.673,164.217
-5,5/27/50,23:36,nan,nan,nan,194.281,94.428,0,0,179.265,105.804,70.718,142.442,19.207,25.639,197.263,123.836,69.301,91.116,47.662,30.096,37.322,124.718
-5,5/27/50,23:37,nan,nan,nan,55.762,266.839,0,40.341,177.403,50.42,30.761,54.707,66.498,0,129.899,177.01,169.311,222.407,37.057,72.798,34.461,2.568
-5,5/27/50,23:38,nan,nan,nan,0,76.994,0,195.081,231.897,26.097,59.552,142.668,57.557,0,145.205,127.242,105.383,201.589,124.135,115.462,60.42,81.587
-5,5/27/50,23:39,nan,nan,nan,41.396,90.229,69.626,154.078,172.784,15.317,75.841,86.266,0,72.493,31.271,156.345,85.267,182.889,0,173.573,87.538,70.613
-5,5/27/50,23:40,nan,nan,nan,147.945,56.004,5.292,119.802,72.991,0,0,6.187,0,117.356,73.294,115.589,113.717,146.255,0,88.968,167.819,162.696
-5,5/27/50,23:41,nan,nan,nan,0,68.794,9.401,41.244,61.702,0,0,63.643,0,176.086,185.701,151.984,62.885,149.189,0,70.499,120.933,143.983
-5,5/27/50,23:42,nan,nan,nan,0,175.96,11.03,8.67,86.529,2.932,0,25.092,45.162,107.549,45.459,168.109,137.688,195.151,0,40.761,84.993,198.381
-5,5/27/50,23:43,nan,nan,nan,0,216.779,74.467,5.066,142.8,111.274,0,113.642,91.016,39.794,125.626,74.737,197.589,81.145,0,90.815,26.005,100.438
-5,5/27/50,23:44,nan,nan,nan,114.702,163.522,79.992,4.823,115.144,50.98,0,128.489,22.864,56.355,202.607,91.842,235.401,137.134,116.191,65.321,75.958,123.956
-5,5/27/50,23:45,nan,nan,nan,0,95.503,98.36,4.421,112.412,104.251,0,122.012,16.186,117.55,205.95,99.695,170.294,169.929,13.726,12.203,83.405,106.295
-5,5/27/50,23:46,nan,nan,nan,0,93.486,119.18,3.835,158.595,0,41.508,93.804,0,55.738,47.519,53.48,64.511,247.981,0,0,34.259,38.462
-5,5/27/50,23:47,nan,nan,nan,0,59.523,172.995,2.789,72.33,32.527,42.537,90.549,0,32.924,212.077,0,172.301,81.029,0,0,41.342,49.276
-5,5/27/50,23:48,nan,nan,nan,0,83.067,120.336,54.317,44.267,106.735,56.859,90.845,0,0,237.198,112.964,121.92,0,0,0,97.765,164.536
-5,5/27/50,23:49,nan,nan,nan,0,172.915,145.793,70.816,7.135,29.17,66.509,76.316,0,0,146.281,24.41,129.804,0,0,126.223,17.365,224.954
-5,5/27/50,23:50,nan,nan,nan,0,121.995,124.163,119.496,101.222,79.897,165.297,108.369,0,45.954,98.582,18.286,241.009,0,0,73.469,62.028,272.344
-5,5/27/50,23:51,nan,nan,nan,175.087,0,50.873,140.61,184.28,110.681,0,98.843,0,80.128,73.574,164.961,167.887,141.47,0,92.977,54.138,221.987
-5,5/27/50,23:52,nan,nan,nan,48.414,0,160.757,41.107,20.145,82.527,0,60.057,0,31.563,202.198,122.158,0,232.18,0,74.914,4.327,244.602
-5,5/27/50,23:53,nan,nan,nan,0,68.779,38.097,0,115.487,173.901,0,108.921,0,131.692,199.131,213.719,138.801,126.64,44.085,115.128,5.34,116.182
-5,5/27/50,23:54,nan,nan,nan,0,212.707,42.589,86.887,80.972,112.435,0,118.361,0,89.539,82.807,106.012,160.068,136.096,160.451,22.922,3.795,130.413
-5,5/27/50,23:55,nan,nan,nan,0,108.895,162.062,51.437,41.116,87.569,0,149.525,0,78.864,90.479,89.582,133.096,234.797,191.1,74.893,19.192,83.861
-5,5/27/50,23:56,nan,nan,nan,0,105.441,95.934,0,68.901,112.61,0,59.761,0,64.456,0,162.832,67.48,153.145,76.835,49.928,60.704,0
-5,5/27/50,23:57,nan,nan,nan,0,147.098,71.151,94.862,40.748,39.472,0,30.47,0,144.034,0,136.495,58.45,102.071,84.058,19.541,160.825,0
-5,5/27/50,23:58,nan,nan,nan,61.013,75.294,95.461,0,31.616,37.6,0,75,0,0,0,163.125,87.131,68.014,5.163,23.479,170.868,0
-5,5/27/50,23:59,nan,nan,nan,3.738,136.317,21.868,113.822,102.285,120.528,0,79.833,0,23.284,0,61.047,28.552,58.675,21.006,33.934,151.106,0
-5,5/28/50,0:00,nan,nan,nan,161.422,96.097,55.503,0,80.283,74.029,0,167.532,18.295,140.257,32.099,110.794,52.02,153.047,108.229,26.176,92.785,0
-5,5/28/50,0:01,nan,nan,nan,138.506,46.286,99.425,0,52.426,62.84,0,160.26,116.995,25.497,161.709,195.079,156.293,92.438,109.731,26.414,145.525,0
-5,5/28/50,0:02,nan,nan,nan,96.804,228.669,43.498,0,63.785,90.245,0,242.314,203.15,16.188,264.232,144.535,130.589,228.163,43.622,28.613,177.783,0
-5,5/28/50,0:03,nan,nan,nan,150.094,54.038,107.584,0,97.149,0.323,0,9.03,261.326,38.312,82.553,158.603,115.55,300.227,211.467,42.372,86.2,2.813
-5,5/28/50,0:04,nan,nan,nan,205.833,76.392,75.037,0,105.317,0,0,69.621,212.368,67.355,27.35,117.973,66.649,226.464,97.112,30.284,54.614,64.722
-5,5/28/50,0:05,nan,nan,nan,88.708,87.528,0,0,95.966,57.194,0,39.925,251.361,136.05,14.063,140.798,76.1,162.906,50.271,31.926,18.982,95.698
-5,5/28/50,0:06,nan,nan,nan,64.321,0,0,0,48.605,151.194,0,119.761,76.865,50.005,32.298,162.059,17.319,204.005,172.487,108.386,147.213,132.156
-5,5/28/50,0:07,nan,nan,nan,78.708,0,0,0,63.121,28.117,0,166.993,0,181.635,174.284,153.918,60.229,118.023,98.913,115.232,7.771,48.347
-5,5/28/50,0:08,nan,nan,nan,119.758,111.289,0,0,13.701,0,0,77.09,2.177,64.23,235.957,209.956,159.096,150.265,163.529,0,11.159,195.672
-5,5/28/50,0:09,nan,nan,nan,162.627,81.046,0,0,0,2.478,0,146.591,116.682,132.034,264.869,11.066,55.978,30.404,0.548,0,28.935,232.448
-5,5/28/50,0:10,nan,nan,nan,186.437,139.584,78.834,0,84.875,119.968,0,91.138,34.318,0,241.805,49.09,114.433,117.886,17.129,0,61.974,213.135
-5,5/28/50,0:11,nan,nan,nan,241.18,0,219.601,0,146.783,0,0,122.502,42.848,0,206.435,187.386,0,74.309,102.725,0,97.679,129.813
-5,5/28/50,0:12,nan,nan,nan,117.325,0,81.062,0,43.031,0,0,0,52.029,0,144.565,42.991,0,239.479,37.389,0,146.383,4.221
-5,5/28/50,0:13,nan,nan,nan,95.39,0,10.184,78.854,35.181,0,0,35.915,113.212,0,220.042,121.202,181.288,199.599,108.581,28.808,66.24,76.298
-5,5/28/50,0:14,nan,nan,nan,23.583,53.19,2.74,198.015,47.425,0,0,146.46,81.569,0,174.609,136.24,198.758,255.321,180.066,73.078,39.738,87.615
-5,5/28/50,0:15,nan,nan,nan,112.917,139.328,0,177.319,102.527,0,0,95.279,71.666,0,215.722,164.526,102.133,170.325,36.968,22.937,147.686,2.926
-5,5/28/50,0:16,nan,nan,nan,134.379,103.379,8.351,197.365,140.773,0,0,69.66,71.856,0,294.937,175.965,193.369,118.95,80.184,105.101,101.838,154.949
-5,5/28/50,0:17,nan,nan,nan,73.406,57.682,85.265,168.89,153.781,0,0,0,78.016,0,182.071,144.648,163.864,76.103,105.602,172.659,132.189,194.627
-5,5/28/50,0:18,nan,nan,nan,27.095,44.283,44.256,243.22,100.647,0,0,4.919,142.779,158.53,27.844,131.968,226.267,125.418,12.217,165.478,0,20.722
-5,5/28/50,0:19,nan,nan,nan,25.473,146.918,71.045,176.992,156.507,9.417,0,107.71,57.254,93.455,133.357,154.823,240.327,168.252,51.967,102.211,137.208,89.736
-5,5/28/50,0:20,nan,nan,nan,24.44,142.837,34.667,182.739,118.816,180.119,0,42.106,26.644,0,186.045,122.351,0,312.318,46.816,41.056,120.538,0
-5,5/28/50,0:21,nan,nan,nan,45.412,122.884,21.513,44.178,113.858,8.685,0,113.832,0,0,88.072,175.934,76.909,173.821,106.394,20.001,99.548,0
-5,5/28/50,0:22,nan,nan,nan,155.585,2.502,88.678,60.507,211.611,0,0,79.438,0,0,22.446,108.258,150.834,167.556,84.801,31.126,11.67,12.246
-5,5/28/50,0:23,nan,nan,nan,224.775,60.559,62.853,123.042,97.329,61.189,0,162.418,0,0,88.057,256.992,88.713,140.368,147.086,0,9.069,33.392
-5,5/28/50,0:24,nan,nan,nan,243.972,76.897,76.103,0,192.84,50.799,0,226.725,0,0,171.999,146.283,197.86,132.458,11.688,3.665,10.85,72.703
-5,5/28/50,0:25,nan,nan,nan,147.662,118.212,103.947,0,70.912,39.704,0,0,0,0,244.71,80.353,136.804,138.977,42.729,21.434,148.395,172.673
-5,5/28/50,0:26,nan,nan,nan,312.613,53.351,96.643,30.146,74.095,7.933,0,165.49,16.148,0,237.395,0,83.658,0,42.792,3.725,114.109,152.987
-5,5/28/50,0:27,nan,nan,nan,250.549,145.775,124.425,51.915,174.386,85.756,0,123.642,132.604,0,94.741,104,24.519,0,35.52,0,89.582,206.157
-5,5/28/50,0:28,nan,nan,nan,112.082,115.55,54.721,144.228,88.405,73.715,0,106.171,84.97,0,33.48,37.96,0,31.3,34.561,0,42.917,175.824
-5,5/28/50,0:29,nan,nan,nan,149.188,115.892,0,0,16.797,113.426,0,179.937,99.096,0,98.795,66.301,75.597,132.648,66.245,0,24.639,184.782
-5,5/28/50,0:30,nan,nan,nan,34.78,95.289,0,0,41.904,22.997,0,74.661,0,0,211.535,68.652,173.231,165.922,72.434,0,49.117,50.034
-5,5/28/50,0:31,nan,nan,nan,0,17.147,0,0,62.562,16.039,0,99.404,19.67,0,86.502,103.077,145.599,156.745,57.169,0,155.467,83.413
-5,5/28/50,0:32,nan,nan,nan,116.55,0,0,84.136,30.539,24.835,0,144.897,75.125,0,100.729,198.184,122.849,151.307,79.109,0,89.775,80.305
-5,5/28/50,0:33,nan,nan,nan,142.107,121.867,0,36.597,67.858,10.741,0,133.66,67.772,76.261,252.806,124.475,249.993,192.167,108.739,0,31.577,86.353
-5,5/28/50,0:34,nan,nan,nan,185.4,218.659,0,48.633,147.627,0,0,182.904,48.586,205.887,167.008,167.699,115.966,59.963,29.354,0,50.27,81.84
-5,5/28/50,0:35,nan,nan,nan,33.107,141.999,0,180.764,156.207,0,0,160.684,0,130.229,257.122,175.138,95.162,73.031,161.141,0,74.713,54.876
-5,5/28/50,0:36,nan,nan,nan,19.48,91.146,7.844,15.31,160.652,0,0,171.9,0,154.935,167.605,270.222,151.436,157.978,21.891,0,0,0
-5,5/28/50,0:37,nan,nan,nan,54.226,0,118.079,159.255,203.148,0,0,86.801,0,184.36,53.952,83.619,78.419,285.188,41.745,0,119.561,0
-5,5/28/50,0:38,nan,nan,nan,74.164,16.673,42.929,33.248,150.673,0,0,128.46,0,151.366,204.42,212.079,90.18,365.657,99.245,0,57.797,0
-5,5/28/50,0:39,nan,nan,nan,128.323,104.205,87.408,85.496,118.872,0,0,21.2,65.233,136.825,249.564,155.84,44.343,282.49,114.794,0,33.061,87.947
-5,5/28/50,0:40,nan,nan,nan,39.69,37.294,0,160.5,196.013,0,0,16.991,42.669,25.931,165.005,137.049,137.447,306.05,36.171,0,31.878,178.157
-5,5/28/50,0:41,nan,nan,nan,106.222,243.457,0,65.374,69.88,74.759,0,99.565,0,0,60.245,151.391,169.642,79.921,54.823,0,20.255,67.908
-5,5/28/50,0:42,nan,nan,nan,156.204,299.513,19.325,137.112,170.841,72.074,0,93.151,109.705,112.918,0,162.351,162.269,82.595,109.536,0,18.659,91.226
-5,5/28/50,0:43,nan,nan,nan,172.54,110.541,22.04,71.654,72.978,63.102,0,31.107,38.417,102.247,0,174.346,204.983,199.513,246.013,0,58.249,80.956
-5,5/28/50,0:44,nan,nan,nan,133.42,0,59.113,0,109.911,60.19,47.848,14.891,30.557,105.564,5.675,99.814,173.617,174.74,127.994,0,108.314,0
-5,5/28/50,0:45,nan,nan,nan,133.009,133.472,0,0,112.268,127.4,15.805,26.04,0,25.867,255.419,94.738,119.355,270.395,131.066,0,75.749,0
-5,5/28/50,0:46,nan,nan,nan,0,24.317,0,0,118.669,155.57,192.076,23.37,72.851,0,175.648,86.768,168.679,225.889,139.632,0,191.283,0
-5,5/28/50,0:47,nan,nan,nan,12.581,23.176,0,0,24.009,219.355,155.429,36.086,139.584,0,139.086,149.524,192.484,62.641,165.848,0,182.634,0
-5,5/28/50,0:48,nan,nan,nan,68.866,0,0,0,54.429,269.561,181.709,3.452,110.261,69.242,182.911,124.128,118.632,209.999,129.529,0,134.737,179.09
-5,5/28/50,0:49,nan,nan,nan,101.737,28.309,0,0,69.734,131.932,28.147,178.164,116.098,97.869,150.42,151.33,64.182,131.929,2.46,0,168.299,30.995
-5,5/28/50,0:50,nan,nan,nan,272.658,113.71,0,53.797,137.819,0,116.324,43.954,186.702,14.838,95.909,90.96,0,228.494,0,0,213.588,0
-5,5/28/50,0:51,nan,nan,nan,209.751,104.831,0,89.753,218.416,89.155,149.111,44.843,197.842,0,137.644,129.323,123.386,187.401,25.448,0,129.062,0
-5,5/28/50,0:52,nan,nan,nan,164.017,152.33,0,0,128.288,0.52,17.55,54.378,280.312,50.831,190.317,38.265,167.673,110.946,113.793,0,84.463,0
-5,5/28/50,0:53,nan,nan,nan,19.573,58.588,0,0,108.706,0,0,83.386,67.424,239.342,263.027,0,198.292,209.671,40.564,0,105.583,0
-5,5/28/50,0:54,nan,nan,nan,23.647,53.448,0,0,89.856,4.297,0,162.748,0,98.972,153.357,105.605,248.515,177.896,158.384,0,0,0
-5,5/28/50,0:55,nan,nan,nan,31.988,82.592,0,0,77.412,65.489,60.368,16.901,0,0,180.489,189.946,102.286,49.943,115.27,0,22.51,121.936
-5,5/28/50,0:56,nan,nan,nan,95.28,44.829,0,0,67.198,62.017,38.643,13.541,22.452,123.774,138.807,231.294,44.212,50.949,94.43,0,3.384,112.067
-5,5/28/50,0:57,nan,nan,nan,172.13,87.268,0,0,34.378,77.818,29.457,26.654,85.836,0,174.326,91.554,0,119.646,137.099,0,28.22,128.636
-5,5/28/50,0:58,nan,nan,nan,137.373,0,0,0,93.902,8.973,28.212,29.82,101.071,0,94.746,39.708,0,254.067,116.393,0,110.737,94.102
-5,5/28/50,0:59,nan,nan,nan,32.39,0,0,0,117.805,24.275,132.91,19.76,98.246,18.361,11.86,148.7,0,189.143,88.383,0,137.7,158.522
-5,5/28/50,1:00,nan,nan,nan,34.512,124.237,0,0,69.138,64.39,44.616,23.761,50.237,0,72.16,109.036,59.162,312.624,74.299,0,256.03,151.848
-5,5/28/50,1:01,nan,nan,nan,46.21,136.943,0,0,172.171,97.074,0,30.196,143.102,0,166.414,62.885,87.206,147.341,138.182,0,75.735,113.992
-5,5/28/50,1:02,nan,nan,nan,0,39.515,0,0,116.348,68.69,0,23.903,78.769,0,15.482,219.023,151.381,254.537,149.375,0,82.455,140.458
-5,5/28/50,1:03,nan,nan,nan,0,42.051,0,0,73.561,137.994,37.033,28.12,65.565,0,200.627,0.253,46.804,243.043,68.946,0,64.344,209.025
-5,5/28/50,1:04,nan,nan,nan,13.502,213.189,0,0,76.272,0,20.821,7.33,23.54,0,78.58,82.311,158.352,178.564,16.698,0,45.25,110.049
-5,5/28/50,1:05,nan,nan,nan,204.504,147.587,20.956,0,215.994,7.028,78.06,8.288,62.751,0,163.168,146.598,195.49,312.85,0,0,72.522,239.363
-5,5/28/50,1:06,nan,nan,nan,0,73.508,219.322,0,207.636,97.118,71.263,5.19,196.387,0,160.361,72.296,138.052,102.963,37.412,0,59.991,139.172
-5,5/28/50,1:07,nan,nan,nan,0,43.443,113.51,74.086,118.769,64.521,149.709,3.859,62.966,0,157.533,21.378,132.475,219.062,91.301,0,9.988,153.183
-5,5/28/50,1:08,nan,nan,nan,0,47.254,102.973,1.639,194.949,56.102,16.448,3.759,0,0,160.652,0,125.545,163.875,0,0,4.886,204.139
-5,5/28/50,1:09,nan,nan,nan,0,0,185.184,0,129.017,24.505,0,3.923,0,0,114.603,100.579,111.038,0,0,0,46.989,122.189
-5,5/28/50,1:10,nan,nan,nan,0,33.301,96.031,0,146.055,23.029,43.265,3.051,65.918,0,142.855,132.612,81.925,5.008,0,0,174.317,234.985
-5,5/28/50,1:11,nan,nan,nan,0,126.455,119.563,0,130.435,33.187,165.038,3.025,93.67,0,170.531,117.021,122.338,38.678,0,0,141.348,229.498
-5,5/28/50,1:12,nan,nan,nan,0,37.927,18.363,0,109.605,26.765,25.032,19.146,67.467,0,233.223,37.873,147.897,26.052,0,0,180.536,110.413
-5,5/28/50,1:13,nan,nan,nan,0,0,79.838,0,53.581,0,27.753,166.27,94.282,0,104.579,24.503,231.929,80.57,0,0,83.444,34.614
-5,5/28/50,1:14,nan,nan,nan,0,0,55.228,0,30.598,0,0,228.638,125.365,0,142.444,27.17,211.89,268.552,0,0,174.905,133.196
-5,5/28/50,1:15,nan,nan,nan,0,0,11.465,0,38.129,0,0,200.148,0,0,238.937,33.385,228.639,102.297,0,0,174.598,0
-5,5/28/50,1:16,nan,nan,nan,0,131.919,1.85,0,36.339,0,0,193.86,11.434,0,94.429,144.029,32.328,233.073,0,0,33.728,0
-5,5/28/50,1:17,nan,nan,nan,0,100.335,29.062,0,112.957,0,0,167.876,128.069,0,165.63,114.434,143.359,248.527,0,0,69.975,57.755
-5,5/28/50,1:18,nan,nan,nan,0,102.072,14.486,0,143.737,0,0,164.22,124.422,0,5.767,147.472,95.463,103.445,0,0,60.849,78.119
-5,5/28/50,1:19,nan,nan,nan,0,18.288,31.422,0,80.108,0,0,86.122,44.129,0,227.245,134.597,149.459,77.674,0,0,100.616,118.284
-5,5/28/50,1:20,nan,nan,nan,0,123.314,125.561,0,86.007,0,0,123.498,120.159,0,124.413,120.451,60.102,184.943,0,0,167.203,51.334
-5,5/28/50,1:21,nan,nan,nan,0,88.072,51.397,0,210.309,0,0,88.366,146.042,0,113.863,133.318,146.238,187.94,0,0,43.945,114.823
-5,5/28/50,1:22,nan,nan,nan,0,155.72,37.961,0,0,0,0,74.646,66.565,0,152.751,65.606,0,264.195,0,0,6.071,0
-5,5/28/50,1:23,nan,nan,nan,0,42.97,45.823,0,55.035,0,0,158.189,30.284,0,213.772,121.971,0,144.393,0,0,43.904,5.609
-5,5/28/50,1:24,nan,nan,nan,0,0,59.021,0,116.518,0,0,72.073,94.561,0,155.838,63.071,91.891,197.237,125.13,0,97.72,141.621
-5,5/28/50,1:25,nan,nan,nan,0,0,34.657,0,139.584,0,0,0,46.842,0,108.912,42.975,130.67,165.075,216.376,0,140.033,131.581
-5,5/28/50,1:26,nan,nan,nan,0,0,135.089,0,56.998,0,0,61.905,106.398,0,169.598,51.587,0,137.091,202.581,0,192.389,182.685
-5,5/28/50,1:27,nan,nan,nan,0,0,140.335,0,157.748,0,0,154.895,112.866,0,117.718,101.266,0,175.246,99.036,0,162.133,194.762
-5,5/28/50,1:28,nan,nan,nan,0,114.132,213.717,0,73.145,0,0,275.017,23.082,0,16.892,28.864,0,129.824,158.811,0,63.924,61.49
-5,5/28/50,1:29,nan,nan,nan,0,100.419,21.165,0,193.912,0,0,140.785,0,0,111.911,0,80.261,90.999,233.772,0,135.924,137.836
-5,5/28/50,1:30,nan,nan,nan,0,16.886,42.264,0,110.933,0,0,157.483,0,0,157.117,0,102.077,223.806,180.899,185.56,178.868,135.449
-5,5/28/50,1:31,nan,nan,nan,0,124.903,0,114.751,101.934,0,0,117.288,0,0,122.136,0,42.871,128.432,132.372,133.537,109.145,11.747
-5,5/28/50,1:32,nan,nan,nan,0,66.588,0,115.278,186.964,98.669,0,26.784,0,0,131.891,61.216,0,177.661,0,116.61,4.056,62.334
-5,5/28/50,1:33,nan,nan,nan,0,0,0,216.766,149.256,110.641,0,66.77,0,0,28.373,71.022,0,124.406,0,83.943,191.608,62.213
-5,5/28/50,1:34,nan,nan,nan,0,0,0,65.964,49.212,166.436,0,90.242,0,0,19.421,119.086,0,193.904,0,26.443,0,65.991
-5,5/28/50,1:35,nan,nan,nan,0,27.09,0,125.266,11.507,78.218,0,6.088,0,0,143.322,25.763,0,165.325,0,0,6.67,45.725
-5,5/28/50,1:36,nan,nan,nan,0,129.074,0,195.892,0,11.094,0,4.078,0,0,241.04,9.159,0,241.274,0,0,12.561,0
-5,5/28/50,1:37,nan,nan,nan,0,133.411,0,118.412,0,103.01,0,3.158,0,0,224.939,0,0,105.921,0,0,217.212,0
-5,5/28/50,1:38,nan,nan,nan,61.891,138.123,0,0,0,9.388,0,4.021,0,0,18.639,0,0,276.602,0,2.248,169.112,0
-5,5/28/50,1:39,nan,nan,nan,211.572,221.415,0,6.871,0,52.017,0,4.184,0,0,141.221,124.589,116.68,218.74,0,14.202,4.362,0
-5,5/28/50,1:40,nan,nan,nan,86.629,197.298,0,75.699,0,14.476,0,4.156,0,0,172.788,17.531,175.388,94.095,0,44.055,67.186,0
-5,5/28/50,1:41,nan,nan,nan,157.972,162.867,0,32.055,0,95.641,0,2.914,0,0,0,121.514,222.238,185.487,0,155.22,174.337,0
-5,5/28/50,1:42,nan,nan,nan,112.578,85.119,60.549,0,0,37.273,0,3.538,0,0,0,46.502,207.493,213.881,0,144.525,164.316,0
-5,5/28/50,1:43,nan,nan,nan,90.759,47.753,44.5,0,0,0,0,3.276,0,0,0,132.967,221.471,139.623,0,109.914,182.637,0
-5,5/28/50,1:44,nan,nan,nan,125.22,0,48.071,8.839,0,0,0,3.378,0,0,0,125.634,220.562,213.213,101.49,0,114.544,0
-5,5/28/50,1:45,nan,nan,nan,189.64,0,109.834,187.019,0,57.286,0,8.056,0,0,0,117.925,148.655,132.772,22.084,25.609,154.526,0
-5,5/28/50,1:46,nan,nan,nan,158.711,0,108.789,141.465,0,52.25,0,68.626,0,0,185.019,124.942,0,68.457,0,0,126.948,86.697
-5,5/28/50,1:47,nan,nan,nan,78.289,0,0.65,77.424,0,130.23,0,114.211,0,0,186.726,151.446,0,147.865,0,0,62.912,232.076
-5,5/28/50,1:48,nan,nan,nan,0,0,0,4.947,0,29.294,0,119.872,0,0,118.38,192.022,95.667,211.098,0,0,38.894,189.586
-5,5/28/50,1:49,nan,nan,nan,0,0,0,6.876,82.449,0,0,194.201,70.883,0,119.594,114.429,21.955,184.466,0,0,71.764,152.759
-5,5/28/50,1:50,nan,nan,nan,0,0,0,13.294,121.921,25.706,0,218.272,0,0,115.656,222.821,0,64.475,0,0,54.989,159.886
-5,5/28/50,1:51,nan,nan,nan,0,0,0,75.039,115.908,46.14,0,120.227,0,0,121.192,124.682,0,156.293,0,0,144.229,223.845
-5,5/28/50,1:52,nan,nan,nan,0,0,0,82.18,245.738,12.468,0,158.404,0,0,103.461,134.725,0,131.48,0,0,194.073,90.883
-5,5/28/50,1:53,nan,nan,nan,0,0,0,94.607,185.699,33.476,0,248.605,0,0,162.563,217.042,46.702,87.029,0,0,115.389,92.659
-5,5/28/50,1:54,nan,nan,nan,0,0,0,142.15,225.302,16.047,0,61.489,0,0,217.804,60.969,116.781,39.773,0,0,163.248,0
-5,5/28/50,1:55,nan,nan,nan,0,43.241,0,19.946,252.808,3.122,0,76.903,0,0,167.494,127.649,217.098,106.352,0,0,28.782,0
-5,5/28/50,1:56,nan,nan,nan,0,110.325,0,43.147,106.194,2.702,0,169.762,0,0,141.707,63.438,95.896,257.482,0,0,10.015,0
-5,5/28/50,1:57,nan,nan,nan,0,211.202,0,66.098,110.131,2.545,0,55.565,94.118,0,63.205,113.35,0,161.315,0,0,173.94,0
-5,5/28/50,1:58,nan,nan,nan,0,228.657,0,35.617,56.906,2.483,0,82.162,117.404,0,83.266,84.428,0,230.116,0,0,92.483,0
-5,5/28/50,1:59,nan,nan,nan,0,164.485,0,0,42.86,3.045,0,99.726,41.144,0,231.707,137.339,0,205.608,0,0,82.764,0
-5,5/28/50,2:00,nan,nan,nan,0,105.217,0,104.325,104.991,3.189,0,128.064,20.02,0,100.559,13.953,0,247.609,0,0,114.626,0
-5,5/28/50,2:01,nan,nan,nan,0,110.354,0,171.313,95.884,3.289,0,0,23.352,0,58.361,9.316,0,65.948,0,0,31.507,0
-5,5/28/50,2:02,nan,nan,nan,0,141.937,0,33.069,13.539,3.347,0,135.537,0,0,0,47.013,108.925,293.31,0,0,100.568,0
-5,5/28/50,2:03,nan,nan,nan,0,106.413,0,124.455,7.486,4.962,0,103.478,0,0,0,120.398,160.04,176.46,0,0,44.91,0
-5,5/28/50,2:04,nan,nan,nan,0,17.069,0,113.644,5.07,3.65,0,146.414,0,0,0,44.74,188.751,166.973,0,0,38.458,0
-5,5/28/50,2:05,nan,nan,nan,0,0,0,43.018,11.723,2.785,0,139.611,0,0,0,25.199,232.017,143.019,0,0,32.239,0
-5,5/28/50,2:06,nan,nan,nan,0,32.223,0,14.303,4.29,3.024,0,28.263,106.14,0,150.898,152.19,172.442,211.677,0,0,33.548,0
-5,5/28/50,2:07,nan,nan,nan,0,126.063,0,44.611,3.647,3.684,0,92.166,116.393,0,190.922,126.291,7.109,212.14,0,0,86.39,0
-5,5/28/50,2:08,nan,nan,nan,0,128.016,60.826,0,3.392,2.555,0,31.668,22.507,0,169.446,88.58,0,101.088,0,0,213.526,0
-5,5/28/50,2:09,nan,nan,nan,0,150.576,17.971,0,4.911,3.2,0,78.124,0,0,128.965,97.07,0,33.164,0,0,203.998,0
-5,5/28/50,2:10,nan,nan,nan,0,156.261,0,0,5.153,3.516,0,86.324,133.694,0,161.088,40.396,0,19.909,0,0,237.643,0
-5,5/28/50,2:11,nan,nan,nan,0,15.867,0,0,11.376,8.33,0,125.106,0,0,137.987,15.034,0,104.13,0,0,69.8,0
-5,5/28/50,2:12,nan,nan,nan,0,0,0,0,69.091,2.951,0,148.64,0,0,41.168,32.547,0,52.932,0,36.735,0,0
-5,5/28/50,2:13,nan,nan,nan,0,0,0,0,81.84,2.535,0,131.081,0,0,13.719,115.695,0,111.7,0,0,37.511,0
-5,5/28/50,2:14,nan,nan,nan,0,11.569,0,0,114.049,2.651,0,141.474,35.674,0,11.659,0,0,144.16,0,0,140.32,0
-5,5/28/50,2:15,nan,nan,nan,0,115.856,0,0,205.7,2.077,0,162.815,106.1,0,143.515,0,0,201.853,0,0,94.133,0
-5,5/28/50,2:16,nan,nan,nan,0,0,0,137.125,70.862,1.595,68.491,3.148,63.896,0,243.041,0,0,91.332,0,0,57.11,0
-5,5/28/50,2:17,nan,nan,nan,0,0,0,100.193,205.75,3.647,180.557,25.566,112.042,0,148.862,0,28.936,157.875,0,0,8.263,0
-5,5/28/50,2:18,nan,nan,nan,0,0,0,0,116.801,2.981,141.547,123.834,111.965,0,81.889,0,205.085,90.037,0,0,4.581,0
-5,5/28/50,2:19,nan,nan,nan,0,0,0,0,149.003,6.586,153.562,0,31.655,0,165.997,0,204.53,195.359,0,0,5.577,0
-5,5/28/50,2:20,nan,nan,nan,0,0,0,0,153.458,42.066,229.933,58.884,64.691,0,59.224,0,230.622,114.902,0,0,4.382,0
-5,5/28/50,2:21,nan,nan,nan,0,0,0,0,119.555,94.657,44.931,69.04,48.05,0,106.971,0,268.516,211.725,0,0,4.467,0
-5,5/28/50,2:22,nan,nan,nan,0,0,0,0,32.777,0,33.05,28.459,95.806,0,150.075,0,221.498,99.136,0,0,4.886,0
-5,5/28/50,2:23,nan,nan,nan,0,0,0,0,119.806,0,36.174,108.052,82.814,0,163.483,0,111.5,39.442,0,0,4.287,15.678
-5,5/28/50,2:24,nan,nan,nan,0,0,0,0,43.874,0,198.528,93.29,42.857,0,60.334,0,74.167,66.16,0,0,3.721,272.189
-5,5/28/50,2:25,nan,nan,nan,0,0,0,0,132.025,51.522,172.898,30.062,55.839,0,133.913,0,56.435,37.266,0,0,70.112,192.567
-5,5/28/50,2:26,nan,nan,nan,0,0,0,0,66.303,73.263,73.912,1.124,61.629,0,225.116,0,105.697,185.51,0,0,180.789,248.499
-5,5/28/50,2:27,nan,nan,nan,0,111.546,0,0,15.653,10.728,67.754,0,160.502,107.132,113.114,0,108.743,142.554,0,0,152.259,104.991
-5,5/28/50,2:28,nan,nan,nan,0,212.132,0,0,0,11.764,8.574,0,122.136,156.241,87.257,0,98.444,61.624,0,0,152.117,236.906
-5,5/28/50,2:29,nan,nan,nan,157.988,133.374,119.383,33.639,153.533,173.907,8.916,0,44.733,98.236,149.028,0,91.38,70.203,0,0,136.8,224.955
-5,5/28/50,2:30,nan,nan,nan,85.695,220.208,197.946,77.506,175.393,60.636,8.052,0,0,154.151,76.093,0,0,48.21,0,0,134.772,177.697
-5,5/28/50,2:31,nan,nan,nan,162.173,210.347,128.173,0,17.124,174.885,11.903,0,49.059,197.037,27.85,0,101.324,90.61,0,0,166.654,87.131
-5,5/28/50,2:32,nan,nan,nan,137.305,159.376,140.145,0,93.096,19.096,183.497,0,39.261,171.676,23.114,0,113.638,265.177,0,0,0,125.126
-5,5/28/50,2:33,nan,nan,nan,0,138.038,254.651,0,24.769,15.958,46.274,0,54.993,121.129,51.148,0,101.283,125.713,0,20.975,0,0
-5,5/28/50,2:34,nan,nan,nan,32.049,127.53,238.862,0,33.362,140.166,93.771,0,58.277,183.292,41.082,0,38.547,81.569,0,0,43.82,0
-5,5/28/50,2:35,nan,nan,nan,218.718,121.927,184.056,0,5.963,122.783,61.857,0,90.061,163.783,142.918,0,0,38.449,0,0,63.711,7.839
-5,5/28/50,2:36,nan,nan,nan,57.732,157.616,32.733,0,69.901,124.999,137.92,0,98.804,153.491,187.435,0,0,88.539,0,0,36.426,37.359
-5,5/28/50,2:37,nan,nan,nan,40.317,275.605,70.916,0,141.754,99.967,141.515,0,30.939,138.577,219.313,0,0,0,0,0,165.199,200.366
-5,5/28/50,2:38,nan,nan,nan,151.972,31.683,123.356,0,0,116.232,36.999,0,95.93,89.681,163.945,54.685,0,0,0,0,76.944,120.114
-5,5/28/50,2:39,nan,nan,nan,21.424,46.929,152.804,0,63.457,28.219,94.287,0,82.11,159.789,141.958,151.586,0,0,0,0,52.7,189.639
-5,5/28/50,2:40,nan,nan,nan,37.24,71.886,144.801,0,6.66,0,0,0,115.589,66.83,69.846,191.081,0,0,0,0,101.317,91.797
-5,5/28/50,2:41,nan,nan,nan,21.152,23.72,85.617,0,5.337,64.93,12.089,0,61.087,0,39.274,118.856,33.19,0,0,0,83.47,27.809
-5,5/28/50,2:42,nan,nan,nan,107.392,58.272,62.959,0,4.676,51.595,61.823,0,0,22.626,0,122.411,199.509,0,0,0,43.571,40.822
-5,5/28/50,2:43,nan,nan,nan,19.245,49.155,13.702,0,4.158,36.943,81.289,0,0,188.619,100.226,132.148,160.679,0,0,0,155.92,0
-5,5/28/50,2:44,nan,nan,nan,0,0,2.65,0,3.965,228.855,74.782,0,0,104.621,16.409,113.22,0,0,0,0,40.162,0
-5,5/28/50,2:45,nan,nan,nan,0,0,102.851,0,4.475,59.003,2.978,0,0,67.033,0,203.45,0,0,0,0,127.994,0.647
-5,5/28/50,2:46,nan,nan,nan,72.926,0,121.413,0,3.943,122,85.1,0,0,0,0,209.275,0,0,0,0,101.942,22.176
-5,5/28/50,2:47,nan,nan,nan,85.4,0,150.984,0,14.241,0,114.705,0,0,58.995,0,93.676,0,119.604,0,0,0,0
-5,5/28/50,2:48,nan,nan,nan,77.462,123.577,40.368,0,5.812,48.126,22.003,207.891,135.184,0,0,109.146,0,233.548,0,0,0,0
-5,5/28/50,2:49,nan,nan,nan,128.423,35.472,111.341,0,4.241,108.678,0,176.268,40.513,6.9,36.928,3.329,0,130.147,0,0,131.624,24.369
-5,5/28/50,2:50,nan,nan,nan,132.102,0,61.849,0,4.99,10.659,0,190.102,83.202,187.522,175.955,129.893,0,57.211,0,0,20.878,213.352
-5,5/28/50,2:51,nan,nan,nan,0,0,9.116,0,5.331,75.056,0,150.398,153.214,185.34,32.818,144.741,0,55.287,0,0,96.394,146.323
-5,5/28/50,2:52,nan,nan,nan,0,58.247,46.054,0,80.027,0,0,67.552,92.05,46.339,166.254,113.454,0,63.038,0,1.91,133.783,0
-5,5/28/50,2:53,nan,nan,nan,0,90.566,138.039,0,65.426,23.226,0,266.035,83.263,66.963,0,242.341,0,170.627,0,109.969,103.553,0
-5,5/28/50,2:54,nan,nan,nan,0,72.986,158.749,0,81.596,64.958,0,131.888,184.178,125.796,0,158.216,0,82.968,0,23.799,29.174,92.395
-5,5/28/50,2:55,nan,nan,nan,66.256,0,96.318,0,214.84,53.447,0,183.771,20.705,23.187,0,51.728,0,0,0,0,37.939,139.798
-5,5/28/50,2:56,nan,nan,nan,92.56,46.435,11.744,0,149.916,44.5,0,210.171,57.139,13.383,0,63.467,0,0,0,92.949,70.799,147.078
-5,5/28/50,2:57,nan,nan,nan,170.038,0,9.529,0,37.287,112.695,0,93.268,52.866,4.119,0,70.677,0,0,0,95.129,41.269,149.812
-5,5/28/50,2:58,nan,nan,nan,183.02,0,0,93.7,25.718,53.328,0,0,107.386,125.883,0,137.386,166.389,0,124.017,79.877,0,0
-5,5/28/50,2:59,nan,nan,nan,0,0,116.47,118.883,14.99,17.026,0,14.783,56.163,162.933,0,111.014,232.683,0,6.092,0,46.973,0
-5,5/28/50,3:00,nan,nan,nan,0,0,106.725,150.87,0,32.777,0,71.402,136.366,187.73,0,98.06,145.925,0,12.244,0,39.439,0
-5,5/28/50,3:01,nan,nan,nan,33.461,0,152.257,84.919,0,112.545,0,26.47,31.989,68.78,0,63.198,199.139,0,164.989,11.804,34.879,0
-5,5/28/50,3:02,nan,nan,nan,142.81,0,110.381,11.736,0,114.08,0,33.456,0,39.608,100.159,0,106.405,0,151.141,21.912,105.867,0
-5,5/28/50,3:03,nan,nan,nan,111.029,0,0,158.774,0,47.707,0,32.86,0,191.656,230.83,0,0,0,0,86.605,99.669,0
-5,5/28/50,3:04,nan,nan,nan,0,0,0,49.871,0,23.791,0,14.056,0,0,169.556,0,82.61,0,73.354,90.182,73.556,35.993
-5,5/28/50,3:05,nan,nan,nan,0,0,0,93.56,0,0,0,4.833,110.176,0,85.661,134.907,147.173,0,0,39.894,122.45,139.009
-5,5/28/50,3:06,nan,nan,nan,0,0,0,117.915,0,46.466,0,6.018,0,0,0,148.557,1.376,0,50.049,88.733,100.82,37.301
-5,5/28/50,3:07,nan,nan,nan,115.583,0,0,48.14,0,149.129,0,4.12,0,16.671,0,100.833,36.007,192.197,0,25.122,5.373,186.403
-5,5/28/50,3:08,nan,nan,nan,168.401,0,0,186.475,0,55.944,0,9.376,0,67.204,0,165.658,37.451,171.896,0,47.435,144.581,161.789
-5,5/28/50,3:09,nan,nan,nan,199.394,0,0,99.566,0,111.933,0,5.288,0,140.746,82.07,189.328,0,240.368,0,64.079,141.519,98.642
-5,5/28/50,3:10,nan,nan,nan,137.515,0,0,23.019,0,64.548,0,3.871,0,74.494,42,134.261,0,169.535,0,86.951,79.309,0
-5,5/28/50,3:11,nan,nan,nan,66.875,0,0,13.955,0,80.735,0,3.864,0,97.869,0,49.693,0,243.461,129.189,36.509,0,18.601
-5,5/28/50,3:12,nan,nan,nan,131.392,0,0,10.088,0,7.516,0,6.403,0,158.882,0,7.579,0,183.603,201.608,47.651,25.218,0
-5,5/28/50,3:13,nan,nan,nan,0,0,0,34.152,0,0,0,11.458,0,72.439,0,59.262,0,114.902,22.518,84.345,55.908,0
-5,5/28/50,3:14,nan,nan,nan,0,0,0,0,0,0,0,7.47,12.957,102.486,0,135.136,0,122.179,140.863,106.854,177.138,23.671
-5,5/28/50,3:15,nan,nan,nan,0,0,0,28.417,2.568,0,0,3.626,54.308,186.422,0,47.697,0,32.715,150.834,64.575,98.084,0
-5,5/28/50,3:16,nan,nan,nan,0,0,0,57.357,0,0,0,3.884,87.48,0,0,121.722,0,143.764,89.465,7.205,146.513,0
-5,5/28/50,3:17,nan,nan,nan,0,107.744,0,59.831,0,0,0,3.292,107.742,9.243,0,52.052,0,76.665,82.281,32.159,78.364,0
-5,5/28/50,3:18,nan,nan,nan,0,151.721,68.714,42.084,0,40.83,0,4.064,118.684,0,150.438,40.085,0,83.526,61.757,29.708,16.476,73.278
-5,5/28/50,3:19,nan,nan,nan,0,199.009,0,0,0,20.513,0,5.531,115.208,0,197.116,120.722,0,53.356,0,73.476,64.377,100.36
-5,5/28/50,3:20,nan,nan,nan,0,173.61,0,0,0,19.993,0,4.292,99.177,24.941,0,97.202,0,0,0,30.33,103.95,129.46
-5,5/28/50,3:21,nan,nan,nan,0,116.59,0,0,0,0.033,0,4.608,27.427,82.088,0,0,0,0,0,25.518,178.72,48.609
-5,5/28/50,3:22,nan,nan,nan,0,66.916,0,31.725,0,99.872,0,4.545,0,128.323,88.283,15.765,0,0,0,0,162.579,147.584
-5,5/28/50,3:23,nan,nan,nan,38.373,115.169,0,34.843,0,45.28,0,5.017,0,103.43,0,184.837,0,0,0,0,170.518,52.077
-5,5/28/50,3:24,nan,nan,nan,115.983,42.434,0,96.774,0,10.357,0,4.075,33.874,173.823,0,186.223,0,0,0,33.189,91.913,0
-5,5/28/50,3:25,nan,nan,nan,0,72.394,0,52.861,0,8.136,0,5.278,93.933,4.238,0,35.474,0,0,0,74.645,82.267,0
-5,5/28/50,3:26,nan,nan,nan,0,153.467,0,108.23,0,10.41,0,3.606,0,0,0,110.135,0,0,0,81.808,24.153,22.1
-5,5/28/50,3:27,nan,nan,nan,0,187.987,0,114.217,0,9.896,0,3.778,0,0,0,128.569,0,0,0,93.886,225.703,116.977
-5,5/28/50,3:28,nan,nan,nan,86.865,51.648,0,75.3,1.083,66.342,0,19.665,0,0,0,0,151.647,0,0,31.594,103.925,73.34
-5,5/28/50,3:29,nan,nan,nan,22.162,82.761,0,90.03,55.78,30.602,0,152.632,0,0,30.147,0,33.381,0,0,50.807,114.223,89.797
-5,5/28/50,3:30,nan,nan,nan,42.59,79.194,0,81.087,143.558,81.74,0,155.442,0,0,187.849,0,0,0,0,43.629,82.271,158.657
-5,5/28/50,3:31,nan,nan,nan,17.062,156.944,0,58.842,211.878,25.224,0,98.777,0,0,120.241,0,0,66.606,0,0,109.773,197.215
-5,5/28/50,3:32,nan,nan,nan,71.329,119.429,0,56.193,212.284,214.595,0,146.375,0,2.518,32.187,0,122.936,135.06,0,0,150.012,65.546
-5,5/28/50,3:33,nan,nan,nan,99.501,0,0,135.486,209.972,49.145,0,61.685,0,58.22,0,0,50.414,139.168,0,0,145.627,58.388
-5,5/28/50,3:34,nan,nan,nan,137.208,0,0,98.341,242.291,0,0,53.138,0,93.346,0,0,0,140.416,0,0,170.371,0
-5,5/28/50,3:35,nan,nan,nan,16.395,0,0,98.411,274.882,49.601,0,45.95,0,116.156,0,0,0,91.974,0,0,102.761,0
-5,5/28/50,3:36,nan,nan,nan,0,0,16.823,90.746,111.725,2.102,0,134.632,0,135.125,0,0,0,88.58,0,0,33.096,0
-5,5/28/50,3:37,nan,nan,nan,0,44.8,0,29.466,10.572,0,0,12.944,0,126.149,0,0,0,176.095,0,0,73.641,32.955
-5,5/28/50,3:38,nan,nan,nan,37.951,87.899,0,0,33.297,0,0,8.669,0,161.748,0,0,0,74.802,0,0,96.352,0
-5,5/28/50,3:39,nan,nan,nan,0,95.992,0,61.26,99.12,18.058,0,209.515,0,171.782,0,0,0,60.56,0,0,144.148,0
-5,5/28/50,3:40,nan,nan,nan,0,73.987,0,52.862,105.686,13.687,48.859,176.798,0,7.44,0,0,0,142.484,0,0,113.007,124.816
-5,5/28/50,3:41,nan,nan,nan,0,80.003,47.864,0,0,64.437,138.236,150.724,0,131.731,0,0,0,35.212,0,0,106.637,77.438
-5,5/28/50,3:42,nan,nan,nan,0,132.93,161.631,0,128.7,127.297,64.947,20.302,0,207.673,164.766,0,0,91.867,0,0,72.874,226.527
-5,5/28/50,3:43,nan,nan,nan,0,16.366,73.537,0,332.652,83.065,12.312,188.889,0,99.65,182.202,0,0,142.756,0,0,135.924,218.175
-5,5/28/50,3:44,nan,nan,nan,0,0,40.491,0,213.947,75.849,11.566,294.228,0,102.66,97.553,0,0,167.95,0,0,56.966,205.531
-5,5/28/50,3:45,nan,nan,nan,0,0,47.786,6.221,152.067,24.511,11.87,101.796,0,0,100.936,0,136.407,133.858,0,0,143.891,229.289
-5,5/28/50,3:46,nan,nan,nan,0,0,203.29,97,84.798,90.038,12.633,131.064,0,21.423,164.822,0,184.987,0,0,0,3.374,200.968
-5,5/28/50,3:47,nan,nan,nan,0,0,143.165,61.985,1.504,66.175,75.89,15.718,0,67.751,119.633,0,12.287,0,0,0,0,264.691
-5,5/28/50,3:48,nan,nan,nan,0,40.159,259.261,0,50.375,94.318,71.457,15.634,0,178.579,27.958,0,0,0,0,0,92.259,164.235
-5,5/28/50,3:49,nan,nan,nan,0,72.002,145.544,0,93.694,27.527,185.462,31.382,31.567,190.095,60.141,0,6.124,0,0,0,16.295,252.962
-5,5/28/50,3:50,nan,nan,nan,0,42.607,0.159,0,154.366,45.029,44.812,140.36,184.579,107.466,208.785,0,90.026,0,0,0,121.627,180.548
-5,5/28/50,3:51,nan,nan,nan,0,0,0,29.611,159.688,0,22.807,51.329,159.972,0,144.608,0,0,143.649,0,0,76.566,266.078
-5,5/28/50,3:52,nan,nan,nan,0,26.747,0,93.17,70.429,0,67.514,18.665,98.579,26.602,116.746,144.133,0,195.032,0,0,108.502,136.651
-5,5/28/50,3:53,nan,nan,nan,0,0,0,79.419,17.63,0,48.007,49.025,138.882,0,122.135,145.856,118.476,147.944,0,0,175.239,109.116
-5,5/28/50,3:54,nan,nan,nan,0,16.326,0,44.462,23.903,0,86.783,104.691,44.916,0,61.109,242.508,135.302,113.98,0,0,79.463,154.588
-5,5/28/50,3:55,nan,nan,nan,0,130.886,53.747,44.893,46.405,0,129.186,172.376,39.427,0,7.69,186.114,33.648,131.43,0,0,86.509,59.336
-5,5/28/50,3:56,nan,nan,nan,0,157.39,65.71,13.859,76.767,0,59.029,0,88.588,0,84.617,189.138,20.493,61.886,0,0,122.716,40.555
-5,5/28/50,3:57,nan,nan,nan,0,174.325,58.701,12.337,106.058,0,164.941,60.779,0,70.435,10.044,134.706,133.74,32.302,0,0,140.094,0
-5,5/28/50,3:58,nan,nan,nan,0,104.473,103.414,39.116,95.303,39.027,178.004,31.736,0,188.683,91.695,200.599,281.217,88.6,0,0,172.2,0
-5,5/28/50,3:59,nan,nan,nan,0,173.642,125.625,95.299,108.393,78.923,109.807,88.22,0,68.551,93.79,224.74,122.079,25.013,0,0,64.816,0
-5,5/28/50,4:00,nan,nan,nan,0,96.807,196.24,64.312,61.241,185.847,18.156,104.081,0,150.879,64.586,185.938,90.668,27.186,0,0,2.242,0
-5,5/28/50,4:01,nan,nan,nan,0,101.975,195.572,116.442,79.122,61.525,16.544,64.889,73.889,78.133,57.137,83.838,35.509,56.395,0,0,4.407,0
-5,5/28/50,4:02,nan,nan,nan,0,168.739,208.074,56.064,13.601,100.409,58.573,116.543,59.694,205.348,30.688,36.339,0.459,94.249,0,0,113.739,0
-5,5/28/50,4:03,nan,nan,nan,0,0,186.662,55.906,51.52,134.949,0,65.779,77.658,140.736,0,48.877,111.758,7.855,0,0,144.863,0
-5,5/28/50,4:04,nan,nan,nan,0,27.342,150.09,76.53,143.036,100.915,0,60.456,131.124,117.103,0,170.589,60.77,231.73,0,0,53.428,0
-5,5/28/50,4:05,nan,nan,nan,0,69.235,203.934,102.518,94.523,71.715,0,135.401,138.192,65.516,0,146.792,0,239.206,0,0,82.727,0
-5,5/28/50,4:06,nan,nan,nan,0,131.209,173.211,107.741,38.907,95.605,0,175.153,20.535,0,0,176.221,0,76.166,0,0,19,0
-5,5/28/50,4:07,nan,nan,nan,0,106.58,182.743,80.345,80.454,68.211,0,134.166,35.762,0,24.055,119.702,0,86.962,0,0,88.407,0
-5,5/28/50,4:08,nan,nan,nan,0,0,71.908,93.101,263.617,10.74,0,39.006,112.469,0,179.23,75.517,91.839,133.247,0,0,154.632,0
-5,5/28/50,4:09,nan,nan,nan,0,122.865,27.197,112.475,188.227,47.401,0,41.547,54.899,0,99.319,146.071,106.891,260.004,0,84.35,88.699,0
-5,5/28/50,4:10,nan,nan,nan,0,0,3.13,63.181,55.063,31.308,0,44.856,67.298,0,135.143,124.135,0,79.377,0,57.154,133.655,0
-5,5/28/50,4:11,nan,nan,nan,0,0,182.849,10.362,11.953,0,0,173.807,0,0,114.285,0,0,13.76,0,160.131,109.654,0
-5,5/28/50,4:12,nan,nan,nan,0,0,18.567,0,99.78,39.979,0,22.934,0,0,119.862,146.091,0,0,0,33.696,165.759,0
-5,5/28/50,4:13,nan,nan,nan,0,0,4.313,0,88.835,95.432,0,0,157.517,0,125.991,93.233,0,40.037,0,0,103.786,0
-5,5/28/50,4:14,nan,nan,nan,0,0,141.235,0,142.511,69.447,0,82.014,19.164,0,127.554,0,0,20.198,0,0,3.883,0
-5,5/28/50,4:15,nan,nan,nan,0,0,4.278,0,116.128,64.652,0,26.013,0,0,145.626,15.549,0,15.351,0,0,4.743,0
-5,5/28/50,4:16,nan,nan,nan,0,0,102.612,0,26.454,35.004,0,25.23,0,0,116.009,0,0,72.468,0,0,188.076,0
-5,5/28/50,4:17,nan,nan,nan,0,0,126.212,0,37.865,247.756,0,32.97,38.828,0,0,0,0,52.777,0,0,156.05,0
-5,5/28/50,4:18,nan,nan,nan,0,0,126.269,0,22.58,121.483,0,127.215,17.615,0,53.523,136.769,0,106.009,0,0,221.447,0
-5,5/28/50,4:19,nan,nan,nan,0,0,41.88,0,32.57,16.031,0,67.838,131.712,0,170.05,115.467,0,163.575,153.967,0,46.747,0
-5,5/28/50,4:20,nan,nan,nan,0,0,69.124,87.256,41.131,0,5.005,256.5,46.917,0,87.912,149.588,0,104.752,88.435,0,124.332,0
-5,5/28/50,4:21,nan,nan,nan,0,0,112.169,93.502,60.313,0,50.302,185.943,41.915,0,87.662,140.274,0,167.349,72.348,0,95.619,0
-5,5/28/50,4:22,nan,nan,nan,0,0,111.287,109.786,18.572,0,13.91,29.449,2.641,0,28.775,133.726,0,109.167,0,0,86.508,0
-5,5/28/50,4:23,nan,nan,nan,0,0,133.243,21.806,34.376,0,60.866,18.038,0,0,0,29.304,0,79.927,0,0,62.077,0
-5,5/28/50,4:24,nan,nan,nan,0,0,99.012,0,23.63,0,45.207,14.587,0,159.294,133.469,217.757,0,161.708,0,25.127,184.586,0
-5,5/28/50,4:25,nan,nan,nan,0,0,62.144,0,24.468,38.969,50.585,69.84,0,137.199,120.982,64.991,0,28.419,0,126.022,217.115,0
-5,5/28/50,4:26,nan,nan,nan,0,0,90.668,19.511,23.9,56.218,17.29,77.51,0,123.786,36.399,41.667,0,45.194,0,126.201,137.341,0
-5,5/28/50,4:27,nan,nan,nan,0,97.7,0,3.386,9.088,23.631,109.419,2.509,0,90.894,164.256,99.84,0,83.075,0,51.589,16.247,0
-5,5/28/50,4:28,nan,nan,nan,0,163.952,0,13.904,6.154,11.157,189.702,3.245,0,129.382,134.58,104.702,16.965,64.662,0,20.587,188.485,0
-5,5/28/50,4:29,nan,nan,nan,0,226.297,0,29.435,10.385,49.491,40.834,2.155,97.375,26.961,55.185,150.454,141.322,187.533,0,50.175,48.026,24.042
-5,5/28/50,4:30,nan,nan,nan,0,211.152,0,0,5.188,115.535,24.088,46.576,0,0,20.734,83.207,0,132.577,0,28.211,62.469,157.273
-5,5/28/50,4:31,nan,nan,nan,0,115.711,75.324,0,6.443,73.16,153.716,36.734,71.458,0,111.702,91.902,0,137.263,0,37.759,123.082,216.551
-5,5/28/50,4:32,nan,nan,nan,0,204.371,74.409,0,13.384,33.164,76.084,3.633,0,0,181.785,70.633,0,21.296,0,16.644,141.468,234.699
-5,5/28/50,4:33,nan,nan,nan,0,58.809,27.394,26.166,51.196,0,62.276,2.785,36.863,0,137.095,176.262,0,133.684,0,42.552,14.318,263.716
-5,5/28/50,4:34,nan,nan,nan,0,116.364,0,134.071,126.414,0,122.054,3.823,11.765,0,17.454,183.86,0,35.449,0,136.147,89.988,261.299
-5,5/28/50,4:35,nan,nan,nan,0,81.68,0,0,4.153,0,119.731,3.263,0,0,17.826,202.415,0,87.515,0,27.927,112.009,106.535
-5,5/28/50,4:36,nan,nan,nan,0,0.644,58.98,0,189.296,0,32.596,4.417,0,0,15.541,225.017,0,206.038,0,50.596,100.403,204.224
-5,5/28/50,4:37,nan,nan,nan,0,58.64,32.354,0,91.588,37.869,21.191,2.823,0,0,15.334,121.462,0,64.149,0,127.508,101.948,360.844
-5,5/28/50,4:38,nan,nan,nan,0,73.237,80.844,0,12.39,77.191,32.227,4.267,0,0,145.178,67.215,0,200.041,0,128.608,113.026,23.858
-5,5/28/50,4:39,nan,nan,nan,0,135.842,0,0,18.594,142.369,1.252,3.89,0,0,179.333,115.576,0,111.371,0,48.133,141.515,0
-5,5/28/50,4:40,nan,nan,nan,0,75.882,0,0,119.35,30.259,93.989,6.672,0,0,47.173,0,0,0,129.548,23.206,182.685,0
-5,5/28/50,4:41,nan,nan,nan,0,80.884,0,0,29.964,65.086,154.867,3.915,0,0,77.582,0,0,0,37.483,0,77.384,0
-5,5/28/50,4:42,nan,nan,nan,0,82.464,0.142,0,90.533,18.153,79.413,3.676,0,0,187.996,6.286,0,0,0,0,132.212,88.797
-5,5/28/50,4:43,nan,nan,nan,0,204.443,0,0,125.589,44.604,25.502,2.884,0,0,37.631,0,0,0,68.519,0,73.398,96.064
-5,5/28/50,4:44,nan,nan,nan,0,0,45.949,0,178.148,51.855,119.012,3.643,0,0,35.619,0,0,0,4.653,44.897,169.202,204.841
-5,5/28/50,4:45,nan,nan,nan,0,85.352,195.162,0,146.71,171.362,106.54,3.144,0,0,0,163.674,0,0,5.792,126.946,71.893,149.394
-5,5/28/50,4:46,nan,nan,nan,0,0,86.64,0,201.156,49.154,0,5.009,0,0,128.369,192.084,0,102.82,92.658,143.231,105.709,134.481
-5,5/28/50,4:47,nan,nan,nan,0,170.571,119.814,0,278.716,23.596,0,3.069,0,0,82.468,40.992,0,242.793,45.537,38.867,140.712,145.428
-5,5/28/50,4:48,nan,nan,nan,0,4.125,133.346,0,70.364,8.586,0,3.444,0,0,58.681,179.103,0,37.58,162.25,61.138,27.767,152.397
-5,5/28/50,4:49,nan,nan,nan,0,0,190.152,0,18.392,7.594,24.265,5.875,0,0,66.06,154.058,0,46.202,90.926,117.777,64.734,73.274
-5,5/28/50,4:50,nan,nan,nan,0,0,166.384,0,0,138.564,74.001,27.859,0,0,0,119.983,0,75.196,5.465,55.614,148.294,1.624
-5,5/28/50,4:51,nan,nan,nan,0,27.539,118.321,0,117.703,87.511,90.704,182.61,0,0,0,113.695,0,100.249,101.391,0,167.472,0
-5,5/28/50,4:52,nan,nan,nan,0,85.308,119.97,0,181.539,33.886,115.304,221.013,0,0,78.721,45.538,52.056,109.138,109.802,0,106.927,0
-5,5/28/50,4:53,nan,nan,nan,0,41.236,158.958,86.41,3.703,3.168,51.633,105.713,0,0,222.095,179.633,100.991,54.54,158.809,0,157.113,0
-5,5/28/50,4:54,nan,nan,nan,55.002,36.278,25.958,210.205,38.027,122.188,21.914,281.326,0,0,117.223,76.699,132.64,172.652,117.612,0,166.296,0
-5,5/28/50,4:55,nan,nan,nan,152.789,22.216,51.791,137.256,110.348,30.033,8.853,212.199,0,0,133.84,75.644,190.636,189.641,2.808,0,220.786,191.787
-5,5/28/50,4:56,nan,nan,nan,200.302,0,56.713,105.565,82.352,0,114.685,157.119,0,0,6.544,43.813,140.418,134.055,31.19,0,211.994,3.295
-5,5/28/50,4:57,nan,nan,nan,91.236,90.294,0,89.258,145.926,0,26.915,111.153,0,0,25.122,0,85.664,78.517,0,0,227.33,231.292
-5,5/28/50,4:58,nan,nan,nan,134.771,126.868,0,59.636,24.893,0,0,264.435,0,0,0,138.02,37.321,0,46.126,0,221.262,102.785
-5,5/28/50,4:59,nan,nan,nan,131.617,0,0,57.183,0,53.92,0,209.164,0,0,21.149,84.369,143.62,44.483,0,0,166.978,90.646
-5,5/28/50,5:00,nan,nan,nan,0,0,36.998,40.664,44.68,90.444,0,146.733,0,0,108.575,169.584,170.228,183.995,0,0,0.951,58.532
-5,5/28/50,5:01,nan,nan,nan,0,0,84.237,0,7.999,175.796,0,0,0,0,143.391,157.713,18.541,69.079,186.308,0,69.432,69.17
-5,5/28/50,5:02,nan,nan,nan,5.449,0,109.024,7.121,4.962,144.843,0,59.193,0,0,57.725,151.901,166.767,139.923,19.032,60.443,171.447,167.597
-5,5/28/50,5:03,nan,nan,nan,0,0,146.706,0,2.877,4.001,0,92.148,0,0,24.271,144.464,92.443,163.69,0,79.114,75.95,151.271
-5,5/28/50,5:04,nan,nan,nan,244.97,0,56.594,97.956,3.928,93.7,0,0,0,0,107.659,141.443,124.542,62.153,13.999,39.182,71.298,169.396
-5,5/28/50,5:05,nan,nan,nan,68.444,0,70.505,127.575,18.384,92.085,0,88.706,0,0,23.213,82.836,81.061,145.153,59.293,38.204,102.208,41.585
-5,5/28/50,5:06,nan,nan,nan,31.729,0,97.356,121.767,19.971,122.459,0,78.335,0,0,64.558,125.78,0,135.879,36.069,16.604,120.888,128.315
-5,5/28/50,5:07,nan,nan,nan,29.292,0,118.115,145.221,123.564,0,0,148.684,0,0,106.959,53.26,178.902,82.317,12.754,14.366,78.094,41.454
-5,5/28/50,5:08,nan,nan,nan,109.947,0,30.297,158.125,198.705,0,0,145.075,0,0,155.309,94.45,108.69,29.874,0,0,182.817,63.16
-5,5/28/50,5:09,nan,nan,nan,204.051,0,0,153.26,77.219,18.352,0,98.546,0,0,122.059,233.201,133.125,164.835,53.488,159.31,129.523,93.704
-5,5/28/50,5:10,nan,nan,nan,102.954,0,0,128.529,120.403,86.158,0,67.365,0,0,15.974,72.779,9.687,120.295,105.835,69.053,194.254,86.976
-5,5/28/50,5:11,nan,nan,nan,76.892,0,24.05,122.491,82.628,180.244,0,62.762,0,0,150.224,159.869,161.932,210.506,17.896,34.238,6.892,43.294
-5,5/28/50,5:12,nan,nan,nan,58.2,0,42.298,207.734,127.418,148.965,0,138.699,0,0,20.216,105.566,89.628,61.242,59.676,41.945,63.349,21.236
-5,5/28/50,5:13,nan,nan,nan,0,0,85.66,73.552,0,62.231,29.395,0,0,0,0,0,140.747,142.755,63.195,19.242,150.484,109.633
-5,5/28/50,5:14,nan,nan,nan,0,0,0,34.043,58.81,89.912,65.591,0,0,0,0,0,0,0,37.021,17.385,90.131,181.206
-5,5/28/50,5:15,nan,nan,nan,0,0,46.749,0,31.938,26.996,145.935,71.197,0,0,0,0,0,80.193,24.961,49.663,32.884,347.207
-5,5/28/50,5:16,nan,nan,nan,52.019,0,31.312,44.703,29.573,47.818,124.581,155.417,0,0,0,0,0,76.113,22.414,48.804,204.613,205.32
-5,5/28/50,5:17,nan,nan,nan,39.395,0,77.672,119.637,29.505,0,12.833,142.276,0,0,0,27.334,0,0,133.793,112.514,131.925,352.706
-5,5/28/50,5:18,nan,nan,nan,143.804,0,85.173,12.483,79.158,17.98,82.121,92.182,0,127.496,0,103.423,0,144.457,104.703,137.112,113.314,323.171
-5,5/28/50,5:19,nan,nan,nan,45.895,99.365,0,136.204,50.33,0.79,78.399,112.829,0,145.188,0,143.916,0,27.007,143.966,0.459,0,317.786
-5,5/28/50,5:20,nan,nan,nan,15.382,213.492,0,146.943,107.431,11.7,106.198,28.481,0,206.17,0,188.259,0,47.193,112.198,0,52.683,242.159
-5,5/28/50,5:21,nan,nan,nan,0,135.894,120.601,117.155,90.924,107.355,50.953,153.798,0,172.408,0,192.348,0,251.162,43.679,2.386,124.95,207.551
-5,5/28/50,5:22,nan,nan,nan,0,238.975,40.3,61.629,165.034,126.378,46.406,125.292,0,168.155,0,129.207,0,241.333,125.439,129.62,0,75.231
-5,5/28/50,5:23,nan,nan,nan,52.371,125.348,82.355,0,25.777,131.593,164.217,14.588,0,86.349,0,74.632,0,109.141,173.222,153.843,0,0
-5,5/28/50,5:24,nan,nan,nan,35.276,34.081,0,68.948,0,91.1,36.629,31.431,0,102.966,71.174,124.746,0,112.783,0,212.497,84.857,0
-5,5/28/50,5:25,nan,nan,nan,66.775,0,42.477,0,121.332,9.827,12.948,32.046,0,0,63.42,59.558,0,363.969,0,29.281,103.267,35.441
-5,5/28/50,5:26,nan,nan,nan,169.827,35.099,50.254,0,199.393,61.598,70.568,28.828,0,0,235.928,110.821,0,143.628,0,123.721,115.208,218.393
-5,5/28/50,5:27,nan,nan,nan,62.991,32.146,90.653,0,0,41.26,0,18.579,0,0,79.748,45.54,0,101.359,26.518,29.103,82.864,166.775
-5,5/28/50,5:28,nan,nan,nan,61.171,0,186.403,0,36.974,0,94.351,17.346,47.213,0,0,77.687,0,122.05,30.213,55.905,61.992,13.94
-5,5/28/50,5:29,nan,nan,nan,54.355,16.698,274.762,38.895,105.747,0,136.426,21.7,186.945,84.429,0,167.306,0,188.383,19.758,35.559,79.902,0
-5,5/28/50,5:30,nan,nan,nan,40.073,93.412,188.678,27.969,0,71.227,115.812,23.168,148.32,100.296,0,61.647,0,209.727,82.784,46.739,121.554,0
-5,5/28/50,5:31,nan,nan,nan,120.178,201.175,178.926,0,0,12.223,91.144,20.501,238.077,113.259,0,59.372,0,20.322,0,179.632,102.692,78.991
-5,5/28/50,5:32,nan,nan,nan,121.078,85.925,57.798,0,144.445,71.751,66.919,5.401,57.098,48.318,0,173.376,0,0,0,39.643,180.127,157.443
-5,5/28/50,5:33,nan,nan,nan,19.08,22.979,127.188,0,264.317,145.148,77.225,3.674,113.037,0,0,128.098,0,0,0,88.002,82.631,280.701
-5,5/28/50,5:34,nan,nan,nan,0,125.168,175.644,0,181.995,112.354,22.022,2.476,0,0,0,108.839,0,0,0,64.749,92.296,316.762
-5,5/28/50,5:35,nan,nan,nan,0,208.06,11.47,0,59.358,77.7,120.159,2.932,0,0.201,143.803,91.042,0,0,0,50.186,168.739,296.069
-5,5/28/50,5:36,nan,nan,nan,73.882,197.161,9.708,0,239.876,0,0,2.774,0,90.793,53.953,65.098,0,0,0,233.941,164.29,232.282
-5,5/28/50,5:37,nan,nan,nan,123.388,0,8.292,0,298.899,24.143,0,3.013,119.291,156.067,95.234,161.605,0,69.424,0,100.207,195.745,199.09
-5,5/28/50,5:38,nan,nan,nan,165.585,0,14.68,0,119.879,142.46,0,3.203,145.999,203.042,152.196,88.956,0,166.469,0,43.904,172.561,301.6
-5,5/28/50,5:39,nan,nan,nan,139.547,0,101.291,0,80.932,134.01,38.404,4.152,68.317,71.477,0,205.789,61.129,115.6,0,0,148.904,126.298
-5,5/28/50,5:40,nan,nan,nan,229.684,3.187,62.678,0,91.244,0,18.511,5.474,149.67,99.889,0,179.907,149.283,63.037,0,0,166.637,38.468
-5,5/28/50,5:41,nan,nan,nan,0,46.457,45.091,0,130.575,9.802,15.748,3.782,114.229,100.389,0,229.7,220.461,26.895,5.902,0,137.866,167.477
-5,5/28/50,5:42,nan,nan,nan,0,0,109.634,126.271,76.346,54.722,9.432,11.308,107.313,193.048,0,83.606,63.229,19.946,112.928,0,114.037,48.827
-5,5/28/50,5:43,nan,nan,nan,48.242,0,39.021,146.072,132.908,114.045,9.338,2.807,87.091,2.275,0,139.008,169.825,73.99,286.594,17.106,128.499,112.171
-5,5/28/50,5:44,nan,nan,nan,0,0,165.369,218.952,2.489,81.153,12.632,3.116,103.053,88.538,0,80.173,261.405,109.596,281.289,0,47.193,0
-5,5/28/50,5:45,nan,nan,nan,69.36,0,145.862,72.91,103.515,139.241,8.594,4.455,14.204,165.425,0,110.458,187.82,0,274.21,0,144.177,163.828
-5,5/28/50,5:46,nan,nan,nan,243.885,0,135.432,116.238,18.591,22.563,8.164,3.793,95.617,120.589,0,86.746,280.029,160.83,100.755,72.643,83.712,157.745
-5,5/28/50,5:47,nan,nan,nan,143.707,0,33.14,22.925,92.135,28.298,94.202,3.93,116.538,108.329,0,210.509,53.383,275.618,105.433,149.739,111.097,93.403
-5,5/28/50,5:48,nan,nan,nan,46.105,0,21.413,113.429,31.119,0,124.339,3.819,102.296,49.037,0,45.748,80.69,22.768,88.606,71.664,120.004,182.663
-5,5/28/50,5:49,nan,nan,nan,0,0,98.358,23.924,81.642,6.737,130.619,3.614,96.083,154.191,0,89.528,155.747,90.246,343.491,109.927,184.246,65.129
-5,5/28/50,5:50,nan,nan,nan,0,0,7.944,37.219,227.172,99.1,115.848,3.738,0,82.805,123.656,53.574,43.282,164.391,210.935,151.801,72.031,283.643
-5,5/28/50,5:51,nan,nan,nan,11.294,0,0,13.093,262.925,87.336,19.769,5.61,0,62.486,97.695,88.817,19.281,167.962,158.241,70.166,117.129,4.359
-5,5/28/50,5:52,nan,nan,nan,113.559,0,96.675,134.814,125.122,75.037,40.077,3.654,0,44.179,166.651,89.531,25.91,99.63,91.061,71.893,143.304,0
-5,5/28/50,5:53,nan,nan,nan,322.412,0,146.521,114.251,112.19,99.982,100.309,3.235,0,146.339,114.506,43.895,82.723,191.705,105.36,88.683,151.197,0
-5,5/28/50,5:54,nan,nan,nan,150.626,0,154.831,65.897,46.773,45.565,131.108,2.993,0,121.448,71.07,39.553,221.002,122.039,45.517,129.312,50.684,16.973
-5,5/28/50,5:55,nan,nan,nan,13.945,0,0,0,42.938,171.319,137.999,5.24,79.53,97.656,208.211,86.846,138.324,0,16.817,180.228,214.656,219.402
-5,5/28/50,5:56,nan,nan,nan,0,0,0,0,16.995,33.849,194.765,3.53,141.085,73.624,75.724,152.031,79.697,106.725,18.296,146.809,174.743,171.906
-5,5/28/50,5:57,nan,nan,nan,0,0,40.019,0,0,146.6,257.293,3.67,136.935,218.345,89.415,172.268,62.845,0,0.707,168.506,108.74,0
-5,5/28/50,5:58,nan,nan,nan,17.705,0,108.964,0,38.266,0.733,154.179,5.426,231.442,213.76,144.379,245.533,150.087,0,106.924,0,47.561,89.392
-5,5/28/50,5:59,nan,nan,nan,39.749,0,72.295,0,83.369,0,78.026,1.976,151.073,112.74,205.928,173.015,10.751,0,310.45,0,114.601,154.607
-4,5/28/50,6:00,nan,nan,nan,0,0,11.626,0,60.972,0,39.081,3.1,0,91.103,63.17,86.457,41.389,0,106.266,0,120.758,51.219
-4,5/28/50,6:01,nan,nan,nan,0,0,5.134,0,123.911,0,61.211,5.139,9.786,188.014,120.183,82.732,145.782,0,166.823,0,89.556,30.312
-4,5/28/50,6:02,nan,nan,nan,17.43,0,76.303,0,202.611,0,150.632,23.944,155.828,7.318,192.32,126.305,0,0,156.659,0,0,51.239
-4,5/28/50,6:03,nan,nan,nan,0,76.292,105.014,0,66.007,0,44.766,192.572,150.1,1.558,104.979,235.027,0,0,138.551,0,91.013,215.052
-4,5/28/50,6:04,nan,nan,nan,24.183,160.973,219.379,0,0,0,53.845,107.273,74.789,115.425,41.089,178.862,0,0,145.319,0,125.625,0
-4,5/28/50,6:05,nan,nan,nan,179.136,213.523,187.303,0,165.054,0,123.615,198.712,119.817,63.971,80.12,26.666,0,0,190.917,0,109.366,0
-4,5/28/50,6:06,nan,nan,nan,0,152.935,0,0,113.781,0,148.728,77.558,0,187.338,173.428,95.279,0,0,199.712,9.12,190.328,114.892
-4,5/28/50,6:07,nan,nan,nan,63.327,125.304,0,0,57.549,92.692,184.809,145.237,89.971,126.174,124.218,152.755,0,0,233.671,39.751,166.449,217.163
-4,5/28/50,6:08,nan,nan,nan,247.17,0,133.027,0,142.849,145.6,133.872,28.725,0,147.59,104.498,155.49,0,0,173.215,116.889,154.295,198.586
-4,5/28/50,6:09,nan,nan,nan,125.068,0,0,0,165.803,12.297,19.176,108.326,0,94.021,23.179,0,0,0,112.653,31.96,93.425,151.548
-4,5/28/50,6:10,nan,nan,nan,17.46,0,147.649,0,90.552,73.971,18.194,81.563,0,0,0,0,0,0,62.376,85.676,65.711,99.242
-4,5/28/50,6:11,nan,nan,nan,128.464,0,78.73,0,26.146,62.682,70.595,35.985,0,0,8.382,105.82,0,0,0,62.507,139.345,101.645
-4,5/28/50,6:12,nan,nan,nan,198.974,0,175.402,0,105.07,45.179,99.881,57.626,0,0,44.237,164.687,0,0,30.614,144.119,0.646,54.044
-4,5/28/50,6:13,nan,nan,nan,140.125,0,0,0,19.097,61.503,109.999,69.412,28.871,0,60.501,136.389,0,0,84.484,84.711,107.591,0
-4,5/28/50,6:14,nan,nan,nan,84.802,0,0,0,11.329,50.263,14.916,70.759,0,0,87.098,133.898,0,0,45.676,77.984,51.751,64.644
-4,5/28/50,6:15,nan,nan,nan,23.539,0,0,0,19.664,0,39.602,183.021,0,0,184.279,22.151,0,0,5.368,0,0,25.491
-4,5/28/50,6:16,nan,nan,nan,0,0,0,0,97.151,0,146.605,63.19,0,0,44.263,230.801,0,0,0,145.57,0,23.01
-4,5/28/50,6:17,nan,nan,nan,0,0,0,0,149.39,0,169.26,192.799,0,0,148.805,191.24,0,0,35.526,93.731,0,133.398
-4,5/28/50,6:18,nan,nan,nan,26.738,0,0,0,0,20.71,78.891,82.951,0,0,130.917,233.032,0,0,37.72,73.754,0,183.801
-4,5/28/50,6:19,nan,nan,nan,0,0,0,0,79.935,150.747,15.834,83.351,0,0,0,215.755,0,0,60.538,213.299,0,18.834
-4,5/28/50,6:20,nan,nan,nan,0,0,0,0,135.749,104.6,109.447,66.197,0,0,0,151.732,0,0,192.749,95.326,0,102.046
-4,5/28/50,6:21,nan,nan,nan,0,0,0,0,119.351,0,78.312,169.358,0,0,0,19.733,0,0,12.511,56.254,0,27.19
-4,5/28/50,6:22,nan,nan,nan,0,0,0,0,18.13,0,63.065,171.363,0,0,0,0,0,0,0,70.574,127.227,85.001
-4,5/28/50,6:23,nan,nan,nan,0,0,0,0,0,0,56.118,97.012,0,0,0,0,0,0,0,151.543,113.835,208.394
-4,5/28/50,6:24,nan,nan,nan,0,0,0,0,0,0,43.403,74.862,0,0,0,0,0,0,85.705,189.872,52.609,191.401
-4,5/28/50,6:25,nan,nan,nan,0,0,0,0,0,0,52.715,49.144,0,0,0,0,0,0,81.821,132.674,99.697,39.147
-4,5/28/50,6:26,nan,nan,nan,0,0,0,0,0,0,47.846,225.645,0,0,0,0,0,0,137.83,64.01,106.704,0
-4,5/28/50,6:27,nan,nan,nan,0,0,0,0,0,0,67.878,76.859,0,0,0,0,0,0,91.21,5.767,75.383,0
-4,5/28/50,6:28,nan,nan,nan,0,0,0,0,0,0,93.67,118.638,0,0,0,0,0,0,0,5.653,40.567,33.312
-4,5/28/50,6:29,nan,nan,nan,0,0,0,0,133.872,0,261.198,66.847,0,0,0,0,0,0,0,14.008,0,118.737
-4,5/28/50,6:30,nan,nan,nan,0,0,0,0,108.704,0,189.194,0,0,0,0,0,0,0,0,11.089,0,119.814
-4,5/28/50,6:31,nan,nan,nan,0,0,0,0,54.196,0,50.812,21.627,0,0,0,0,0,0,0,62.079,0,136.552
-4,5/28/50,6:32,nan,nan,nan,0,0,0,0,155.705,0,27.767,0,0,0,0,0,0,0,0,237.918,0,26.938
-4,5/28/50,6:33,nan,nan,nan,0,0,0,0,144.278,0,0,0,0,0,0,0,0,0,0,82.413,0,0
-4,5/28/50,6:34,nan,nan,nan,0,0,0,0,61.455,0,39.276,95.293,0,0,0,0,0,0,0,0,0,0
-4,5/28/50,6:35,nan,nan,nan,0,0,0,0,125.895,0,156.596,153.238,0,0,0,0,0,0,0,0,0,0
-4,5/28/50,6:36,nan,nan,nan,0,0,0,0,32.424,0,19.398,122.02,0,0,0,0,0,0,0,0,0,0
-4,5/28/50,6:37,nan,nan,nan,0,0,0,0,26.985,0,11.967,154.628,0,0,0,0,0,0,0,0,0,0
-4,5/28/50,6:38,nan,nan,nan,0,0,0,0,110.944,0,32.071,139.2,0,0,0,0,0,0,0,0,0,0
-4,5/28/50,6:39,nan,nan,nan,0,0,0,0,89.959,0,66.038,9.675,0,0,128.302,0,0,0,0,0,0,0
-4,5/28/50,6:40,nan,nan,nan,0,0,0,0,7.61,0,160.15,69.317,0,0,121.023,0,0,0,0,0,0,0
-4,5/28/50,6:41,nan,nan,nan,0,0,0,0,20.879,0,37.477,39.681,0,0,116.358,0,0,0,0,0,0,0
-4,5/28/50,6:42,nan,nan,nan,0,0,0,0,6.865,0,23.272,88.399,0,0,101.256,0,0,0,0,0,0,0
-4,5/28/50,6:43,nan,nan,nan,0,0,0,0,0,0,145.395,112.248,0,0,107.13,0,0,0,0,0,0,0
-4,5/28/50,6:44,nan,nan,nan,0,0,0,0,0,0,50.499,105.007,0,0,18.142,0,0,0,0,0,0,0
-4,5/28/50,6:45,nan,nan,nan,0,0,0,0,0,0,66.912,177.874,0,0,0,0,0,0,0,0,74.294,0
-4,5/28/50,6:46,nan,nan,nan,0,0,0,0,0,0,16.903,184.132,0,0,0,0,0,0,0,0,157.926,0
-4,5/28/50,6:47,nan,nan,nan,0,0,0,0,0,0,133.719,211.685,0,0,0,0,0,0,0,0,210.728,0
-4,5/28/50,6:48,nan,nan,nan,0,0,0,0,0,0,136.06,34.965,0,0,0,0,0,0,0,0,123.786,0
-4,5/28/50,6:49,nan,nan,nan,0,0,0,0,0,0,167.667,80.979,0,0,0,0,0,0,0,0,77.209,0
-4,5/28/50,6:50,nan,nan,nan,0,0,0,0,0,0,235.008,0,0,0,0,0,0,0,0,0,39.873,0
-4,5/28/50,6:51,nan,nan,nan,0,0,0,0,0,0,160.739,27.725,0,0,0,0,0,0,0,0,0,0
-4,5/28/50,6:52,nan,nan,nan,0,0,0,0,0,0,117.472,123.821,0,0,0,0,0,0,0,0,0,0
-4,5/28/50,6:53,nan,nan,nan,0,0,0,0,0,0,61.295,117.182,0,0,0,0,0,0,0,0,0,0
-4,5/28/50,6:54,nan,nan,nan,0,154.845,0,0,0,0,156.573,140.85,0,0,0,0,0,0,0,0,0,0
-4,5/28/50,6:55,nan,nan,nan,0,17.011,0,0,0,0,0,200.133,0,0,0,0,0,0,0,0,0,0
-4,5/28/50,6:56,nan,nan,nan,0,105.317,0,0,0,0,0,199.407,0,0,0,0,82.505,0,0,0,0,0
-4,5/28/50,6:57,nan,nan,nan,0,114.215,0,0,0,0,0,280.347,0,0,0,0,37.601,0,0,0,0,0
-4,5/28/50,6:58,nan,nan,nan,0,26.193,0,0,0,0,0,175.413,0,0,0,0,0,0,0,0,0,0
-4,5/28/50,6:59,nan,nan,nan,0,37.452,0,0,0,0,0,0,0,0,0,82.484,0,0,0,0,0,0
-4,5/28/50,7:00,nan,nan,nan,0,19.462,121.917,0,0,0,0,0,0,0,0,142.551,0,0,0,0,0,0
-4,5/28/50,7:01,nan,nan,nan,0,46.601,58.253,0,0,0,0,0,58.054,0,0,124.503,0,0,0,0,0,0
-4,5/28/50,7:02,nan,nan,nan,0,38.196,45.253,0,0,0,0,0,229.367,31.176,0,87.435,0,0,0,0,0,0
-4,5/28/50,7:03,nan,nan,nan,0,35.3,10.747,0,0,0,90.923,0,21.313,40.271,0,163.579,0,0,0,0,117.225,0
-4,5/28/50,7:04,nan,nan,nan,0,0,157.625,0,0,0,72.817,0,0,85.792,0,97.49,0,0,0,0,41.701,0
-4,5/28/50,7:05,nan,nan,nan,0,0,136.657,0,0,0,126.315,0,0,146.94,0,154.09,0,0,0,0,155.826,0
-4,5/28/50,7:06,nan,nan,nan,0,0,58.694,0,0,0,192.972,0,18.099,144.959,0,124.417,0,0,0,0,70.234,0
-4,5/28/50,7:07,nan,nan,nan,0,0,67.686,0,0,0,114.461,0,130.205,181.74,0,111.241,0,0,0,0,138.712,0
-4,5/28/50,7:08,nan,nan,nan,0,0,95.785,0,0,0,109.348,0,0,57.796,0,46.962,0,0,0,0,53.193,0
-4,5/28/50,7:09,nan,nan,nan,0,0,118.884,0,0,0,45.909,0,0,134.506,0,0,0,0,0,0,0,0
-4,5/28/50,7:10,nan,nan,nan,0,0,51.22,24.695,0,0,0,0,0,120.855,0,98.22,0,0,0,0,0,0
-4,5/28/50,7:11,nan,nan,nan,0,0,0,194.495,0,0,58.903,0,57.561,79.236,0,140.391,0,0,0,0,0,0
-4,5/28/50,7:12,nan,nan,nan,0,0,0,35.703,0,0,0,0,1.004,17.068,0,207.208,0,0,0,0,0,0
-4,5/28/50,7:13,nan,nan,nan,0,0,0,88.648,0,0,62.964,0,49.469,105.115,0,204.463,0,0,0,0,0,0
-4,5/28/50,7:14,nan,nan,nan,0,0,0,142.399,0,0,51.142,0,53.162,109.033,0,3.454,0,0,0,0,0,0
-4,5/28/50,7:15,nan,nan,nan,0,0,0,130.08,0,0,0,0,109.629,14.973,0,0,0,0,0,0,0,0
-4,5/28/50,7:16,nan,nan,nan,0,0,0,29.664,0,0,0,0,155.502,118.876,0,151.931,0,0,0,0,0,0
-4,5/28/50,7:17,nan,nan,nan,0,0,0,141.189,0,0,0,0,204.404,126.902,0,218.404,0,0,0,0,0,0
-4,5/28/50,7:18,nan,nan,nan,0,0,0,169.347,0,0,0,0,21.7,127.879,0,134.337,0,0,0,0,0,0
-4,5/28/50,7:19,nan,nan,nan,0,0,0,79.571,46.661,0,0,0,0,207.203,0,136.716,0,0,0,0,0,0
-4,5/28/50,7:20,nan,nan,nan,0,0,0,0,42.3,0,0,0,0,105.731,0,150.143,0,0,0,0,0,17.507
-4,5/28/50,7:21,nan,nan,nan,0,0,0,77.552,105.586,0,0,0,32.5,136.297,0,41.302,0,0,0,0,0,118.07
-4,5/28/50,7:22,nan,nan,nan,0,0,0,159.74,93.101,0,0,0,147.387,112.352,0,193.984,0,135.355,0,0,0,190.274
-4,5/28/50,7:23,nan,nan,nan,0,0,0,46.947,212.026,0,0,0,157.539,193.233,0,212.852,0,132.005,0,0,0,183.572
-4,5/28/50,7:24,nan,nan,nan,0,0,0,14.754,171.217,0,0,0,22.667,159.294,0,161.849,0,70.112,0,0,0,0
-4,5/28/50,7:25,nan,nan,nan,0,0,0,22.347,152.914,0,0,0,0,155.252,0,0,0,0,0,0,0,0
-4,5/28/50,7:26,nan,nan,nan,0,0,0,44.073,267.638,0,0,0,0,11.863,0,145.927,0,71.799,0,0,0,0
-4,5/28/50,7:27,nan,nan,nan,0,0,0,201.08,205.795,0,0,0,0,109.31,0,167.975,0,155.218,0,0,0,60.012
-4,5/28/50,7:28,nan,nan,nan,0,0,0,63.306,22.83,0,0,0,0,106.73,0,206.809,0,35.171,0,0,0,165.506
-4,5/28/50,7:29,nan,nan,nan,0,0,0,28.592,43.073,0,0,0,0,0,0,0,0,61.025,0,0,119.932,157.887
-4,5/28/50,7:30,nan,nan,nan,0,0,0,0,28.13,53.991,0,0,0,0,0,152.463,0,173.001,0,0,101.767,172.659
-4,5/28/50,7:31,nan,nan,nan,0,0,0,0,26.891,142.275,0,0,0,25.755,0,204.733,0,147.75,0,0,32.631,89.43
-4,5/28/50,7:32,nan,nan,nan,0,0,0,0,22.265,50.028,0,0,0,108.19,0,135.628,0,80.451,0,0,79.498,146.197
-4,5/28/50,7:33,nan,nan,nan,0,0,0,0,76.624,0,0,0,0,182.15,0,221.73,0,24.897,0,0,34.373,209.415
-4,5/28/50,7:34,nan,nan,nan,0,0,0,0,23.398,151.967,0,0,0,0,0,0,0,0,0,0,16.635,157.742
-4,5/28/50,7:35,nan,nan,nan,0,0,0,0,85.182,67.716,0,0,0,0,0,0,0,25.341,0,0,0,299.075
-4,5/28/50,7:36,nan,nan,nan,0,0,0,0,103.233,62.683,0,0,0,0,0,0,0,182.486,0,0,12.599,101.144
-4,5/28/50,7:37,nan,nan,nan,0,0,0,0,40.16,0,0,0,0,0,138.328,0,0,112.42,26.096,0,53.105,16.022
-4,5/28/50,7:38,nan,nan,nan,0,0,0,0,30.498,41.839,0,0,0,0,183.354,0,0,235.654,122.413,0,73.984,120.969
-4,5/28/50,7:39,nan,nan,nan,0,0,0,0,0,36.343,0,0,0,0,178.019,0,0,165.266,146.838,0,0,18.717
-4,5/28/50,7:40,nan,nan,nan,0,0,0,0,0,145.381,0,0,0,0,100.304,0,0,55.087,64.69,0,89.581,12.306
-4,5/28/50,7:41,nan,nan,nan,0,0,34.289,0,6.554,187.732,0,0,0,0,144.759,0,0,29.955,0,0,194.588,42.091
-4,5/28/50,7:42,nan,nan,nan,0,0,0,0,115.099,5.091,0,0,0,0,67.978,0,0,26.814,0,0,35.568,125.696
-4,5/28/50,7:43,nan,nan,nan,0,0,33.479,0,144.857,29.873,0,0,0,0,140.161,0,0,21.14,0,0,0,263.817
-4,5/28/50,7:44,nan,nan,nan,0,0,62.992,0,160.579,12.403,0,0,0,0,116.756,0,157.087,141.803,67.995,0,0,246.088
-4,5/28/50,7:45,nan,nan,nan,0,0,0,0,178.777,78.312,0,0,0,0,70.142,0,29.581,195.945,93.369,0,0,272.99
-4,5/28/50,7:46,nan,nan,nan,0,0,0,0,121.882,100.199,0,0,0,0,138.931,0,217.489,142.854,184.484,0,0,300.667
-4,5/28/50,7:47,nan,nan,nan,0,80.5,0,0,0,39.307,0,0,0,0,16.608,0,178.557,26.02,0,0,0,223.945
-4,5/28/50,7:48,nan,nan,nan,0,0,0,0,35.61,140.42,0,0,0,0,123.495,0,124.753,42.916,4.916,0,0,15.79
-4,5/28/50,7:49,nan,nan,nan,0,139.557,0,0,75.848,142.087,0,0,0,0,121.75,0,139.46,188.092,57.473,0,0,0
-4,5/28/50,7:50,nan,nan,nan,0,16.166,0,0,102.37,102.187,0,0,0,0,59.979,0,109.563,0,106.411,0,0,0
-4,5/28/50,7:51,nan,nan,nan,0,0,0,0,177.551,151.046,0,0,0,0,55.142,0,247.619,0,42.445,0,0,0
-4,5/28/50,7:52,nan,nan,nan,0,0,0,0,218.157,119.511,0,0,0,0,121.522,0,150.757,33.811,28.005,0,0,28.835
-4,5/28/50,7:53,nan,nan,nan,0,0,0,0,231.56,6.735,0,0,0,0,0,0,41.643,149.741,27.036,0,0,89.76
-4,5/28/50,7:54,nan,nan,nan,0,0,0,0,252.337,17.152,0,0,0,0,0,0,43.245,226.192,87.949,0,0,114.116
-4,5/28/50,7:55,nan,nan,nan,0,0,0,0,101.087,108.497,0,0,0,0,0,0,0,36.468,186.056,0,0,160.619
-4,5/28/50,7:56,nan,nan,nan,0,0,0,0,58.475,143.544,0,0,0,0,0,102.838,176.106,0,275.618,0,0,0
-4,5/28/50,7:57,nan,nan,nan,0,0,0,0,56.007,144.404,46.977,0,0,0,0,55.565,59.995,17.382,215.988,0,0,0
-4,5/28/50,7:58,nan,nan,nan,0,0,0,0,0,293.043,35.807,0,0,0,0,66.838,0,76.466,186.627,0,0,0
-4,5/28/50,7:59,nan,nan,nan,0,0,0,0,0,163.918,78.695,0,0,0,0,98.814,0,108.903,75.036,0,0,12.24
-4,5/28/50,8:00,nan,nan,nan,0,0,0,0,4.402,101.773,80.302,0,0,0,0,212.52,0,116.029,214.957,0,0,54.753
-4,5/28/50,8:01,nan,nan,nan,0,0,0,0,131.92,8.848,85.664,0,0,0,40.314,200.205,0,0,106.604,0,0,28.013
-4,5/28/50,8:02,nan,nan,nan,0,0,0,0,113.911,47.102,106.434,0,0,0,85.595,0,0,0,121.464,0,0,37.297
-4,5/28/50,8:03,nan,nan,nan,0,0,0,0,207.301,191.051,24.908,0,0,0,0,0,0,0,0,0,0,0
-4,5/28/50,8:04,nan,nan,nan,0,0,0,0,0,225.195,33.83,0,0,0,0,0,0,0,61.36,0,0,0
-4,5/28/50,8:05,nan,nan,nan,0,0,0,0,0,264.112,118.204,0,0,0,31.381,0,0,0,117.484,0,0,0
-4,5/28/50,8:06,nan,nan,nan,0,0,0,0,0,322.639,58.948,0,0,0,66.765,0,0,0,110.06,0,0,0
-4,5/28/50,8:07,nan,nan,nan,0,0,0,0,23.949,151.03,0,0,0,0,194.115,0,0,0,27.789,0,0,0
-4,5/28/50,8:08,nan,nan,nan,0,0,0,0,15.99,76.605,0,0,0,0,109.233,0,0,0,94.779,0,0,0
-4,5/28/50,8:09,nan,nan,nan,0,0,0,0,10.592,232.551,0,0,0,0,0,0,0,0,0,0,0,0
-4,5/28/50,8:10,nan,nan,nan,0,0,0,0,16.537,227.2,41.378,0,0,0,0,0,0,0,0,0,0,0
-4,5/28/50,8:11,nan,nan,nan,0,0,0,0,0,151.128,27.878,0,0,0,105.075,0,0,0,0,0,0,0
-4,5/28/50,8:12,nan,nan,nan,0,0,0,0,0,26.728,13.372,0,0,0,13.676,0,0,0,0,0,0,0
-4,5/28/50,8:13,nan,nan,nan,0,0,0,0,0,45.833,0,0,0,0,0,0,0,0,0,0,0,0
-4,5/28/50,8:14,nan,nan,nan,0,0,43.375,0,0,0,17.963,0,0,0,0,0,0,0,0,0,0,0
-4,5/28/50,8:15,nan,nan,nan,0,0,53.25,0,0,0,0,0,0,0,0,0,0,0,0,0,0,0
-4,5/28/50,8:16,nan,nan,nan,0,0,94.756,0,0,13.361,62.552,0,0,0,0,0,5.987,0,0,0,0,0
-4,5/28/50,8:17,nan,nan,nan,0,0,63.988,0,0,107.013,26.558,0,0,0,0,0,163.812,0,0,0,0,0
-4,5/28/50,8:18,nan,nan,nan,0,0,0,0,0,121.218,0,0,0,0,0,0,160.629,0,0,0,0,0
-4,5/28/50,8:19,nan,nan,nan,0,0,109.564,0,0,84.786,0,0,0,0,0,0,119.111,0,0,0,0,0
-4,5/28/50,8:20,nan,nan,nan,0,0,0,0,0,195.224,0,0,82.031,0,0,0,0,0,0,0,0,0
-4,5/28/50,8:21,nan,nan,nan,0,0,0,0,0,78.548,0,0,19.518,0,0,0,0,0,0,0,0,0
-4,5/28/50,8:22,nan,nan,nan,0,0,0,0,0,10.553,0,57.306,0,0,0,0,0,0,0,0,0,0
-4,5/28/50,8:23,nan,nan,nan,0,0,0,0,0,8.549,0,139.312,0,0,0,0,0,0,0,71.471,0,0
-4,5/28/50,8:24,nan,nan,nan,0,0,0,0,0,13.233,0,78.117,0,0,0,0,0,0,0,82.107,0,0
-4,5/28/50,8:25,nan,nan,nan,0,0,0,0,0,12.547,0,59.788,0,0,0,0,0,0,0,10.24,0,0
-4,5/28/50,8:26,nan,nan,nan,0,0,0,0,0,11.363,0,57.463,0,0,0,0,0,0,106.927,192.145,0,0
-4,5/28/50,8:27,nan,nan,nan,0,0,0,0,0,19.522,0,66.619,0,0,0,0,0,0,74.405,37.349,0,0
-4,5/28/50,8:28,nan,nan,nan,0,0,0,0,0,83.621,0,132.698,0,0,0,0,0,0,188.897,53.801,0,0
-4,5/28/50,8:29,nan,nan,nan,0,0,0,0,0,43.255,0,71.809,0,0,0,0,0,0,60.759,123.827,0,0
-4,5/28/50,8:30,nan,nan,nan,0,0,0,0,0,0,0,35.286,0,0,0,0,0,0,148.118,38.205,0,0
-4,5/28/50,8:31,nan,nan,nan,0,39.256,0,0,41.877,46.528,0,0,0,0,0,0,0,0,0,36.051,0,0
-4,5/28/50,8:32,nan,nan,nan,0,141.632,0,87.48,52.387,128.327,0,88.218,0,0,0,60.237,0,0,0,147.066,0,0
-4,5/28/50,8:33,nan,nan,nan,0,19.703,0,18.075,125.711,187.594,0,40.752,0,0,0,156.041,0,0,0,151.286,0,0
-4,5/28/50,8:34,nan,nan,nan,0,104.007,0,0,132.377,234.523,0,82.152,0,0,0,152.941,0,0,0,0.542,0,0
-4,5/28/50,8:35,nan,nan,nan,0,45.151,0,0,146.737,193.574,0,206.775,0,0,0,136.835,0,0,0,0,0,0
-4,5/28/50,8:36,nan,nan,nan,0,51.276,0,0,77.347,28.263,0,93.453,0,0,0,181.173,0,0,0,0,0,0
-4,5/28/50,8:37,nan,nan,nan,0,0,0,0,0,0,0,58.867,0,0,0,4.927,0,0,0,0,0,0
-4,5/28/50,8:38,nan,nan,nan,0,4.254,0,6.939,0,4.336,0,159.68,0,0,0,0,0,0,0,0,0,0
-4,5/28/50,8:39,nan,nan,nan,33.77,111,0,0,0,55.251,0,175.379,0,0,0,0,0,0,0,0,0,0
-4,5/28/50,8:40,nan,nan,nan,96.852,183.761,0,0,0,91.713,0,0,0,0,0,0,0,0,1.565,0,0,0
-4,5/28/50,8:41,nan,nan,nan,0,59.129,0,0,0,133.033,0,0,0,0,0,0,0,0,66.147,0,77.057,0
-4,5/28/50,8:42,nan,nan,nan,0,154.969,0,0,0,125.82,0,0,0,0,0,0,0,0,0,0,129.026,0
-4,5/28/50,8:43,nan,nan,nan,68.129,169.601,0,0,0,0,0,0,0,0,0,0,0,0,0,0,48.572,0
-4,5/28/50,8:44,nan,nan,nan,121.899,195.422,0,0,0,0,0,0,0,0,0,0,0,0,0,0,97.724,0
-4,5/28/50,8:45,nan,nan,nan,120.137,111.307,0,0,0,0,0,0,0,0,0,0,0,0,0,0,0,0
-4,5/28/50,8:46,nan,nan,nan,67.798,99.272,0,75.753,0,0,0,0,0,0,0,0,0,0,0,0,13.586,0
-4,5/28/50,8:47,nan,nan,nan,140.903,143.406,0,60.156,0,0,0,0,0,0,0,0,0,0,0,0,47.005,0
-4,5/28/50,8:48,nan,nan,nan,164.061,0,0,123.724,0,0,0,0,0,0,0,0,0,0,0,0,22.99,0
-4,5/28/50,8:49,nan,nan,nan,0,0,0,120.832,0,0,0,0,0,0,0,0,0,0,0,0,0,0
-4,5/28/50,8:50,nan,nan,nan,0,0,0,153.225,0,0,0,0,0,0,0,0,0,0,0,0,0,0
-4,5/28/50,8:51,nan,nan,nan,158.051,0,0,104.12,0,0,0,0,0,0,0,0,0,0,0,0,0,0
-4,5/28/50,8:52,nan,nan,nan,179.844,13.242,0,128.141,0,0,0,0,0,0,0,0,0,0,0,0,0,0
-4,5/28/50,8:53,nan,nan,nan,69.312,199.626,0,0,0,0,0,0,0,0,0,0,0,0,0,0,0,0
-4,5/28/50,8:54,nan,nan,nan,19.366,82.359,0,0,0,0,0,0,0,0,0,0,0,0,0,0,0,0
-4,5/28/50,8:55,nan,nan,nan,107.999,0,0,0,0,0,0,0,0,0,0,0,0,0,0,0,0,0
-4,5/28/50,8:56,nan,nan,nan,191.309,0,0,0,0,0,0,0,0,0,0,0,0,0,0,0,0,0
-4,5/28/50,8:57,nan,nan,nan,0,2.454,0,0,0,0,0,0,0,0,0,0,0,0,0,0,0,0
-4,5/28/50,8:58,nan,nan,nan,77.682,67.512,0,0,0,0,0,0,0,0,0,0,0,0,0,0,0,0
-4,5/28/50,8:59,nan,nan,nan,267.192,159.915,0,0,0,0,0,0,0,0,0,0,0,0,0,0,0,0
-4,5/28/50,9:00,nan,nan,nan,125.672,21.353,0,0,0,0,0,0,0,0,0,0,100.703,0,0,0,0,0
-4,5/28/50,9:01,nan,nan,nan,139.242,0,0,0,0,0,0,0,0,0,0,0,48.187,0,0,0,0,0
-4,5/28/50,9:02,nan,nan,nan,224.418,0,0,0,0,0,0,0,0,0,0,0,0,0,0,0,0,0
-4,5/28/50,9:03,nan,nan,nan,215.381,0,73.248,0,0,0,0,0,0,0,0,0,0,0,0,0,0,0
-4,5/28/50,9:04,nan,nan,nan,122.43,0,0,0,0,0,0,0,0,0,0,0,0,0,0,0,0,0
-4,5/28/50,9:05,nan,nan,nan,35.174,0,0,0,0,0,0,0,0,0,0,0,0,0,0,0,0,0
-4,5/28/50,9:06,nan,nan,nan,0,0,0,0,0,0,0,0,0,0,0,0,0,0,0,0,0,0
-4,5/28/50,9:07,nan,nan,nan,0,0,0,0,0,0,0,0,0,0,0,0,0,0,0,0,0,0
-4,5/28/50,9:08,nan,nan,nan,0,0,0,0,0,0,0,0,0,0,0,0,0,0,0,0,0,0
-4,5/28/50,9:09,nan,nan,nan,0,0,0,0,0,0,0,0,0,0,0,0,0,0,0,0,0,0
-4,5/28/50,9:10,nan,nan,nan,0,0,0,0,0,0,0,0,0,0,0,0,0,0,0,0,0,0
-4,5/28/50,9:11,nan,nan,nan,0,0,0,0,0,0,0,0,0,0,0,0,0,0,0,0,0,0
-4,5/28/50,9:12,nan,nan,nan,0,0,0,0,0,0,0,0,0,0,0,0,0,0,0,0,0,0
-4,5/28/50,9:13,nan,nan,nan,0,0,0,0,0,0,0,0,0,0,0,0,0,0,0,0,0,0
-4,5/28/50,9:14,nan,nan,nan,0,0,0,0,0,0,0,0,0,0,0,0,0,0,0,0,0,0
-4,5/28/50,9:15,nan,nan,nan,0,0,0,0,0,0,0,0,0,0,0,0,0,0,0,0,0,0
-4,5/28/50,9:16,nan,nan,nan,0,0,0,0,0,0,0,0,0,0,0,0,0,0,0,0,0,0
-4,5/28/50,9:17,nan,nan,nan,0,0,0,0,0,0,0,0,0,0,0,0,0,0,0,0,0,0
-4,5/28/50,9:18,nan,nan,nan,0,0,0,0,0,0,0,0,0,0,0,0,0,0,0,0,0,0
-4,5/28/50,9:19,nan,nan,nan,0,0,0,0,0,0,0,0,0,0,0,0,0,0,0,0,0,0
-4,5/28/50,9:20,nan,nan,nan,0,0,0,0,0,0,0,0,0,0,0,0,0,0,0,0,0,0
-4,5/28/50,9:21,nan,nan,nan,0,0,0,0,0,0,0,0,0,0,0,0,0,0,0,0,0,0
-4,5/28/50,9:22,nan,nan,nan,0,0,0,0,0,0,0,0,0,0,0,0,0,0,0,0,0,0
-4,5/28/50,9:23,nan,nan,nan,0,0,0,0,0,0,0,0,0,0,0,0,0,0,0,0,0,0
-4,5/28/50,9:24,nan,nan,nan,0,0,0,0,0,0,0,0,0,0,0,0,0,0,0,0,0,0
-4,5/28/50,9:25,nan,nan,nan,0,0,0,0,0,0,0,0,0,0,0,0,0,0,0,0,0,0
-4,5/28/50,9:26,nan,nan,nan,0,0,0,0,0,0,0,0,0,0,0,0,0,0,0,0,0,0
-4,5/28/50,9:27,nan,nan,nan,0,0,0,0,0,0,0,0,0,0,0,0,0,0,0,0,0,0
-4,5/28/50,9:28,nan,nan,nan,0,0,0,0,0,0,0,0,0,0,0,0,0,0,0,0,0,0
-4,5/28/50,9:29,nan,nan,nan,0,0,0,0,0,0,0,0,0,0,0,0,0,0,0,0,0,0
-4,5/28/50,9:30,nan,nan,nan,0,0,0,0,0,0,0,0,0,0,0,0,0,0,0,0,0,0
-4,5/28/50,9:31,nan,nan,nan,0,0,0,0,0,0,0,0,0,0,0,0,0,0,0,0,0,0
-4,5/28/50,9:32,nan,nan,nan,0,0,0,0,0,0,0,0,0,0,0,0,0,0,0,0,0,0
-4,5/28/50,9:33,nan,nan,nan,0,0,0,0,0,0,0,0,0,0,0,0,0,0,0,0,0,0
-4,5/28/50,9:34,nan,nan,nan,0,0,0,0,0,0,0,0,6.466,0,0,0,0,0,0,0,0,0
-4,5/28/50,9:35,nan,nan,nan,0,0,0,0,0,0,0,0,65.2,0,0,0,0,0,0,0,0,0
-4,5/28/50,9:36,nan,nan,nan,0,0,0,0,0,0,0,0,0,0,0,0,0,0,0,0,0,0
-4,5/28/50,9:37,nan,nan,nan,0,0,0,0,0,0,0,0,0,0,0,0,0,0,0,0,0,0
-4,5/28/50,9:38,nan,nan,nan,0,0,0,0,0,0,0,0,0,0,0,0,0,0,0,0,0,0
-4,5/28/50,9:39,nan,nan,nan,0,0,0,0,0,0,0,0,0,0,0,0,0,0,0,0,0,0
-4,5/28/50,9:40,nan,nan,nan,0,0,0,0,0,0,0,0,167.245,0,0,0,0,0,0,0,0,0
-4,5/28/50,9:41,nan,nan,nan,0,0,0,0,0,0,0,0,45.315,0,0,0,0,0,0,0,0,0
-4,5/28/50,9:42,nan,nan,nan,0,0,0,0,0,0,0,0,156.116,0,0,0,0,0,0,0,0,0
-4,5/28/50,9:43,nan,nan,nan,0,0,0,0,0,0,0,0,117.804,0,0,0,0,0,0,0,0,0
-4,5/28/50,9:44,nan,nan,nan,0,0,0,0,0,0,0,0,138.959,0,0,0,112.887,0,0,0,0,0
-4,5/28/50,9:45,nan,nan,nan,0,0,0,0,0,0,0,0,202.155,0,0,0,82.564,0,0,0,0,0
-4,5/28/50,9:46,nan,nan,nan,0,0,0,0,0,0,0,0,305.03,0,0,0,128.365,0,0,0,0,0
-4,5/28/50,9:47,nan,nan,nan,0,0,0,0,0,0,0,0,156.688,0,0,0,149.367,0,0,0,0,0
-4,5/28/50,9:48,nan,nan,nan,0,0,0,0,0,0,0,0,0,0,0,0,131.539,108.428,0,0,0,0
-4,5/28/50,9:49,nan,nan,nan,0,0,0,0,0,0,0,0,140.753,0,0,0,71.944,112.052,0,0,0,0
-4,5/28/50,9:50,nan,nan,nan,0,0,0,0,0,0,0,90.348,43.632,0,0,0,74.105,27.684,0,0,0,0
-4,5/28/50,9:51,nan,nan,nan,0,0,0,0,0,0,0,52.368,0,0,0,0,85.425,134.424,0,0,0,0
-4,5/28/50,9:52,nan,nan,nan,0,0,0,0,0,0,0,0.781,0,0,0,0,130.324,22.734,0,0,0,0
-4,5/28/50,9:53,nan,nan,nan,0,0,0,0,0,0,0,31.591,189.085,0,0,0,0,20.202,0,0,0,0
-4,5/28/50,9:54,nan,nan,nan,0,0,0,0,0,0,0,124.68,171.691,0,0,0,0,19.957,0,0,0,0
-4,5/28/50,9:55,nan,nan,nan,0,0,0,0,0,0,0,16.984,281.571,0,0,0,0,17.765,0,0,0,0
-4,5/28/50,9:56,nan,nan,nan,0,0,0,0,0,0,0,134.824,341.095,0,0,0,0,72.225,0,0,0,0
-4,5/28/50,9:57,nan,nan,nan,0,0,0,0,0,0,0,88.079,165.168,0,0,0,0,112.836,0,0,0,0
-4,5/28/50,9:58,nan,nan,nan,0,0,0,0,0,0,0,223.207,52.651,0,0,0,0,210.302,0,0,0,0
-4,5/28/50,9:59,nan,nan,nan,0,0,49.952,0,0,0,0,226.067,77.834,0,0,0,0,151.626,0,0,0,0
-4,5/28/50,10:00,nan,nan,nan,0,0,0,0,0,0,0,27.986,151.74,0,0,0,0,32.797,0,0,0,0
-4,5/28/50,10:01,nan,nan,nan,0,0,151.119,0,0,0,0,13.975,115.34,0,0,0,0,229.715,0,0,0,0
-4,5/28/50,10:02,nan,nan,nan,0,0,70.207,0,0,0,0,63.116,51.821,0,0,0,0,0,0,0,0,0
-4,5/28/50,10:03,nan,nan,nan,0,0,112.414,0,0,0,0,186.719,0,0,63.249,0,0,0,0,0,0,0
-4,5/28/50,10:04,nan,nan,nan,0,0,21.843,0,0,0,0,165.578,0,0,17.03,0,0,14.376,0,0,0,0
-4,5/28/50,10:05,nan,nan,nan,0,0,26.17,0,0,0,0,144.534,0,0,51.906,0,0,162.085,0,0,0,71.52
-4,5/28/50,10:06,nan,nan,nan,0,0,122.812,0,0,0,0,126.632,4.434,0,0,0,0,152.079,0,0,0,196.362
-4,5/28/50,10:07,nan,nan,nan,0,0,113.728,0,0,0,0,294.01,79.906,0,0,0,0,213.333,0,0,0,46.447
-4,5/28/50,10:08,nan,nan,nan,0,0,153.84,0,0,0,0,170.008,140.13,0,0,0,0,87.443,0,0,0,136.051
-4,5/28/50,10:09,nan,nan,nan,0,0,0.371,0,0,0,0,76.718,0,0,90.338,0,0,65.341,0,0,0,34.765
-4,5/28/50,10:10,nan,nan,nan,0,0,79.917,0,0,0,0,62.106,0,0,160.062,0,0,46.542,0,0,0,0
-4,5/28/50,10:11,nan,nan,nan,0,0,119.546,40.812,0,0,0,0,0,0,133.344,0,0,50.866,0,0,0,0
-4,5/28/50,10:12,nan,nan,nan,0,0,131.175,14.796,0,0,0,0,0,101.093,35.973,0,0,0,0,0,0,0
-4,5/28/50,10:13,nan,nan,nan,0,0,0,0,0,0,0,0,0,122.559,0,0,0,0,0,0,0,0
-4,5/28/50,10:14,nan,nan,nan,0,0,0,0,0,0,0,0,0,108.689,25.748,0,0,0,0,0,0,0
-4,5/28/50,10:15,nan,nan,nan,0,0,25.386,0,0,0,0,0,0,130.426,73.215,0,0,0,0,0,0,0
-4,5/28/50,10:16,nan,nan,nan,0,0,56.615,0,0,0,0,0,0,33.912,95.65,0,0,0,0,0,0,0
-4,5/28/50,10:17,nan,nan,nan,0,0,0,0,0,0,0,0,0,0,255.58,0,0,0,0,0,0,0
-4,5/28/50,10:18,nan,nan,nan,0,0,0,0,0,0,0,0,0,0,89.755,0,0,0,0,0,0,0
-4,5/28/50,10:19,nan,nan,nan,0,0,0,0,0,0,0,0,0,45.003,112.694,0,0,0,0,0,0,0
-4,5/28/50,10:20,nan,nan,nan,0,0,0,0,0,0,0,0,0,0,47.759,0,0,0,0,0,0,0
-4,5/28/50,10:21,nan,nan,nan,0,0,0,0,0,0,0,0,0,0,34.692,0,0,0,0,0,0,0
-4,5/28/50,10:22,nan,nan,nan,0,0,0,0,0,0,0,0,0,0,155.3,0,0,0,0,0,0,0
-4,5/28/50,10:23,nan,nan,nan,0,0,0,0,0,0,0,0,0,0,121.194,0,0,0,0,0,0,0
-4,5/28/50,10:24,nan,nan,nan,0,0,0,0,0,0,0,0,0,0,0,0,0,0,0,0,0,0
-4,5/28/50,10:25,nan,nan,nan,0,0,0,0,0,0,0,0,0,0,34.022,0,0,0,0,0,0,0
-4,5/28/50,10:26,nan,nan,nan,0,0,0,0,0,0,0,0,0,0,0,0,0,0,0,0,0,0
-4,5/28/50,10:27,nan,nan,nan,0,0,0,0,0,0,0,0,0,0,0,0,0,0,0,0,0,0
-4,5/28/50,10:28,nan,nan,nan,0,0,0,0,0,0,0,0,0,0,0,0,0,0,0,0,0,0
-4,5/28/50,10:29,nan,nan,nan,0,0,0,0,0,0,0,0,0,0,0,0,0,0,0,0,0,0
-4,5/28/50,10:30,nan,nan,nan,0,0,0,0,0,0,0,0,0,0,0,0,0,0,0,0,0,0
-4,5/28/50,10:31,nan,nan,nan,0,0,0,0,0,0,0,0,0,0,0,0,0,0,0,0,0,0
-4,5/28/50,10:32,nan,nan,nan,0,0,0,0,0,0,0,0,0,0,0,0,0,0,0,0,0,0
-4,5/28/50,10:33,nan,nan,nan,0,0,0,0,0,0,0,0,0,0,0,0,0,0,0,0,0,0
-4,5/28/50,10:34,nan,nan,nan,0,0,0,0,0,0,0,0,0,0,0,0,0,0,0,0,0,0
-4,5/28/50,10:35,nan,nan,nan,0,62.509,0,0,0,0,0,0,0,0,0,0,0,0,0,57.828,0,0
-4,5/28/50,10:36,nan,nan,nan,0,161.69,0,0,0,0,0,0,0,0,0,0,0,0,0,26.067,0,0
-4,5/28/50,10:37,nan,nan,nan,0,104.753,0,0,0,0,0,0,0,0,0,0,0,0,0,52.943,0,0
-4,5/28/50,10:38,nan,nan,nan,0,158.829,0,0,0,0,0,0,0,0,0,0,0,0,0,157.065,0,0
-4,5/28/50,10:39,nan,nan,nan,0,122.751,0,0,0,0,0,0,0,0,0,0,0,0,0,75.94,0,0
-4,5/28/50,10:40,nan,nan,nan,0,229.96,0,0,0,0,0,0,0,0,0,0,0,0,0,2.422,0,0
-4,5/28/50,10:41,nan,nan,nan,0,23.005,0,0,0,0,0,0,0,0,0,0,0,0,0,75.838,0,0
-4,5/28/50,10:42,nan,nan,nan,0,149.7,0,0,0,0,0,0,0,0,0,0,18.955,0,0,143.396,0,0
-4,5/28/50,10:43,nan,nan,nan,0,236.079,0,0,0,0,0,0,0,0,0,0,43.98,0,0,0,0,0
-4,5/28/50,10:44,nan,nan,nan,0,204.555,0,0,0,0,0,0,0,0,0,0,0,0,0,15.927,0,0
-4,5/28/50,10:45,nan,nan,nan,0,0,0,0,0,0,0,0,0,0,0,0,0,0,0,101.264,0,0
-4,5/28/50,10:46,nan,nan,nan,0,0,0,0,0,0,0,0,0,0,0,0,0,0,0,153.556,0,0
-4,5/28/50,10:47,nan,nan,nan,0,0,0,0,0,0,0,0,0,0,0,0,0,0,0,177.837,0,0
-4,5/28/50,10:48,nan,nan,nan,0,0,0,0,0,0,0,0,0,0,0,0,0,0,0,219.108,0,0
-4,5/28/50,10:49,nan,nan,nan,0,0,0,0,0,0,0,0,0,0,0,0,0,0,0,294.7,0,0
-4,5/28/50,10:50,nan,nan,nan,0,0,0,0,0,0,0,0,0,0,0,0,0,0,0,19.305,0,0
-4,5/28/50,10:51,nan,nan,nan,0,0,0,0,0,0,0,0,0,0,0,0,0,0,0,54.864,0,0
-4,5/28/50,10:52,nan,nan,nan,0,0,0,0,0,0,0,0,0,0,0,0,0,0,0,226.965,0,0
-4,5/28/50,10:53,nan,nan,nan,0,0,0,0,0,0,0,0,0,51.729,0,0,0,0,0,144.455,0,0
-4,5/28/50,10:54,nan,nan,nan,0,0,0,0,0,0,0,0,0,0,0,0,0,0,0,164.882,0,0
-4,5/28/50,10:55,nan,nan,nan,0,0,0,0,0,0,0,0,0,0,0,0,0,0,0,316.823,0,0
-4,5/28/50,10:56,nan,nan,nan,0,0,0,0,0,0,0,0,0,0,0,0,0,0,0,224.059,0,0
-4,5/28/50,10:57,nan,nan,nan,0,0,0,0,0,0,0,0,0,0,0,85.371,0,0,0,47.454,0,0
-4,5/28/50,10:58,nan,nan,nan,0,0,0,0,0,0,0,0,0,0,0,0,0,0,0,343.994,0,0
-4,5/28/50,10:59,nan,nan,nan,98.846,0,0,0,0,0,0,0,0,0,0,0,0,0,0,48.591,0,0
-4,5/28/50,11:00,nan,nan,nan,134.932,0,0,0,0,0,0,0,0,0,0,0,0,0,0,0,0,0
-4,5/28/50,11:01,nan,nan,nan,0,0,0,0,0,0,0,0,0,0,0,57.123,0,0,0,0,0,0
-4,5/28/50,11:02,nan,nan,nan,0,0,0,0,0,0,0,0,0,0,0,178.384,0,0,0,0,0,0
-4,5/28/50,11:03,nan,nan,nan,0,0,0,0,0,0,0,0,0,0,0,86.349,0,0,0,0,0,0
-4,5/28/50,11:04,nan,nan,nan,0,0,0,0,0,0,0,0,0,0,0,36.354,0,0,3.133,0,0,0
-4,5/28/50,11:05,nan,nan,nan,0,0,0,0,0,0,0,0,0,0,0,111.681,0,0,102.649,0,0,0
-4,5/28/50,11:06,nan,nan,nan,0,0,0,0,0,0,0,0,0,0,0,110.145,0,0,120.241,0,0,0
-4,5/28/50,11:07,nan,nan,nan,0,0,0,0,0,0,0,0,0,0,0,175.57,0,0,188.333,0,0,0
-4,5/28/50,11:08,nan,nan,nan,0,0,0,102.145,0,0,0,0,0,0,0,199.25,0,0,96.539,0,0,0
-4,5/28/50,11:09,nan,nan,nan,0,0,0,94.593,0,0,0,0,0,0,0,43.828,0,0,150.218,0,0,0
-4,5/28/50,11:10,nan,nan,nan,0,0,0,116.414,0,0,0,0,0,0,0,163.112,0,0,155.066,0,0,0
-4,5/28/50,11:11,nan,nan,nan,0,0,0,89.541,0,0,0,0,0,0,0,77.025,0,0,189.736,0,0,0
-4,5/28/50,11:12,nan,nan,nan,0,0,0,118.314,0,0,0,0,0,0,0,207.12,0,0,206.987,0,0,0
-4,5/28/50,11:13,nan,nan,nan,0,0,0,53.414,0,0,0,0,0,0,0,15.181,0,0,190.371,0,0,0
-4,5/28/50,11:14,nan,nan,nan,0,0,0,50.791,0,0,0,0,0,0,0,0,0,0,110.988,0,0,0
-4,5/28/50,11:15,nan,nan,nan,0,0,0,0,0,0,0,0,0,0,0,0,0,0,0,0,104.5,0
-4,5/28/50,11:16,nan,nan,nan,0,0,0,94.409,0,0,0,0,0,0,0,3.969,0,0,0,0,143.299,0
-4,5/28/50,11:17,nan,nan,nan,0,0,0,105.261,78.214,0,0,0,0,0,0,83.767,0,0,47.825,0,74.88,0
-4,5/28/50,11:18,nan,nan,nan,0,0,0,215.983,0,0,0,0,0,0,0,221.45,0,0,77.349,0,57.981,0
-4,5/28/50,11:19,nan,nan,nan,0,0,0,119.825,0,0,0,0,0,0,0,206.252,0,0,178.904,0,136.907,0
-4,5/28/50,11:20,nan,nan,nan,0,0,0,279.559,0,0,0,0,0,0,53.656,74.242,0,0,36.482,0,0,0
-4,5/28/50,11:21,nan,nan,nan,0,0,0,48.66,0,0,0,0,0,0,64.098,134.743,0,0,25.027,0,0,0
-4,5/28/50,11:22,nan,nan,nan,0,0,0,107.834,0,0,0,0,0,0,81.64,1.255,0,0,154.286,0,40.388,0
-4,5/28/50,11:23,nan,nan,nan,0,0,0,70.422,0,0,0,0,0,0,44.428,0,0,0,147.608,0,112.725,0
-4,5/28/50,11:24,nan,nan,nan,0,0,0,0,0,0,0,0,0,0,0,0,0,0,223.121,0,138.847,0
-4,5/28/50,11:25,nan,nan,nan,0,0,0,82.543,0,0,0,0,0,0,95.887,0,0,0,236.626,0,42.346,0
-4,5/28/50,11:26,nan,nan,nan,0,0,0,100.827,0,0,0,0,0,0,73.072,0,0,0,18.803,0,141.689,0
-4,5/28/50,11:27,nan,nan,nan,0,0,0,174.172,0,0,0,0,0,0,0,0,0,0,28.218,0,143.457,0
-4,5/28/50,11:28,nan,nan,nan,0,0,0,244.898,0,0,0,0,0,0,0,0,0,0,114.576,0,116.833,0
-4,5/28/50,11:29,nan,nan,nan,0,0,0,295.989,0,0,0,0,0,0,0,0,0,0,89.344,0,183.352,0
-4,5/28/50,11:30,nan,nan,nan,0,0,0,191.001,0,0,0,0,0,0,0,0,0,0,124.372,0,16.44,0
-4,5/28/50,11:31,nan,nan,nan,0,0,0,24.616,0,0,0,0,0,0,0,0,0,0,0,0,139.582,0
-4,5/28/50,11:32,nan,nan,nan,0,0,0,146.279,0,0,0,0,0,0,0,0,0,0,0,0,163.237,0
-4,5/28/50,11:33,nan,nan,nan,0,0,0,144.878,0,0,0,0,0,0,0,0,0,0,33.564,0,148.866,0
-4,5/28/50,11:34,nan,nan,nan,0,0,0,0,0,0,0,0,0,0,0,0,0,0,149.899,0,54.667,0
-4,5/28/50,11:35,nan,nan,nan,0,0,0,0,0,0,0,0,0,0,0,0,0,0,119.123,0,58.354,0
-4,5/28/50,11:36,nan,nan,nan,0,0,0,0,0,0,0,0,0,0,0,0,0,0,143.534,0,0,0
-4,5/28/50,11:37,nan,nan,nan,0,0,0,0,0,0,0,0,0,0,0,0,0,0,94.219,0,0,0
-4,5/28/50,11:38,nan,nan,nan,0,0,0,0,0,0,0,0,0,0,0,0,0,0,0,0,0,0
-4,5/28/50,11:39,nan,nan,nan,0,0,0,0,0,0,0,0,0,0,0,0,0,0,0,0,0,0
-4,5/28/50,11:40,nan,nan,nan,0,0,0,0,0,0,0,0,0,0,0,0,0,0,0,0,0,0
-4,5/28/50,11:41,nan,nan,nan,0,0,0,0,0,0,0,0,0,0,0,0,0,0,0,0,0,0
-4,5/28/50,11:42,nan,nan,nan,0,0,0,0,0,0,0,0,0,0,0,0,0,0,0,0,0,0
-4,5/28/50,11:43,nan,nan,nan,0,0,0,0,0,0,0,0,0,96.812,0,0,0,0,0,0,0,0
-4,5/28/50,11:44,nan,nan,nan,0,0,0,0,0,0,0,0,0,0,0,0,0,0,0,0,0,0
-4,5/28/50,11:45,nan,nan,nan,0,0,0,0,0,0,0,0,0,0,0,0,0,0,0,0,0,0
-4,5/28/50,11:46,nan,nan,nan,0,0,0,0,0,0,0,0,0,0,0,0,0,0,0,0,0,0
-4,5/28/50,11:47,nan,nan,nan,0,0,0,0,0,0,0,0,0,0,0,0,0,0,0,0,0,0
-4,5/28/50,11:48,nan,nan,nan,0,0,0,0,0,0,0,0,0,0,0,0,0,0,0,0,0,0
-4,5/28/50,11:49,nan,nan,nan,0,0,0,0,0,0,0,0,0,0,0,0,0,0,0,0,0,0
-4,5/28/50,11:50,nan,nan,nan,0,0,0,0,0,0,0,0,0,0,0,0,0,0,0,0,0,0
-4,5/28/50,11:51,nan,nan,nan,0,0,0,0,0,0,0,0,0,0,0,0,0,0,0,0,0,0
-4,5/28/50,11:52,nan,nan,nan,0,0,0,0,0,0,0,0,0,0,0,0,0,0,0,0,0,0
-4,5/28/50,11:53,nan,nan,nan,0,0,0,0,0,0,0,0,0,0,0,0,0,0,0,0,0,0
-4,5/28/50,11:54,nan,nan,nan,0,0,0,0,0,0,0,0,0,0,0,0,0,0,0,0,0,0
-4,5/28/50,11:55,nan,nan,nan,0,0,0,0,0,0,0,0,0,0,0,0,0,0,0,0,0,0
-4,5/28/50,11:56,nan,nan,nan,0,0,0,0,0,0,0,0,0,0,0,0,0,0,0,0,0,0
-4,5/28/50,11:57,nan,nan,nan,0,0,0,0,0,0,0,0,0,0,0,0,0,0,0,0,0,0
-4,5/28/50,11:58,nan,nan,nan,0,0,0,0,0,0,0,0,0,0,0,0,0,0,0,0,0,0
-4,5/28/50,11:59,nan,nan,nan,0,0,0,0,0,0,0,0,0,0,0,0,0,0,0,0,0,0
-4,5/28/50,12:00,nan,nan,nan,0,0,0,0,0,0,0,0,0,0,0,0,0,0,0,0,0,0
-4,5/28/50,12:01,nan,nan,nan,0,0,0,0,0,0,0,0,0,0,0,0,0,0,0,0,0,0
-4,5/28/50,12:02,nan,nan,nan,0,0,0,0,0,0,0,0,0,0,0,0,0,0,0,0,0,0
-4,5/28/50,12:03,nan,nan,nan,0,0,0,0,0,0,0,0,0,0,0,0,0,0,0,0,0,0
-4,5/28/50,12:04,nan,nan,nan,0,0,0,0,0,0,0,0,0,0,0,0,0,0,0,0,0,0
-4,5/28/50,12:05,nan,nan,nan,0,0,96.692,0,0,0,0,0,0,0,0,0,0,0,0,0,0,0
-4,5/28/50,12:06,nan,nan,nan,0,0,27.238,0,0,0,0,0,0,0,0,0,0,0,0,0,0,0
-4,5/28/50,12:07,nan,nan,nan,0,0,0,0,0,0,0,0,0,0,0,0,0,0,0,0,0,0
-4,5/28/50,12:08,nan,nan,nan,0,0,0,0,0,0,0,0,0,0,0,0,0,0,0,0,0,115.403
-4,5/28/50,12:09,nan,nan,nan,0,0,0,0,0,0,0,0,0,0,0,0,0,0,0,0,0,142.82
-4,5/28/50,12:10,nan,nan,nan,0,0,0,0,0,0,0,0,0,0,0,0,0,0,0,0,0,135.353
-4,5/28/50,12:11,nan,nan,nan,0,0,0,0,0,0,0,0,0,0,0,0,0,0,0,0,0,210.084
-4,5/28/50,12:12,nan,nan,nan,0,0,0,0,0,0,0,0,0,0,0,0,0,0,0,0,0,131.424
-4,5/28/50,12:13,nan,nan,nan,0,0,68.008,0,0,0,0,0,0,0,0,0,0,0,0,0,0,0
-4,5/28/50,12:14,nan,nan,nan,0,0,0,0,0,0,0,0,0,0,0,0,0,0,0,0,0,25.389
-4,5/28/50,12:15,nan,nan,nan,0,0,0,0,0,0,0,0,0,0,0,0,0,0,0,0,0,0
-4,5/28/50,12:16,nan,nan,nan,0,0,0,0,0,0,0,0,0,0,0,0,0,0,0,0,0,187.148
-4,5/28/50,12:17,nan,nan,nan,0,0,0,0,0,0,0,0,0,0,0,0,0,0,0,0,0,275.292
-4,5/28/50,12:18,nan,nan,nan,0,0,0,0,0,0,0,0,0,0,0,0,0,0,0,0,0,345.8
-4,5/28/50,12:19,nan,nan,nan,0,0,0,0,0,0,0,0,0,0,0,0,0,0,0,0,0,87.308
-4,5/28/50,12:20,nan,nan,nan,0,0,0,0,0,0,0,0,0,0,0,0,0,0,0,0,0,83.482
-4,5/28/50,12:21,nan,nan,nan,0,0,0,0,0,0,0,0,0,0,0,0,0,0,0,0,0,240.246
-4,5/28/50,12:22,nan,nan,nan,0,0,0,0,0,0,0,0,0,0,0,0,0,0,0,0,0,429.993
-4,5/28/50,12:23,nan,nan,nan,0,0,0,0,0,0,0,0,0,0,0,0,0,0,0,0,0,291.845
-4,5/28/50,12:24,nan,nan,nan,0,0,0,0,0,0,0,0,0,0,0,0,0,0,0,0,0,206.289
-4,5/28/50,12:25,nan,nan,nan,0,0,0,0,0,0,0,0,0,0,0,0,0,0,140.707,0,0,232.992
-4,5/28/50,12:26,nan,nan,nan,0,0,0,0,0,0,0,0,0,0,0,0,68.398,0,0.74,0,0,176.201
-4,5/28/50,12:27,nan,nan,nan,0,0,0,0,0,0,0,0,0,0,0,0,100.218,0,0,0,0,157.566
-4,5/28/50,12:28,nan,nan,nan,0,0,0,0,0,0,0,0,0,0,0,0,52.894,0,0,0,0,148.893
-4,5/28/50,12:29,nan,nan,nan,0,0,0,0,0,0,0,0,0,0,0,0,68.131,0,0,0,0,306.097
-4,5/28/50,12:30,nan,nan,nan,0,0,0,0,0,0,0,0,0,0,0,0,125.331,0,0,0,0,184.905
-4,5/28/50,12:31,nan,nan,nan,0,0,0,0,0,0,0,0,0,0,0,0,148.094,0,0,0,0,112.627
-4,5/28/50,12:32,nan,nan,nan,0,0,0,0,0,0,0,0,0,0,0,0,28.356,0,0,0,0,232.852
-4,5/28/50,12:33,nan,nan,nan,0,0,0,0,0,0,0,0,0,0,0,0,170.201,0,0,0,0,540.504
-4,5/28/50,12:34,nan,nan,nan,0,0,0,0,0,0,0,0,104.526,0,0,0,24.828,0,0,0,0,198.094
-4,5/28/50,12:35,nan,nan,nan,0,0,0,0,0,0,0,0,0,0,0,0,0,0,0,0,0,180.574
-4,5/28/50,12:36,nan,nan,nan,0,0,0,0,0,0,0,0,0,0,0,0,0,0,0,0,0,165.129
-4,5/28/50,12:37,nan,nan,nan,0,0,0,0,0,0,0,0,0,0,0,0,0,0,0,0,0,67.813
-4,5/28/50,12:38,nan,nan,nan,0,0,0,0,0,0,0,0,0,0,0,0,0,0,0,0,0,0
-4,5/28/50,12:39,nan,nan,nan,0,0,0,0,0,0,0,0,0,0,0,0,0,0,0,0,0,0
-4,5/28/50,12:40,nan,nan,nan,0,0,0,0,0,0,0,0,0,0,0,0,145.292,0,0,0,0,14.51
-4,5/28/50,12:41,nan,nan,nan,0,0,0,0,0,0,0,0,0,0,0,0,106.263,0,0,0,0,5.016
-4,5/28/50,12:42,nan,nan,nan,0,0,0,0,0,0,0,0,0,0,0,0,187.45,0,0,0,0,0
-4,5/28/50,12:43,nan,nan,nan,0,0,0,0,0,0,0,0,0,0,0,0,205.576,0,0,0,0,0
-4,5/28/50,12:44,nan,nan,nan,0,0,0,0,0,0,0,0,0,0,0,0,198.606,0,0,0,0,0
-4,5/28/50,12:45,nan,nan,nan,0,0,0,0,0,0,0,0,0,0,0,0,142.319,0,0,0,0,0
-4,5/28/50,12:46,nan,nan,nan,0,0,0,0,0,27.838,0,0,0,0,0,0,118.408,0,0,0,0,0
-4,5/28/50,12:47,nan,nan,nan,0,0,0,0,0,65.133,0,0,0,0,0,0,0,0,0,0,0,0
-4,5/28/50,12:48,nan,nan,nan,0,0,0,0,0,37.578,0,0,0,0,0,0,0,0,0,0,0,0
-4,5/28/50,12:49,nan,nan,nan,0,0,0,0,0,54.906,0,0,0,0,0,0,0,0,0,0,0,0
-4,5/28/50,12:50,nan,nan,nan,0,0,0,0,0,95.356,0,0,0,0,0,0,0,0,0,0,0,0
-4,5/28/50,12:51,nan,nan,nan,0,0,0,0,0,100.69,0,0,0,0,0,0,0,0,0,0,0,0
-4,5/28/50,12:52,nan,nan,nan,0,0,0,0,0,6.565,0,0,0,0,0,0,38.904,0,0,0,0,0
-4,5/28/50,12:53,nan,nan,nan,0,0,0,0,0,40.988,0,0,0,0,0,0,0,0,0,0,0,0
-4,5/28/50,12:54,nan,nan,nan,0,0,0,0,0,141.569,0,0,0,0,0,0,0,0,0,0,0,0
-4,5/28/50,12:55,nan,nan,nan,0,0,0,0,0,47.143,0,0,0,0,0,0,0,0,0,0,0,0
-4,5/28/50,12:56,nan,nan,nan,0,0,0,0,0,28.252,0,0,0,0,0,0,0,0,0,0,0,0
-4,5/28/50,12:57,nan,nan,nan,0,0,0,83.69,0,93.32,0,0,0,0,0,0,0,0,0,0,0,0
-4,5/28/50,12:58,nan,nan,nan,0,0,0,0,0,109.028,0,0,0,0,0,0,0,0,0,0,0,0
-4,5/28/50,12:59,nan,nan,nan,0,0,0,0,0,132.288,0,0,0,0,0,0,0,0,0,0,0,0
-4,5/28/50,13:00,nan,nan,nan,0,0,0,0,0,245.096,0,0,0,0,0,0,0,0,0,0,0,0
-4,5/28/50,13:01,nan,nan,nan,0,0,0,0,0,244.734,0,0,0,0,0,0,0,0,0,0,0,0
-4,5/28/50,13:02,nan,nan,nan,0,0,0,0,0,153.451,0,0,0,0,44.113,0,0,0,0,0,0,0
-4,5/28/50,13:03,nan,nan,nan,0,0,0,0,0,121.247,0,0,0,0,19.17,0,0,0,0,0,0,0
-4,5/28/50,13:04,nan,nan,nan,0,0,0,0,0,41.119,0,0,0,0,0,0,0,0,0,0,0,0
-4,5/28/50,13:05,nan,nan,nan,0,0,0,0,0,0,0,0,0,0,0,0,0,0,0,0,0,0
-4,5/28/50,13:06,nan,nan,nan,0,0,0,0,0,0,0,0,0,0,0,0,0,0,0,0,0,0
-4,5/28/50,13:07,nan,nan,nan,0,0,0,0,0,0,0,0,0,0,0,0,0,0,0,0,0,0
-4,5/28/50,13:08,nan,nan,nan,0,0,0,0,0,0,0,0,0,0,0,0,0,0,0,0,0,0
-4,5/28/50,13:09,nan,nan,nan,0,0,0,0,0,0,0,18.778,0,0,0,0,0,0,0,0,0,0
-4,5/28/50,13:10,nan,nan,nan,0,0,0,0,0,0,0,140.246,0,0,0,0,0,0,0,0,0,0
-4,5/28/50,13:11,nan,nan,nan,0,0,0,0,0,0,0,110.612,0,0,0,0,0,0,0,0,0,0
-4,5/28/50,13:12,nan,nan,nan,0,0,0,82.468,0,0,0,0,0,0,0,0,0,0,0,0,0,0
-4,5/28/50,13:13,nan,nan,nan,0,0,0,0,0,0,0,0,0,0,0,0,0,0,0,0,0,0
-4,5/28/50,13:14,nan,nan,nan,0,0,0,0,0,0,0,83.721,0,0,0,0,0,0,0,0,0,0
-4,5/28/50,13:15,nan,nan,nan,0,0,0,0,0,0,0,121.287,0,127.291,0,0,0,0,0,0,0,0
-4,5/28/50,13:16,nan,nan,nan,0,0,0,0,0,0,0,52.383,0,50.398,0,0,0,71.087,0,0,0,0
-4,5/28/50,13:17,nan,nan,nan,0,0,0,0,0,0,0,148.289,0,149.316,0,0,0,0,0,0,0,0
-4,5/28/50,13:18,nan,nan,nan,0,0,0,0,0,0,0,116.506,0,131.557,0,0,0,0,0,0,0,0
-4,5/28/50,13:19,nan,nan,nan,0,0,0,0,0,0,0,245.043,0,87.642,0,0,0,0,0,0,0,0
-4,5/28/50,13:20,nan,nan,nan,0,0,0,0,0,0,0,121.049,0,154.043,0,0,0,0,0,0,0,0
-4,5/28/50,13:21,nan,nan,nan,0,0,0,0,0,0,0,134.113,0,159.137,0,0,0,0,0,0,0,0
-4,5/28/50,13:22,nan,nan,nan,0,0,0,0,0,0,0,150.871,0,105.754,0,0,0,0,0,0,0,0
-4,5/28/50,13:23,nan,nan,nan,0,0,0,0,0,0,0,17.183,0,0.815,0,0,0,47.414,0,0,0,0
-4,5/28/50,13:24,nan,nan,nan,0,0,0,0,0,0,0,28.795,0,70.106,0,0,0,132.338,0,0,0,0
-4,5/28/50,13:25,nan,nan,nan,0,0,0,0,0,0,0,156.19,0,162.924,0,0,0,28.779,0,0,0,0
-4,5/28/50,13:26,nan,nan,nan,0,0,0,0,0,0,0,0,0,149.099,0,0,0,31.226,0,0,0,0
-4,5/28/50,13:27,nan,nan,nan,0,0,0,0,0,0,0,0,0,44.478,0,0,0,65.392,0,0,0,0
-4,5/28/50,13:28,nan,nan,nan,0,0,0,0,0,0,14.448,0,0,0,0,0,0,88.843,0,0,0,0
-4,5/28/50,13:29,nan,nan,nan,0,0,0,0,0,0,63.694,0,0,0,0,0,0,114.202,0,0,0,0
-4,5/28/50,13:30,nan,nan,nan,0,0,0,0,0,0,147.149,0,0,0,0,0,0,103.746,0,0,0,0
-4,5/28/50,13:31,nan,nan,nan,0,0,0,0,0,0,32.776,0,0,0,0,0,0,0,0,0,0,0
-4,5/28/50,13:32,nan,nan,nan,0,0,0,0,0,0,18.216,0,0,0,0,0,0,145.106,0,0,0,0
-4,5/28/50,13:33,nan,nan,nan,0,0,0,0,0,0,13.098,0,0,0,0,0,0,291.137,0,0,0,0
-4,5/28/50,13:34,nan,nan,nan,0,0,0,0,0,0,12.032,0,0,0,0,0,0,171.629,0,0,0,0
-4,5/28/50,13:35,nan,nan,nan,0,0,0,0,0,0,10.344,0,0,0,0,0,0,163.268,0,0,0,0
-4,5/28/50,13:36,nan,nan,nan,0,0,0,0,0,0,10.507,0,0,0,0,0,0,198.882,0,0,0,0
-4,5/28/50,13:37,nan,nan,nan,0,0,0,0,0,0,99.119,0,0,0,0,0,0,128.223,0,0,0,0
-4,5/28/50,13:38,nan,nan,nan,56.774,0,0,0,0,0,26.745,0,0,0,0,0,0,142.443,0,0,0,0
-4,5/28/50,13:39,nan,nan,nan,32.152,0,0,0,0,0,40.918,0,0,0,0,0,0,125.787,0,0,0,0
-4,5/28/50,13:40,nan,nan,nan,0,0,0,0,0,0,3.273,0,0,0,0,0,0,37.629,0,0,0,0
-4,5/28/50,13:41,nan,nan,nan,0,0,0,0,0,0,85.657,0,0,0,0,0,50.961,59.172,0,50.877,0,0
-4,5/28/50,13:42,nan,nan,nan,0,0,0,0,0,0,35.726,0,0,0,0,0,118.788,127.915,0,84.84,0,0
-4,5/28/50,13:43,nan,nan,nan,0,0,0,0,0,0,0,0,0,0,0,0,0,0,0,25.14,0,0
-4,5/28/50,13:44,nan,nan,nan,0,34.69,0,0,0,0,0,0,0,0,0,0,71.971,0,0,21.68,0,0
-4,5/28/50,13:45,nan,nan,nan,0,182.043,0,0,0,0,0,0,0,0,0,0,144.371,0,0,0,0,0
-4,5/28/50,13:46,nan,nan,nan,102.233,117.077,0,0,0,0,0,0,0,0,0,0,226.619,0,0,0,0,0
-4,5/28/50,13:47,nan,nan,nan,110.592,188.179,0,0,0,0,35.241,0,0,0,0,0,183.78,0,0,0,0,0
-4,5/28/50,13:48,nan,nan,nan,105.059,19.765,0,0,0,0,9.7,0,0,0,0,0,0,0,0,0,0,0
-4,5/28/50,13:49,nan,nan,nan,44.511,118.001,0,0,0,0,8.921,0,0,0,0,0,0,0,0,0,0,0
-4,5/28/50,13:50,nan,nan,nan,176.689,0,0,0,0,0,7.137,0,0,0,0,0,0,0,0,0,0,0
-4,5/28/50,13:51,nan,nan,nan,0,56.749,0,0,0,0,6.201,0,0,0,0,0,0,0,0,0,0,0
-4,5/28/50,13:52,nan,nan,nan,0,0,0,0,0,0,6.324,0,0,0,0,0,0,0,0,0,0,0
-4,5/28/50,13:53,nan,nan,nan,0,0,0,0,0,0,11.299,0,0,0,0,0,0,0,0,0,0,0
-4,5/28/50,13:54,nan,nan,nan,0,0,0,0,0,0,10.833,0,0,0,0,0,0,0,0,0,0,0
-4,5/28/50,13:55,nan,nan,nan,0,0,0,0,0,0,9.868,0,0,0,0,0,0,0,0,0,0,0
-4,5/28/50,13:56,nan,nan,nan,0,23.2,0,0,0,0,7.228,0,0,0,0,0,0,0,0,0,0,0
-4,5/28/50,13:57,nan,nan,nan,0,0,0,0,0,0,6.558,0,0,0,0,0,0,0,0,0,0,0
-4,5/28/50,13:58,nan,nan,nan,0,0,0,0,0,0,6.546,0,0,0,0,0,0,0,0,0,0,0
-4,5/28/50,13:59,nan,nan,nan,0,0,0,0,0,0,6.195,0,0,0,0,0,0,0,0,0,0,0
-4,5/28/50,14:00,nan,nan,nan,0,0,0,0,0,0,7.701,0,0,0,0,0,0,0,0,0,0,0
-4,5/28/50,14:01,nan,nan,nan,0,0,0,0,0,0,39.327,0,0,0,0,0,0,0,0,0,0,0
-4,5/28/50,14:02,nan,nan,nan,0,0,0,0,0,0,51.035,0,0,0,0,0,0,0,0,0,0,0
-4,5/28/50,14:03,nan,nan,nan,0,0,0,0,0,0,45.894,0,0,0,0,0,0,0,0,0,0,0
-4,5/28/50,14:04,nan,nan,nan,0,0,0,0,0,0,13.674,0,0,0,0,0,0,0,0,0,0,0
-4,5/28/50,14:05,nan,nan,nan,0,0,0,0,0,0,19.983,0,0,0,0,0,0,0,0,0,0,0
-4,5/28/50,14:06,nan,nan,nan,0,0,0,0,0,0,0,0,0,0,0,0,0,0,0,0,0,0
-4,5/28/50,14:07,nan,nan,nan,0,0,0,0,0,0,0,0,0,0,0,0,0,0,0,0,0,0
-4,5/28/50,14:08,nan,nan,nan,0,0,0,0,0,0,0,0,0,0,0,0,0,0,0,0,0,0
-4,5/28/50,14:09,nan,nan,nan,0,0,0,0,0,0,0,0,0,0,0,0,0,0,0,0,0,0
-4,5/28/50,14:10,nan,nan,nan,0,0,0,0,0,0,0,0,0,0,0,0,0,0,0,0,17.141,0
-4,5/28/50,14:11,nan,nan,nan,0,0,0,0,0,0,0,0,0,0,0,0,0,0,0,0,72.321,0
-4,5/28/50,14:12,nan,nan,nan,0,0,0,0,0,0,0,0,0,0,0,0,0,0,0,0,0,0
-4,5/28/50,14:13,nan,nan,nan,0,0,0,0,0,0,0,0,0,0,0,0,0,0,0,0,53.119,0
-4,5/28/50,14:14,nan,nan,nan,0,0,0,0,0,0,0,0,0,0,0,0,0,0,0,0,0,0
-4,5/28/50,14:15,nan,nan,nan,0,0,0,0,0,0,0,0,0,0,0,0,0,0,0,0,0,0
-4,5/28/50,14:16,nan,nan,nan,0,0,0,0,0,0,0,0,0,0,0,0,0,0,0,0,0,0
-4,5/28/50,14:17,nan,nan,nan,0,0,0,0,0,0,0,0,0,0,0,0,0,0,0,0,0,0
-4,5/28/50,14:18,nan,nan,nan,0,0,0,0,0,0,0,0,0,0,0,0,0,0,0,0,0,0
-4,5/28/50,14:19,nan,nan,nan,0,0,0,0,0,0,0,0,0,0,0,0,0,0,0,0,0,0
-4,5/28/50,14:20,nan,nan,nan,0,0,0,0,0,0,0,0,0,0,0,0,0,0,0,0,0,0
-4,5/28/50,14:21,nan,nan,nan,0,0,0,0,0,0,0,0,0,0,0,0,0,0,0,0,0,0
-4,5/28/50,14:22,nan,nan,nan,0,0,0,0,0,0,0,0,0,0,0,0,0,0,0,0,0,0
-4,5/28/50,14:23,nan,nan,nan,0,0,0,0,0,0,0,0,0,0,0,0,0,0,0,0,0,0
-4,5/28/50,14:24,nan,nan,nan,0,0,0,0,0,0,0,0,0,0,0,0,0,0,0,0,0,0
-4,5/28/50,14:25,nan,nan,nan,0,0,0,0,0,0,0,0,0,0,0,0,0,0,0,0,0,0
-4,5/28/50,14:26,nan,nan,nan,0,0,0,0,0,0,0,0,0,0,0,0,0,0,0,0,0,0
-4,5/28/50,14:27,nan,nan,nan,0,0,0,0,0,0,0,0,0,0,0,0,0,0,0,0,0,0
-4,5/28/50,14:28,nan,nan,nan,0,0,0,0,0,0,0,0,0,0,0,0,0,0,0,0,0,0
-4,5/28/50,14:29,nan,nan,nan,0,0,0,0,0,0,0,0,0,0,0,0,0,0,0,0,0,0
-4,5/28/50,14:30,nan,nan,nan,0,0,0,0,0,0,0,0,0,0,0,0,0,0,0,0,0,0
-4,5/28/50,14:31,nan,nan,nan,0,0,0,0,0,0,0,0,0,0,0,0,0,0,0,0,0,0
-4,5/28/50,14:32,nan,nan,nan,0,0,0,0,0,0,0,0,0,0,0,0,0,0,0,0,0,0
-4,5/28/50,14:33,nan,nan,nan,0,0,0,0,0,0,0,0,0,0,0,0,0,0,0,0,0,0
-4,5/28/50,14:34,nan,nan,nan,0,0,0,0,0,0,0,0,0,0,0,0,0,0,0,0,0,0
-4,5/28/50,14:35,nan,nan,nan,0,0,0,0,0,0,0,0,0,0,0,0,0,0,0,0,0,0
-4,5/28/50,14:36,nan,nan,nan,0,0,0,0,0,0,0,0,0,0,0,0,0,0,0,0,0,0
-4,5/28/50,14:37,nan,nan,nan,0,0,0,0,0,0,0,0,0,0,0,0,0,0,0,0,0,0
-4,5/28/50,14:38,nan,nan,nan,0,0,0,0,0,0,0,0,0,0,0,0,0,0,0,0,0,72.661
-4,5/28/50,14:39,nan,nan,nan,0,0,0,0,0,0,0,0,0,0,0,0,0,0,0,0,0,64.78
-4,5/28/50,14:40,nan,nan,nan,0,0,0,0,0,0,0,0,0,0,0,0,0,0,0,0,0,0
-4,5/28/50,14:41,nan,nan,nan,0,0,0,0,0,0,0,0,0,0,0,0,0,0,0,0,0,0
-4,5/28/50,14:42,nan,nan,nan,0,0,0,0,0,0,0,0,0,0,0,0,0,0,0,0,0,0
-4,5/28/50,14:43,nan,nan,nan,0,0,62.051,0,0,0,0,0,0,0,0,0,0,0,0,0,0,0
-4,5/28/50,14:44,nan,nan,nan,0,0,23.864,0,0,0,0,0,0,0,0,0,0,0,0,0,0,0
-4,5/28/50,14:45,nan,nan,nan,0,0,113.314,0,0,0,0,0,0,0,0,0,0,0,0,0,0,0
-4,5/28/50,14:46,nan,nan,nan,0,0,131.268,0,0,0,0,0,0,0,0,0,0,0,0,0,0,0
-4,5/28/50,14:47,nan,nan,nan,0,0,53.291,0,0,0,0,0,0,0,0,0,0,0,0,0,0,0
-4,5/28/50,14:48,nan,nan,nan,0,0,0,0,0,0,0,0,0,0,0,0,0,0,84.525,0,0,0
-4,5/28/50,14:49,nan,nan,nan,0,0,96.041,0,0,0,0,0,0,0,0,0,0,0,115.439,0,0,0
-4,5/28/50,14:50,nan,nan,nan,0,0,46.079,0,0,0,0,0,0,0,0,0,175.116,0,143.023,0,0,0
-4,5/28/50,14:51,nan,nan,nan,0,0,156.472,0,0,0,0,0,0,0,0,0,0,0,0,0,0,0
-4,5/28/50,14:52,nan,nan,nan,0,0,111.61,0,0,0,0,0,0,0,0,0,0,0,0,0,0,0
-4,5/28/50,14:53,nan,nan,nan,0,0,134.733,0,0,0,0,0,0,0,0,0,0,0,0,0,0,0
-4,5/28/50,14:54,nan,nan,nan,0,0,118.408,0,0,0,0,0,0,0,0,0,0,0,0,0,0,0
-4,5/28/50,14:55,nan,nan,nan,0,0,88.202,0,0,0,0,0,0,0,0,0,0,0,0,0,0,0
-4,5/28/50,14:56,nan,nan,nan,0,0,40.383,0,0,0,0,0,0,0,0,0,0,0,0,0,0,0
-4,5/28/50,14:57,nan,nan,nan,0,0,0,0,0,0,0,0,0,0,0,0,0,0,0,0,0,0
-4,5/28/50,14:58,nan,nan,nan,0,0,0,0,0,0,0,0,0,0,0,0,0,0,0,0,0,0
-4,5/28/50,14:59,nan,nan,nan,0,0,0,0,0,0,0,0,0,0,0,0,0,0,0,0,0,0
-4,5/28/50,15:00,nan,nan,nan,0,0,0,0,0,0,0,0,0,0,0,0,0,0,0,0,0,0
-4,5/28/50,15:01,nan,nan,nan,0,0,0,0,0,0,0,0,0,0,0,0,0,0,0,0,0,0
-4,5/28/50,15:02,nan,nan,nan,0,0,0,0,0,0,0,0,0,0,0,0,0,0,0,0,0,0
-4,5/28/50,15:03,nan,nan,nan,0,0,0,0,0,0,0,0,0,0,0,0,0,0,0,0,0,0
-4,5/28/50,15:04,nan,nan,nan,0,0,0,0,0,0,0,0,0,0,0,0,0,0,0,0,0,0
-4,5/28/50,15:05,nan,nan,nan,0,0,0,0,0,0,0,0,0,0,0,0,0,0,0,0,0,0
-4,5/28/50,15:06,nan,nan,nan,0,0,0,0,0,0,0,0,0,0,0,0,0,0,0,0,0,0
-4,5/28/50,15:07,nan,nan,nan,0,0,0,0,0,0,0,0,0,0,0,0,0,0,0,0,0,0
-4,5/28/50,15:08,nan,nan,nan,0,0,0,0,0,0,0,0,0,0,0,0,0,0,0,0,0,0
-4,5/28/50,15:09,nan,nan,nan,0,0,0,0,0,0,0,0,0,0,0,0,0,0,0,0,0,0
-4,5/28/50,15:10,nan,nan,nan,0,0,0,0,0,0,0,0,0,0,0,0,0,0,0,0,0,0
-4,5/28/50,15:11,nan,nan,nan,0,0,0,0,0,0,0,0,0,0,0,0,0,0,0,0,0,0
-4,5/28/50,15:12,nan,nan,nan,0,0,0,0,0,0,0,0,0,0,0,0,0,0,0,0,0,0
-4,5/28/50,15:13,nan,nan,nan,0,0,0,0,0,0,0,0,0,0,0,0,0,0,0,0,0,0
-4,5/28/50,15:14,nan,nan,nan,0,0,0,0,0,65.96,0,0,0,0,0,0,0,0,0,0,0,0
-4,5/28/50,15:15,nan,nan,nan,0,0,0,0,0,0,0,0,0,0,0,0,0,0,0,0,0,0
-4,5/28/50,15:16,nan,nan,nan,0,0,0,0,0,0,0,0,0,0,0,0,0,0,0,0,0,0
-4,5/28/50,15:17,nan,nan,nan,0,0,0,0,0,0,0,0,0,0,0,0,0,0,0,0,0,0
-4,5/28/50,15:18,nan,nan,nan,0,0,0,0,0,0,0,0,0,0,0,0,0,0,0,0,0,0
-4,5/28/50,15:19,nan,nan,nan,0,0,0,0,0,0,0,0,0,0,0,0,0,0,0,0,0,0
-4,5/28/50,15:20,nan,nan,nan,0,0,0,0,0,0,0,0,0,0,0,0,0,0,0,0,0,0
-4,5/28/50,15:21,nan,nan,nan,0,0,0,0,0,0,0,0,0,0,0,0,0,0,0,0,0,0
-4,5/28/50,15:22,nan,nan,nan,0,0,0,0,0,0,0,0,0,0,0,0,0,0,0,0,0,0
-4,5/28/50,15:23,nan,nan,nan,0,0,0,0,0,0,0,0,0,0,0,0,0,0,0,0,0,0
-4,5/28/50,15:24,nan,nan,nan,0,0,0,0,0,0,0,0,0,0,0,0,0,0,0,0,0,0
-4,5/28/50,15:25,nan,nan,nan,0,0,0,0,0,0,0,0,0,0,0,0,0,0,0,0,0,0
-4,5/28/50,15:26,nan,nan,nan,0,0,0,0,0,0,0,0,0,0,0,0,0,0,0,0,0,0
-4,5/28/50,15:27,nan,nan,nan,0,0,0,0,0,0,0,0,0,0,0,0,0,0,0,0,0,0
-4,5/28/50,15:28,nan,nan,nan,0,0,0,0,0,0,0,0,0,0,0,0,0,0,0,0,0,0
-4,5/28/50,15:29,nan,nan,nan,0,73.171,0,0,0,0,0,0,0,0,0,0,0,0,0,0,0,0
-4,5/28/50,15:30,nan,nan,nan,0,0,0,0,0,0,0,0,0,0,0,0,0,0,0,0,0,0
-4,5/28/50,15:31,nan,nan,nan,0,0,0,0,0,0,0,0,0,0,0,0,0,0,0,0,0,0
-4,5/28/50,15:32,nan,nan,nan,0,0,0,0,0,0,0,0,0,0,0,0,0,0,0,0,0,0
-4,5/28/50,15:33,nan,nan,nan,0,0,0,0,0,0,0,0,0,0,0,0,0,0,0,0,0,0
-4,5/28/50,15:34,nan,nan,nan,0,0,0,0,0,0,0,0,0,0,0,0,0,0,0,0,0,0
-4,5/28/50,15:35,nan,nan,nan,0,0,0,0,0,0,0,0,0,0,0,0,0,0,0,0,0,0
-4,5/28/50,15:36,nan,nan,nan,0,0,0,0,0,0,0,0,0,0,0,0,0,0,0,0,0,0
-4,5/28/50,15:37,nan,nan,nan,0,0,0,0,0,0,0,0,0,0,0,0,0,0,0,0,0,0
-4,5/28/50,15:38,nan,nan,nan,0,76.458,0,0,0,0,0,0,0,0,0,0,0,0,0,0,0,0
-4,5/28/50,15:39,nan,nan,nan,0,0,0,0,0,0,0,0,0,0,0,0,0,0,0,0,0,0
-4,5/28/50,15:40,nan,nan,nan,0,0,0,0,0,0,0,0,0,0,0,0,0,0,0,0,0,0
-4,5/28/50,15:41,nan,nan,nan,0,0,0,0,0,0,0,0,0,0,0,0,0,0,0,0,0,0
-4,5/28/50,15:42,nan,nan,nan,0,0,0,0,0,0,0,0,0,0,0,0,0,0,0,0,0,0
-4,5/28/50,15:43,nan,nan,nan,0,0,0,0,0,0,0,0,0,0,0,0,0,0,0,0,0,0
-4,5/28/50,15:44,nan,nan,nan,0,0,0,0,0,0,0,0,0,0,0,0,0,0,0,0,0,0
-4,5/28/50,15:45,nan,nan,nan,0,0,0,0,0,0,0,0,0,0,0,0,0,0,0,0,0,0
-4,5/28/50,15:46,nan,nan,nan,0,0,0,0,0,0,0,0,0,0,0,0,0,0,0,0,0,0
-4,5/28/50,15:47,nan,nan,nan,0,0,0,0,0,0,0,0,0,0,0,0,0,0,0,0,0,0
-4,5/28/50,15:48,nan,nan,nan,0,0,0,0,0,0,0,0,0,0,0,0,0,0,0,0,0,0
-4,5/28/50,15:49,nan,nan,nan,0,0,0,0,0,0,0,0,0,0,0,0,0,0,0,0,0,0
-4,5/28/50,15:50,nan,nan,nan,0,0,0,0,0,0,0,0,0,0,0,0,0,0,0,0,0,0
-4,5/28/50,15:51,nan,nan,nan,0,0,0,0,0,0,0,0,0,0,0,0,0,0,0,0,0,0
-4,5/28/50,15:52,nan,nan,nan,0,0,0,0,0,0,0,0,0,0,0,0,0,0,0,0,0,0
-4,5/28/50,15:53,nan,nan,nan,0,0,0,0,0,0,0,0,0,0,0,0,0,0,0,0,0,0
-4,5/28/50,15:54,nan,nan,nan,0,0,0,0,0,0,0,0,0,0,0,73.157,0,0,0,0,0,0
-4,5/28/50,15:55,nan,nan,nan,0,0,0,0,0,0,0,0,0,0,0,27.492,0,0,0,0,0,0
-4,5/28/50,15:56,nan,nan,nan,0,0,0,0,0,0,0,0,0,0,0,61.138,0,0,0,0,0,0
-4,5/28/50,15:57,nan,nan,nan,0,0,0,0,0,0,0,0,0,0,0,56.838,0,0,0,0,0,0
-4,5/28/50,15:58,nan,nan,nan,0,0,0,0,0,0,0,0,0,0,0,0,0,0,0,0,0,0
-4,5/28/50,15:59,nan,nan,nan,0,0,0,0,0,0,0,0,0,0,0,0,0,0,0,0,0,0
-4,5/28/50,16:00,nan,nan,nan,0,0,0,0,0,0,0,0,0,0,0,0,0,0,0,0,0,0
-4,5/28/50,16:01,nan,nan,nan,0,0,0,0,0,0,0,0,0,0,0,0,0,0,0,0,0,0
-4,5/28/50,16:02,nan,nan,nan,85.057,0,0,0,0,0,0,0,0,0,0,0,0,0,0,0,0,0
-4,5/28/50,16:03,nan,nan,nan,132.613,0,0,0,0,0,0,0,0,0,0,0,0,0,0,0,0,0
-4,5/28/50,16:04,nan,nan,nan,20.784,0,0,51.321,0,0,0,0,0,0,0,0,0,0,0,0,0,0
-4,5/28/50,16:05,nan,nan,nan,0,0,0,96.17,0,0,0,0,0,0,0,0,0,0,0,0,0,0
-4,5/28/50,16:06,nan,nan,nan,0,0,0,118.752,0,0,0,0,0,0,0,0,0,0,0,0,0,0
-4,5/28/50,16:07,nan,nan,nan,65.755,0,0,70.221,0,0,0,0,0,0,0,0,0,0,0,0,0,0
-4,5/28/50,16:08,nan,nan,nan,0,0,0,55.443,0,0,0,0,0,0,0,0,0,0,0,0,0,0
-4,5/28/50,16:09,nan,nan,nan,0,0,0,14.012,0,0,0,0,0,0,0,0,0,0,0,0,0,0
-4,5/28/50,16:10,nan,nan,nan,0,0,0,20.521,0,0,0,0,0,0,0,0,0,0,0,0,0,0
-4,5/28/50,16:11,nan,nan,nan,0,0,0,52.712,0,0,0,0,0,0,0,0,0,0,0,0,0,0
-4,5/28/50,16:12,nan,nan,nan,0,0,0,0,0,0,0,0,0,0,0,0,0,0,0,0,0,0
-4,5/28/50,16:13,nan,nan,nan,0,0,0,0,0,0,0,0,0,0,0,0,0,0,0,0,0,0
-4,5/28/50,16:14,nan,nan,nan,0,0,0,0,0,0,0,0,0,0,0,0,0,0,0,0,0,0
-4,5/28/50,16:15,nan,nan,nan,0,0,0,0,0,0,0,0,0,0,0,0,0,0,0,0,0,0
-4,5/28/50,16:16,nan,nan,nan,0,0,0,107.921,0,0,0,0,0,0,0,0,0,0,0,0,0,0
-4,5/28/50,16:17,nan,nan,nan,0,0,0,141.488,0,0,0,0,0,0,0,0,0,0,0,0,0,0
-4,5/28/50,16:18,nan,nan,nan,0,0,0,54.381,0,0,0,0,0,0,0,0,0,0,0,0,0,0
-4,5/28/50,16:19,nan,nan,nan,0,0,0,270.156,0,0,0,0,0,0,0,0,0,0,0,0,0,0
-4,5/28/50,16:20,nan,nan,nan,0,0,0,513.923,0,0,0,0,0,0,0,0,0,0,0,0,0,0
-4,5/28/50,16:21,nan,nan,nan,0,0,0,124.963,0,0,0,0,0,0,0,0,0,0,0,0,0,0
-4,5/28/50,16:22,nan,nan,nan,0,0,0,85.208,0,0,0,0,0,0,0,0,0,0,0,0,0,0
-4,5/28/50,16:23,nan,nan,nan,0,0,0,186.592,0,0,0,0,0,0,0,0,0,0,0,0,0,0
-4,5/28/50,16:24,nan,nan,nan,0,0,0,202.651,2.221,0,0,0,0,0,0,0,0,0,0,0,0,0
-4,5/28/50,16:25,nan,nan,nan,0,0,0,0,78.517,0,0,0,0,0,0,0,0,0,0,0,0,0
-4,5/28/50,16:26,nan,nan,nan,0,0,0,0,62.646,0,0,0,0,0,0,0,0,0,0,0,0,0
-4,5/28/50,16:27,nan,nan,nan,0,0,0,0,31.901,0,0,0,0,0,0,0,0,0,0,0,0,0
-4,5/28/50,16:28,nan,nan,nan,0,0,0,0,17.103,0,0,0,0,0,0,0,0,0,0,0,0,0
-4,5/28/50,16:29,nan,nan,nan,0,0,0,0,0,0,0,0,0,0,0,0,0,0,0,0,0,0
-4,5/28/50,16:30,nan,nan,nan,0,0,0,0,20.721,0,0,0,0,0,0,0,0,0,0,0,0,0
-4,5/28/50,16:31,nan,nan,nan,0,0,0,0,16.859,0,0,0,0,0,0,0,0,0,0,0,0,0
-4,5/28/50,16:32,nan,nan,nan,0,0,0,0,0,0,0,0,0,0,0,0,0,0,0,0,0,0
-4,5/28/50,16:33,nan,nan,nan,0,0,0,0,0,0,0,0,0,0,0,0,0,0,0,0,0,0
-4,5/28/50,16:34,nan,nan,nan,0,0,0,0,0,0,0,0,0,0,0,0,0,0,0,0,0,0
-4,5/28/50,16:35,nan,nan,nan,0,0,0,0,0,0,0,0,0,0,0,0,0,0,0,0,0,0
-4,5/28/50,16:36,nan,nan,nan,0,0,0,0,0,0,0,0,0,0,0,0,0,0,0,0,0,0
-4,5/28/50,16:37,nan,nan,nan,0,0,0,0,0,0,0,0,0,0,0,0,0,0,0,0,0,0
-4,5/28/50,16:38,nan,nan,nan,0,0,0,0,0,0,0,0,0,0,0,0,0,0,0,0,0,0
-4,5/28/50,16:39,nan,nan,nan,0,0,0,0,0,0,0,0,0,0,0,0,0,0,0,0,0,0
-4,5/28/50,16:40,nan,nan,nan,0,0,0,0,0,0,0,0,0,0,0,0,0,0,0,0,0,0
-4,5/28/50,16:41,nan,nan,nan,0,0,0,0,0,0,0,0,0,0,0,0,0,0,0,0,0,0
-4,5/28/50,16:42,nan,nan,nan,0,0,0,0,0,0,0,0,0,0,0,0,0,0,0,0,0,0
-4,5/28/50,16:43,nan,nan,nan,0,0,0,0,0,0,0,0,0,0,0,0,0,0,0,0,0,0
-4,5/28/50,16:44,nan,nan,nan,0,0,0,0,0,0,0,0,0,0,0,0,0,0,0,0,0,0
-4,5/28/50,16:45,nan,nan,nan,0,0,0,0,0,0,0,0,0,0,0,0,115.619,0,0,0,0,0
-4,5/28/50,16:46,nan,nan,nan,0,0,0,0,0,0,0,0,0,0,0,0,25.033,0,0,0,0,0
-4,5/28/50,16:47,nan,nan,nan,0,0,0,0,0,0,0,0,0,0,0,0,0,0,0,0,0,0
-4,5/28/50,16:48,nan,nan,nan,0,0,0,0,0,108.434,0,0,0,0,0,0,0,0,0,0,0,0
-4,5/28/50,16:49,nan,nan,nan,0,0,0,0,0,19.964,0,0,47.008,0,0,0,0,0,34.219,0,0,0
-4,5/28/50,16:50,nan,nan,nan,0,0,0,0,0,0,0,0,92.59,0,0,0,0,0,111.918,0,0,0
-4,5/28/50,16:51,nan,nan,nan,0,0,0,0,0,24.385,0,0,6.447,0,0,0,0,0,42.186,0,0,0
-4,5/28/50,16:52,nan,nan,nan,0,0,91.195,0,0,22.869,0,0,0,0,0,0,0,0,89.049,0,0,0
-4,5/28/50,16:53,nan,nan,nan,0,0,121.606,0,0,208.272,0,174.316,0,0,0,0,0,0,5.439,0,0,0
-4,5/28/50,16:54,nan,nan,nan,0,0,18.868,0,0,0,0,118.421,1.066,0,0,0,0,0,0,0,0,0
-4,5/28/50,16:55,nan,nan,nan,0,0,0,0,0,0,0,106.004,193.103,0,0,0,0,0,55.831,0,0,0
-4,5/28/50,16:56,nan,nan,nan,0,0,0,0,0,0,0,47.796,42.891,0,0,0,0,0,0,0,0,0
-4,5/28/50,16:57,nan,nan,nan,0,0,0,0,0,20.112,0,0,33.254,0,0,0,0,0,0,0,0,0
-4,5/28/50,16:58,nan,nan,nan,0,0,0,0,0,0,0,23.15,103.365,0,0,0,0,0,0,0,0,0
-4,5/28/50,16:59,nan,nan,nan,0,0,0,0,0,117.661,0,0,114.496,0,0,0,0,0,0,0,0,0
-4,5/28/50,17:00,nan,nan,nan,0,0,0,0,0,101.521,0,0,26.704,0,0,0,0,0,0,0,0,0
-4,5/28/50,17:01,nan,nan,nan,0,0,0,0,0,35.589,0,0,76.086,0,0,0,0,0,0,0,0,0
-4,5/28/50,17:02,nan,nan,nan,0,0,0,0,0,0,0,0,95.096,0,0,0,0,0,0,0,0,0
-4,5/28/50,17:03,nan,nan,nan,0,0,0,0,0,0,0,0,166.387,0,0,0,0,0,0,0,0,0
-4,5/28/50,17:04,nan,nan,nan,0,0,0,0,0,0,0,0,0,0,0,0,0,0,0,0,0,0
-4,5/28/50,17:05,nan,nan,nan,0,0,0,0,0,0,0,0,62.468,0,0,0,0,0,0,0,0,0
-4,5/28/50,17:06,nan,nan,nan,0,0,0,0,0,0,0,0,0,0,0,0,0,0,0,0,0,0
-4,5/28/50,17:07,nan,nan,nan,0,0,0,0,0,0,0,0,0,0,0,0,0,0,0,0,0,0
-4,5/28/50,17:08,nan,nan,nan,0,0,0,0,0,0,0,0,0,0,0,0,0,0,0,0,0,0
-4,5/28/50,17:09,nan,nan,nan,0,0,0,0,0,0,0,0,0,0,0,0,0,0,0,0,0,0
-4,5/28/50,17:10,nan,nan,nan,0,37.244,0,0,0,0,0,0,0,0,0,0,0,0,0,0,0,0
-4,5/28/50,17:11,nan,nan,nan,0,33.881,0,0,0,0,0,0,0,0,0,0,0,0,0,0,0,0
-4,5/28/50,17:12,nan,nan,nan,0,0,0,0,0,0,0,0,0,0,0,0,0,0,0,0,0,0
-4,5/28/50,17:13,nan,nan,nan,0,0,0,0,0,0,0,0,0,0,0,0,0,0,0,0,0,0
-4,5/28/50,17:14,nan,nan,nan,0,0,0,0,0,0,0,0,0,0,0,0,0,0,0,0,0,0
-4,5/28/50,17:15,nan,nan,nan,0,0,0,0,0,0,0,0,0,0,0,0,0,0,0,0,0,0
-4,5/28/50,17:16,nan,nan,nan,0,0,0,0,0,0,0,0,0,0,0,0,0,0,0,0,0,0
-4,5/28/50,17:17,nan,nan,nan,0,0,0,0,0,0,0,0,0,0,0,0,0,54.494,0,0,0,0
-4,5/28/50,17:18,nan,nan,nan,0,0,0,0,0,0,0,0,0,0,0,0,0,86.11,0,0,0,0
-4,5/28/50,17:19,nan,nan,nan,0,0,0,0,0,0,0,0,0,0,0,0,0,122.935,0,0,0,0
-4,5/28/50,17:20,nan,nan,nan,0,0,0,0,0,0,0,0,0,51.48,0,0,0,149.898,0,0,0,0
-4,5/28/50,17:21,nan,nan,nan,0,0,0,0,0,0,0,0,0,44.195,0,0,0,167.472,0,0,0,0
-4,5/28/50,17:22,nan,nan,nan,0,0,0,0,0,0,0,0,0,90.632,0,0,0,0,0,0,0,0
-4,5/28/50,17:23,nan,nan,nan,0,0,0,0,0,0,0,0,0,115.995,0,0,0,0,0,0,0,0
-4,5/28/50,17:24,nan,nan,nan,0,0,0,0,0,0,0,0,0,3.898,0,0,0,73.426,0,0,66.531,0
-4,5/28/50,17:25,nan,nan,nan,0,0,32.897,0,0,0,0,0,0,35.637,0,0,0,128.596,0,0,67.794,0
-4,5/28/50,17:26,nan,nan,nan,0,0,21.631,0,0,0,0,0,0,100.135,0,0,0,87.718,0,0,2.655,0
-4,5/28/50,17:27,nan,nan,nan,0,0,100.563,0,0,0,0,0,0,101.168,0,0,0,21.199,0,0,0,0
-4,5/28/50,17:28,nan,nan,nan,0,0,57.573,0,0,0,0,0,0,0,0,0,0,25.518,0,0,0,65.039
-4,5/28/50,17:29,nan,nan,nan,0,0,8.376,0,0,0,0,0,0,0,0,0,0,66.413,0,0,18.513,47.157
-4,5/28/50,17:30,nan,nan,nan,0,0,35.231,0,0,0,0,0,0,0,0,0,0,87.127,0,0,0,0
-4,5/28/50,17:31,nan,nan,nan,0,0,95.768,34.068,0,0,0,0,0,0,0,0,0,179.501,0,0,0,0
-4,5/28/50,17:32,nan,nan,nan,0,0,0,62.43,0,0,0,0,0,0,0,0,0,0,0,0,0,0
-4,5/28/50,17:33,nan,nan,nan,0,0,0,0,0,0,0,0,0,0,0,0,0,0,0,0,0,0
-4,5/28/50,17:34,nan,nan,nan,0,0,0,0,0,0,0,0,0,0,0,0,0,0,0,0,0,0
-4,5/28/50,17:35,nan,nan,nan,0,0,0,0,0,0,0,0,0,0,0,0,0,0,0,0,0,0
-4,5/28/50,17:36,nan,nan,nan,0,0,0,0,0,0,0,0,0,0,0,0,0,0,0,0,0,34.042
-4,5/28/50,17:37,nan,nan,nan,0,0,0,0,0,0,0,0,0,0,0,0,0,0,0,0,0,168.633
-4,5/28/50,17:38,nan,nan,nan,0,0,0,0,0,0,0,0,0,0,0,0,0,0,0,0,0,61.365
-4,5/28/50,17:39,nan,nan,nan,0,0,0,0,0,0,0,0,0,0,0,0,0,0,0,0,0,0
-4,5/28/50,17:40,nan,nan,nan,0,0,0,0,10.742,0,0,0,0,0,0,29.697,0,0,0,0,0,0
-4,5/28/50,17:41,nan,nan,nan,0,0,0,0,0,0,0,0,0,0,0,40.485,0,0,0,0,0,0
-4,5/28/50,17:42,nan,nan,nan,0,0,0,0,0,0,0,0,0,0,0,0,0,0,0,0,31.212,0
-4,5/28/50,17:43,nan,nan,nan,0,0,0,0,0,0,0,0,0,0,0,0,0,0,0,0,0,0
-4,5/28/50,17:44,nan,nan,nan,0,0,0,0,0,0,0,0,0,0,0,0,0,0,0,0,0,0
-4,5/28/50,17:45,nan,nan,nan,107.538,0,0,0,0,0,0,0,0,0,0,25.15,0,0,0,0,0,0
-4,5/28/50,17:46,nan,nan,nan,74.168,0,0,0,0,0,0,0,0,0,0,0,0,0,0,0,0,0
-4,5/28/50,17:47,nan,nan,nan,9.519,0,0,0,0,0,0,0,0,0,0,107.264,0,0,0,0,0,0
-4,5/28/50,17:48,nan,nan,nan,5.625,0,0,0,0,0,0,0,0,0,0,147.23,0,0,0,0,0,0
-4,5/28/50,17:49,nan,nan,nan,106.794,0,0,0,0,0,0,0,0,0,0,185.391,0,0,0,0,0,0
-4,5/28/50,17:50,nan,nan,nan,149.091,0,0,0,0,0,0,68.584,0,0,0,172.875,0,0,0,0,0,0
-4,5/28/50,17:51,nan,nan,nan,0,0,0,0,0,0,0,43.528,0,0,0,151.247,85.311,0,0,0,0,0
-4,5/28/50,17:52,nan,nan,nan,0,0,0,0,0,0,0,0,0,0,0,210.834,69.113,0,0,0,0,0
-4,5/28/50,17:53,nan,nan,nan,65.481,0,0,0,0,0,0,0,0,0,0,2.624,62.432,0,0,0,0,0
-4,5/28/50,17:54,nan,nan,nan,43.113,0,0,0,0,0,0,58.134,0,0,0,4.157,149.513,0,0,0,0,0
-4,5/28/50,17:55,nan,nan,nan,25.653,0,0,0,0,0,0,0,0,0,0,201.803,133.944,0,0,0,0,0
-4,5/28/50,17:56,nan,nan,nan,41.097,0,0,0,0,0,0,0,0,0,0,102.836,45.519,0,0,0,0,0
-4,5/28/50,17:57,nan,nan,nan,35.884,18.642,0,42.323,0,0,0,0,0,0,0,55.43,52.516,0,0,0,0,0
-4,5/28/50,17:58,nan,nan,nan,25.968,79.069,0,123.369,0,0,0,0,0,0,0,95.661,57.399,0,0,0,0,0
-4,5/28/50,17:59,nan,nan,nan,30.177,34.233,0,21.013,0,0,0,0,0,0,0,58.555,25.373,0,0,0,0,0
-4,5/28/50,18:00,nan,nan,nan,26.327,0,0,0,0,0,0,0,0,0,41.412,0,168.906,0,0,0,0,0
-4,5/28/50,18:01,nan,nan,nan,42.343,108.881,0,17.688,0,0,0,0,0,0,82.298,0,29.353,0,0,0,0,0
-4,5/28/50,18:02,nan,nan,nan,0,57.228,0,0,0,0,0,0,0,0,59.675,0,0,0,0,58.188,0,0
-4,5/28/50,18:03,nan,nan,nan,0,68.196,0,0,13.715,0,0,0,0,0,43.6,0,0,0,0,87.506,0,0
-4,5/28/50,18:04,nan,nan,nan,0,417.572,129.156,197.53,9.404,0,0,0,0,0,0,0,0,0,0,0.584,0,0
-4,5/28/50,18:05,nan,nan,nan,0,53.092,210.658,145.416,34.365,0,0,0,0,0,0,0,0,0,0,0,0,0
-4,5/28/50,18:06,nan,nan,nan,0,178.651,184.582,237.91,30.476,0,0,0,0,0,225.436,0,205.988,0,157.33,130.064,0,0
-4,5/28/50,18:07,nan,nan,nan,0,214.782,102.069,236.193,128.731,0,0,0,0,209.882,200.726,0,92.065,0,201.884,311.089,0,5.322
-4,5/28/50,18:08,nan,nan,nan,0,223.032,101.987,0,131.022,0,0,0,94.555,170.212,170.418,0,65.859,0,289.462,241.514,0,278.385
-4,5/28/50,18:09,nan,nan,nan,263.206,177.628,0,29.124,151.932,0,0,0,0,177.083,271.418,0,215.657,0,133.607,227.363,44.33,38.02
-4,5/28/50,18:10,nan,nan,nan,44.9,265.077,60.451,164.85,103.711,0,104.194,0,0,189.618,119.188,0,151.727,0,232.898,135.581,155.48,0
-4,5/28/50,18:11,nan,nan,nan,152.245,230.611,121.045,35.916,0,0,70.96,0,86.262,165.42,175.268,0,139.668,0,164.156,36.552,95.21,134.411
-4,5/28/50,18:12,nan,nan,nan,0,128.022,213.807,69.298,51.495,0,37.65,0,203.813,105.903,176.803,0,104.092,0,162.972,0,46.084,192.211
-4,5/28/50,18:13,nan,nan,nan,190.673,161.998,34.168,97.767,124.659,0,136.344,0,141.437,0,295.314,0,60.523,0,204.71,35.101,122.232,165.842
-4,5/28/50,18:14,nan,nan,nan,16.902,182.311,22.056,0,172.565,0,122.697,0,0,0,170.221,0,220.548,0,246.56,153.8,242.252,295.554
-4,5/28/50,18:15,nan,nan,nan,76.285,205.467,56.096,0,150.248,0,78.068,0,33.712,94.268,238.557,0,99.989,157.386,264.535,27.589,82.299,244.515
-4,5/28/50,18:16,nan,nan,nan,64.922,359.565,110.1,0,20.191,0,23.323,0,71.256,68.81,160.707,0,50.474,244.505,105.93,62.974,163.395,323.366
-4,5/28/50,18:17,nan,nan,nan,0,132.011,163.714,0,98.866,0,70.941,0,0,215.711,203.329,0,54.781,192.839,0,0,25.333,266.511
-4,5/28/50,18:18,nan,nan,nan,3.347,161.058,13.384,0,50.871,0,45.83,0,0,153.237,140.146,0,0,205.194,0,0,67.623,195.877
-4,5/28/50,18:19,nan,nan,nan,134.085,208.336,47.913,0,67.962,0,0,151.052,0,7.482,184.059,0,42.881,44.356,178.216,46.374,117.055,276.18
-4,5/28/50,18:20,nan,nan,nan,208.285,276.839,85.584,0,0,0,0,220.744,111.335,0,83.797,0,70.095,44.021,68.81,161.388,92.221,251.593
-4,5/28/50,18:21,nan,nan,nan,40.476,142.788,197.912,0,138.235,36.838,0,167.483,170.302,76.241,248.149,0,179.488,120.504,104.097,156.365,85.217,187.583
-4,5/28/50,18:22,nan,nan,nan,16.791,155.68,131.71,0,0,93.172,0,303.762,32.373,180.452,239.567,0,107.317,200.379,201.933,208.242,56.668,277.624
-4,5/28/50,18:23,nan,nan,nan,0,291.833,116.263,8.904,0,0,0,132.873,54.709,137.518,24.405,0,77.303,213.158,159.208,108.671,122.915,193.131
-4,5/28/50,18:24,nan,nan,nan,0,140.279,115.515,183.681,0,33.027,0,116.836,49.887,65.626,0,0,0,54.876,83.387,109.067,118.722,254.584
-4,5/28/50,18:25,nan,nan,nan,0,196.641,63.65,131.08,0,110.368,71.254,131.555,115.969,109.408,0,0,0,217.508,144.572,57.542,127.921,275.682
-4,5/28/50,18:26,nan,nan,nan,0,119.671,0,82.708,0,57.957,87.747,107.632,0,185.859,0,0,0,187.807,226.472,111.331,122.437,70.645
-4,5/28/50,18:27,nan,nan,nan,0,0,0,149.534,0,104.742,100.538,165.842,0,172.633,0,0,0,93.78,83.268,0,77.973,0
-4,5/28/50,18:28,nan,nan,nan,22.968,109.207,0,46.258,0,48.39,61.284,0,67.296,0,0,0,3.644,75.462,164.474,0,188.839,19.1
-4,5/28/50,18:29,nan,nan,nan,179.029,53.2,0,50.787,0,46.825,0,120.335,113.981,12.581,2.806,0,108.554,248.263,23.889,2.056,140.309,208.221
-4,5/28/50,18:30,nan,nan,nan,33.335,228.092,0,45.646,0,123.218,0,79.628,38.341,143.846,208.272,51.122,51.549,42.28,2.179,84.228,168.312,169.94
-4,5/28/50,18:31,nan,nan,nan,54.533,119.562,0,0,0,77.989,0,74.852,123.457,3.713,168.437,154.522,120.561,130.373,31.032,49.987,27.602,56.762
-4,5/28/50,18:32,nan,nan,nan,44.218,121.759,0,0,0,0,46.461,87.675,105.003,1.739,111.285,165.231,89.698,132.498,86.953,62.965,100.021,137.061
-4,5/28/50,18:33,nan,nan,nan,76.212,74.091,143.492,0,0,0,31.219,63.956,16,0,127.712,97.894,97.624,84.896,62.123,68.708,115.651,6.447
-4,5/28/50,18:34,nan,nan,nan,198.223,178.711,42.232,33.575,0,16.575,38.432,0,0,0,111.482,162.071,114.121,90.356,32.117,22.038,52.794,0
-4,5/28/50,18:35,nan,nan,nan,192.838,53.506,74.141,1.468,0,0,12.62,139.254,0,0,78.735,50.935,151.925,195.387,147.161,50.772,152.977,20.77
-4,5/28/50,18:36,nan,nan,nan,9.98,48.212,29.982,0,0,0,48.692,72.966,0,0,172.007,0,115.112,62.474,184.851,38.617,0,0
-4,5/28/50,18:37,nan,nan,nan,158.048,75.84,125.212,0,0,0,102.058,92.292,105.516,123.901,101.896,0,136.661,19.956,116.406,31.564,0,172.038
-4,5/28/50,18:38,nan,nan,nan,30.416,263.196,43.643,0,72.355,0,0,89.751,118.735,59.296,173.176,0,154.674,21.152,57.606,50.965,0,195.779
-4,5/28/50,18:39,nan,nan,nan,0,113.135,34.049,0,68.026,0,0,0,17.411,80.434,67.186,0,118.625,21.113,0,102.773,0,148.47
-4,5/28/50,18:40,nan,nan,nan,0,81.093,36.267,0,17.268,0,0,0,0,29.534,24.569,0,30.3,170.221,0,3.769,0,0
-4,5/28/50,18:41,nan,nan,nan,0,76.247,55.273,0,0,0,0,0,52.592,94.748,100.494,0,143.202,172.33,0,0,0,0
-4,5/28/50,18:42,nan,nan,nan,0,143.878,0,0,0,0,0,77.232,68.333,147.132,129.221,0,70.312,166.351,0,0,0,0
-4,5/28/50,18:43,nan,nan,nan,0,126.672,0,0,0,0,0,145.892,68.787,74.777,59.26,0,9.292,138.983,0,34.299,0,0
-4,5/28/50,18:44,nan,nan,nan,0,227.368,0,0,0,0,0,106.874,90.888,21.825,120.683,91.301,193.068,60.161,0,0,43.254,0
-4,5/28/50,18:45,nan,nan,nan,0,225.893,0,0,0,0,0,139.192,56.671,62.413,97.664,128.979,139.107,176.794,0,0,101.946,0
-4,5/28/50,18:46,nan,nan,nan,0,50.329,0,0,0,0,37.052,121.735,0,25.499,38.499,125.944,73.722,99.682,0,0,132.442,0
-4,5/28/50,18:47,nan,nan,nan,0,73.503,0,0,73.623,0,14.851,32.198,0,32.316,0,138.21,2.824,59.153,0,0,88.755,0
-4,5/28/50,18:48,nan,nan,nan,0,90.396,0,0,37.261,0,53.83,66.874,21.855,86.248,0,174.92,83.087,55.067,67.022,0,0,0
-4,5/28/50,18:49,nan,nan,nan,0,24.657,0,0,27.079,0,0,149.662,25.653,168.721,0,157.527,0,142.191,157.647,0,0,0
-4,5/28/50,18:50,nan,nan,nan,0,95.854,0,0,31.987,0,0,63.581,0,186.852,27.135,220.25,95.872,24.394,8.72,0,0,0
-4,5/28/50,18:51,nan,nan,nan,0,0,0,0,18.007,0,0,0,0,134.23,130.045,169.813,0,20.208,0,0,0,0
-4,5/28/50,18:52,nan,nan,nan,0,65.214,0,17.406,0,0,0,0,0,0,106.869,103.529,0,113.112,80.231,0,0,0
-4,5/28/50,18:53,nan,nan,nan,0,190.251,0,2.212,16.17,0,0,196.934,16.162,39.342,6.943,125.305,0,168.03,39.555,0,0,0
-4,5/28/50,18:54,nan,nan,nan,0,211.265,0,19.216,0,0,0,15.021,141.553,91.59,184.332,97.459,86.04,30.613,23.735,0,0,0
-4,5/28/50,18:55,nan,nan,nan,0,75.183,0,86.786,77.299,0,0,67.889,16.243,105.117,121.721,178.556,95.523,30.912,40.3,0,0,0
-4,5/28/50,18:56,nan,nan,nan,0,60.703,0,14.261,0,0,0,162.318,101.736,258.512,115.229,11.214,143.584,91.248,0,0,0,0
-4,5/28/50,18:57,nan,nan,nan,0,99.416,67.049,43.973,0,0,0,0,18.663,162.183,155.744,161.512,153.031,77.888,132.732,0,0,0
-4,5/28/50,18:58,nan,nan,nan,0,112.955,142.405,117.219,0,0,0,7.812,15.964,56.503,52.327,97.883,174.34,78.216,28.625,0,0,0
-4,5/28/50,18:59,nan,nan,nan,41.199,119.76,110.481,25.863,0,0,0,0,0,66.863,96.473,80.439,160.359,205.618,0,0,22.885,0
-4,5/28/50,19:00,nan,nan,nan,192.581,101.028,31.436,0,0,0,0,116.918,47.278,19.332,48.021,55.691,65.868,0,0,0,35.419,0
-4,5/28/50,19:01,nan,nan,nan,16.796,44.862,24.721,58.295,0,0,0,0,10.698,0,48.317,26.005,170.915,0,0,0,88.737,0
-4,5/28/50,19:02,nan,nan,nan,11.082,18.519,1.535,0,0,0,0,157.547,106.777,81.041,94.483,31.849,45.8,0,0,0,181.388,0
-4,5/28/50,19:03,nan,nan,nan,101.269,138.467,0,30.948,0,0,0,68.718,70.965,107.484,91.199,0,33.813,0,0,0,67.226,0
-4,5/28/50,19:04,nan,nan,nan,176.976,104.983,0,43.975,41.782,0,0,58.563,0,117.773,23.756,92.864,0,0,0,0,91.003,0
-4,5/28/50,19:05,nan,nan,nan,152.089,158.4,35.593,172.899,137.575,0,0,139.639,0,86.084,113.799,105.923,122.925,0,0,0,139.428,0
-4,5/28/50,19:06,nan,nan,nan,266.387,82.281,115.741,86.122,46.698,0,0,0,0,126.854,55.03,103.776,115.702,0,0,0,15.074,0
-4,5/28/50,19:07,nan,nan,nan,148.861,19.875,119.643,59.893,38.346,0,0,41.117,0,188.47,121.647,72.9,134.945,0,0,0,151.949,0
-4,5/28/50,19:08,nan,nan,nan,110.402,17.389,154.088,0,31.434,0,0,146.83,0,137.896,62.322,116.056,5.333,0,0,0,145.926,0
-4,5/28/50,19:09,nan,nan,nan,0,76.675,60.306,0,79.216,0,0,14.277,0,43.406,109.293,111.104,43.325,0,0,0,84.835,0
-4,5/28/50,19:10,nan,nan,nan,0,0,75.91,0,80.194,0,0,122.34,0,0,89.742,63.736,84.356,0,0,0,0,0
-4,5/28/50,19:11,nan,nan,nan,48.211,0,57.034,0,88.528,0,0,57.647,0,0,89.692,110.137,66.83,30.216,0,0,0,0
-4,5/28/50,19:12,nan,nan,nan,0,0,8.074,0,227.702,0,0,119.199,0,0,23.077,82.026,110.185,161.937,0,0,0,0
-4,5/28/50,19:13,nan,nan,nan,0,0,28.59,0,42.107,0,44.876,88.509,0,0,78.987,101.928,153.057,198.102,0,0,0,253.314
-4,5/28/50,19:14,nan,nan,nan,0,0,46.453,0,38.888,0,52.551,130.189,0,16.687,106.985,65.051,122.834,192.398,0,30.524,0,207.965
-4,5/28/50,19:15,nan,nan,nan,0,0,101.658,0,44.802,0,0,41.104,0,100.945,21.87,54.585,211.121,160.443,0,81.113,0,126.392
-4,5/28/50,19:16,nan,nan,nan,0,0,66.867,0,22.433,0,22.895,43.236,0,107.952,44.585,59.583,192.476,149.155,0,61.143,0,22.919
-4,5/28/50,19:17,nan,nan,nan,0,0,32.545,0,13.206,0,38.524,68.855,0,115.841,54.567,146.57,219.446,19.933,0,120.153,0,57.535
-4,5/28/50,19:18,nan,nan,nan,19.057,0,21.608,0,61.338,0,0,0,0,124.476,91.054,160.831,174.138,18.769,0,0,0,155.062
-4,5/28/50,19:19,nan,nan,nan,152.087,105.848,78.655,0,79.776,0,55.63,28.923,0,176.75,31.231,83.011,200.342,58.675,0,0,0,230.118
-4,5/28/50,19:20,nan,nan,nan,243.747,43.034,74.841,0,117.531,0,34.429,39.986,0,178.801,53.17,90.43,170.988,113.206,0,0,0,0
-4,5/28/50,19:21,nan,nan,nan,16.645,103.651,127.643,0,89.926,0,46.465,23.214,0,44.463,70.354,95.617,117.219,230.112,0,0,0,117.35
-4,5/28/50,19:22,nan,nan,nan,0,36.423,84.317,0,28.782,0,148.819,23.19,0,124.699,94.882,67.798,77.556,71.764,0,0,0,252.969
-4,5/28/50,19:23,nan,nan,nan,0.221,59.779,0,0,0,0,136.606,65.669,0,0,16.205,30.772,159.169,176.873,126.122,0,0,254.967
-4,5/28/50,19:24,nan,nan,nan,0,122.01,0,0,0,0,19.364,0,0,0,93.578,39.661,132.77,55.822,0,39.523,0,229.678
-4,5/28/50,19:25,nan,nan,nan,36.7,17.783,0,0,22.321,0,0,58.618,0,0,132.934,4.236,129.564,76.84,28.709,29.069,0,225.692
-4,5/28/50,19:26,nan,nan,nan,122.691,0,0,0,36.895,0,81.524,90.412,0,0,98.07,4.628,28.078,56.928,65.831,44.622,0,90.967
-4,5/28/50,19:27,nan,nan,nan,113.661,0,0,0,92.936,0,0,11.961,0,4.095,152.937,80.783,65.454,210.75,40.921,90.577,0,0
-4,5/28/50,19:28,nan,nan,nan,105.731,0,0,0,109.633,0,0,0,0,1.081,109.738,0,37.117,201.27,14.019,59.804,85.582,0
-4,5/28/50,19:29,nan,nan,nan,30.865,0,0,0,74.461,0,0,0,0,84.286,130.745,0,125.848,178.549,38.424,84.071,111.462,36.425
-4,5/28/50,19:30,nan,nan,nan,0,0,0,11.881,12.641,0,67.172,0,0,91.904,81.356,0,33.943,93.094,0,167.819,42.463,169.899
-4,5/28/50,19:31,nan,nan,nan,38.58,20.66,0,16.682,30.906,0,0,0,0,156.972,14.636,0,132.374,95.125,0,188.356,118.425,160.698
-4,5/28/50,19:32,nan,nan,nan,150.077,85.938,0,92.148,37.624,0,0,0,0,51.024,23.002,0,78.93,168.208,18.331,141.139,55.608,150.662
-4,5/28/50,19:33,nan,nan,nan,188.405,117.973,0,0,105.92,0,0,0,0,107.565,105.48,0,138.497,115.807,0,113.037,10.956,73.706
-4,5/28/50,19:34,nan,nan,nan,0,35.064,0,65.447,149.287,0,0,0,0,64.602,0,0,135.165,0,35.667,13.529,199.391,52.717
-4,5/28/50,19:35,nan,nan,nan,45.382,0,0,66.075,11.54,0,0,0,0,0,0,0,170.979,0,87.384,0,83.319,111.14
-4,5/28/50,19:36,nan,nan,nan,122.417,57.597,0,0,25.995,0,0,0,0,135.892,87.778,0,129.859,0,187.686,0,0,90.9
-4,5/28/50,19:37,nan,nan,nan,8.834,63.497,0,0,29.931,0,0,0,53.301,136.086,68.001,0,167.73,0,78.622,0,16.936,0
-4,5/28/50,19:38,nan,nan,nan,21.692,112.043,33.57,0,168.158,0,0,0,26.694,134.163,12.393,0,119.454,0,0,0,145.661,0
-4,5/28/50,19:39,nan,nan,nan,91.393,193.67,34.831,0,148.816,0,0,0,0,83.154,13.807,0,184.59,0,0,0,145.107,0
-4,5/28/50,19:40,nan,nan,nan,83.714,54.88,29.379,0,129.683,0,0,116.689,16.604,0,25.099,0,123.738,0,0,31.984,104.718,0
-4,5/28/50,19:41,nan,nan,nan,198.381,109.778,0.946,0,111.057,0,0,132.01,17.635,0,12.361,0,211.079,0,0.074,28.723,59.238,0
-4,5/28/50,19:42,nan,nan,nan,0,113.753,17.385,0,0,0,0,53.124,16.587,0,62.977,0,85.579,73.451,50.053,66.031,80.682,0
-4,5/28/50,19:43,nan,nan,nan,0,55.45,137.687,0,0,0,0,89.387,51.22,0,45.052,0,155.431,146.263,77.253,89.033,152.107,0
-4,5/28/50,19:44,nan,nan,nan,101.493,71.798,132.173,122.551,100.85,0,0,22.839,55.888,0,0,0,126.255,56.484,126.706,50.4,161.837,0
-4,5/28/50,19:45,nan,nan,nan,25.053,167.452,29.063,34.632,0,57.789,0,97.21,92.825,0,0,0,148.672,35.434,83.04,0,153.359,0
-4,5/28/50,19:46,nan,nan,nan,0,99.781,1.199,12.229,35.557,9.31,0,164.447,105.937,0,0,0,138.174,102.967,105.242,0,0,0
-4,5/28/50,19:47,nan,nan,nan,0,129.537,33.758,44.587,0,11.286,0,23.625,223.047,0,77.703,68.489,93.514,53.772,76.803,25.749,0,0
-4,5/28/50,19:48,nan,nan,nan,210.088,180.154,21.781,101.309,0,120.931,0,0,149.425,0,42.793,177.449,49.072,5.954,99.709,60.222,0,0
-4,5/28/50,19:49,nan,nan,nan,79.587,126.68,28.088,35.56,0,186.547,0,0,71.606,0,17.245,156.954,58.186,94.258,100.271,0,0,0
-4,5/28/50,19:50,nan,nan,nan,194.546,134.759,0,0,0,101.863,0,0,80.246,0,36.973,115.132,67.049,87.633,108.234,0,0,0
-4,5/28/50,19:51,nan,nan,nan,41.946,92.367,0,65.644,0,15.941,0,0,98.908,0,59.436,161.286,85.604,129.594,22.872,0,0,0
-4,5/28/50,19:52,nan,nan,nan,0,119.627,0,113.376,0,0,0,0,71.093,0,55.672,143.169,98.849,209.101,0,0,0,0
-4,5/28/50,19:53,nan,nan,nan,0,24.586,0,19.116,0,0,0,0,0,0,0,214.865,79.653,85.899,0,0,0,0
-4,5/28/50,19:54,nan,nan,nan,0,79.057,0,0,0,0,0,98.48,92.759,0,0,107.332,60.422,19.758,0,0,0,0
-4,5/28/50,19:55,nan,nan,nan,0,143.153,0,0,0,0,0,69.036,36.807,0,0,78.468,68.077,61.989,0,0,0,0
-4,5/28/50,19:56,nan,nan,nan,0,136.969,0,0,0,14.788,27.099,0,45.472,0,0,106.808,0.413,64.135,52.427,0,0,0
-4,5/28/50,19:57,nan,nan,nan,0,290.581,0,0,0,38.048,17.025,19.348,67.196,0,0,195.127,59.531,113.997,0,0,0,0
-4,5/28/50,19:58,nan,nan,nan,0,109.707,0,0,0,4.449,23.454,82.531,0,0,0,108.635,102.22,114.422,132.781,0,0,0
-4,5/28/50,19:59,nan,nan,nan,116.126,203.812,0,0,0,0,123.861,31.826,18.557,0,0,130.643,219.974,128.945,11.785,0,0,0
-4,5/28/50,20:00,nan,nan,nan,173.597,153.542,0,0,0,0,91.332,73.115,46.731,0,0,71.256,114.18,176.433,36.377,0,0,0
-4,5/28/50,20:01,nan,nan,nan,74.183,0,0,0,0,0,45.193,0,2.272,0,0,172.609,134.599,158.733,32.94,0,0,0
-4,5/28/50,20:02,nan,nan,nan,0,140.251,0,77.043,0,10.012,11.874,0,78.766,0,0,171.865,100.308,193.943,36.343,0,0,0
-4,5/28/50,20:03,nan,nan,nan,88.04,238.285,0,28.784,0,29.155,21.017,0,112.29,0,0,119.809,81.667,41.958,0,0,0,0
-4,5/28/50,20:04,nan,nan,nan,221.219,0,0,17.749,0,84.712,0,0,16.901,0,0,70.328,0,117.501,126.135,0,0,0
-4,5/28/50,20:05,nan,nan,nan,171.248,81.011,0,0,0,187.269,55.075,0,102.644,0,0,82.831,0,70.853,171.265,0,0,0
-4,5/28/50,20:06,nan,nan,nan,15.272,44.69,0,25.13,0,72.871,115.349,0,73.003,0,0,133.815,0,196.47,112.405,0,0,0
-4,5/28/50,20:07,nan,nan,nan,33.5,34.957,0,0,0,0,0,0,121.743,133.117,0,63.565,0,112.734,92.855,0,0,0
-4,5/28/50,20:08,nan,nan,nan,0,99.368,0,0,0,9.547,0,0,33.145,75.717,0,45.201,105.587,91.631,242.911,0,0,0
-4,5/28/50,20:09,nan,nan,nan,0,202.209,0,40.48,0,90.277,52.715,0,59.439,116.575,0,0,19.824,161.586,38.218,0,0,0
-4,5/28/50,20:10,nan,nan,nan,0,57.306,0,57.782,0,62.685,0,0,104.734,139.073,0,0,210.633,59.449,163.136,0,0,0
-4,5/28/50,20:11,nan,nan,nan,0,251.066,0,0,24.489,30.595,0,0,0,201.647,0,80.288,107.991,0,0,0,0,29.941
-4,5/28/50,20:12,nan,nan,nan,0,146.179,0,0,0,15.725,0,0,0,176.19,0,123.768,28.591,0,149.616,0,0,310.997
-4,5/28/50,20:13,nan,nan,nan,0,93.122,0,0,0,0,0,0,16.617,174.551,0,108.879,98.467,90.177,70.511,0,0,225.017
-4,5/28/50,20:14,nan,nan,nan,0,63.306,0,0,0,0,0,0,131.9,154.731,3.852,107.061,103.648,142.976,90.238,0,0,243.928
-4,5/28/50,20:15,nan,nan,nan,0,161.818,0,0,0,73.069,0,0,74.737,89.717,114.349,76.633,28.664,23.845,51.411,0,0,213.662
-4,5/28/50,20:16,nan,nan,nan,0,0,0,0,0,47.648,0,0,24.41,158.114,123.448,0,5.317,22.754,49.229,0,0,136.568
-4,5/28/50,20:17,nan,nan,nan,0,0,0,0,0,0,0,0,21.309,1.357,121.733,132.704,129.417,23.617,27.879,0,0,201.208
-4,5/28/50,20:18,nan,nan,nan,0,0,0,0,0,66.792,0,0,17.706,0,28.094,156.31,196.291,85.523,26.359,0,0,279.394
-4,5/28/50,20:19,nan,nan,nan,0,0,0,0,0,30.755,0,0,21.072,0,39.678,128.773,147.985,168.544,7.935,0,66.306,292.843
-4,5/28/50,20:20,nan,nan,nan,0,0,0,0,0,0,0,0,69.249,51.179,0,73.591,199.976,92.815,12.43,0,40.421,238.213
-4,5/28/50,20:21,nan,nan,nan,0,0,0,0,0,0,0,0,200.245,122.087,47.566,89.945,98.864,33.114,35.553,0,111.174,281.928
-4,5/28/50,20:22,nan,nan,nan,0,0,0.382,0,0,0,0,114.542,41.983,164.547,27.678,100.034,0,68.232,30.59,0,0,36.331
-4,5/28/50,20:23,nan,nan,nan,0,0,136.769,42.601,0,0,0,120.69,49.591,128.603,64.66,145.36,88.776,120.466,32.204,0,1.713,0
-4,5/28/50,20:24,nan,nan,nan,0,0,191.091,92.163,0,0,0,57.691,22.459,133.731,164.623,61.716,46.559,106.714,28.962,0,3.174,52.824
-4,5/28/50,20:25,nan,nan,nan,0,95.85,176.097,130.539,17.753,0,0,57.556,31.841,99.422,116.269,48.672,88.219,171.957,24.446,0,90.592,126.391
-4,5/28/50,20:26,nan,nan,nan,0,56.522,213.824,176.272,17.338,0,0,123.034,0,142.668,138.579,49.481,13.171,226.52,36.335,0,170.917,0
-4,5/28/50,20:27,nan,nan,nan,0,16.021,201.5,130.966,0,0,0,24.411,108.7,0,84.675,84.421,142.011,197.86,78.57,0,29.559,3.335
-4,5/28/50,20:28,nan,nan,nan,0,0,170.166,3.308,0,0,0,70.708,33.756,0,18.162,0,0,54.526,118.825,0,10.843,132.172
-4,5/28/50,20:29,nan,nan,nan,0,0,211.05,4.984,0,0,0,101.006,1.592,0,0,63.772,0,76.159,194.19,0,0,0
-4,5/28/50,20:30,nan,nan,nan,0,27.189,84.152,0,0,0,0,6.718,6.208,0,49.068,116.674,22.027,105.337,60.562,0,17.133,38.25
-4,5/28/50,20:31,nan,nan,nan,0,134.753,29.679,4.311,0,0,0,0,0,88.976,131.024,49.256,0,194.242,106.064,0,16.841,82.817
-4,5/28/50,20:32,nan,nan,nan,61.232,111.521,33.902,54.446,0,0,0,22.657,0,66.157,76.111,136.505,0,91.64,181.61,0,0,134.55
-4,5/28/50,20:33,nan,nan,nan,145.079,176.78,7.889,28.771,0,0,0,56.882,0,214.75,68.652,0,28.706,113.251,143.593,0,42.058,108.006
-4,5/28/50,20:34,nan,nan,nan,147.177,128.815,0,61.282,0,0,0,69.572,53.564,0,101.549,139.783,115.392,25.923,79.801,0,124.57,0
-4,5/28/50,20:35,nan,nan,nan,92.858,181.337,120.462,70.848,61.58,0,0,6.478,19.437,31.694,102.252,82.331,0,22.312,100.714,0,131.701,0
-4,5/28/50,20:36,nan,nan,nan,232.69,242.443,107.666,9.808,2.705,0,0,149.142,0,155.552,62.061,271.725,91.871,28.913,111.308,0,61.701,0
-4,5/28/50,20:37,nan,nan,nan,182.627,62.402,129.987,31.403,78.306,0,0,73.804,0,173.69,9.43,153.77,136.187,52.35,82.958,0,52.441,15.297
-4,5/28/50,20:38,nan,nan,nan,40.714,37.507,99.922,120.211,49.82,0,0,0,18.976,138.903,91.46,136.891,29.145,106.115,168.389,0,35.096,272.75
-4,5/28/50,20:39,nan,nan,nan,237.664,57.922,123.172,71.476,185.398,0,0,0,141.139,32.464,116.895,70.74,0,31.033,175.913,0,0,222.413
-4,5/28/50,20:40,nan,nan,nan,182.12,100.623,38.909,76.184,215.1,0,0,92.939,109.139,155.739,92.785,184.817,0,152.958,194.81,0,0,101.559
-4,5/28/50,20:41,nan,nan,nan,275.597,166.259,0,130.9,103.322,0,0,40.96,131.983,52.278,65.229,99.75,130.81,135.759,67.329,0,0,83.366
-4,5/28/50,20:42,nan,nan,nan,145.866,49.835,0,101.775,29.519,0,0,79.283,54.053,106.361,83.765,217.974,0,177.796,0,0,0,41.047
-4,5/28/50,20:43,nan,nan,nan,0,140.658,39.203,85.954,0,0,0,0,0,0,23.704,69.387,111.821,162.015,0,0,69.309,84.676
-4,5/28/50,20:44,nan,nan,nan,69.566,135.819,67.424,104.822,24.69,0,0,75.21,0,0,51.362,0,191.623,148.449,25.73,0,8.085,122.559
-4,5/28/50,20:45,nan,nan,nan,246.652,124.073,100.199,104.657,0,0,0,127.412,0,13.842,84.889,0,154.94,54.749,202.485,0,51.9,210.462
-4,5/28/50,20:46,nan,nan,nan,118.346,156.913,87.168,0,3.294,0,0,104.604,0,0,39.947,39.768,0,28.016,62.026,0,139.069,28.428
-4,5/28/50,20:47,nan,nan,nan,116.643,55.39,101.267,26.11,126.429,0,0,85.52,0,50.703,97.873,178.771,101.179,21.657,115.916,0,0,82.316
-4,5/28/50,20:48,nan,nan,nan,218.849,152.986,110.343,141.985,122.078,0,0,81.182,0,91.011,77.919,131.729,0,42.557,65.14,0,0,156.863
-4,5/28/50,20:49,nan,nan,nan,109.305,102.031,100.969,45.791,25.56,0,0,140.8,0,35.946,145.707,67.513,0,172.998,0,0,66.149,138.359
-4,5/28/50,20:50,nan,nan,nan,0,142.415,59.102,95.588,13.221,0,0,0,0,28.711,71.981,75.177,132.058,149.161,28.568,0,139.858,65.114
-4,5/28/50,20:51,nan,nan,nan,0,49.048,0,148.441,0,0,0,0,0,22.976,58.037,100.663,151.661,135.77,12.366,0,126.591,191.602
-4,5/28/50,20:52,nan,nan,nan,0,275.733,0,20.436,66.314,0,0,0,0,189.162,68.07,61.21,192.906,130.299,0,0,116.591,72.129
-4,5/28/50,20:53,nan,nan,nan,0,188.785,0,94.557,128.182,0,0,60.911,0,77.952,29.933,93.159,89.036,248.779,13.452,0,52.112,139.253
-4,5/28/50,20:54,nan,nan,nan,0,192.918,0,16.73,75.186,0,0,101.572,0,157.241,41.582,46.728,169.707,209.482,0,78.574,0,222.645
-4,5/28/50,20:55,nan,nan,nan,0,53.235,0,56.606,121.957,0,0,31.95,0,76.52,54.591,9.709,54.887,166.25,0,148.457,71.268,203.781
-4,5/28/50,20:56,nan,nan,nan,117.916,35.854,0,44.388,23.148,0,0,0.852,0,0,42.528,81.438,0,83.526,0,27.613,142.669,175.13
-4,5/28/50,20:57,nan,nan,nan,68.563,25.72,0,42.522,66.567,0,0,16.107,0,38.172,0,146.18,128.353,0,0,116.799,65.585,191.731
-4,5/28/50,20:58,nan,nan,nan,96.444,94.96,0,134.332,24.026,0,29.42,124.269,0,12.885,0,45.413,254.294,0,0,28.519,112.908,221.561
-4,5/28/50,20:59,nan,nan,nan,48.853,49.346,0,14.479,0,0,39.173,68.426,0,85.492,0,133.308,112.324,0,0,0,190.672,188.829
-4,5/28/50,21:00,nan,nan,nan,131.779,61.457,0,78.421,10.623,0,20.795,43.357,0,57.29,0,87.137,66.683,0,0,0,154.79,226.156
-4,5/28/50,21:01,nan,nan,nan,84.163,145.949,0,73.62,87.42,0,22.443,5.93,0,48.478,0,223.739,89.548,0,0,0,185.47,154.103
-4,5/28/50,21:02,nan,nan,nan,143.636,72.199,0,0,119.802,0,17.139,3.591,0,0,0,105.471,169.98,0,0,0,147.286,102.946
-4,5/28/50,21:03,nan,nan,nan,9.645,0,0,0,67.156,0,17.38,33.947,0,0,0,86.424,225.181,0,0,0,78.646,0
-4,5/28/50,21:04,nan,nan,nan,0,0,0,0,82.271,0,16.888,28.528,0,0,0,200.665,41.242,0,0,0,4.414,0
-4,5/28/50,21:05,nan,nan,nan,0,0,0,0,12.356,0,95.711,0,0,140.163,0,86.678,0,0,0,50.715,54.176,33.959
-4,5/28/50,21:06,nan,nan,nan,0,0,0,0,0,0,127.171,0,0,43.436,0,95.907,49.666,0,0,43.563,64.586,130.788
-4,5/28/50,21:07,nan,nan,nan,0,0,0,0,0,0,91.992,0,0,98.379,0,90.769,116.126,0,0,65.664,10.065,0
-4,5/28/50,21:08,nan,nan,nan,0,0,0,0,0,0,49.024,0,0,0,0,0.901,61.811,0,0,2.362,9.007,31.784
-4,5/28/50,21:09,nan,nan,nan,109.723,0,0,0,57.716,0,72.984,0,0,0,0,0,142.104,0,0,156.132,31.13,34.611
-4,5/28/50,21:10,nan,nan,nan,164.654,0,0,0,166.038,0,0,0,0,0,0,83.164,171.292,0,0,166.72,16.765,0
-4,5/28/50,21:11,nan,nan,nan,102.658,0,35.239,0,54.537,0,22.729,0,0,45.242,0,230.029,102.291,0,0,186.081,138.259,23.795
-4,5/28/50,21:12,nan,nan,nan,114.297,123.333,0,0,92.743,0,48.436,0,0,105.42,0,91.312,8.846,0,0,97.812,67.899,99.305
-4,5/28/50,21:13,nan,nan,nan,27.303,105.471,0,0,45.876,0,26.663,58.595,0,65.367,40.584,54.814,0,0,0,0,0,224.602
-4,5/28/50,21:14,nan,nan,nan,158.047,47.635,0,0,9.524,0,25.434,93.24,0,0,0,50.557,0,0,0,0,0,116.045
-4,5/28/50,21:15,nan,nan,nan,51.345,0,0,0,60.986,0,28.403,181.45,0,55.454,0,102.402,38.391,0,36.745,0,1.795,285.757
-4,5/28/50,21:16,nan,nan,nan,173.514,0,0,0,0,0,25.413,81.672,0,0,79.066,62.724,14.022,0,53.831,0,136.464,202.804
-4,5/28/50,21:17,nan,nan,nan,127.398,97.363,0,0,0,0,0,131.735,104.475,80.315,159.359,9.463,155.338,0,126.061,42.868,137.453,246.751
-4,5/28/50,21:18,nan,nan,nan,71.274,0,0,0,0,0,0,0,88.47,15.221,117.334,0,122.413,0,86.929,0,181.064,312.925
-4,5/28/50,21:19,nan,nan,nan,0,0,0,0,0,0,0,4.777,178.395,47.079,106.311,187.178,262.773,0,97.619,39.608,90.365,0
-4,5/28/50,21:20,nan,nan,nan,58.635,62.881,0,0,0,0,39.806,0,85.379,3.857,89.202,65.703,103.232,0,146.959,0,109.216,0
-4,5/28/50,21:21,nan,nan,nan,28.611,158.432,27.758,0,0,0,21.461,123.321,23.262,149.905,79.284,98.885,137.982,0,107.499,0,120.223,0
-4,5/28/50,21:22,nan,nan,nan,4.27,136.41,0,0,0,0,0,120.96,46.833,36.837,65.266,8.694,174.442,0,81.038,0,126.751,0
-4,5/28/50,21:23,nan,nan,nan,1.991,99.413,0,0,0,0,0,64.962,0,131.251,131.852,155.395,129.639,0,0,0,134.015,0
-4,5/28/50,21:24,nan,nan,nan,89.895,181.616,0,0,0,0,18.478,0,0,78.689,88.315,179.521,95.012,0,0,0,45.693,0
-4,5/28/50,21:25,nan,nan,nan,38.652,250.401,0,0,0,0,0,0,0,42.705,29.793,70.881,72.765,0,0,0,114.18,0
-4,5/28/50,21:26,nan,nan,nan,57.597,186.081,26.951,0,0,0,0,0,0,19.654,20.743,110.633,0,0,0,0,53.271,0
-4,5/28/50,21:27,nan,nan,nan,36.864,186.048,120.88,0,0,0,0,0,0,2.411,20.425,55.049,56.424,0,0,0,0,0
-4,5/28/50,21:28,nan,nan,nan,14.165,104.966,170.223,0,0,0,0,0,0,1.222,58.893,0,57.591,0,0,0,0,0
-4,5/28/50,21:29,nan,nan,nan,0,0,147.301,0,0,0,49.353,0,80.046,57.913,51.055,51.824,136.492,0,0,0,0,0
-4,5/28/50,21:30,nan,nan,nan,0,16.735,81.901,0,91.856,0,6.928,0,154.505,30.329,55.075,93.824,32.475,0,0,0,0,0
-4,5/28/50,21:31,nan,nan,nan,0,96.167,102.929,0,24.632,0,7.595,0,61.733,5.841,87.911,36.204,28.071,0,0,0,0,0
-4,5/28/50,21:32,nan,nan,nan,38.343,268.705,115.282,0,99.15,0,13.263,0,59.725,25.667,59.673,0,247.167,0,0,0,0,0
-4,5/28/50,21:33,nan,nan,nan,115.045,165.743,64.947,0,193.223,0,18.916,0,13.49,107.968,52.935,0,192.77,0,0,0,0,0
-4,5/28/50,21:34,nan,nan,nan,179.53,41.53,28.887,0,52.269,0,18.009,0,0,53.619,24.508,0,63.143,0,0,0,0,0
-4,5/28/50,21:35,nan,nan,nan,164.578,0,31.47,0,0,0,70.002,0,123.812,70.255,88.031,0,117.231,0,0,0,0,0
-4,5/28/50,21:36,nan,nan,nan,155.944,66.797,22.725,0,45.49,0,102.072,0,166.306,97.514,40.3,0,13.443,0,0,0,0,0
-4,5/28/50,21:37,nan,nan,nan,135.837,190.023,22.329,0,37.132,0,95.101,0,48.313,88.671,117.755,0,19.461,0,0,0,0,0
-4,5/28/50,21:38,nan,nan,nan,81.588,175.657,57.161,0,33.328,0,131.051,0,112.647,139.935,118.698,0,20.225,0,0,0,0,0
-4,5/28/50,21:39,nan,nan,nan,34.751,114.321,78.951,0,33.267,0,53.263,0,65.729,145.972,129.508,0,105.751,0,0,0,0,0
-4,5/28/50,21:40,nan,nan,nan,63.037,16.042,113.74,0,75.777,0,14.251,0,5.154,114.992,122.475,0,116.606,0,0,0,0,0
-4,5/28/50,21:41,nan,nan,nan,69.982,68.083,158.392,0,166.925,0,104.594,0,3.313,156.619,98.352,0,59.374,0,0,0,0,0
-4,5/28/50,21:42,nan,nan,nan,146.839,165.079,44.792,0,15.256,0,67.912,0,0,198.893,54.2,0,203.48,0,0,0,0,0
-4,5/28/50,21:43,nan,nan,nan,8.891,64.988,0,0,17.516,0,0,21.746,32.053,133.865,109.085,0,155.465,0,0,0,0,0
-4,5/28/50,21:44,nan,nan,nan,0,16.164,0,0,34.287,0,19.343,73.8,16.954,155.44,62.837,0,92.406,0,0,0,0,0
-4,5/28/50,21:45,nan,nan,nan,29.714,66.675,0,0,24.711,0,0,0.651,0,152.675,107.69,0,78.403,0,0,0,0,0
-4,5/28/50,21:46,nan,nan,nan,0,126.175,0,0,0,0,0,38.642,38.963,0,40.721,0,60.119,0,0,0,0,0
-4,5/28/50,21:47,nan,nan,nan,2.689,168.086,0,0,0,0,0,13.35,0,0,0,0,56.725,0,0,0,0,0
-4,5/28/50,21:48,nan,nan,nan,69.89,342.065,0,0,51.833,0,0,11.606,24.162,15.789,0,0,86.614,0,0,0,0,0
-4,5/28/50,21:49,nan,nan,nan,125.322,167.277,0,0,65.31,0,0,154.226,134.405,51.56,0,0,68.938,0,0,0,0,0
-4,5/28/50,21:50,nan,nan,nan,49,126.978,0,2.693,89.775,0,0,70.499,27.425,62.083,0,0,83.161,0,151.72,0,46.66,0
-4,5/28/50,21:51,nan,nan,nan,43.733,92.326,0,101.44,48.849,0,0,109.627,136.503,137.949,0,0,0,0,34.42,0,0,0
-4,5/28/50,21:52,nan,nan,nan,31.18,16.398,0,178.777,0,0,0,68.54,0,63.556,0,0,36.355,0,43.154,0,0,0
-4,5/28/50,21:53,nan,nan,nan,217.515,118.453,0,151.7,110.993,0,40.28,120.512,0,72.187,0,0,68.771,0,38.306,0,0,0
-4,5/28/50,21:54,nan,nan,nan,243.978,132.432,0,186.341,79.923,0,53.379,94.465,69.741,172.905,0,0,88.254,0,22.596,0,0,0
-4,5/28/50,21:55,nan,nan,nan,111.439,8.469,64.084,147.202,73.34,0,0,39.608,121.891,1.161,0,0,199.464,0,29.686,0,113.052,0
-4,5/28/50,21:56,nan,nan,nan,120.22,0,165.345,165.199,85.556,0,0,0.668,0,0,0,0,46.372,0,28.62,0,65.569,0
-4,5/28/50,21:57,nan,nan,nan,356.9,20.888,189.147,189.18,78.68,0,19.531,0,14.373,55.454,0,0,55.163,0,66.317,0,82.875,0
-4,5/28/50,21:58,nan,nan,nan,103.002,125.79,17.045,233.06,59.917,0,64.287,161.166,39.586,91.854,0,0,120.65,0,111.082,0,183.391,146.263
-4,5/28/50,21:59,nan,nan,nan,259.582,84.385,19.318,159.102,25.276,0,0,28.673,105.506,29.783,0,0,118.61,0,61.735,0,19.253,191.043
-4,5/28/50,22:00,nan,nan,nan,8.134,47.656,95.876,154.59,20.588,16.725,38.99,40.401,85.806,63.292,0,0,48.195,0,150.654,0,0,214.214
-4,5/28/50,22:01,nan,nan,nan,0,119.026,112.894,187.129,18.21,106.607,0,62.58,13.861,120.245,0,0,49.687,0,149.042,0,0,265.891
-4,5/28/50,22:02,nan,nan,nan,61.125,166.087,92.731,157.055,27.695,45.726,0,114.682,53.538,145.793,0,0,127.813,0,126.521,205.732,0,150.557
-4,5/28/50,22:03,nan,nan,nan,0.723,134.9,5.459,161.985,60.045,128.113,0,30.726,51.754,193.354,0,0,188.1,0,82.756,102.599,0,129.064
-4,5/28/50,22:04,nan,nan,nan,114.413,205.017,0,32.019,123.651,16.791,0,20.33,0,113.459,0,0,0,0,0,135.504,0,270.025
-4,5/28/50,22:05,nan,nan,nan,15.555,67.682,0,187.535,16.292,0,0,109.79,96.469,41.743,0,0,26.316,0,0,132.052,0,108.24
-4,5/28/50,22:06,nan,nan,nan,172.491,19.165,0,112.748,19.109,50.744,0,83.057,15.297,52.507,0,157.612,123.379,0,0,0,111.011,81.721
-4,5/28/50,22:07,nan,nan,nan,260.748,16.588,0,113.745,17.642,0,0,101.362,91.479,0,0,56.816,123.114,0,20.318,0,70.592,0
-4,5/28/50,22:08,nan,nan,nan,202.983,29.395,0,6.617,71.672,55.448,0,96.726,61.964,16.567,0,155.44,170.665,0,151.112,0,106.845,85.778
-4,5/28/50,22:09,nan,nan,nan,145.981,34.193,0,44.563,24.563,73.948,0,123.022,0,0,0,147.574,182.182,0,103.963,77.925,47.333,1.216
-4,5/28/50,22:10,nan,nan,nan,79.807,13.33,0,54.104,32.884,32.022,0,0,83.763,0,0,203.827,249.997,0,102.521,15.878,36.628,0
-4,5/28/50,22:11,nan,nan,nan,0,69.792,20.851,178.84,75.666,112.994,0,0,111.386,126.04,0,222.316,184.44,46.937,127.373,155.254,56.33,0
-4,5/28/50,22:12,nan,nan,nan,0,114.403,18.381,21.317,69.349,66.522,0,13.287,2.395,128.813,0,162.497,212.751,0.485,87.117,69.1,119.36,22.657
-4,5/28/50,22:13,nan,nan,nan,0,150.616,112.704,60.949,207.975,51.091,0,0,102.403,156.422,0,180.715,37.672,146.678,130.51,78.197,137.915,115.832
-4,5/28/50,22:14,nan,nan,nan,31.433,43.632,155.055,109.413,24.825,50.588,0,55.408,59.408,66.495,0,242.743,125.066,185.131,96.651,92.007,101.974,182.166
-4,5/28/50,22:15,nan,nan,nan,185.058,161.423,112.432,58.129,139.742,34.034,0,51.929,46.428,161.304,0,10.273,61.498,139.396,78.45,0,54.609,89.162
-4,5/28/50,22:16,nan,nan,nan,131.665,86.173,100.346,137.545,118.307,22.353,0,172.588,0,196.384,0,141.159,0,182.891,19.582,6.951,116.559,0.951
-4,5/28/50,22:17,nan,nan,nan,0,52.084,119.619,161.824,197.059,29.21,0,181.78,0,55.726,0,0,0,249.631,23.39,0,31.042,188.545
-4,5/28/50,22:18,nan,nan,nan,132.241,97.589,60.599,175.179,0,60.274,0,22.681,0,115.993,0,0,0,30.196,23.865,0,0,14.273
-4,5/28/50,22:19,nan,nan,nan,138.299,64.611,119.69,165.966,63.31,0,0,88.676,0,167.988,0,0,0,241.555,24.7,74.82,46.349,77.278
-4,5/28/50,22:20,nan,nan,nan,75.312,14.125,309.889,19.875,52.513,0,0,32.333,0,157.906,0,0,0,91.35,18.943,45.867,10.944,1.354
-4,5/28/50,22:21,nan,nan,nan,166.268,0,138.154,60.115,120.359,0,0,83.451,0,110.547,0,0,0,198.384,13.668,169.803,21.216,0
-4,5/28/50,22:22,nan,nan,nan,113.622,0,173.496,89.883,0,73.864,0,33.317,0,154.182,0,79.83,0,155.077,19.902,77.304,0,0
-4,5/28/50,22:23,nan,nan,nan,128.056,2.964,100.754,102.471,61.317,28.168,0,163.924,0,130.739,0,102.612,0,40.469,40.633,91.161,16.738,104.881
-4,5/28/50,22:24,nan,nan,nan,114.961,12.313,175.877,69.669,94.07,43.004,0,13.454,0,181.107,0,139.411,0,104.937,99.577,2.916,64.822,203.122
-4,5/28/50,22:25,nan,nan,nan,66.816,37.362,106.952,115.434,125.022,41.324,0,0,50.132,97.102,0,233.882,95.395,273.167,64.014,0,155.284,100.603
-4,5/28/50,22:26,nan,nan,nan,115.928,65.488,11.006,71.81,118.612,15.949,0,45.673,30.901,0,17.831,5.089,124.495,25.726,38.249,0,115.739,156.792
-4,5/28/50,22:27,nan,nan,nan,0,40.976,0,0,109.899,59.005,32.878,31.755,146.357,0,0,0,182.803,22.63,97.846,57.614,87.03,0
-4,5/28/50,22:28,nan,nan,nan,0,114.188,12.321,0,141.524,0,23.328,45.188,136.628,0,0,0,161.225,18.827,0,48.551,102.712,0
-4,5/28/50,22:29,nan,nan,nan,0,240.616,109.723,168.271,98.29,0,98.888,42.893,54.53,0,0,0,72.424,142.822,0,78.21,102.743,74.318
-4,5/28/50,22:30,nan,nan,nan,0,128.795,119.535,87.98,139.015,16.65,0,0,96.202,0,0,0,212.572,54.372,71.983,126.295,93.048,176.775
-4,5/28/50,22:31,nan,nan,nan,0,111.308,134.569,27.379,77.168,41.467,27.594,0,62.964,0,0,116.753,0,15.271,31.07,102.529,0,186.488
-4,5/28/50,22:32,nan,nan,nan,0,224.181,217.849,16.928,25.019,21.171,9.312,0,47.4,0,0,96.621,0,223.285,12.77,240.363,0,162.71
-4,5/28/50,22:33,nan,nan,nan,80.941,16.575,110.466,107.059,50.772,0,5.191,5.651,27.288,0,99.992,41.935,116.552,220.862,22.04,0,52.851,121.772
-4,5/28/50,22:34,nan,nan,nan,90.12,0,70.206,173.377,192.896,61.323,7.208,75.039,102.852,0,157.426,54.445,0,186.471,48.961,0,28.051,0
-4,5/28/50,22:35,nan,nan,nan,209.613,0,126.394,111.477,18.448,127.701,87.539,37.342,93.792,0,147.258,147.839,0,102.354,111.435,0,142.068,34.379
-4,5/28/50,22:36,nan,nan,nan,114.613,175.931,88.497,33.413,24.379,68.697,157.601,47.849,0,0,165.866,26.047,0,182.986,95.836,0,84.747,90.865
-4,5/28/50,22:37,nan,nan,nan,106.167,145.687,107.796,97.507,82.267,136.083,107.624,62.882,0,0,131.458,39.998,0,124.224,97.502,4.595,0,0
-4,5/28/50,22:38,nan,nan,nan,43.216,115.441,65.213,80.204,38.256,132.917,147.942,153.729,55.93,0,247.581,74.148,0,40.906,95.194,63.439,0,0
-4,5/28/50,22:39,nan,nan,nan,28.194,195.186,208.619,104.098,84.819,0,69.536,59.318,49.058,0,207.412,145.291,0,150.877,170.866,163.952,0,0
-4,5/28/50,22:40,nan,nan,nan,216.161,139.637,53.253,162.965,113.574,41.925,95.335,34.525,96.321,0,100.508,229.365,0,209.293,101.092,69.827,130.437,83.319
-4,5/28/50,22:41,nan,nan,nan,0,17.716,0,68.875,161.449,130.833,97.576,88.911,0,0,30.254,130.632,0,84.013,116.415,58.325,80.595,193.471
-4,5/28/50,22:42,nan,nan,nan,108.309,0,0,0,33.622,18.169,99.858,82.316,48.618,0,16.293,117.284,0,13.921,81.006,57.379,46.014,164.075
-4,5/28/50,22:43,nan,nan,nan,92.478,60.168,0,44.638,0,0,80.509,59.059,39.585,71.669,0,0,0,17.231,143.228,130.499,92.124,137.22
-4,5/28/50,22:44,nan,nan,nan,0,270.173,0,1.514,147.334,0,35.482,57.46,129.24,127.882,0,0,0,29.01,116.46,88.078,23.648,79.467
-4,5/28/50,22:45,nan,nan,nan,0,160.855,0,92.062,12.532,0,14.755,110.405,44.776,0,19.482,0,0,156.061,38.431,0,19.204,0
-4,5/28/50,22:46,nan,nan,nan,0,95.33,0,76.317,103.4,0,19.304,48.867,0,0,136.978,112.301,51.906,94.585,113.602,36.007,91.771,0
-4,5/28/50,22:47,nan,nan,nan,0,123.106,0,92.854,56.68,0,0.915,113.029,131.357,0,37.832,135.181,166.818,230.75,69.337,3.935,97.339,0
-4,5/28/50,22:48,nan,nan,nan,78.342,21.403,0,136.614,98.533,0,46.001,28.113,1.308,0,10.778,104.297,127.623,214.847,26.074,0,115.892,116.107
-4,5/28/50,22:49,nan,nan,nan,221.211,122.927,0,69.941,108.442,0,93.804,28.606,33.176,0,101.889,191.666,174.049,139.788,30.455,83.553,68.401,152.284
-4,5/28/50,22:50,nan,nan,nan,156.82,121.759,0,65.766,76.272,0,118.543,136.638,46.46,0,75.872,132.598,196.121,102.942,135.302,17.558,134.616,160.983
-4,5/28/50,22:51,nan,nan,nan,98.556,141.132,63.823,80.233,257.824,0,133.257,30.886,139.603,0,91.276,39.814,215.951,84.072,63.044,87.345,173.758,71.576
-4,5/28/50,22:52,nan,nan,nan,65.768,78.047,132.209,59.221,45.896,0,59.056,63.711,105.481,0,21.706,0,138.34,69.529,126.087,178.513,188.819,130.471
-4,5/28/50,22:53,nan,nan,nan,0,154.601,232.602,19.338,235.583,0,78.281,103.718,125.441,0,24.562,0,226.122,129.181,90.019,33.298,184.315,0
-4,5/28/50,22:54,nan,nan,nan,0,40.437,73.724,29.911,111.962,0,0,110.248,0,0,147.525,0,133.681,229.601,62.399,0,172.268,0
-4,5/28/50,22:55,nan,nan,nan,0,0,93.165,55.129,186.865,0,0,103.497,139.809,0,170.79,213.769,91.614,87.635,87.355,0,51.988,64.668
-4,5/28/50,22:56,nan,nan,nan,0,0,0,0,110.94,0,0,163.288,17.476,0,6.883,57.974,194.94,81.728,159.257,0,0,166.566
-4,5/28/50,22:57,nan,nan,nan,0,0,0.141,0,306.715,0,0,0,220.26,0,99.137,130.629,111.318,109.891,213.315,24.142,41.626,47.162
-4,5/28/50,22:58,nan,nan,nan,0,0,7.523,0,88.158,0,0,53.158,7.565,0,32.479,253.266,100.273,144.504,96.124,87.151,44.741,101.214
-4,5/28/50,22:59,nan,nan,nan,0,0,240.764,0,25.125,0,0,0,3.113,0,0,19.48,2.505,21.947,55.139,25.977,200.773,117.203
-4,5/28/50,23:00,nan,nan,nan,0,0,40.584,0,110.259,0,0,0,106.27,0,83.891,0,260.004,18.405,129.927,12.292,85.229,248.727
-4,5/28/50,23:01,nan,nan,nan,0,0,28.81,0,0,0,0,30.624,148.499,0,50.242,113.027,174.354,19.167,46.124,44.723,98.688,260.906
-4,5/28/50,23:02,nan,nan,nan,0,0,26.477,0,17.084,0,0,78.563,57.042,0,25.035,114.072,138.325,74.52,129.766,63.435,155.47,143.389
-4,5/28/50,23:03,nan,nan,nan,0,0,10.15,25.167,19.392,0,0,76.822,64.357,0,26.456,120.958,0.567,33.893,36.285,78.774,153.442,0
-4,5/28/50,23:04,nan,nan,nan,0,0,43.814,174.862,76.102,0,0,28.726,135.094,0,80.364,58.321,99.68,70.481,17.951,29.176,108.774,163.432
-4,5/28/50,23:05,nan,nan,nan,0,0,138.737,0,123.42,0,0,50.447,64.538,0,62.189,80.596,91.852,97.826,57.398,53.747,54.688,219.367
-4,5/28/50,23:06,nan,nan,nan,0,0,89.162,0,130.773,0,35.65,106.622,35.356,0,49.124,65.892,178.859,154.574,66.981,208.987,194.089,173.636
-4,5/28/50,23:07,nan,nan,nan,0,0,128.119,0,19.532,0,12.285,197.675,45.512,0,75.423,119.273,142.74,53.155,40.667,53.695,146.166,164.738
-4,5/28/50,23:08,nan,nan,nan,0,0,108.855,0,13.782,0,12.083,165.328,122.822,0,26.939,0,75.38,160.634,2.793,0,108.355,189.068
-4,5/28/50,23:09,nan,nan,nan,0,0,121.462,0,123.93,0,12.358,0,0,0,0,0,193.272,140.963,0,0,129.725,236.634
-4,5/28/50,23:10,nan,nan,nan,0,0,166.818,0,62.909,0,14.827,71.158,7.916,0,0,76.442,222.536,61.588,0,0,0,191.153
-4,5/28/50,23:11,nan,nan,nan,0,0,189.727,0,68.351,45.856,36.697,246.974,0,0,112.686,151.168,23.063,125.011,0,0,0,274.873
-4,5/28/50,23:12,nan,nan,nan,0,0,120.2,0,68.874,6.602,62.544,31.837,56.948,0,90.313,63.255,42.358,119.091,0,91.368,15.664,190.09
-4,5/28/50,23:13,nan,nan,nan,0,0,133.397,0,62.756,47.544,86.311,0,0,0,202.984,104.144,29.742,90.436,98.273,26.014,54.012,262.073
-4,5/28/50,23:14,nan,nan,nan,0,0,46.92,0,31.514,47.551,32.209,7.939,14.494,0,78.614,131.743,70.369,93.135,82.289,0,61.598,87.197
-4,5/28/50,23:15,nan,nan,nan,0,0,0,0,68.559,61.477,78.852,0,0,0,79.436,94.841,62.382,172.002,85.339,0,144.981,170.628
-4,5/28/50,23:16,nan,nan,nan,0,0,0,0,0,0,0,0,54.643,0,105.788,114.001,175.407,64.622,110.6,0,14.469,129.068
-4,5/28/50,23:17,nan,nan,nan,0,0,0,0,68.295,0,0,18.689,2.651,0,128.582,80.195,0,87.56,52.138,0,6.832,196.468
-4,5/28/50,23:18,nan,nan,nan,0,0,50.386,0,34.747,37.654,0,0,40.392,0,69.86,83.406,68.085,184.189,0,0,21.993,88.26
-4,5/28/50,23:19,nan,nan,nan,0,0,141.806,0,112.349,49.24,0,0,0,0,26.814,128.314,0,127.952,0,0,0,21.816
-4,5/28/50,23:20,nan,nan,nan,0,103.747,99.488,14.256,123.806,15.685,0,0,38.848,35.781,33.975,119.461,20.324,118.548,0,0,26.282,185.927
-4,5/28/50,23:21,nan,nan,nan,0,160.457,80.985,34.146,47.231,71.982,0,0,67.504,106.462,33.582,9.578,89.495,42.33,0,0,105.539,164.599
-4,5/28/50,23:22,nan,nan,nan,0,143.177,80.82,0,40.016,0,0,0,46.319,136.596,119.792,0,197.074,134.656,0,0,43.764,103.052
-4,5/28/50,23:23,nan,nan,nan,0,177.765,27.367,0,41.521,69.465,0,0,0,81.731,144.875,63.65,36.093,29.202,0,0,0,90.089
-4,5/28/50,23:24,nan,nan,nan,0,215.948,166.429,0,58.468,169.576,0,0,50.43,56.943,57.487,0,97.98,109.478,0,0,15.865,59.567
-4,5/28/50,23:25,nan,nan,nan,0,266.838,40.818,0,55.313,184.599,0,0,105.454,225.512,120.08,0,143.357,195.808,0,0,121.057,0
-4,5/28/50,23:26,nan,nan,nan,0,50.267,196.588,0,22.955,108.159,0,0,18.604,113.027,56.319,81.361,49.324,84.376,0,0,153.62,0
-4,5/28/50,23:27,nan,nan,nan,0,0,208.185,0,31.278,69.266,0,0,0,149.655,59.362,78.651,66.713,64.508,0,0,126.178,0
-4,5/28/50,23:28,nan,nan,nan,0,37.175,22.386,0,53.939,10.653,0,0,0,150.176,60.206,78.147,161.622,40.534,0,0,49.482,0
-4,5/28/50,23:29,nan,nan,nan,0,225.153,0,0,88.141,22.764,0,0,0,185.107,115.074,58.03,185.953,64.111,0,0,62.107,0
-4,5/28/50,23:30,nan,nan,nan,0,249.216,0,0,67.971,76.891,0,0,50.329,96.422,123.215,52.517,158.915,197.606,0,0,177.359,0
-4,5/28/50,23:31,nan,nan,nan,0,214.711,0,0,100.998,0,0,0,0,60.142,100.279,0,164.358,36.833,0,0,188.415,0
-4,5/28/50,23:32,nan,nan,nan,0,204.005,123.748,0,0.37,0,0,0,0,144.788,57.151,0,137.585,28.232,0,0,135.122,0.741
-4,5/28/50,23:33,nan,nan,nan,0,118.277,43.88,0,102.935,31.666,0,0,0.147,122.641,116.968,0,128.476,21.765,0,0,63.362,183.142
-4,5/28/50,23:34,nan,nan,nan,0,96.835,133.997,0,149.041,19.538,0,0,0,0,86.062,61.425,99.549,62.95,0,0,93.012,124.537
-4,5/28/50,23:35,nan,nan,nan,0,5.965,108.782,0,235.365,33.152,0,0,0,23.609,36.655,178.904,45.993,79.861,0,0,78.696,0
-4,5/28/50,23:36,nan,nan,nan,0,69.915,128.003,0,192.324,24.088,59.856,0,83.541,102.905,112.661,53.067,104.555,103.203,0,0,194.254,0
-4,5/28/50,23:37,nan,nan,nan,95.754,163.478,118.998,0,49.955,70.581,24.672,0,78.266,42.746,99.823,58.397,104.672,111.668,0,0,47.451,42.782
-4,5/28/50,23:38,nan,nan,nan,52.7,87.432,69.123,0,162.266,21.496,19.369,0,90.274,0,69.625,67.599,0,163.02,0,0,0,122.469
-4,5/28/50,23:39,nan,nan,nan,147.44,0,75.899,0,110.389,0,0,0,94.617,58.214,228.602,0,121.124,159.12,0,0,74.149,61.463
-4,5/28/50,23:40,nan,nan,nan,82.481,0,97.014,0,0,17.929,0,0,166.559,64.151,53.647,44.131,21.59,135.175,0,0,87.38,129.848
-4,5/28/50,23:41,nan,nan,nan,67.143,0,143.737,0,0,0,0,0,143.489,246.547,0,168.628,32.431,187.636,0,0,108.78,207.464
-4,5/28/50,23:42,nan,nan,nan,6.942,65.257,86.591,0,0,0,0,0,131.464,149.966,67.254,147.844,180.346,120.428,0,0,105.881,187.354
-4,5/28/50,23:43,nan,nan,nan,21.323,155.044,114.822,0,43.833,0,0,0,113.511,25.864,13.272,126.194,166.619,116.532,0,0,0,86.43
-4,5/28/50,23:44,nan,nan,nan,37.629,152.383,64.189,0,0,22.685,0,0,24.361,0,0,321.317,80.52,168.955,0,0,102.88,110.083
-4,5/28/50,23:45,nan,nan,nan,68.582,271.766,86.343,0,99.67,0,0,0,158.679,101.114,0,101.033,120.381,62.5,0,0,156.529,38.533
-4,5/28/50,23:46,nan,nan,nan,134.062,260.082,46.318,0,27.736,0,0,0,0,153.174,61.678,142.102,169.436,0,0,0,134.251,138.274
-4,5/28/50,23:47,nan,nan,nan,71.004,82.384,33.152,0,4.014,0,0,0,98.666,111.113,153.138,70.546,114.433,0,0,0,55.663,115.08
-4,5/28/50,23:48,nan,nan,nan,77.281,18.778,17.471,0,0,0,0,0,126.075,67.433,124.493,112.684,183.337,0,0,0,0,74.582
-4,5/28/50,23:49,nan,nan,nan,144.877,0,44.966,0,76.345,0,0,0,60.744,218.152,29.405,0,111.862,0,0,0,0,30.784
-4,5/28/50,23:50,nan,nan,nan,21.187,0,133.77,0,49.986,8.141,0,0,87.769,191.996,32.392,0,128.713,0,0,0,0,148.463
-4,5/28/50,23:51,nan,nan,nan,62.614,14.83,173.519,0,118.999,48.264,0,0,0,205.386,142.977,0,60.905,0,0,0,0,154.405
-4,5/28/50,23:52,nan,nan,nan,0,78.727,115.588,0,165.597,90.584,0,0,28.603,105.306,90.24,147.782,0,0,0,0,0,270.049
-4,5/28/50,23:53,nan,nan,nan,0,258.389,27.217,0,102.809,47.35,0,0,0,125.944,138.125,219.638,21.362,0,0,0,0,209.625
-4,5/28/50,23:54,nan,nan,nan,0,150.217,159.142,0,35.14,0,0,0,0,0,111.286,73.793,223.581,0,0,0,0,258.025
-4,5/28/50,23:55,nan,nan,nan,0,50.803,72.406,0,28.317,10.174,0,0,0,0,151.06,100.625,196.203,0,0,0,0,164.846
-4,5/28/50,23:56,nan,nan,nan,0,76.323,67.853,0,81.631,61.789,0,0,0,0,166.343,22.344,89.877,0,0,0,0,254.967
-4,5/28/50,23:57,nan,nan,nan,0,14.982,101.206,0,77.902,86.815,0,0,0,0,131.544,105.14,109.724,0,0,0,0,44.458
-4,5/28/50,23:58,nan,nan,nan,1.778,0,87.744,0,4.702,67.887,0,0,15.08,0,39.597,61.233,168.22,0,0,0,0,71.592
-4,5/28/50,23:59,nan,nan,nan,127.481,188.414,22.722,0,8.201,0,0,0,0,0,0,94.581,46.512,0,0,0,0,70.596
-4,5/29/50,0:00,nan,nan,nan,235.169,107.701,40.158,0,50.77,0,0,0,0,0,0,103.289,76.39,0,0,0,0,69.837
-4,5/29/50,0:01,nan,nan,nan,109.188,0,0,0,0,0,0,0,0,0,0,6.961,82.072,0,0,0,0,124.349
-4,5/29/50,0:02,nan,nan,nan,165.636,172.229,0,0,24.97,38.364,0,0,0,0,0,34.542,20.715,0,0,0,0,171.132
-4,5/29/50,0:03,nan,nan,nan,0,77.596,0,0,0,149.161,0,0,0,0,47.748,141.713,21.085,0,0,0,0,134.23
-4,5/29/50,0:04,nan,nan,nan,0,26.851,0,0,0,41.548,0,0,0,0,176.826,73.453,0,0,0,0,0,0
-4,5/29/50,0:05,nan,nan,nan,189.741,31.097,0,0,0,112.651,0,0,0,0,80.284,99.436,34.707,0,0,0,0,70.159
-4,5/29/50,0:06,nan,nan,nan,78.23,118.908,0,0,0,18.71,0,0,0,0,171.487,69.153,142.554,0,0,0,0,147.053
-4,5/29/50,0:07,nan,nan,nan,13.909,122.939,0,0,0,39.945,36.145,0,56.702,0,93.81,180.278,215.966,0,0,0,0,286.344
-4,5/29/50,0:08,nan,nan,nan,0,0,0,0,0,54.364,17.774,0,110.305,0,101.063,111.326,151.065,0,0,0,0,183.672
-4,5/29/50,0:09,nan,nan,nan,0,0,0,0,0,96.619,11.935,0,19.041,0,94.579,43.574,180.378,0,0,0,0,7.121
-4,5/29/50,0:10,nan,nan,nan,107.93,0,0,0,0,124.922,9.952,0,0,0,108.215,39.076,191.251,0,72.495,0,0,0
-4,5/29/50,0:11,nan,nan,nan,71.751,0,0,0,0,84.975,17.07,0,0,0,45.192,113.241,145.664,0,202.156,0,0,0
-4,5/29/50,0:12,nan,nan,nan,144.966,0,0,0,0,18.03,13.001,0,0,0,179.336,108.398,134.17,0,104.888,0,0,0
-4,5/29/50,0:13,nan,nan,nan,74.632,0,0,154.088,126.344,0,77.003,0,0,0,142.054,139.498,209.715,0,36.141,0,0,0
-4,5/29/50,0:14,nan,nan,nan,110.9,0,0,118.669,61.851,0,12.563,60.594,0,0,22.983,76.835,163.761,0,36.022,0,0,0
-4,5/29/50,0:15,nan,nan,nan,17.541,0,0,153.837,26.581,0,33.338,86.624,0,0,91.674,141.23,170.418,0,124.94,0,0,0
-4,5/29/50,0:16,nan,nan,nan,0,0,0,79.237,22.769,0,8.363,2.416,0,0,100.297,121.354,169.366,0,63.678,0,0,0
-4,5/29/50,0:17,nan,nan,nan,0,98.054,0,119.109,181.729,0,173.408,106.558,0,0,80.052,140.144,141.396,0,204.649,0,0,0
-4,5/29/50,0:18,nan,nan,nan,0,121.811,0,162.284,68.155,0,75.459,66.139,0,0,93.624,28.996,98.952,0,87.81,0,0,0
-4,5/29/50,0:19,nan,nan,nan,0,155.652,0,100.373,0,0,9.83,71.299,0,0,150.757,32.415,96.848,0,0,0,14.456,0
-4,5/29/50,0:20,nan,nan,nan,125.859,0,0,118.648,160.449,0,0,81.615,0,0,161.995,38.599,107.696,0,0,0,105.657,0
-4,5/29/50,0:21,nan,nan,nan,195.85,155.147,0,17.409,17.182,0,20.999,103.246,0,0,44.892,134.904,122.101,0,9.921,0,116.948,0
-4,5/29/50,0:22,nan,nan,nan,8.815,113.22,0,10.294,120.501,0,129.73,91.953,0,0,103.951,132.528,184.984,0,81.569,0,91.936,0
-4,5/29/50,0:23,nan,nan,nan,0,88.015,0,82.056,150.179,0,203.55,58.754,0,0,89.615,110.975,139.092,0,106.378,0,87.09,0
-4,5/29/50,0:24,nan,nan,nan,145.766,0,0,52.042,130.439,0,13.123,27.199,0,0,89.723,137.115,165.557,0,169.437,0,169.844,0
-4,5/29/50,0:25,nan,nan,nan,109.514,0,0,100.914,21.978,0,6.875,161.286,0,0,133.644,15.353,125.766,0,121.925,0,101.694,0
-4,5/29/50,0:26,nan,nan,nan,64.278,0,0,99.44,193.419,0,22.565,116.172,0,0,33.121,87.737,60.392,0,209.128,0,160.855,94.868
-4,5/29/50,0:27,nan,nan,nan,108.308,0,0,85.924,85.581,0,53.851,168.038,0,0,49.369,60.387,64.583,0,0,0,61.799,113.782
-4,5/29/50,0:28,nan,nan,nan,9.853,0,0,39.245,28.507,0,0,83.123,0,0,79.669,0,114.251,0,27.33,46.927,146.743,200.695
-4,5/29/50,0:29,nan,nan,nan,141.277,0,0,69.736,2.325,0,0,0,0,0,62.983,0,192.31,0,0,80.271,41.404,57.215
-4,5/29/50,0:30,nan,nan,nan,0,0,0,89.354,0,0,67.385,0,0,0,122.304,0,140.133,0,0,75.289,37.426,100.539
-4,5/29/50,0:31,nan,nan,nan,0,0,0,52.831,69.087,0,5.079,25.752,0,0,85.342,0,102.064,0,0,115.673,78.381,135.69
-4,5/29/50,0:32,nan,nan,nan,0,0,0,116.508,16.329,0,127.658,61.998,0,0,108.969,0,186.012,0,105.805,134.067,0,152.621
-4,5/29/50,0:33,nan,nan,nan,129.252,0,0,6.698,16.532,0,23.312,93.818,0,0,96.501,59.079,201.44,0,27.033,60.117,0,155.002
-4,5/29/50,0:34,nan,nan,nan,26.899,0,0,31.008,0,0,153.049,69.126,0,0,121.627,200.428,214.113,0,0,53.487,85.159,154.839
-4,5/29/50,0:35,nan,nan,nan,20.988,0,0,38.333,0,0,84.467,68.427,0,0,167.873,194.595,179.542,0,52.395,30.368,0,183.262
-4,5/29/50,0:36,nan,nan,nan,40.922,76.661,0,1.16,0,0,71.713,0,0,0,128.697,112.933,124.104,0,98.528,21.781,0,128.994
-4,5/29/50,0:37,nan,nan,nan,2.506,68.749,0,175.772,0,0,41.024,0,0,0,133.786,159.155,20.004,0,71.576,65.167,29.135,100.59
-4,5/29/50,0:38,nan,nan,nan,109.587,0,0,131.439,0,0,0,31.172,0,0,199.358,234.463,27.637,0,23.649,0,0,34.731
-4,5/29/50,0:39,nan,nan,nan,111.236,0,0,143.288,122.635,0,0,39.386,0,0,8.44,156.211,192.876,0,73.058,0,0,10.776
-4,5/29/50,0:40,nan,nan,nan,84.701,0,0,146.07,104.914,0,0,0,0,0,0,166.886,205.354,0,10.401,0,0,0
-4,5/29/50,0:41,nan,nan,nan,69.885,0,0,113.276,0,0,57.941,0,0,0,155.546,80.915,152.666,0,0,0,0,40.582
-4,5/29/50,0:42,nan,nan,nan,247.978,0,0,120.769,0,0,10.435,0,0,0,25.358,0,122.598,0,0,0,0,251.905
-4,5/29/50,0:43,nan,nan,nan,186.896,0,0,17.567,0,0,6.228,0,0,0,28.082,0,136.757,0,88.991,63.273,0,180.501
-4,5/29/50,0:44,nan,nan,nan,32.511,0,0,85.469,0,0,6.092,0,0,0,53.294,0,89.467,0,68.539,93.228,0,115.678
-4,5/29/50,0:45,nan,nan,nan,44.774,0,0,85.673,0,0,6.846,0,0,0,118.747,0,0.271,0,156.226,150.756,0,104.404
-4,5/29/50,0:46,nan,nan,nan,191.026,0,0,85.607,0,0,8.614,56.255,0,0,199.143,0,119.321,0,24.602,66.61,0,157.287
-4,5/29/50,0:47,nan,nan,nan,45.832,0,0,0,0,0,11.118,130.895,0,0,27.389,0,10.14,0,5.276,77.737,0,117.173
-4,5/29/50,0:48,nan,nan,nan,101.827,0,0,0,0,0,7.33,56.223,0,0,95.001,0,120.792,0,0,55.071,0,166.325
-4,5/29/50,0:49,nan,nan,nan,50.802,0,0,0,0,0,7.21,36.77,0,0,141.666,0,144.897,0,0,214.609,0,164.688
-4,5/29/50,0:50,nan,nan,nan,0,0,0,0,0,0,13.043,10.904,0,0,26.577,0,200.657,0,0,151.216,0,19.126
-4,5/29/50,0:51,nan,nan,nan,0,0,0,97.118,0,0,68.233,30.854,0,0,114.118,0,189.907,0,0,158.406,0,336.376
-4,5/29/50,0:52,nan,nan,nan,0,0,0,120.985,0,0,174.281,0,0,0,96.294,0,129.209,0,89.201,153.098,0,256.33
-4,5/29/50,0:53,nan,nan,nan,0,0,0,175.552,0,0,125.383,0,0,0,116.13,0,220.25,0,99.397,114.795,0,84.24
-4,5/29/50,0:54,nan,nan,nan,51.774,0,0,205.53,0,0,0,0,0,0,157.444,0,85.815,0,12.3,216.44,0,119.28
-4,5/29/50,0:55,nan,nan,nan,28.774,0,0,34.289,0,0,0,0,0,0,95.953,0,109.093,0,93.485,73.012,0,108.9
-4,5/29/50,0:56,nan,nan,nan,57.081,0,0,134.456,0,0,19.755,35.002,0,0,19.884,0,150.23,0,197.865,0,0,124.799
-4,5/29/50,0:57,nan,nan,nan,137.281,0,0,122.612,0,0,0,82.561,0,0,45.162,0,168.987,0,263.467,0,0,45.175
-4,5/29/50,0:58,nan,nan,nan,101.34,0,0,116.871,29.828,0,0,118.116,0,0,20.435,0,156.228,0,123.667,55.884,0,72.231
-4,5/29/50,0:59,nan,nan,nan,242.833,0,0,96.037,62.293,0,43.385,174.17,0,0,102.791,0,170.604,0,87.854,98.916,0,0
-4,5/29/50,1:00,nan,nan,nan,91.681,0,0,0,173.016,0,13.397,70.552,0,0,108.747,0,61.01,0,158.979,68.202,0,203.221
-4,5/29/50,1:01,nan,nan,nan,41.486,0,0,2.883,88.914,0,12.423,99.327,0,0,77.352,0,144.177,0,195.944,18.816,0,168.564
-4,5/29/50,1:02,nan,nan,nan,100.195,0,0,123.434,159.798,0,8,134.901,0,0,117.141,0,185.506,0,48.435,96.313,0,134.336
-4,5/29/50,1:03,nan,nan,nan,48.925,0,0,156.323,176.41,0,13.133,19.16,0,0,70.029,0,202.697,0,0,0,0,180.472
-4,5/29/50,1:04,nan,nan,nan,100.759,0,0,94.982,131.939,0,23.536,12.421,0,0,101.593,0,96.788,0,0,128.189,0,34.276
-4,5/29/50,1:05,nan,nan,nan,32.548,0,0,21.566,0,0,149.344,18.452,0,0,128.336,0,161.238,0,0,56.332,0,169.055
-4,5/29/50,1:06,nan,nan,nan,0,0,0,0,36.295,0,0,85.957,0,0,165.169,0,137.123,0,0,0,0,117.295
-4,5/29/50,1:07,nan,nan,nan,105.579,0,0,0,206.44,0,40.874,127.66,0,0,47.266,0,148.127,173.866,151.285,0,0,145.581
-4,5/29/50,1:08,nan,nan,nan,72.562,0,0,0,45.779,0,42.852,1.487,0,0,102.703,0,95.663,172.288,249.394,0,0,249.968
-4,5/29/50,1:09,nan,nan,nan,0,0,0,0,0,0,0,87.979,0,0,1.886,0,109.383,211.106,203.591,0,0,251.989
-4,5/29/50,1:10,nan,nan,nan,27.839,0,0,0,0,0,0,78.831,0,0,19.854,0,0,155.639,230.162,12.983,0,226.962
-4,5/29/50,1:11,nan,nan,nan,0,0,0,0,30.034,0,0,155.049,0,0,0,0,0,103.147,112.73,95.629,0,92.682
-4,5/29/50,1:12,nan,nan,nan,0,0,0,0,0,0,0,0,0,0,64.939,0,0,202.183,127.123,45.577,0,134.313
-4,5/29/50,1:13,nan,nan,nan,0,0,0,0,82.036,0,0,0,0,0,52.207,0,0,51.89,120.487,36.951,0,0
-4,5/29/50,1:14,nan,nan,nan,0,0,0,0,94.631,0,0,0,0,0,73.817,0,0,123.317,21.014,53.426,0,91.292
-4,5/29/50,1:15,nan,nan,nan,88.886,0,0,0,0,0,0,0,0,0,78.578,0,44.148,188.546,37.071,224.207,0,51.211
-4,5/29/50,1:16,nan,nan,nan,0,0,164.901,0,0,0,0,0,0,0,51.009,0,154.987,40.498,49.393,249.856,0,0
-4,5/29/50,1:17,nan,nan,nan,170.715,0,169.202,0,11.195,0,0,0,0,0,115.984,0,0,82.85,90.818,120.675,0,147.218
-4,5/29/50,1:18,nan,nan,nan,128.304,0,63.349,0,22.575,0,0,0,0,200.658,42.655,0,0,18.895,83.61,32.928,0,41.853
-4,5/29/50,1:19,nan,nan,nan,8.536,0,154.056,0,6.869,0,0,0,0,76.535,103.505,0,0,17.843,98.371,0,0,0
-4,5/29/50,1:20,nan,nan,nan,14.342,0,37.516,0,59.288,0,0,0,0,1.865,49.501,0,0,70.727,53.767,0,0,0
-4,5/29/50,1:21,nan,nan,nan,151.51,0,171.237,0,14.656,0,0,0,0,145.183,19.948,0,6.115,116.298,64.099,0,0,0
-4,5/29/50,1:22,nan,nan,nan,127.353,0,162.721,0,26.426,0,1.15,0,0,156.825,0,0,70.43,215.565,0,0,0,0
-4,5/29/50,1:23,nan,nan,nan,73.148,0,110.907,0,18.184,0,76.399,0,0,143.032,103.19,0,0,115.169,0,0,0,0
-4,5/29/50,1:24,nan,nan,nan,101.602,0,0,0,30.915,0,0,0,0,89.22,107.49,0,63.915,119.366,101.495,0,0,0
-4,5/29/50,1:25,nan,nan,nan,266.449,0,0,0,18.603,0,0,0,0,69.616,48.203,0,157.019,27.788,194.445,0,0,0
-4,5/29/50,1:26,nan,nan,nan,117.242,0,0,0,99.835,0,0,0,0,79.985,59.755,0,98.301,22.906,118.251,0,0,0
-4,5/29/50,1:27,nan,nan,nan,83.219,0,0,0,108.745,0,0,0,0,0,76.145,0,109.778,185.219,0,0,0,0
-4,5/29/50,1:28,nan,nan,nan,85.69,0,208.332,0,123.17,0,0,0,0,0,76.361,0,173.763,173.418,25.873,0,0,0
-4,5/29/50,1:29,nan,nan,nan,108.547,0,80.936,0,16.838,0,0,0,0,0,158.603,0,175.822,166.258,115.723,0,0,0
-4,5/29/50,1:30,nan,nan,nan,0,0,94.056,0,127.696,0,0,0,0,5.593,57.512,0,218.718,69.502,126.754,0,0,0
-4,5/29/50,1:31,nan,nan,nan,154.891,0,52.275,0,118.373,0,0,0,0,145.794,0,0,141.013,25.294,55.645,0,0,0
-4,5/29/50,1:32,nan,nan,nan,0,0,191.267,0,103.762,0,0,0,0,203.72,0,0,208.554,204.94,160.175,0,0,0
-4,5/29/50,1:33,nan,nan,nan,0,0,105.1,0,220.567,0,0,0,0,111.027,0,0,131.775,135.713,41.48,0,0,0
-4,5/29/50,1:34,nan,nan,nan,0,0,36.861,0,69.345,0,0,0,0,58.353,75.47,0,179.538,162.535,0,0,0,0
-4,5/29/50,1:35,nan,nan,nan,138.529,0,34.074,0,25.745,0,0,0,0,153.505,114.71,0,58.024,38.986,0,0,0,0
-4,5/29/50,1:36,nan,nan,nan,156.599,0,54.834,0,42.259,0,0,0,0,147.193,105.356,0,136.254,3.569,0,0,0,0
-4,5/29/50,1:37,nan,nan,nan,21.646,0,114.956,0,17.091,0,0,0,0,123.242,42.623,0,131.626,115.891,0,0,0,0
-4,5/29/50,1:38,nan,nan,nan,32.264,0,124.827,0,50.377,0,0,0,85.801,20.438,31.475,0,0,200.914,0,0,0,0
-4,5/29/50,1:39,nan,nan,nan,27.813,0,0,0,58.977,96.434,0,0,136.193,0,41.788,0,110.158,63.126,0,0,0,0
-4,5/29/50,1:40,nan,nan,nan,4.076,0,0,0,97.088,106.07,0,0,207.914,0,0,0,125.573,0.546,0,0,0,0
-4,5/29/50,1:41,nan,nan,nan,0,0,66.922,0,72.959,0,0,0,0,112.26,0,0,48.929,169.583,0,0,0,0
-4,5/29/50,1:42,nan,nan,nan,0,192.786,91.159,0,25.24,0,0,0,0,191.531,0,0,285.231,185.49,0,0,0,0
-4,5/29/50,1:43,nan,nan,nan,0,149.949,164.868,0,17.551,39.197,0,0,0,56.352,0,0,157.54,69.66,0,0,0,0
-4,5/29/50,1:44,nan,nan,nan,0,201.513,117.094,0,13.28,1.301,0,0,0,18.647,0,0,23.288,15.56,0,0,0,0
-4,5/29/50,1:45,nan,nan,nan,154.648,105.735,72.205,0,19.255,80.333,0,0,59.043,0,0,0,201.408,88.751,0,0,0,0
-4,5/29/50,1:46,nan,nan,nan,43.381,209.574,24.587,0,91.576,18.916,0,0,86.239,83.434,0,0,56.768,159.499,0,0,0,0
-4,5/29/50,1:47,nan,nan,nan,128.967,153.643,0,0,101.866,0,0,0,76.923,28.198,0,0,0,25.915,0,0,0,0
-4,5/29/50,1:48,nan,nan,nan,0,171.199,0,0,135.943,0,0,0,112.12,109.065,0,0,0,0,0,0,0,0
-4,5/29/50,1:49,nan,nan,nan,0,125.781,0,0,159.609,17.288,0,0,0,194.477,0,0,0,23.396,0,0,0,0
-4,5/29/50,1:50,nan,nan,nan,0,79.062,0,0,138.482,0,0,0,61.508,192.234,0,0,0,160.445,0,0,0,0
-4,5/29/50,1:51,nan,nan,nan,0,141.068,87.114,0,196.798,109.148,0,0,0,34.353,0,0,0,55.39,0,0,0,0
-4,5/29/50,1:52,nan,nan,nan,0,50.815,104.458,0,85.842,248.455,0,0,0,22.713,0,0,0,46.479,0,0,0,0
-4,5/29/50,1:53,nan,nan,nan,0,100.699,0,0,65.443,0,0,0,0,86.042,0,0,0,31.339,0,0,0,0
-4,5/29/50,1:54,nan,nan,nan,0,11.5,0,0,79.191,16.445,0,0,82.398,0,0,0,0,18.202,0,0,0,0
-4,5/29/50,1:55,nan,nan,nan,0,67.294,0,0,0,0,0,0,71.699,52.546,0,0,0,83.97,0,0,0,0
-4,5/29/50,1:56,nan,nan,nan,38.002,0,40.911,0,0,0,0,0,135.461,83.196,0,0,0,146.304,0,0,129.376,0
-4,5/29/50,1:57,nan,nan,nan,0,172.902,58.473,0,0,0,0,0,102.792,101.867,0,0,0,87.178,0,0,169.893,0
-4,5/29/50,1:58,nan,nan,nan,0,311.442,100.705,0,72.056,0,0,0,25.168,120.043,133.06,0,0,126.783,0,0,83.651,0
-4,5/29/50,1:59,nan,nan,nan,97.396,252.11,86.469,0,35.84,0,0,0,92.624,167.629,106.567,0,0,152.859,0,0,75.689,0
-4,5/29/50,2:00,nan,nan,nan,212.58,288.291,107.91,141.727,8.764,0,0,0,25.402,124.484,69.879,0,0,180.524,0,0,75.054,0
-4,5/29/50,2:01,nan,nan,nan,81.425,149.912,103.609,57.312,67.294,0,0,0,101.679,0,98.271,0,0,135.382,0,0,116.409,0
-4,5/29/50,2:02,nan,nan,nan,0,98.014,105.212,55.5,98.507,0,0,0,29.165,37.037,7.291,0,0,88.015,0,0,53.743,0
-4,5/29/50,2:03,nan,nan,nan,0,92.931,20.429,106.733,0,0,0,0,44.802,183.126,23.918,0,0,107.472,0,0,0,0
-4,5/29/50,2:04,nan,nan,nan,35.471,10.77,101.99,183.865,11.478,0,0,0,78.094,99.353,41.93,0,0,137.326,0,0,0,0
-4,5/29/50,2:05,nan,nan,nan,0,34.934,200.567,129.965,76.444,0,0,0,39.947,53.823,10.808,0,0,120.403,0,0,0,0
-4,5/29/50,2:06,nan,nan,nan,0,0,59.831,0,3.234,0,0,0,15.268,45.439,97.261,0,0,75.877,0,0,0,0
-4,5/29/50,2:07,nan,nan,nan,0,0,64.868,37.961,10.256,0,0,0,51.493,0,43.853,0,0,87.247,0,0,95.37,0
-4,5/29/50,2:08,nan,nan,nan,23.55,124.284,57.852,0,61.996,0,0,0,14.516,0,65.733,0,0,86.927,0,0,101.728,0
-4,5/29/50,2:09,nan,nan,nan,135.35,102.681,0,0,13.508,0,0,0,0,0,36.828,0,0,12.155,0,0,140.165,0
-4,5/29/50,2:10,nan,nan,nan,1.242,97.725,19.821,0,68.479,0,0,0,29.229,0,0,0,0,92.893,0,0,162.76,0
-4,5/29/50,2:11,nan,nan,nan,82.08,80.587,106.376,21.985,13.708,0,0,0,37.135,0,0,0,0,159.961,0,0,172.172,0
-4,5/29/50,2:12,nan,nan,nan,35.725,0,83.181,195.588,43.202,0,0,118.776,6.529,0,60.694,0,0,109.733,0,0,74.464,0
-4,5/29/50,2:13,nan,nan,nan,78.113,18.018,39.339,5.157,43.742,0,0,105.526,1.193,0,33.717,0,0,92.308,0,0,91.581,0
-4,5/29/50,2:14,nan,nan,nan,15.782,0,6.427,59.029,38.395,0,0,51,8.564,0,112.11,0,0,0,0,0,125.737,0
-4,5/29/50,2:15,nan,nan,nan,29.341,0,130.569,72.546,82.785,0,0,96.777,0,0,148.374,0,0,100.347,0,0,0,0
-4,5/29/50,2:16,nan,nan,nan,53.96,76.091,165.069,43.215,71.519,0,0,141.97,39.203,0,0,0,0,179.157,0,0,89.415,0
-4,5/29/50,2:17,nan,nan,nan,231.691,253.476,30.2,98.637,47.27,0,0,151.416,64.867,0,56.342,0,0,12.692,0,0,86.787,0
-4,5/29/50,2:18,nan,nan,nan,153.776,224.303,72.07,32.847,23.065,0,44.839,76.056,60.803,0,111.608,0,0,59.058,0,0,4.637,0
-4,5/29/50,2:19,nan,nan,nan,0,182.88,0,193.113,10.467,0,12.611,83.745,47.377,0,31.74,0,0,0,0,0,106.597,0
-4,5/29/50,2:20,nan,nan,nan,0,146.545,0,0,102.291,0,11.191,226.366,145.502,0,75.347,0,0,0,0,0,102.465,0
-4,5/29/50,2:21,nan,nan,nan,0,145.041,0,2.875,49.169,0,11.04,11.293,20.047,0,46.165,0,0,0,0,0,69.222,0
-4,5/29/50,2:22,nan,nan,nan,70.657,218.159,0,147.911,0,0,10.544,39.262,0,0,14.045,0,0,0,0,38.482,24.235,0
-4,5/29/50,2:23,nan,nan,nan,104.409,87.388,0,68.5,0,0,9.224,51.662,0,0,0,0,0,0,0,109.891,22.547,0
-4,5/29/50,2:24,nan,nan,nan,87.584,88.923,0,22.472,32.999,0,8.79,0,0,0,0,0,0,0,0,40.596,85.054,0
-4,5/29/50,2:25,nan,nan,nan,96.854,187.165,0,84.151,108.286,0,11.744,0,0,0,0,0,0,0,0,16.333,50.123,0
-4,5/29/50,2:26,nan,nan,nan,0,230.802,0,129.77,65.855,0,22.666,0,17.845,0,0,0,0,0,0,88.57,42.745,0
-4,5/29/50,2:27,nan,nan,nan,63.36,126.26,0,6.475,9.56,0,54.529,0,0,0,0,0,0,0,0,189.515,100.117,0
-4,5/29/50,2:28,nan,nan,nan,41.742,159.217,0,33.592,47.161,0,21.967,53.055,0,0,0,0,0,0,0,76.994,136.703,0
-4,5/29/50,2:29,nan,nan,nan,6.674,176.02,0,40.413,0,0,16.405,63.815,0,0,0,0,0,0,0,54.995,179.522,0
-4,5/29/50,2:30,nan,nan,nan,186.381,63.586,0,7.373,0,0,82.823,0,0,0,0,0,0,0,0,55.33,81.236,0
-4,5/29/50,2:31,nan,nan,nan,189.477,144.241,0,21.125,0,0,95.868,0,0,0,0,0,0,0,0,84.357,39.811,0
-4,5/29/50,2:32,nan,nan,nan,210.658,70.456,0,11.828,0,0,72.297,0,0,0,0,0,0,0,0,74.807,114.502,0
-4,5/29/50,2:33,nan,nan,nan,196.035,0,0,87.024,0,0,18.369,0,0,0,0,0,179.485,0,0,69.605,115.868,0
-4,5/29/50,2:34,nan,nan,nan,93.31,0,0,14.759,0,0,50.033,0,0,0,0,0,216.003,0,0,0,80.42,0
-4,5/29/50,2:35,nan,nan,nan,153.078,0,0,0,0,0,13.875,0,0,0,0,153.866,163.772,0,0,0,6.179,0
-4,5/29/50,2:36,nan,nan,nan,49.107,0,0,0,0,0,44.693,0,0,0,0,248.227,172.914,0,0,0,0,0
-4,5/29/50,2:37,nan,nan,nan,0,0,0,0,0,0,7.306,0,0,0,0,196.899,200.896,0,0,0,0,0
-4,5/29/50,2:38,nan,nan,nan,0,0,0,0,0,0,17.133,0,0,0,0,145.022,228.934,0,0,0,147.011,0
-4,5/29/50,2:39,nan,nan,nan,0,0,0,0,0,0,111.051,0,0,0,0,162.785,100.329,0,0,36.408,66.276,119.008
-4,5/29/50,2:40,nan,nan,nan,0,0,0,0,0,0,100.555,0,0,0,0,173.014,185.458,0,0,78.465,138.122,93.551
-4,5/29/50,2:41,nan,nan,nan,76.294,0,0,0,0,0,0,61.896,0,0,0,219.245,126.723,0,0,78.475,136.584,212.038
-4,5/29/50,2:42,nan,nan,nan,0,0,0,0,0,0,48.391,146.055,0,0,0,117.931,123.176,0,0,90.389,131.523,129.731
-4,5/29/50,2:43,nan,nan,nan,0,0,0,0,0,0,161.936,0,0,0,0,62.73,94.077,0,0,102.647,120.655,117.799
-4,5/29/50,2:44,nan,nan,nan,0,0,0,0,0,0,82.851,0,0,0,0,149.391,66.601,0,0,31.121,84.455,232.656
-4,5/29/50,2:45,nan,nan,nan,0,0,0,0,0,0,152.622,0,0,0,0,141.598,50.706,0,0,27.061,77.896,326.282
-4,5/29/50,2:46,nan,nan,nan,0,0,0,0,0,0,21.458,0,0,0,0,0,91.08,0,0,42.007,137.519,273.09
-4,5/29/50,2:47,nan,nan,nan,0,0,0,0,0,0,25.493,0,0,0,0,105.311,165.205,0,0,126.858,149.911,190.945
-4,5/29/50,2:48,nan,nan,nan,0,0,0,0,0,0,28.057,0,0,0,0,208.957,176.675,0,0,41.641,175.273,91.248
-4,5/29/50,2:49,nan,nan,nan,0,0,0,0,0,0,0,0,0,0,0,258.452,114.498,0,0,85.795,172.763,147.942
-4,5/29/50,2:50,nan,nan,nan,0,0,0,0,0,0,0,0,0,0,0,68.212,135.799,0,0,67.129,20.434,0
-4,5/29/50,2:51,nan,nan,nan,0,0,0,0,33.313,0,0,0,0,0,0,0,0,0,0,70.565,57.786,0
-4,5/29/50,2:52,nan,nan,nan,0,0,0,0,39.691,0,57.377,0,0,0,0,0,0,0,0,23.923,84.138,0
-4,5/29/50,2:53,nan,nan,nan,0,0,0,0,126.882,0,0,0,0,0,0,35.764,47.751,0,0,0,27.937,93.916
-4,5/29/50,2:54,nan,nan,nan,0,0,0,0,82.038,0,104.406,0,0,0,0,0,182.67,0,0,0,0,170.36
-4,5/29/50,2:55,nan,nan,nan,0,0,0,0,126.4,0,129.502,0,0,0,0,0,0,0,0,0,0,166.676
-4,5/29/50,2:56,nan,nan,nan,0,0,0,0,15.296,0,0,0,0,0,0,0,0,0,0,0,0,236.353
-4,5/29/50,2:57,nan,nan,nan,0,0,0,0,12.56,0,0,0,0,0,0,1.655,0,0,0,1.655,0,48.172
-4,5/29/50,2:58,nan,nan,nan,0,76.044,0,0,126.444,0,0,0,0,0,0,136.952,0,0,0,44.3,0,0
-4,5/29/50,2:59,nan,nan,nan,0,49.538,0,0,116.653,0,0,0,0,0,0,148.627,0,0,0,33.196,0,87.754
-4,5/29/50,3:00,nan,nan,nan,0,225.043,0,0,39.488,0,0,0,0,0,0,21.642,0,0,0,0,0,185.948
-4,5/29/50,3:01,nan,nan,nan,0,142.753,0,0,0,0,0,0,0,0,0,143.162,0,0,0,0,0,209.762
-4,5/29/50,3:02,nan,nan,nan,0,191.711,0,0,25.489,0,0,0,0,0,0,97.773,0,0,0,0,0,310.926
-4,5/29/50,3:03,nan,nan,nan,0,197.273,0,0,7.569,0,0,0,31.389,0,0,30.102,0,0,0,0,0,242.986
-4,5/29/50,3:04,nan,nan,nan,0,92.208,0,0,49.033,0,0,0,113.714,0,0,125.426,0,0,0,0,0,93.864
-4,5/29/50,3:05,nan,nan,nan,0,142.596,0,0,0,0,0,0,0,0,0,157.457,0,0,0,0,0,199.994
-4,5/29/50,3:06,nan,nan,nan,0,178.05,0,0,0,0,0,0,0,0,0,138.957,0,0,0,0,0,47.057
-4,5/29/50,3:07,nan,nan,nan,0,5.967,0,0,0,0,0,0,0,0,0,22.557,0,0,0,0,0,172.385
-4,5/29/50,3:08,nan,nan,nan,0,71.524,0,0,0,0,0,0,0,0,0,120.004,0,0,0,0,0,11.469
-4,5/29/50,3:09,nan,nan,nan,0,20.538,0,0,0,0,0,0,0,0,0,90.135,0,0,0,0,0,15.991
-4,5/29/50,3:10,nan,nan,nan,0,180.446,0,0,0,0,0,0,0,0,0,82.275,0,0,0,0,0,40.644
-4,5/29/50,3:11,nan,nan,nan,0,76.684,0,0,0,0,0,0,0,0,0,141.267,0,0,0,0,0,102.188
-4,5/29/50,3:12,nan,nan,nan,0,0,0,0,0,0,0,0,0,0,0,87.579,0,0,0,0,0,34.455
-4,5/29/50,3:13,nan,nan,nan,0,38.929,0,0,0,0,0,0,0,0,0,0,0,0,0,0,0,0
-4,5/29/50,3:14,nan,nan,nan,0,187.848,0,0,0,0,0,0,0,0,0,0,0,0,0,0,0,0
-4,5/29/50,3:15,nan,nan,nan,0,103.339,0,0,0,0,0,0,0,0,0,13.129,0,0,0,0,0,0
-4,5/29/50,3:16,nan,nan,nan,0,77.44,0,0,0,0,0,0,0,0,0,102.744,0,0,0,0,42.415,0
-4,5/29/50,3:17,nan,nan,nan,0,53.581,0,0,0,0,0,0,0,0,0,95.994,0,0,0,0,119.568,0
-4,5/29/50,3:18,nan,nan,nan,0,75.254,0,0,0,0,0,0,0,0,0,159.69,0,0,0,0,127.561,96.006
-4,5/29/50,3:19,nan,nan,nan,0,145.636,0,0,0,0,0,0,0,0,0,67.831,0,0,0,0,123.716,205.427
-4,5/29/50,3:20,nan,nan,nan,0,0,0,0,0,0,0,0,0,0,0,69.999,122.093,0,0,0,180.536,39.532
-4,5/29/50,3:21,nan,nan,nan,0,14.187,0,0,0,71.018,0,0,0,0,0,108.77,86.814,0,0,0,31.358,143.543
-4,5/29/50,3:22,nan,nan,nan,0,0,0,0,0,27.675,0,1.85,0,0,0,105.138,171.244,0,0,0,89.551,290.684
-4,5/29/50,3:23,nan,nan,nan,0,0,0,0,0,0,0,163.03,0,0,0,154.487,231.694,0,0,0,126.483,143.153
-4,5/29/50,3:24,nan,nan,nan,0,0,0,0,14.642,0,0,132.814,0,0,0,70.533,206.906,0,0,0,123.801,13.71
-4,5/29/50,3:25,nan,nan,nan,0,0,0,0,0,32.573,0,82.642,0,0,0,20.994,136.907,0,0,0,0,49.462
-4,5/29/50,3:26,nan,nan,nan,0,0,0,0,0,64.256,0,82.967,0,0,35.179,32.591,161.699,0,0,0,16.648,199.505
-4,5/29/50,3:27,nan,nan,nan,0,0,0,0,0,102.308,0,93.438,0,0,181.181,55.094,190.919,0,0,0,0,87.655
-4,5/29/50,3:28,nan,nan,nan,0,0,0,0,0,102.096,0,134.197,0,0,105.487,24.071,223.217,0,0,0,104.283,0
-4,5/29/50,3:29,nan,nan,nan,0,0,0,0,0,185.888,0,0,0,0,65.553,95.137,44.546,0,0,0,58.085,0
-4,5/29/50,3:30,nan,nan,nan,0,0,16.584,0,0,3.983,0,0,0,0,128.453,121.988,178.041,0,0,0,0,0
-4,5/29/50,3:31,nan,nan,nan,0,0,141.537,56.774,0,93.026,0,0,0,0,35.061,74.274,76.339,0,0,0,0,0
-4,5/29/50,3:32,nan,nan,nan,0,0,142.006,117.807,0,0,0,0,0,0,105.711,13.051,40.592,0,0,0,20.603,41.667
-4,5/29/50,3:33,nan,nan,nan,0,156.527,181.606,124.815,0,0,27.97,0,0,0,0,27.488,0,0,139.925,0,165.912,71.369
-4,5/29/50,3:34,nan,nan,nan,0,148.31,184.211,174.241,0,16.156,0,127.931,0,0,50.352,121.326,78.126,0,101.802,0,135.386,85.829
-4,5/29/50,3:35,nan,nan,nan,0,55.55,86.63,129.113,0,19.225,0,39.54,0,0,1.915,62.77,50.459,0,0,0,46.838,84.022
-4,5/29/50,3:36,nan,nan,nan,0,0,80.369,0,0,0,73.416,12.383,0,0,81.489,115.295,138.173,6.021,0,0,0,187.154
-4,5/29/50,3:37,nan,nan,nan,0,0,26.494,0,0,23.071,39.353,0,0,0,132.461,152.67,8.474,220.005,0,0,0,208.036
-4,5/29/50,3:38,nan,nan,nan,0,93.421,23.977,0,0,18.841,49.74,105.652,0,0,43.924,94.341,0,158.637,0,172.188,0,183.895
-4,5/29/50,3:39,nan,nan,nan,0,134.603,22.674,0,0,97.528,55.716,62.588,0,0,114.989,73.954,0,81.399,0,106.199,0,135.214
-4,5/29/50,3:40,nan,nan,nan,0,16.485,20.369,55.423,0,67.3,0,0,0,0,44.961,122.928,0,159.531,95.82,133.626,0,0
-4,5/29/50,3:41,nan,nan,nan,0,55.384,102.699,67.793,0,0,0,33.408,0,0,150.526,140.162,0,182.427,79.126,79.411,0,139.624
-4,5/29/50,3:42,nan,nan,nan,0,0,158.934,8.025,0,0,0,0,0,0,165.074,92.6,0,72.134,124.521,96.88,0,227.881
-4,5/29/50,3:43,nan,nan,nan,0,56.271,92.148,34.749,0,70.142,0,0,0,0,0,141.845,0,127.751,137.262,81.271,0,15.825
-4,5/29/50,3:44,nan,nan,nan,0,20.756,153.388,42.129,0,61.774,58.952,0,0,0,2.904,95.477,0,199.457,79.611,85.918,0,0
-4,5/29/50,3:45,nan,nan,nan,0,103.386,88.514,144.701,0,47.328,47.218,24.146,0,0,1.923,111.519,0,202.654,154.87,61.752,0,0
-4,5/29/50,3:46,nan,nan,nan,0,112.154,17.444,89.272,0,0,99.492,37.577,0,57.099,45.598,134.775,0,81.977,33.106,0,0,0
-4,5/29/50,3:47,nan,nan,nan,0,107.153,128.893,184.551,0,54.621,77.934,0,0,195.284,21.206,0,0,38.849,27.489,0,0,0
-4,5/29/50,3:48,nan,nan,nan,0,0,115.858,189.11,0,74.246,16.376,0,0,31.235,12.09,102.413,0,179.4,72.486,0,0,0
-4,5/29/50,3:49,nan,nan,nan,0,39.293,57.87,65.685,0,16.113,22.654,0,0,61.601,102.406,31.262,0,205.693,156.522,0,0,0
-4,5/29/50,3:50,nan,nan,nan,0,85.081,41.396,16.239,0,61.626,94.672,0,0,179.594,109.93,14.663,0,158.101,66.683,0,0,0
-4,5/29/50,3:51,nan,nan,nan,0,0,32.969,21.747,0,7.334,0,0,0,123.047,35.95,0,0,25.486,0,0,0,0
-4,5/29/50,3:52,nan,nan,nan,0,0,34.579,2.192,0,0,0,0,0,0,43.6,33.813,0,24.18,29.307,0,0,0
-4,5/29/50,3:53,nan,nan,nan,0,0,12.941,152.111,0,35.457,0,0,0,74.014,83.901,172.055,0,25.485,52.27,0,0,0
-4,5/29/50,3:54,nan,nan,nan,0,0,0,129.698,0,15.253,0,0,0,104.948,61.174,2.438,0,109.614,22.436,0,0,0
-4,5/29/50,3:55,nan,nan,nan,0,0,43.634,52.933,0,13.434,0,0,0,65.416,123.848,45.594,0,155.977,154.28,0,0,0
-4,5/29/50,3:56,nan,nan,nan,0.624,0,150.978,0,0,39.444,0,0,0,0,146.334,106.412,0,215.2,134.963,0,0,0
-4,5/29/50,3:57,nan,nan,nan,233.878,0,1.502,0,0,70.835,0,0,0,42.073,0,64.843,0,170.607,119.439,0,0,0
-4,5/29/50,3:58,nan,nan,nan,106.625,0,0,118.4,0,249.651,0,0,0,81.329,89.627,22.156,0,179.157,0,0,0,0
-4,5/29/50,3:59,nan,nan,nan,0,0,0,142.693,0,46.399,0,0,0,204.004,0,56.488,0,211.714,30.523,0,0,0
-4,5/29/50,4:00,nan,nan,nan,0,0,0,162.443,0,94.645,0,0,0,106.23,90.58,49.234,0,175.012,15.696,0,0,0
-4,5/29/50,4:01,nan,nan,nan,0,0,0,116.148,14.982,115.866,0,0,0,134.428,36.222,38.662,0,163.175,19.42,0,23.493,0
-4,5/29/50,4:02,nan,nan,nan,0,0,0,101.084,100.376,36.194,0,0,0,127.576,58.968,5.99,0,89.454,158.038,0,74.136,0
-4,5/29/50,4:03,nan,nan,nan,0,0,0,72.601,92.803,0,0,0,0,78.051,111.001,0,0,58.927,42.706,0,111.688,0
-4,5/29/50,4:04,nan,nan,nan,0,0,0,138.153,136.833,0,0,0,0,28.209,127.011,0,0,141.176,88.283,0,174.11,0
-4,5/29/50,4:05,nan,nan,nan,0,0,0,81.284,28.198,2.822,0,0,0,8.544,7.8,0,0,142.288,10.819,0,75.486,0
-4,5/29/50,4:06,nan,nan,nan,0,0,0,160.278,20.856,1.177,0,0,0,0,0,0,0,121.237,90.372,0,69.752,0
-4,5/29/50,4:07,nan,nan,nan,0,0,0,92.988,66.745,15.174,0,0,0,0,0,0,0,0,145.703,0,20.211,0
-4,5/29/50,4:08,nan,nan,nan,80.913,0,0,116.649,38.531,17.358,0,0,0,81.857,0,0,0,0,197.498,0,81.556,0
-4,5/29/50,4:09,nan,nan,nan,0,0,0,90.276,23.165,0,0,0,0,67.484,17.899,0,0,0,144.591,0,0,0
-4,5/29/50,4:10,nan,nan,nan,0,0,0,144.841,115.63,0,0,0,0,137.392,92.721,0,0,101.364,18.652,0,18.132,0
-4,5/29/50,4:11,nan,nan,nan,0,0,0,124.46,31.381,0,0,0,0,158.456,73.805,0,0,115.604,0,0,128.107,0
-4,5/29/50,4:12,nan,nan,nan,0,0,0,122.15,29.849,0,0,0,0,117.164,26.088,0,0,173.814,0,0,108.058,0
-4,5/29/50,4:13,nan,nan,nan,0,0,0,127.314,157.998,0,0,0,0,160.541,7.638,0,0,87.369,0,0,41.029,0
-4,5/29/50,4:14,nan,nan,nan,0,0,0,82.448,116.163,0,0,0,0,159.883,0,0,0,95.188,0,0,54.071,0
-4,5/29/50,4:15,nan,nan,nan,0,40.819,0,120.326,26.454,0,0,0,0,151.983,67.752,0,0,168.529,0,0,0,0
-4,5/29/50,4:16,nan,nan,nan,0,42.517,0,0,37.467,0,0,0,0,155.26,141.403,0,0,136.257,0,0,85.19,0
-4,5/29/50,4:17,nan,nan,nan,0,236.199,0,0,33.13,0,0,0,30.135,162.279,44.244,0,0,192.849,0,0,149.109,0
-4,5/29/50,4:18,nan,nan,nan,0,149.07,0,0,17.393,0,0,82.31,101.811,158.562,28.567,0,0,47.793,0,0,101.198,0
-4,5/29/50,4:19,nan,nan,nan,0,114.051,0,0,96.221,0,0,33.022,91.679,106.914,18.389,0,0,32.558,0,0,104.682,0
-4,5/29/50,4:20,nan,nan,nan,48.515,98.037,0,26.693,12.032,0,0,117.751,129.927,84,33.514,0,0,115.327,0,0,84.892,0
-4,5/29/50,4:21,nan,nan,nan,183.862,3.052,0,134.797,75.667,0,0,91.98,50.773,144.084,60.106,0,0,25.386,0,0,93.803,0
-4,5/29/50,4:22,nan,nan,nan,96.309,0,0,76.88,100.149,0,0,101.351,0,217.457,45.255,0,100.549,0,0,0,29.577,0
-4,5/29/50,4:23,nan,nan,nan,146.077,0,0,71.052,23.793,0,0,76.491,0,47.823,14.296,0,176.346,38.569,0,0,33.072,0
-4,5/29/50,4:24,nan,nan,nan,93.446,122.452,0,0,30.177,0,0,19.421,0,105.505,147.95,0,181.719,1.061,0,41.646,62.427,124.386
-4,5/29/50,4:25,nan,nan,nan,141.318,35.144,0,0,103.893,0,0,0,16.268,64.455,0,0,93.193,0,0,187.485,88.234,19.263
-4,5/29/50,4:26,nan,nan,nan,100.888,0,0,90.257,120.051,0,0,0,93.748,19.049,0,0,0,0,0,0,52.259,0
-4,5/29/50,4:27,nan,nan,nan,61.309,0,0,175.585,59.958,0,0,104.343,40.895,106.033,0,0,0,0.927,0,0,60.861,0
-4,5/29/50,4:28,nan,nan,nan,0,36.186,0,18.643,14.927,0,0,57.935,0,136.907,0,0,0,134.708,0,0,71.622,40.657
-4,5/29/50,4:29,nan,nan,nan,0,159.183,0,0,88.513,0,0,0,0,58.321,0,0,0,120.369,0,101.362,125.141,188.142
-4,5/29/50,4:30,nan,nan,nan,0,151.231,0,0,47.956,0,0,0,0,79.46,0,0,0,71.084,0,132.088,85.049,190.123
-4,5/29/50,4:31,nan,nan,nan,55.687,110.723,0,0,113.761,0,0,0,56.784,65.109,0,0,0,114.9,0,201.685,8.096,214.038
-4,5/29/50,4:32,nan,nan,nan,180.728,0,0,0,16.568,0,0,0,113.629,0,18.835,0,0,182.919,0,120.307,100.216,170.326
-4,5/29/50,4:33,nan,nan,nan,104.234,96.506,0,0,14.513,0,0,0,107.564,7.165,0,0,178.119,125.17,0,4.228,135.18,228.086
-4,5/29/50,4:34,nan,nan,nan,11.47,161.589,76.672,0,30.179,0,0,0,0,0.515,0,34.415,91.362,273.18,0,0,173.678,202.56
-4,5/29/50,4:35,nan,nan,nan,94.622,42.441,168.367,0,40.273,0,0,0,0,74.314,82.274,156.371,51.586,108.537,0,0,99.267,141.305
-4,5/29/50,4:36,nan,nan,nan,115.949,129.389,238.201,0,72.776,0,0,82.085,0,84.978,29.623,218.096,0,0,0,0,87.582,227.766
-4,5/29/50,4:37,nan,nan,nan,168.136,65.473,109.499,0,136.549,0,0,104.985,0,63.197,23.412,141.089,80.183,0,0,0,38.341,0
-4,5/29/50,4:38,nan,nan,nan,143.865,0,227.171,0,67.331,0,0,109.421,0,145.188,22.139,185.828,50.158,0,0,0,131.372,0
-4,5/29/50,4:39,nan,nan,nan,0,0,236.319,0,3.375,0,0,64.911,0,152.367,112.883,251.289,0,0,0,57.748,27.12,0
-4,5/29/50,4:40,nan,nan,nan,0,0,167.258,0,53.976,0,0,0,63.501,56.644,101.363,140.186,0,0,0,35.625,111.955,0
-4,5/29/50,4:41,nan,nan,nan,0,0,134.439,0,0,0,0,0,118.279,37.71,0,84.732,100.605,0,0,83.647,34.002,117.27
-4,5/29/50,4:42,nan,nan,nan,220.667,0,139.115,0,0,0,0,0,95.917,0,0,175.49,165.605,0,0,83.424,84.513,116.174
-4,5/29/50,4:43,nan,nan,nan,38.888,0,99.1,0,31.063,0,0,0,80.968,0,0,124.909,101.249,0,0,122.66,115.869,0
-4,5/29/50,4:44,nan,nan,nan,0,0,179.091,0.507,78.744,0,0,22.781,82.192,67.611,0,201.131,200.793,0,0,0,99.124,0
-4,5/29/50,4:45,nan,nan,nan,0,0,117.154,29.9,125.718,0,0,0,0,67.808,0,61.296,24.066,39.333,0,0,70.581,0
-4,5/29/50,4:46,nan,nan,nan,0,0,181.032,105.945,19.594,0,0,0,2.395,98.117,0,4.576,0,57.288,0,0,100.132,156.808
-4,5/29/50,4:47,nan,nan,nan,0,0,152.867,137.558,14.997,0,87.43,1.033,0.175,204.332,0,0,0,137.6,0,50.896,95.538,120.382
-4,5/29/50,4:48,nan,nan,nan,0,0,82.233,107.831,18.02,0,23.897,15.021,7.272,190.292,0,0,36.495,141.599,144.745,28.289,137.916,116.753
-4,5/29/50,4:49,nan,nan,nan,38.111,0,25.766,223.184,76.967,0,15.741,0,62.43,183.614,0,72.416,0,181.207,147.057,0,1.393,71.407
-4,5/29/50,4:50,nan,nan,nan,51.356,0,16.093,128.94,123.051,0,56.001,0,60.001,106.697,0,0,0,194.288,115.362,91.556,0,68.309
-4,5/29/50,4:51,nan,nan,nan,0,0,0,114.527,44.143,0,24.54,0,11.356,50.424,0,0,0,68.007,74.791,113.61,46.372,242.737
-4,5/29/50,4:52,nan,nan,nan,0,0,0,127.819,90.746,0,140.221,0,0,119.096,0,0,0,193.743,168.132,65.026,115.361,9.57
-4,5/29/50,4:53,nan,nan,nan,0,0,0,13.935,89.687,0,71.717,0,0,0,0,65.4,0,200.804,123.326,0.323,92.181,100.839
-4,5/29/50,4:54,nan,nan,nan,25.323,0,0,63.296,6.479,0,157.471,0,0,0,0,131.751,0,122.918,146.717,50.301,5.713,109.494
-4,5/29/50,4:55,nan,nan,nan,0,0,51.257,74.92,0,0,17.024,0,36.717,0,0,162.205,0,210.117,184.961,57.741,129.928,203.481
-4,5/29/50,4:56,nan,nan,nan,0,0,132.584,170.666,0,0,0,0,23.909,50.665,0,49.306,0,79.035,0,55.093,114.384,202.985
-4,5/29/50,4:57,nan,nan,nan,0,0,121.28,99.243,125.19,0,26.715,0,0,40.776,0,0,0,73.14,0,64.207,33.7,118.222
-4,5/29/50,4:58,nan,nan,nan,0,0,100.321,78.636,104.173,0,38.908,0,42.364,149.739,0,0,0,84.226,0,71.642,0,0
-4,5/29/50,4:59,nan,nan,nan,0,0,102.714,167.991,187.578,0,15.047,0,53.792,28.525,0,0,0,0,0,249.499,7.499,66.489
-4,5/29/50,5:00,nan,nan,nan,133.636,0,92.786,162.602,30.099,0,13.413,0,0,83.754,0,13.543,0,0,0,119.04,108.717,193.092
-4,5/29/50,5:01,nan,nan,nan,44.361,0,134.258,139.131,0,0,31.969,0,83.359,210.015,0,139.338,0,0,0,72.309,82.446,217.479
-4,5/29/50,5:02,nan,nan,nan,229.646,0,89.948,129.914,0,0,21.555,0,99.23,101.205,0,128.818,0,26.554,3.534,97.709,64.832,281.587
-4,5/29/50,5:03,nan,nan,nan,117.043,0,53.905,54.373,0,47.878,21.387,0,0,0,0,196.393,0,183.821,136.77,113.555,98.021,140.676
-4,5/29/50,5:04,nan,nan,nan,168.342,0,144.409,0,46.553,123.994,22.089,0,0,0,0,130.274,0,169.904,192.216,59.532,0,166.22
-4,5/29/50,5:05,nan,nan,nan,173.836,0,38.759,121.794,35.933,0,85.094,0,0,118.319,0,18.16,0,183.148,40.942,34.268,2.959,201.971
-4,5/29/50,5:06,nan,nan,nan,189.391,61.31,29.617,101.754,86.931,0,75.532,0,0,168.69,0,0,0,49.871,52.128,36.918,45.943,223.615
-4,5/29/50,5:07,nan,nan,nan,125.553,131.803,51.668,2.015,108.588,0,57.771,0,0,0,0,91.863,0,142.299,102.925,186.656,109.011,244.086
-4,5/29/50,5:08,nan,nan,nan,178.068,36.617,99.012,0,100.99,0,66.22,0,0,0,0,49.882,0,218.24,137.733,46.047,102.975,170.475
-4,5/29/50,5:09,nan,nan,nan,244.092,66.346,114.204,19.502,50.767,0,17.698,0,0,0,0,168.282,0,190.726,252.218,28.717,109.131,118.892
-4,5/29/50,5:10,nan,nan,nan,33.766,112.477,153.926,42.716,82.889,0,0,0,0,0,89.28,130.201,0,223.591,175.104,105.781,42.237,200.792
-4,5/29/50,5:11,nan,nan,nan,99.804,36.311,61.986,87.026,177.42,16.209,0,0,0,0,129.929,148.004,0,124.702,179.792,38.052,62.146,235.387
-4,5/29/50,5:12,nan,nan,nan,9.081,0,67.13,47.258,173.951,42.178,0,0,0,0,132.311,156.473,0,158.666,186.885,78.635,157.181,1.446
-4,5/29/50,5:13,nan,nan,nan,135.557,71.133,150.674,64.569,90.843,19.652,0,0,0,0,79.287,111.593,0,53.469,143.522,0,110.703,0
-4,5/29/50,5:14,nan,nan,nan,22.775,0,99.298,98.845,31.315,208.06,38.141,0,0,0,191.77,129.545,0,150.32,152.45,0,56.027,0
-4,5/29/50,5:15,nan,nan,nan,0,0,123.819,124.635,0,0,48.342,132.232,0,0,176.429,82.578,0,48.586,123.323,0,216.083,74.496
-4,5/29/50,5:16,nan,nan,nan,70.459,191.642,123.757,57.786,7.631,43.803,104.234,81.698,0,0,101.154,176.8,0,123.641,39.351,0,187.571,150.241
-4,5/29/50,5:17,nan,nan,nan,312.676,178.728,193.443,0,232.817,51.49,20.417,217.572,0,0,103.175,150.372,0,127.333,96.293,33.594,20.455,45.194
-4,5/29/50,5:18,nan,nan,nan,52.238,56.58,109.084,0,85.591,57.486,19.167,103.604,0,0,25.915,115.926,0,26.487,121.414,101.342,207.918,56.765
-4,5/29/50,5:19,nan,nan,nan,216.099,99.718,73.587,0,22.492,84.901,18.345,74.132,0,0,40.69,128.565,0,161.508,107.101,108.158,3.601,224.34
-4,5/29/50,5:20,nan,nan,nan,150.214,120.48,70.716,0,21.236,90.779,20.395,65.049,0,0,42.181,111.525,0,33.996,62.054,95.11,54.767,133.841
-4,5/29/50,5:21,nan,nan,nan,116.214,97.22,162.624,0,80.273,125.004,17.805,113.848,0,0,125.018,204.619,0,175.684,44.963,34.23,35.546,22.064
-4,5/29/50,5:22,nan,nan,nan,263.177,0,58.102,0,244.963,142.988,33.341,143.728,0,0,80.192,177.607,0,7.654,1.237,188.778,50.295,122.26
-4,5/29/50,5:23,nan,nan,nan,293.711,158.67,0,0,16.194,15.863,93.502,59.773,0,0,25.943,188.263,0,172.556,11.357,102.155,137.65,215.112
-4,5/29/50,5:24,nan,nan,nan,29.596,0,0,0,62.932,29.033,0,145.063,0,0,125.183,1.921,0,159.559,32.146,73.498,35.557,52.834
-4,5/29/50,5:25,nan,nan,nan,0,0,1.711,56.104,73.45,0,0,125.66,0,0,230.831,3.79,0,161.115,100.479,36.636,95.519,10.078
-4,5/29/50,5:26,nan,nan,nan,0,0,79.405,0,169.164,0,110.653,0,0,0,144.198,0,0,112.443,48.704,24.551,141.03,171.301
-4,5/29/50,5:27,nan,nan,nan,0,0,50.913,0,167.951,41.943,52.823,39.336,0,0,103.455,0,0,2.927,41.625,0,16.178,206.707
-4,5/29/50,5:28,nan,nan,nan,0,0,11.177,43.946,114.803,124.83,0,0,0,0,63.873,46.389,0,137.422,0,28.135,122.408,77.517
-4,5/29/50,5:29,nan,nan,nan,0,0,11.5,120.457,111.129,24.742,0,4.856,0,0,108.774,0,0,43.851,68.093,64.754,0,193.412
-4,5/29/50,5:30,nan,nan,nan,0,0,10.792,21.864,242.108,53.616,0,0,0,0,127.086,0,0,0,185.916,0,0,216.767
-4,5/29/50,5:31,nan,nan,nan,0,0,69.856,0,187.739,21.257,83.656,75.154,0,0,144.063,144.624,0,152.213,114.787,0,23.456,244.684
-4,5/29/50,5:32,nan,nan,nan,0,0,101.805,0,79.786,47.325,17.782,95.925,0,0,78.326,204.826,0,179.953,38.461,0,154.391,109.045
-4,5/29/50,5:33,nan,nan,nan,0,0,133.015,0,20.164,93.529,14.471,47.971,0,0,0,192.53,0,130.773,88.688,103.289,136.676,157.674
-4,5/29/50,5:34,nan,nan,nan,0,0,146.103,0,55.528,82.293,19.484,136.753,0,0,0,196.678,0,82.637,18.105,42.984,39.766,257.524
-4,5/29/50,5:35,nan,nan,nan,0,0,126.925,0,41.278,0,18.865,191.843,0,0,0,133.886,188.716,0,79.559,37.492,32.162,178.834
-4,5/29/50,5:36,nan,nan,nan,0,0,14.992,0,68.967,0,9.552,125.999,0,0,0,115.774,282.219,107.776,89.15,76.311,58.368,192.883
-4,5/29/50,5:37,nan,nan,nan,0,0,89.342,0,82.309,0,78.496,134.603,0,0,0,64.628,67.021,105.758,60.75,69.025,185.014,92.705
-4,5/29/50,5:38,nan,nan,nan,0,0,155.78,0,20.963,0,0,56.069,0,0,56.045,120.356,221.873,169.413,110.274,126.592,175.398,39.862
-4,5/29/50,5:39,nan,nan,nan,0,0,144.253,0,0,15.539,0,122.928,0,0,62.322,136.585,228.718,0,62.289,70.422,14.212,8.87
-4,5/29/50,5:40,nan,nan,nan,0,0,150.534,0,0,0,0,143.757,0,0,169.537,59.391,252.536,86.723,33.534,145.108,0,0
-4,5/29/50,5:41,nan,nan,nan,0,0,18.127,0,0,21.907,0,0,0,0,47.557,0,234.487,96.014,33.031,65.94,0,0
-4,5/29/50,5:42,nan,nan,nan,0,0,47.531,0,105.281,79.374,0,0,0,0,46.989,127.674,140.71,35.515,35.059,154.89,0,0
-4,5/29/50,5:43,nan,nan,nan,0,0,106.335,0,81.499,217.218,0,106.756,0,0,51.279,77.779,155.089,239.093,35.901,88.341,0,0
-4,5/29/50,5:44,nan,nan,nan,0,0,73.676,0,128.074,211.364,0,211.472,0,97.186,75.142,0,230.719,0,23.653,0,0,78.276
-4,5/29/50,5:45,nan,nan,nan,0,0,105.607,0,70.089,107.936,0,73.09,0,89.172,181.58,64.911,247.653,150.459,39.361,77.195,0,139.186
-4,5/29/50,5:46,nan,nan,nan,0,0,163.688,0,60.72,284.848,0,203.907,0,162.722,151.392,25.165,97.536,176.06,110.494,0,22.195,80.49
-4,5/29/50,5:47,nan,nan,nan,0,0,97.638,0,34.976,372.815,0,123.925,0,36.689,138.716,49.613,0,54.549,158.278,0,89.654,241.188
-4,5/29/50,5:48,nan,nan,nan,0,0,65.401,0,3.189,137.007,0,58.327,0,51.207,158.829,140.86,126.139,110.154,235.09,6.821,0,122.198
-4,5/29/50,5:49,nan,nan,nan,0,0,126.975,0,17.047,54.526,0,63.823,0,38.687,157.776,93.39,227.813,151.141,103.482,41.08,0,255.382
-4,5/29/50,5:50,nan,nan,nan,0,0,68.638,0,128.738,102.989,0,0,0,92.093,40.99,104.983,270.65,252.506,87.685,0,0,82.969
-4,5/29/50,5:51,nan,nan,nan,0,0,39.432,0,163.948,0,0,0,0,143.819,0,10.934,210.045,130.78,158.207,0,141.199,203.074
-4,5/29/50,5:52,nan,nan,nan,0,0,115.211,0,135.548,16.897,112.342,89.154,0,134.229,0,118.158,41.662,1.367,130.866,0,122.84,130.491
-4,5/29/50,5:53,nan,nan,nan,0,0,96.059,0,140.43,28.911,104.928,24.509,0,118.263,0,157.056,65.085,0,177.654,0,56.71,196.025
-4,5/29/50,5:54,nan,nan,nan,0,155.809,107.46,18.343,116.696,34.748,0,0,0,82.885,0,116.913,72.977,85.434,46.752,0,98.346,223.383
-4,5/29/50,5:55,nan,nan,nan,0,156.636,117.881,162.99,137.61,78.352,0,0,0,100.332,0,0,13.119,39.108,0,0,140.628,113.349
-4,5/29/50,5:56,nan,nan,nan,0,179.657,67.64,128.338,26.919,220.724,53.596,0,0,143.776,0,148.56,169.342,187.151,0,0,41.902,148.362
-4,5/29/50,5:57,nan,nan,nan,0,230.818,176.618,84.725,71.64,255.34,91.857,0,0,114.877,0,72.574,0,16.008,54.952,0,67.519,55.001
-4,5/29/50,5:58,nan,nan,nan,0,92.946,71.905,22.932,91.292,18.28,86.135,0,0,137.88,0,87.538,175.518,0,176.411,0,132.601,73.222
-4,5/29/50,5:59,nan,nan,nan,0,0,119.711,9.295,0,117.317,0,0,0,28.278,0,105.903,299.285,0,70.782,0,144.425,176.751
-3,5/29/50,6:00,nan,nan,nan,0,93.529,115.163,14.879,0,157.614,0,0,0,15.871,0,45.938,184.924,0,117.966,0,147.993,22.269
-3,5/29/50,6:01,nan,nan,nan,0,5.876,160.626,156.676,0,212.099,0,0,0,55.152,0,0,163.195,0,77.393,0,177.475,48.825
-3,5/29/50,6:02,nan,nan,nan,0,0,120.84,0,72.553,434.603,0,0,0,83.707,0,39.119,0,0,133.118,0,203.455,192.82
-3,5/29/50,6:03,nan,nan,nan,0,0,87.833,0,106.552,223.407,0,0,0,222.941,0,331.65,0,0,35.685,0,93.811,37.201
-3,5/29/50,6:04,nan,nan,nan,0,16.068,51.282,0,140.502,165.713,0,0,0,50.766,0,113.946,93.737,0,0,0,54.134,36.007
-3,5/29/50,6:05,nan,nan,nan,0,50.471,51.38,144.265,160.354,25.031,0,0,0,138.052,0,204.016,14.881,0,0,0,86.043,172.6
-3,5/29/50,6:06,nan,nan,nan,0,188.962,107.53,148.66,21.125,0,69.375,0,0,159.274,0,167.192,228.985,0,17.156,0,91.385,154.928
-3,5/29/50,6:07,nan,nan,nan,0,20.201,155.834,34.249,0,5.126,0,0,0,183.806,0,5.42,123.201,0,78.974,0,0,58.623
-3,5/29/50,6:08,nan,nan,nan,0,0,123.15,165.494,0,90.242,0,0,0,105.873,0,182.257,0,0,71.8,0,96.079,0
-3,5/29/50,6:09,nan,nan,nan,0,0,139.766,0,0,49.953,0,0,0,187.624,0,190.43,52.651,0,3.861,0,111.395,0
-3,5/29/50,6:10,nan,nan,nan,0,0,73.239,1.03,0,0,48.615,0,0,41.124,0,0,73.354,0,0,0,146.156,0
-3,5/29/50,6:11,nan,nan,nan,0,0,74.074,114.949,0,0,37.31,0,0,67.572,0,0,0,18.267,0,0,81.835,0
-3,5/29/50,6:12,nan,nan,nan,0,0,63.817,22.813,0,0,49.392,0,0,135.487,0,0,0,152.975,0,0,61.077,0
-3,5/29/50,6:13,nan,nan,nan,0,0,89.055,92.218,0,0,45.109,0,0,102.739,0,0,0,166.019,0,0,0,0
-3,5/29/50,6:14,nan,nan,nan,0,0,70.415,74.171,0,0,53.225,0,0,0,0,0,0,143.968,0,0,0,13.453
-3,5/29/50,6:15,nan,nan,nan,0,0,104.718,87.787,0,0,0,0,0,0,0,3.617,0,62.843,0,0,0,94.263
-3,5/29/50,6:16,nan,nan,nan,0,0,61.962,0,0,0,0,0,0,0,0,23.309,0,222.166,0,0,0,4.373
-3,5/29/50,6:17,nan,nan,nan,0,0,95.288,0,0,0,0,0,0,0,0,0,0,243.548,0,0,0,132.405
-3,5/29/50,6:18,nan,nan,nan,0,0,215.464,0,0,0,0,0,0,0,0,0,0,43.956,0,0,0,268.698
-3,5/29/50,6:19,nan,nan,nan,0,0,19.691,0,0,0,0,0,0,0,0,0,0,154.873,0,0,0,75.38
-3,5/29/50,6:20,nan,nan,nan,0,0,0,0,0,0,0,31.669,0,0,0,0,0,0,0,0,0,181.358
-3,5/29/50,6:21,nan,nan,nan,0,0,0,0,0,0,0,177.58,0,0,0,0,0,0,0,0,0,88.198
-3,5/29/50,6:22,nan,nan,nan,0,0,0,0,0,0,0,37.924,0,0,0,0,0,0,0,0,0,167.485
-3,5/29/50,6:23,nan,nan,nan,0,0,0,0,0,0,0,73.87,0,0,0,0,18.558,0,0,0,0,145.377
-3,5/29/50,6:24,nan,nan,nan,0,0,0,0,0,0,0,97.281,0,0,0,0,126.733,0,0,0,0,0
-3,5/29/50,6:25,nan,nan,nan,0,0,0,0,0,0,0,100.03,0,0,0,0,160.096,0,0,0,0,0
-3,5/29/50,6:26,nan,nan,nan,0,0,0,0,0,0,0,146.421,0,0,0,0,138.468,0,0,0,0,89.12
-3,5/29/50,6:27,nan,nan,nan,0,0,0,0,0,0,0,103.08,0,0,0,0,0,0,0,0,0,160.349
-3,5/29/50,6:28,nan,nan,nan,0,0,0,0,46.41,0,0,0,0,0,0,0,0,0,0,0,0,204.93
-3,5/29/50,6:29,nan,nan,nan,0,0,0,0,65.103,0,0,0,0,0,0,0,0,0,0,0,0,90.775
-3,5/29/50,6:30,nan,nan,nan,0,0,0,0,58.314,0,0,0,0,0,0,0,0,0,0,0,0,150.847
-3,5/29/50,6:31,nan,nan,nan,0,0,0,0,98.435,0,0,81.589,0,0,0,0,0,0,0,0,0,217.419
-3,5/29/50,6:32,nan,nan,nan,0,0,0,0,0,0,0,119.495,0,0,0,0,0,0,0,0,0,11.585
-3,5/29/50,6:33,nan,nan,nan,0,0,0,0,0,0,0,0,0,0,0,0,0,0,0,0,0,30.402
-3,5/29/50,6:34,nan,nan,nan,0,0,0,0,0,0,0,0,0,0,0,0,0,0,0,0,0,0
-3,5/29/50,6:35,nan,nan,nan,0,0,0,0,0,0,0,0,0,0,0,0,0,0,0,0,0,0
-3,5/29/50,6:36,nan,nan,nan,0,0,0,0,0,0,0,0,0,0,0,0,0,0,0,0,0,0
-3,5/29/50,6:37,nan,nan,nan,0,0,0,0,0,0,0,0,0,0,0,0,0,0,0,0,0,0
-3,5/29/50,6:38,nan,nan,nan,0,0,0,0,0,0,0,0,120.158,0,0,0,0,0,0,0,0,0
-3,5/29/50,6:39,nan,nan,nan,0,0,0,0,0,0,0,0,96.077,0,0,0,0,0,0,0,0,0
-3,5/29/50,6:40,nan,nan,nan,0,0,0,0,0,0,0,0,0,0,0,0,0,0,0,0,0,0
-3,5/29/50,6:41,nan,nan,nan,0,0,0,0,0,0,0,0,0,0,0,0,0,0,0,0,0,0
-3,5/29/50,6:42,nan,nan,nan,0,0,0,0,0,0,0,0,111.596,0,0,0,0,0,0,0,0,0
-3,5/29/50,6:43,nan,nan,nan,0,0,0,0,0,0,0,0,72.841,0,0,0,0,0,0,0,0,0
-3,5/29/50,6:44,nan,nan,nan,0,0,0,0,0,0,0,0,171.034,0,0,0,0,0,0,0,0,0
-3,5/29/50,6:45,nan,nan,nan,0,0,0,0,0,0,0,0,0,0,0,0,0,0,0,0,0,0
-3,5/29/50,6:46,nan,nan,nan,0,0,0,0,0,0,0,0,0,0,0,0,0,0,0,0,0,0
-3,5/29/50,6:47,nan,nan,nan,20.695,0,0,0,0,0,0,0,0,0,0,0,0,0,0,0,0,0
-3,5/29/50,6:48,nan,nan,nan,107.786,0,0,0,0,0,0,0,0,0,26.043,0,0,0,0,0,0,0
-3,5/29/50,6:49,nan,nan,nan,165.167,0,0,0,0,0,0,0,86.563,0,182.96,0,0,0,0,0,0,0
-3,5/29/50,6:50,nan,nan,nan,17.894,0,0,0,0,0,0,0,189.218,0,144.194,0,0,0,0,0,0,0
-3,5/29/50,6:51,nan,nan,nan,27.683,0,0,0,0,0,0,0,0,0,5.034,0,0,0,0,0,0,0
-3,5/29/50,6:52,nan,nan,nan,65.417,0,0,0,0,0,0,0,0,0,0,0,0,0,0,0,0,0
-3,5/29/50,6:53,nan,nan,nan,136.657,0,0,0,0,0,0,0,0,0,0,0,0,0,0,0,0,0
-3,5/29/50,6:54,nan,nan,nan,166.403,0,0,0,0,0,0,0,135.142,0,67.818,0,0,0,0,0,0,0
-3,5/29/50,6:55,nan,nan,nan,125.336,0,0,0,0,0,0,0,81.129,0,8.917,0,0,0,0,0,0,0
-3,5/29/50,6:56,nan,nan,nan,37.639,0,0,0,0,0,0,0,0,62.415,0,0,0,0,0,0,0,0
-3,5/29/50,6:57,nan,nan,nan,199.433,0,0,0,0,0,52.375,0,0,121.804,57.6,0,0,0,0,0,0,0
-3,5/29/50,6:58,nan,nan,nan,157.484,0,0,0,0,0,49.357,0,0,187.563,81.058,0,0,0,0,0,0,0
-3,5/29/50,6:59,nan,nan,nan,260.592,0,0,0,0,0,92.531,0,60.061,170.605,70.853,0,0,0,0,0,0,0
-3,5/29/50,7:00,nan,nan,nan,172.444,0,0,0,0,0,0,0,127.257,154.835,95.758,0,0,0,0,0,0,0
-3,5/29/50,7:01,nan,nan,nan,186.695,0,0,0,0,0,0,0,76.057,59.438,102.561,0,0,0,0,0,0,0
-3,5/29/50,7:02,nan,nan,nan,67.269,0,0,0,0,0,0,0,156.345,0,107.284,0,0,0,0,0,0,0
-3,5/29/50,7:03,nan,nan,nan,1.867,0,0,0,0,0,0,0,57.291,92.931,31.146,0,0,0,0,0,0,0
-3,5/29/50,7:04,nan,nan,nan,0,0,0,0,0,0,0,0,56.077,17.181,0,0,0,0,0,0,0,0
-3,5/29/50,7:05,nan,nan,nan,3.531,0,0,0,0,0,0,0,222.01,0,0,0,0,0,0,0,0,0
-3,5/29/50,7:06,nan,nan,nan,130.598,0,0,0,0,0,0,0,145.72,0,0,0,0,0,0,0,0,0
-3,5/29/50,7:07,nan,nan,nan,280.274,0,0,0,0,0,0,0,150.775,0,0,0,22.777,0,0,0,0,0
-3,5/29/50,7:08,nan,nan,nan,192.222,0,0,0,0,0,0,0,166.585,0,0,0,76.332,0,0,0,0,0
-3,5/29/50,7:09,nan,nan,nan,99.761,0,0,0,0,0,0,0,174.843,0,82.446,0,0,0,0,0,0,0
-3,5/29/50,7:10,nan,nan,nan,52.094,0,0,0,0,0,0,0,143.095,0,0,0,0,0,0,0,0,0
-3,5/29/50,7:11,nan,nan,nan,32.804,0,0,0,0,0,0,0,148.122,0,0,0,0,0,0,0,0,0
-3,5/29/50,7:12,nan,nan,nan,58.184,0,0,0,0,0,0,0,153.403,0,0,0,140.741,0,0,0,0,0
-3,5/29/50,7:13,nan,nan,nan,152.878,0,0,0,0,0,0,0,0,0,0,0,143.877,0,0,0,0,0
-3,5/29/50,7:14,nan,nan,nan,115.777,0,0,18.075,0,0,0,0,0,0,0,0,83.398,0,0,0,0,0
-3,5/29/50,7:15,nan,nan,nan,218.262,0,0,134.995,0,0,0,0,146.705,0,0,0,77.188,0,111.386,0,0,0
-3,5/29/50,7:16,nan,nan,nan,68.368,0,0,0,0,0,0,0,0,0,0,0,139.062,0,177.822,0,0,0
-3,5/29/50,7:17,nan,nan,nan,0,0,0,18.469,0,0,0,0,0,0,0,0,130.76,0,180.771,0,43.38,0
-3,5/29/50,7:18,nan,nan,nan,0,0,0,90.862,0,0,0,0,54.627,0,0,0,11.777,0,19.498,0,119.422,0
-3,5/29/50,7:19,nan,nan,nan,0,0,0,128.378,0,0,0,0,0,0,0,0,0,0,26.173,0,65.864,0
-3,5/29/50,7:20,nan,nan,nan,0,0,0,165.045,0,0,0,0,0,0,0,0,0,0,0,0,27.273,0
-3,5/29/50,7:21,nan,nan,nan,0,0,0,153.833,0,0,0,0,43.122,0,0,0,0,0,0.328,0,114.733,0
-3,5/29/50,7:22,nan,nan,nan,0,0,91.165,108.124,0,0,0,0,104.632,0,0,0,96.075,0,0,0,59.997,0
-3,5/29/50,7:23,nan,nan,nan,0,0,136.995,0,0,0,0,92.515,193.513,0,0,0,72.289,0,0.175,0,0,0
-3,5/29/50,7:24,nan,nan,nan,8.593,0,33.984,9.508,0,0,0,67.165,0,0,0,0,152.497,0,150.024,0,18.86,0
-3,5/29/50,7:25,nan,nan,nan,181.152,0,138.795,31.432,0,0,0,17.609,0,0,0,0,112.661,0,77.757,0,74.912,0
-3,5/29/50,7:26,nan,nan,nan,0,0,121.139,21.902,0,0,0,34.081,0,0,0,0,117.928,0,52.431,0,129.077,0
-3,5/29/50,7:27,nan,nan,nan,0,0,130.006,65.874,0,0,0,0,0,0,0,0,87.014,0,95.005,0,98.26,0
-3,5/29/50,7:28,nan,nan,nan,0,0,20.76,63.311,0,0,0,15.627,0,0,0,0,148.56,0,109.726,0,0,0
-3,5/29/50,7:29,nan,nan,nan,0,0,63.312,35.989,0,0,0,0,0,0,0,0,105.304,0,165.886,0,0,0
-3,5/29/50,7:30,nan,nan,nan,0,0,123.337,65.209,0,0,0,35.792,0,0,0,0,159.449,0,65.579,0,0,0
-3,5/29/50,7:31,nan,nan,nan,0,0,90.86,70.011,0,0,0,19.72,0,0,0,0,157.579,0,24.749,0,0,0
-3,5/29/50,7:32,nan,nan,nan,0,0,43.49,0,0,0,0,0,0,0,0,0,110.722,0,58.132,0,0,0
-3,5/29/50,7:33,nan,nan,nan,0,0,23.607,41.077,0,0,0,0,0,0,0,0,0,0,128.904,0,0,0
-3,5/29/50,7:34,nan,nan,nan,0,0,101.23,51.972,0,0,0,0,0,0,0,0,0,0,70.804,0,0,0
-3,5/29/50,7:35,nan,nan,nan,0,0,54.214,73.17,0,0,0,0,0,0,0,0,0,0,9.856,0,0,0
-3,5/29/50,7:36,nan,nan,nan,0,0,0,69.206,0,0,0,0,0,0,0,0,0,0,59.438,0,0,0
-3,5/29/50,7:37,nan,nan,nan,0,0,18.744,177.263,0,0,0,0,0,0,0,0,0,0,110.361,0,0,0
-3,5/29/50,7:38,nan,nan,nan,0,0,0,19.291,0,0,0,0,0,0,0,0,0,0,99.829,0,0,0
-3,5/29/50,7:39,nan,nan,nan,0,0,0,110.861,0,0,0,0,0,0,0,0,0,0,79.278,0,0,0
-3,5/29/50,7:40,nan,nan,nan,0,0,0,73.996,0,0,36.015,0,0,0,0,0,0,0,0,0,0,0
-3,5/29/50,7:41,nan,nan,nan,0,0,202.913,36.907,0,47.133,19.86,0,0,0,0,0,0,0,0,0,0,0
-3,5/29/50,7:42,nan,nan,nan,0,0,92.678,59.421,0,25.28,19.731,0,0,0,0,0,0,0,0,0,0,0
-3,5/29/50,7:43,nan,nan,nan,0,0,0,86.9,0,0,12.166,0,0,0,0,0,0,0,0,0,0,0
-3,5/29/50,7:44,nan,nan,nan,0,0,28.264,93.406,0,70.307,7.488,0,0,0,0,129.761,0,0,0,0,0,0
-3,5/29/50,7:45,nan,nan,nan,0,0,223.705,166.949,0,0,8.536,0,0,0,0,26.097,0,0,0,0,0,0
-3,5/29/50,7:46,nan,nan,nan,0,0,89.229,89.668,0,0,12.984,0,0,0,0,132.838,0,0,0,0,0,0
-3,5/29/50,7:47,nan,nan,nan,0,0,0,53.761,0,0,11.553,0,0,0,0,19.874,0,0,0,0,0,0
-3,5/29/50,7:48,nan,nan,nan,0,0,0,60.608,0,48.913,9.43,0,0,0,0,0,0,0,0,0,0,0
-3,5/29/50,7:49,nan,nan,nan,0,0,0,43.256,0,34.225,9.578,0,0,0,0,0,0,0,0,0,0,0
-3,5/29/50,7:50,nan,nan,nan,0,0,0,27.744,0,0,10.107,0,0,0,0,27.504,0,0,0,0,0,0
-3,5/29/50,7:51,nan,nan,nan,0,0,0,54.013,0,0,9.911,0,0,0,0,30.72,0,0,0,0,0,0
-3,5/29/50,7:52,nan,nan,nan,0,0,0,0,0,0,14.59,0,0,0,0,227.425,0,0,0,0,0,0
-3,5/29/50,7:53,nan,nan,nan,0,0,0,0,0,0,19.337,0,0,0,0,185.311,0,0,0,0,0,0
-3,5/29/50,7:54,nan,nan,nan,0,0,0,0,0,0,13.941,0,0,0,0,180.112,0,0,0,0,0,0
-3,5/29/50,7:55,nan,nan,nan,0,0,0,0,0,15.849,43.862,0,0,0,0,85.104,0,24.522,0,0,0,0
-3,5/29/50,7:56,nan,nan,nan,0,0,0,0,0,41.124,37.317,0,0,0,0,67.418,0,73.789,0,0,0,0
-3,5/29/50,7:57,nan,nan,nan,0,0,0,24.279,0,43.119,17.16,0,0,0,0,307.362,0,93.372,0,0,0,0
-3,5/29/50,7:58,nan,nan,nan,0,0,0,57.376,0,105.886,11.017,0,0,117.509,0,173.789,0,194.535,0,0,0,0
-3,5/29/50,7:59,nan,nan,nan,0,0,0,0,0,180.656,10.282,0,0,44.496,0,0,0,266.626,0,0,0,0
-3,5/29/50,8:00,nan,nan,nan,0,0,0,0,0,341.598,9.604,0,0,155.028,0,87.192,0,234.678,0,0,0,0
-3,5/29/50,8:01,nan,nan,nan,0,0,0,0,0,125.951,12.422,0,0,79.999,0,0,0,74.32,0,0,0,0
-3,5/29/50,8:02,nan,nan,nan,0,0,0,5.212,0,9.518,69.791,0,0,121.913,0,0,0,132.109,0,0,0,0
-3,5/29/50,8:03,nan,nan,nan,0,0,0,15.874,0,10.691,0,0,0,148.023,0,0,0,32.841,0,0,0,0
-3,5/29/50,8:04,nan,nan,nan,0,0,0,0,45.884,7.211,31.858,0,0,157.286,0,0,0,30.699,0,0,0,0
-3,5/29/50,8:05,nan,nan,nan,0,7.14,0,0,80.096,5.68,0,0,0,179.896,0,0,0,82.919,0,0,0,0
-3,5/29/50,8:06,nan,nan,nan,0,44.053,0,0,57.797,5.092,33.911,0,0,107.514,0,0,0,120.285,0,0,0,0
-3,5/29/50,8:07,nan,nan,nan,0,0,0,0,86.614,9.32,9.766,0,0,117.607,0,0,0,232.627,0,0,0,0
-3,5/29/50,8:08,nan,nan,nan,0,22.043,0,0,41.407,11.097,8.53,0,0,13.031,0,0,0,209.118,0,0,0,0
-3,5/29/50,8:09,nan,nan,nan,0,0,0,0,90.752,10.044,8.171,0,0,10.294,0,0,0,120.652,0,0,0,0
-3,5/29/50,8:10,nan,nan,nan,0,49.833,0,0,125.975,8.978,7.234,0,0,144.494,0,0,0,109.103,0,0,0,0
-3,5/29/50,8:11,nan,nan,nan,0,0,0,0,119.935,10.6,6.051,0,0,129.426,0,0,0,81.147,0,0,0,0
-3,5/29/50,8:12,nan,nan,nan,0,3.779,0,0,138.008,10.612,8.318,0,0,35.74,0,0,0,126.442,0,0,0,256.977
-3,5/29/50,8:13,nan,nan,nan,0,64.85,0,0,21.924,35.205,5.461,0,0,0,0,0,0,186.521,0,0,0,208.447
-3,5/29/50,8:14,nan,nan,nan,0,0,0,0,29.45,0,6.293,68.41,0,0,0,0,0,142.107,0,115.625,0,53.389
-3,5/29/50,8:15,nan,nan,nan,0,0,0,0,38.238,0,8.093,78.154,0,0,0,0,0,124.998,0,10.392,0,149.29
-3,5/29/50,8:16,nan,nan,nan,0,0,0,0,127.122,0,8.325,65.365,0,0,0,0,0,0,0,76.364,0,158.56
-3,5/29/50,8:17,nan,nan,nan,0,0,0,0,44.736,0,38.049,50.769,0,109.24,0,0,0,16.166,0,56.809,0,203.266
-3,5/29/50,8:18,nan,nan,nan,0,0,0,0,0,0,73.888,46.76,0,81.44,0,0,0,160.399,0,128.791,0,149.762
-3,5/29/50,8:19,nan,nan,nan,0,0,0,0,0,0,19.256,37.075,0,0,0,0,0,230.086,0,29.925,0,171.551
-3,5/29/50,8:20,nan,nan,nan,0,0,0,0,0,0,0,88.749,0,0,0,0,0,124.501,0,0,0,304.614
-3,5/29/50,8:21,nan,nan,nan,0,0,0,0,0,0,0,134.979,0,0,0,0,0,200.277,0,117.234,0,177.911
-3,5/29/50,8:22,nan,nan,nan,0,0,0,0,0,0,33.11,97.619,0,0,0,0,0,14.439,0,86.936,0,242.599
-3,5/29/50,8:23,nan,nan,nan,0,0,0,0,0,0,44.431,0,0,0,0,0,0,103.355,0,123.941,0,237.659
-3,5/29/50,8:24,nan,nan,nan,0,0,0,0,0,0,0,0,0,0,0,0,0,112.032,0,78.324,0,180.366
-3,5/29/50,8:25,nan,nan,nan,0,0,0,0,0,0,0,0,0,0,0,0,0,36.006,0,66.003,0,84.196
-3,5/29/50,8:26,nan,nan,nan,0,0,0,0,0,0,0,0,0,0,0,0,0,72.961,0,36.345,0,22.147
-3,5/29/50,8:27,nan,nan,nan,0,0,0,0,0,0,37.649,0,0,0,0,0,0,142.602,0,77.895,0,19.792
-3,5/29/50,8:28,nan,nan,nan,0,0,0,0,0,0,11.293,142.177,0,0,0,0,0,114.615,0,61.881,0,25.274
-3,5/29/50,8:29,nan,nan,nan,0,0,0,0,0,0,15.814,68.886,0,0,0,0,0,0,0,105.052,0,110.652
-3,5/29/50,8:30,nan,nan,nan,0,0,0,0,0,0,17.031,0,0,0,0,0,0,0,0,186.026,0,180.778
-3,5/29/50,8:31,nan,nan,nan,0,0,0,0,0,0,23.946,0,0,0,0,0,0,0,0,83.102,0,189.474
-3,5/29/50,8:32,nan,nan,nan,0,0,0,0,0,0,24.808,0,0,0,0,0,0,0,0,6.733,0,53.757
-3,5/29/50,8:33,nan,nan,nan,0,0,0,0,0,0,41.011,0,0,0,0,0,0,0,0,10.894,0,203.066
-3,5/29/50,8:34,nan,nan,nan,0,0,0,0,0,0,14.674,0,0,0,0,0,0,0,0,106.181,0,295.969
-3,5/29/50,8:35,nan,nan,nan,0,0,0,0,0,0,81.024,0,0,0,0,0,0,0,0,11.668,0,242.97
-3,5/29/50,8:36,nan,nan,nan,0,0,0,0,0,0,43.133,0,0,0,64.902,0,0,0,0,123.39,0,0
-3,5/29/50,8:37,nan,nan,nan,0,0,0,0,0,0,18.894,0,0,0,104.651,0,0,0,0,114.09,0,0
-3,5/29/50,8:38,nan,nan,nan,0,0,0,0,0,0,49.608,0,0,0,61.252,0,0,0,0,0,0,103.232
-3,5/29/50,8:39,nan,nan,nan,0,0,0,0,0,0,0,0,0,0,40.935,0,0,0,0,0,0,45.489
-3,5/29/50,8:40,nan,nan,nan,0,0,0,0,0,0,0,0,0,0,0,0,0,0,0,0,0,87.451
-3,5/29/50,8:41,nan,nan,nan,0,0,0,0,0,0,0,0,113.709,0,32.369,0,0,0,0,0,0,0
-3,5/29/50,8:42,nan,nan,nan,0,0,0,0,0,0,0,0,145.311,0,137.896,0,0,33.005,0,0,0,0
-3,5/29/50,8:43,nan,nan,nan,0,0,0,0,0,0,0,0,122.581,0,107.732,0,0,56.409,0,0,0,0
-3,5/29/50,8:44,nan,nan,nan,0,0,0,0,0,0,0,0,104.679,0,0,0,0,29.678,0,0,0,0
-3,5/29/50,8:45,nan,nan,nan,0,0,0,0,0,0,0,0,119.959,0,68.76,0,0,0,0,0,0,0
-3,5/29/50,8:46,nan,nan,nan,0,0,0,0,0,0,0,0,50.329,0,0,0,0,0,0,0,0,0
-3,5/29/50,8:47,nan,nan,nan,0,0,0,0,0,0,0,0,146.841,0,0,0,0,0,0,0,0,0
-3,5/29/50,8:48,nan,nan,nan,0,0,0,0,0,0,0,0,130.398,0,0,0,0,0,0,0,0,0
-3,5/29/50,8:49,nan,nan,nan,0,0,0,0,0,0,0,0,85.408,0,0,0,0,0,0,0,0,9.928
-3,5/29/50,8:50,nan,nan,nan,0,0,0,0,0,0,0,0,58.273,0,0,0,0,0,0,0,0,87.888
-3,5/29/50,8:51,nan,nan,nan,0,0,0,0,0,0,0,0,53.483,0,0,0,0,0,0,0,0,130.232
-3,5/29/50,8:52,nan,nan,nan,0,0,0,0,0,0,0,0,39.914,0,0,0,0,0,0,0,0,76.023
-3,5/29/50,8:53,nan,nan,nan,0,0,0,0,0,0,0,0,44.283,0,0,0,0,0,0,0,0,25.22
-3,5/29/50,8:54,nan,nan,nan,0,0,0,0,0,0,0,0,123.151,0,0,0,0,0,0,0,0,181.937
-3,5/29/50,8:55,nan,nan,nan,0,0,0,0,0,0,0,0,18.906,0,0,0,0,0,0,0,0,230.028
-3,5/29/50,8:56,nan,nan,nan,0,0,0,0,0,0,0,0,200.145,0,0,0,0,0,0,0,0,136.218
-3,5/29/50,8:57,nan,nan,nan,0,0,0,0,0,0,0,0,57.548,0,0,0,0,0,0,0,0,152.403
-3,5/29/50,8:58,nan,nan,nan,0,0,0,0,0,0,0,0,11.708,0,0,0,0,0,0,0,0,132.374
-3,5/29/50,8:59,nan,nan,nan,0,0,0,0,0,0,0,0,103.56,0,0,0,0,0,0,0,0,79.354
-3,5/29/50,9:00,nan,nan,nan,0,0,0,0,0,0,0,0,136.901,0,0,0,0,0,0,0,0,0
-3,5/29/50,9:01,nan,nan,nan,0,0,0,0,0,0,0,0,21.78,0,0,0,0,0,0,0,0,0
-3,5/29/50,9:02,nan,nan,nan,0,0,0,0,0,0,0,0,99.562,0,0,0,0,0,0,0,0,0
-3,5/29/50,9:03,nan,nan,nan,0,0,0,0,0,0,0,0,123.347,0,0,0,0,0,0,0,0,0
-3,5/29/50,9:04,nan,nan,nan,0,0,0,0,0,0,0,0,43.493,0,0,0,0,0,0,0,0,0
-3,5/29/50,9:05,nan,nan,nan,0,0,0,0,0,0,0,0,0,0,0,0,0,0,0,0,0,0
-3,5/29/50,9:06,nan,nan,nan,0,0,0,0,0,0,0,0,0,0,0,0,0,0,0,0,0,0
-3,5/29/50,9:07,nan,nan,nan,0,0,0,0,0,0,0,0,141.973,0,0,0,0,0,0,0,0,0
-3,5/29/50,9:08,nan,nan,nan,0,0,0,0,0,0,0,0,42.775,0,0,0,0,0,0,0,0,0
-3,5/29/50,9:09,nan,nan,nan,0,0,0,0,0,0,0,0,72.53,0,0,0,0,0,0,0,0,0
-3,5/29/50,9:10,nan,nan,nan,0,0,0,0,0,0,0,0,98.407,0,0,0,0,0,0,0,0,0
-3,5/29/50,9:11,nan,nan,nan,0,0,0,0,0,0,0,0,141.494,0,0,0,0,0,0,0,0,0
-3,5/29/50,9:12,nan,nan,nan,0,0,0,0,0,0,0,0,79.157,0,0,0,0,0,0,0,0,0
-3,5/29/50,9:13,nan,nan,nan,0,0,0,0,0,0,0,0,123.79,0,0,0,0,0,0,0,0,0
-3,5/29/50,9:14,nan,nan,nan,0,0,0,0,0,0,0,0,89.401,0,0,0,0,0,0,0,0,0
-3,5/29/50,9:15,nan,nan,nan,0,0,0,0,0,0,0,0,3.458,0,0,0,0,0,0,0,0,0
-3,5/29/50,9:16,nan,nan,nan,0,0,0,0,0,0,0,0,134.719,0,0,0,0,0,0,0,0,0
-3,5/29/50,9:17,nan,nan,nan,0,0,0,0,0,0,0,0,0,0,0,0,0,0,0,0,0,0
-3,5/29/50,9:18,nan,nan,nan,0,0,0,0,0,0,0,0,0,0,0,0,0,0,0,0,0,0
-3,5/29/50,9:19,nan,nan,nan,0,0,0,0,0,0,0,0,56.85,0,0,0,0,0,0,0,0,0
-3,5/29/50,9:20,nan,nan,nan,0,0,0,0,0,0,0,0,0,0,0,0,0,0,0,0,0,0
-3,5/29/50,9:21,nan,nan,nan,0,0,0,0,0,0,0,0,0,0,0,0,0,0,0,0,0,0
-3,5/29/50,9:22,nan,nan,nan,0,0,0,0,0,0,0,0,0,0,0,0,0,0,0,0,0,0
-3,5/29/50,9:23,nan,nan,nan,0,0,0,0,0,0,0,0,0,0,0,0,0,0,0,0,0,0
-3,5/29/50,9:24,nan,nan,nan,0,0,0,0,0,0,0,0,0,0,0,0,0,0,0,0,0,0
-3,5/29/50,9:25,nan,nan,nan,0,0,0,0,0,0,0,0,0,0,0,0,0,0,0,0,0,0
-3,5/29/50,9:26,nan,nan,nan,0,0,0,0,0,0,0,0,0,0,0,0,0,0,0,0,0,0
-3,5/29/50,9:27,nan,nan,nan,0,0,0,0,0,0,0,0,0,0,0,0,0,0,0,0,0,0
-3,5/29/50,9:28,nan,nan,nan,0,0,0,0,0,0,0,0,0,0,0,0,0,0,0,0,0,0
-3,5/29/50,9:29,nan,nan,nan,0,0,0,0,0,0,0,0,0,0,0,0,0,0,0,0,0,0
-3,5/29/50,9:30,nan,nan,nan,0,0,0,0,0,0,0,0,0,0,0,0,0,0,0,0,0,0
-3,5/29/50,9:31,nan,nan,nan,0,0,24.145,0,0,0,0,0,0,0,0,0,0,0,0,0,0,0
-3,5/29/50,9:32,nan,nan,nan,0,0,171.756,0,0,0,0,0,0,0,0,0,0,0,0,0,0,0
-3,5/29/50,9:33,nan,nan,nan,0,0,67.157,0,0,0,0,0,0,0,0,0,0,0,0,0,0,30.118
-3,5/29/50,9:34,nan,nan,nan,0,0,0,0,0,0,0,0,0,0,0,0,0,0,0,0,0,0
-3,5/29/50,9:35,nan,nan,nan,0,0,0,0,0,0,0,0,0,0,0,0,0,0,0,0,0,0
-3,5/29/50,9:36,nan,nan,nan,0,0,0,0,0,0,0,0,0,0,0,0,0,0,0,0,0,0
-3,5/29/50,9:37,nan,nan,nan,0,0,0,0,0,0,0,0,0,0,0,0,0,0,0,0,0,0
-3,5/29/50,9:38,nan,nan,nan,0,0,0,0,0,0,0,0,0,0,0,0,0,0,0,0,0,0
-3,5/29/50,9:39,nan,nan,nan,0,0,0,0,0,0,0,0,0,0,0,0,0,0,0,0,0,0
-3,5/29/50,9:40,nan,nan,nan,0,0,0,0,0,0,0,0,0,0,0,0,0,0,0,0,0,0
-3,5/29/50,9:41,nan,nan,nan,0,0,0,0,0,0,0,0,0,0,0,0,0,0,0,0,0,0
-3,5/29/50,9:42,nan,nan,nan,0,0,0,0,0,0,0,0,0,0,0,0,0,0,0,0,0,0
-3,5/29/50,9:43,nan,nan,nan,0,0,0,0,0,0,0,0,0,15.828,0,0,0,0,0,0,0,0
-3,5/29/50,9:44,nan,nan,nan,0,0,0,0,0,0,0,0,0,175.747,0,0,0,0,0,0,0,0
-3,5/29/50,9:45,nan,nan,nan,0,0,0,0,0,0,0,0,0,131.451,0,0,0,0,0,0,0,0
-3,5/29/50,9:46,nan,nan,nan,0,0,0,0,0,0,0,0,0,129.926,0,0,0,0,0,0,0,0
-3,5/29/50,9:47,nan,nan,nan,0,0,0,0,0,0,0,0,0,58.852,0,0,0,0,0,0,0,0
-3,5/29/50,9:48,nan,nan,nan,0,0,0,0,0,0,0,0,0,34.666,0,19.439,0,0,0,0,0,0
-3,5/29/50,9:49,nan,nan,nan,0,0,0,0,0,0,0,0,0,0,0,0.608,0,0,0,0,0,0
-3,5/29/50,9:50,nan,nan,nan,0,0,0,0,0,0,0,0,0,0,0,75.17,0,0,0,0,0,0
-3,5/29/50,9:51,nan,nan,nan,0,0,0,0,0,0,0,0,20.799,0,0,197.111,0,0,0,0,0,0
-3,5/29/50,9:52,nan,nan,nan,0,0,0,0,0,0,0,0,179.178,0,0,160.866,0,0,0,0,0,0
-3,5/29/50,9:53,nan,nan,nan,0,0,0,0,0,0,0,0,33.463,0,0,276.234,0,0,0,0,0,0
-3,5/29/50,9:54,nan,nan,nan,0,0,0,0,0,0,0,0,0,0,0,228.131,0,0,0,0,0,0
-3,5/29/50,9:55,nan,nan,nan,0,0,0,0,0,0,0,0,0,0,0,150.468,0,0,0,0,0,0
-3,5/29/50,9:56,nan,nan,nan,0,0,0,0,0,0,0,0,0,0,0,199.466,0,0,0,0,0,0
-3,5/29/50,9:57,nan,nan,nan,0,0,0,0,0,0,0,0,0,0,0,36.468,0,0,0,0,0,0
-3,5/29/50,9:58,nan,nan,nan,0,0,0,0,0,0,0,0,53.174,0,0,254.485,0,0,0,0,0,0
-3,5/29/50,9:59,nan,nan,nan,0,0,0,0,0,0,0,0,0,0,0,207.077,0,0,0,0,0,0
-3,5/29/50,10:00,nan,nan,nan,0,0,0,0,0,0,0,0,22.85,0,0,155.019,0,0,0,0,0,0
-3,5/29/50,10:01,nan,nan,nan,0,0,0,0,0,0,0,0,0,0,0,229.446,0,0,0,0,0,0
-3,5/29/50,10:02,nan,nan,nan,0,0,0,0,0,0,0,0,0,0,0,121.392,0,0,0,0,0,0
-3,5/29/50,10:03,nan,nan,nan,0,0,0,0,0,0,0,0,0,0,0,18.804,0,0,0,0,0,0
-3,5/29/50,10:04,nan,nan,nan,0,0,0,0,0,0,0,0,0,0,0,6.049,0,0,0,0,0,0
-3,5/29/50,10:05,nan,nan,nan,0,0,0,0,0,0,0,0,0,0,0,0,0,0,0,0,73.192,0
-3,5/29/50,10:06,nan,nan,nan,0,0,0,0,0,0,0,0,0,0,0,0,0,0,0,0,66.284,0
-3,5/29/50,10:07,nan,nan,nan,0,21.375,0,0,0,0,0,0,0,0,0,0,0,0,0,0,118.918,0
-3,5/29/50,10:08,nan,nan,nan,0,200.169,0,0,0,0,0,0,0,0,0,0,0,0,0,0,101.603,0
-3,5/29/50,10:09,nan,nan,nan,0,167.205,0,0,0,0,0,0,0,0,0,0,0,0,0,0,4.768,0
-3,5/29/50,10:10,nan,nan,nan,0,157.058,0,0,0,0,0,0,0,0,0,0,0,0,0,0,0,0
-3,5/29/50,10:11,nan,nan,nan,0,41.333,0,0,0,0,0,0,0,0,0,0,28.822,0,0,0,16.978,0
-3,5/29/50,10:12,nan,nan,nan,0,176.406,0,0,0,0,0,0,0,0,0,0,112.062,0,0,0,84.557,0
-3,5/29/50,10:13,nan,nan,nan,0,231.45,0,0,0,0,0,0,0,0,0,0,69.572,0,0,0,0,0
-3,5/29/50,10:14,nan,nan,nan,0,144.256,0,0,0,0,0,0,0,0,0,0,0,0,0,0,69.117,0
-3,5/29/50,10:15,nan,nan,nan,0,181.587,0,0,0,0,0,0,0,0,0,0,0,0,0,0,166.609,0
-3,5/29/50,10:16,nan,nan,nan,0,117.654,0,0,0,0,0,0,0,0,0,0,184.512,0,0,0,70.067,0
-3,5/29/50,10:17,nan,nan,nan,0,155.963,0,0,0,0,0,0,0,0,0,0,149.962,0,0,0,54.149,0
-3,5/29/50,10:18,nan,nan,nan,0,229.587,0,37.698,0,0,0,0,0,0,0,0,0,0,0,0,144.772,0
-3,5/29/50,10:19,nan,nan,nan,0,29.788,0,0,0,0,0,0,0,0,0,0,42.746,0,0,0,144.777,0
-3,5/29/50,10:20,nan,nan,nan,0,80.363,0,0,0,0,0,0,0,0,0,0,114.878,0,0,0,89.911,0
-3,5/29/50,10:21,nan,nan,nan,0,227.702,0,0,0,0,0,0,0,0,0,0,90.711,0,0,0,86.928,0
-3,5/29/50,10:22,nan,nan,nan,0,170.755,0,0,0,0,0,0,0,0,0,0,85.71,0,0,0,186.568,0
-3,5/29/50,10:23,nan,nan,nan,0,227.755,0,0,0,0,0,0,0,0,0,0,0,0,0,0,143.602,0
-3,5/29/50,10:24,nan,nan,nan,0,57.633,0,0,0,0,0,0,0,0,0,0,3.58,0,0,0,38.176,0
-3,5/29/50,10:25,nan,nan,nan,0,107.643,0,0,0,0,0,0,0,0,0,0,296.166,0,0,0,0,0
-3,5/29/50,10:26,nan,nan,nan,0,152.423,0,0,0,0,0,0,0,0,0,0,157.556,0,0,0,0,0
-3,5/29/50,10:27,nan,nan,nan,0,0,0,0,0,0,0,0,0,0,0,0,150.293,0,0,0,0,0
-3,5/29/50,10:28,nan,nan,nan,0,59.952,0,0,0,0,0,0,0,0,0,0,19.23,0,0,0,0,0
-3,5/29/50,10:29,nan,nan,nan,0,183.84,0,0,0,0,0,0,0,0,0,0,20.61,0,0,0,0,0
-3,5/29/50,10:30,nan,nan,nan,0,0,0,0,0,0,0,0,0,0,0,0,141.684,0,0,0,0,0
-3,5/29/50,10:31,nan,nan,nan,0,0,0,0,0,0,0,0,0,0,0,0,0,0,0,0,0,0
-3,5/29/50,10:32,nan,nan,nan,0,0,0,0,0,20.915,0,0,0,0,0,0,0,0,0,0,0,0
-3,5/29/50,10:33,nan,nan,nan,0,0,0,0,0,54.803,0,0,0,0,0,0,0,0,0,0,0,0
-3,5/29/50,10:34,nan,nan,nan,0,0,0,0,0,162.359,0,0,0,0,0,0,0,0,0,0,0,0
-3,5/29/50,10:35,nan,nan,nan,29.509,0,0,0,0,14.371,0,0,0,0,0,0,0,0,0,21.33,0,0
-3,5/29/50,10:36,nan,nan,nan,0,0,0,0,0,13.042,0,0,0,0,54.768,0,0,0,0,29.356,0,0
-3,5/29/50,10:37,nan,nan,nan,0,0,0,0,0,11.773,0,0,0,0,90.465,0,0,0,0,0,0,0
-3,5/29/50,10:38,nan,nan,nan,18.188,0,0,0,0,9.708,0,0,0,0,119.358,0,0,0,0,0,0,0
-3,5/29/50,10:39,nan,nan,nan,171.719,0,0,0,0,0,0,0,0,0,199.091,0,0,0,0,0,0,0
-3,5/29/50,10:40,nan,nan,nan,154.987,0,0,0,0,155.658,0,0,0,0,60.494,0,0,0,0,0,0,0
-3,5/29/50,10:41,nan,nan,nan,192.295,0,0,0,0,17.019,0,0,0,0,28.826,0,0,0,0,0,0,0
-3,5/29/50,10:42,nan,nan,nan,35.645,0,0,0,0,0,0,0,0,0,0,0,0,0,0,0,0,0
-3,5/29/50,10:43,nan,nan,nan,72.843,0,0,0,0,56.635,0,0,0,0,0,0,0,0,0,0,0,0
-3,5/29/50,10:44,nan,nan,nan,0,0,0,0,0,128.672,0,0,0,0,62.091,0,0,0,0,0,0,0
-3,5/29/50,10:45,nan,nan,nan,0,0,0,0,0,250.657,0,0,0,0,107.307,0,0,0,0,0,0,0
-3,5/29/50,10:46,nan,nan,nan,0,0,0,0,0,337.656,0,0,0,0,99.429,0,0,0,0,0,0,0
-3,5/29/50,10:47,nan,nan,nan,0,0,0,0,0,160.982,0,0,0,0,135.763,0,0,0,0,0,0,0
-3,5/29/50,10:48,nan,nan,nan,0,0,0,0,0,339.919,0,0,0,0,130.597,0,0,0,0,0,0,0
-3,5/29/50,10:49,nan,nan,nan,0,0,0,0,0,389.616,0,0,0,0,22.363,0,0,0,0,0,0,0
-3,5/29/50,10:50,nan,nan,nan,0,0,0,0,0,227.638,0,0,0,0,16.779,0,0,0,0,0,0,0
-3,5/29/50,10:51,nan,nan,nan,0,0,0,0,0,295.153,0,0,0,0,86.809,0,0,0,0,0,0,0
-3,5/29/50,10:52,nan,nan,nan,0,0,0,0,0,60.626,0,0,0,0,71.074,0,0,0,0,0,0,0
-3,5/29/50,10:53,nan,nan,nan,0,0,0,0,0,0,0,0,0,0,77.633,0,0,0,0,0,0,0
-3,5/29/50,10:54,nan,nan,nan,0,0,0,0,0,0,0,0,0,0,37.854,0,0,0,0,0,0,0
-3,5/29/50,10:55,nan,nan,nan,0,0,0,0,0,42.94,0,0,0,0,0,0,0,0,0,0,0,0
-3,5/29/50,10:56,nan,nan,nan,0,0,0,0,0,0,0,0,0,0,0,0,0,0,0,0,0,0
-3,5/29/50,10:57,nan,nan,nan,0,0,0,0,0,11.6,0,0,0,0,0,0,0,0,0,0,0,0
-3,5/29/50,10:58,nan,nan,nan,0,0,0,0,0,78.842,0,0,0,0,0,0,0,0,0,0,0,0
-3,5/29/50,10:59,nan,nan,nan,0,0,0,0,0,71.913,0,0,0,0,0,0,0,0,0,0,0,0
-3,5/29/50,11:00,nan,nan,nan,0,0,0,0,0,215.507,0,4.822,0,0,0,0,0,0,0,0,0,0
-3,5/29/50,11:01,nan,nan,nan,0,0,0,0,0,141.533,0,120.425,0,0,0,0,0,0,0,0,0,0
-3,5/29/50,11:02,nan,nan,nan,0,0,0,0,0,261.023,0,78.601,0,0,0,0,0,0,0,0,0,0
-3,5/29/50,11:03,nan,nan,nan,0,0,0,0,0,10.559,0,21.229,0,0,0,0,0,0,0,0,0,0
-3,5/29/50,11:04,nan,nan,nan,0,0,0,0,0,0,0,0,0,0,0,0,0,0,0,19.403,0,0
-3,5/29/50,11:05,nan,nan,nan,0,0,0,0,0,0,0,93.51,0,0,0,0,0,0,0,0,0,0
-3,5/29/50,11:06,nan,nan,nan,0,0,0,0,0,0,0,0,0,0,0,0,0,0,0,0,0,0
-3,5/29/50,11:07,nan,nan,nan,0,0,0,0,0,0,0,0,0,0,0,0,0,0,0,0,0,0
-3,5/29/50,11:08,nan,nan,nan,0,0,0,0,0,0,0,0,0,0,0,0,0,0,0,0.146,0,0
-3,5/29/50,11:09,nan,nan,nan,0,0,0,0,0,0,0,46.698,0,0,0,0,0,0,0,7.381,0,0
-3,5/29/50,11:10,nan,nan,nan,0,0,0,0,0,0,0,203.199,0,0,0,0,0,0,0,71.964,0,0
-3,5/29/50,11:11,nan,nan,nan,0,0,0,0,0,0,0,122.686,0,0,0,0,0,0,0,127.131,0,0
-3,5/29/50,11:12,nan,nan,nan,0,0,0,0,0,0,0,166.019,0,0,0,0,0,0,0,192.275,0,0
-3,5/29/50,11:13,nan,nan,nan,0,0,0,0,0,0,0,52.927,0,0,0,0,0,0,0,88.222,0,0
-3,5/29/50,11:14,nan,nan,nan,0,0,0,0,0,0,0,55.283,0,0,0,0,0,0,0,88.062,0,0
-3,5/29/50,11:15,nan,nan,nan,0,0,0,0,0,0,0,189.131,0,0,0,0,0,0,0,143.087,0,0
-3,5/29/50,11:16,nan,nan,nan,0,0,0,0,0,0,0,82.658,0,0,0,0,0,62.184,0,322.443,0,0
-3,5/29/50,11:17,nan,nan,nan,0,0,0,0,0,0,0,0,0,0,0,0,0,114.082,0,170.174,0,0
-3,5/29/50,11:18,nan,nan,nan,0,0,0,0,0,0,0,0,0,0,0,0,0,0,0,53.452,0,0
-3,5/29/50,11:19,nan,nan,nan,0,0,0,0,0,0,0,0,0,0,0,0,0,29.925,0,60.92,0,0
-3,5/29/50,11:20,nan,nan,nan,0,0,0,0,0,0,0,0,0,0,0,0,0,3.653,0,47.132,0,0
-3,5/29/50,11:21,nan,nan,nan,0,0,0,0,0,0,0,0,0,0,0,0,0,0.456,0,83.3,0,0
-3,5/29/50,11:22,nan,nan,nan,0,0,0,0,0,0,0,0,0,0,0,0,0,95.469,0,112.284,0,0
-3,5/29/50,11:23,nan,nan,nan,0,0,0,0,0,0,0,0,0,0,0,0,0,178.001,0,159.916,0,0
-3,5/29/50,11:24,nan,nan,nan,0,0,0,0,0,0,0,0,0,0,0,0,0,208.004,0,37.871,0,0
-3,5/29/50,11:25,nan,nan,nan,0,0,0,0,0,0,0,0,0,0,0,0,0,163.461,0,0,0,0
-3,5/29/50,11:26,nan,nan,nan,0,0,0,0,0,0,0,0,0,0,0,0,0,152.819,0,0,0,0
-3,5/29/50,11:27,nan,nan,nan,0,0,0,0,0,0,0,0,0,0,0,0,0,39.656,0,0,0,0
-3,5/29/50,11:28,nan,nan,nan,0,0,0,0,0,0,0,0,0,0,0,0,0,171.163,0,0,0,0
-3,5/29/50,11:29,nan,nan,nan,0,0,0,0,0,0,0,0,0,0,0,0,0,15.332,0,0,0,0
-3,5/29/50,11:30,nan,nan,nan,0,0,0,0,0,0,0,0,0,0,0,0,0,183.914,0,0,0,0
-3,5/29/50,11:31,nan,nan,nan,0,0,0,0,0,0,0,0,0,0,0,0,0,208.657,0,0,0,0
-3,5/29/50,11:32,nan,nan,nan,0,0,0,0,0,0,24.682,0,0,0,0,0,0,207.082,0,0,0,0
-3,5/29/50,11:33,nan,nan,nan,0,0,0,0,0,0,19.685,0,0,0,0,0,0,269.31,0,0,0,0
-3,5/29/50,11:34,nan,nan,nan,0,0,0,0,0,0,25.829,0,0,0,0,0,0,110.725,0,0,0,0
-3,5/29/50,11:35,nan,nan,nan,0,0,0,0,0,0,22.045,0,0,0,0,0,0,0,0,0,0,0
-3,5/29/50,11:36,nan,nan,nan,0,0,0,0,0,0,19.917,0,0,0,0,0,0,0,0,0,0,0
-3,5/29/50,11:37,nan,nan,nan,0,0,0,0,0,0,18.443,0,0,0,0,0,0,0,0,0,0,0
-3,5/29/50,11:38,nan,nan,nan,0,0,0,0,0,0,18.501,0,0,0,0,0,0,0,0,0,0,0
-3,5/29/50,11:39,nan,nan,nan,0,0,0,0,0,0,13.932,0,0,0,0,0,0,0,0,0,0,0
-3,5/29/50,11:40,nan,nan,nan,0,0,0,0,0,0,14.293,0,0,0,0,0,0,0,0,0,0,0
-3,5/29/50,11:41,nan,nan,nan,0,0,0,0,0,0,13.304,0,0,0,0,0,0,0,0,0,0,0
-3,5/29/50,11:42,nan,nan,nan,0,0,0,0,0,0,8.945,0,0,0,0,0,0,0,0,0,0,0
-3,5/29/50,11:43,nan,nan,nan,0,0,1.94,0,0,0,8.283,0,0,0,0,0,0,0,0,0,0,0
-3,5/29/50,11:44,nan,nan,nan,0,0,122.242,0,0,0,9.846,0,0,0,0,0,0,0,0,0,0,0
-3,5/29/50,11:45,nan,nan,nan,0,0,84.808,0,0,0,9.63,0,0,0,0,0,0,0,0,0,0,0
-3,5/29/50,11:46,nan,nan,nan,0,0,111.312,0,0,0,45.125,0,0,0,0,0,0,0,0,0,0,0
-3,5/29/50,11:47,nan,nan,nan,0,0,97.7,0,0,0,12.682,0,0,0,0,0,0,0,0,0,0,0
-3,5/29/50,11:48,nan,nan,nan,0,0,178.934,0,0,0,8.306,0,0,0,0,0,0,0,0,0,0,0
-3,5/29/50,11:49,nan,nan,nan,0,0,163.083,0,0,0,10.41,0,0,0,0,0,0,0,0,0,0,0
-3,5/29/50,11:50,nan,nan,nan,0,0,183.526,0,0,0,37.961,0,0,0,0,0,0,0,0,0,0,0
-3,5/29/50,11:51,nan,nan,nan,0,0,32.912,0,0,0,70.953,0,0,0,0,0,0,0,69.633,0,0,0
-3,5/29/50,11:52,nan,nan,nan,0,0,0,0,0,0,46.333,0,0,0,19.141,0,0,0,70.13,0,0,136.107
-3,5/29/50,11:53,nan,nan,nan,0,0,0,0,0,0,197.787,0,0,0,178.303,0,0,0,41.039,0,0,77.481
-3,5/29/50,11:54,nan,nan,nan,0,0,0,0,0,0,71.072,0,0,0,0,0,0,0,149.344,0,0,90.225
-3,5/29/50,11:55,nan,nan,nan,0,0,0,0,0,0,9.555,0,0,0,0,0,0,0,116.706,0,0,165.277
-3,5/29/50,11:56,nan,nan,nan,0,0,0,0,0,0,47.631,0,0,0,0,0,0,0,0,0,0,196.647
-3,5/29/50,11:57,nan,nan,nan,0,0,0,92.041,0,0,74.556,0,0,0,0,0,0,0,26.541,0,0,363.377
-3,5/29/50,11:58,nan,nan,nan,0,0,0,136.192,0,0,79.031,0,0,0,0,0,0,0,170.603,0,0,165.114
-3,5/29/50,11:59,nan,nan,nan,0,0,0,53.946,0,0,0,0,0,0,0,0,0,0,17.059,0,0,0
-3,5/29/50,12:00,nan,nan,nan,0,0,0,0,0,0,70.293,0,0,0,18.996,0,0,0,0,0,0,11.315
-3,5/29/50,12:01,nan,nan,nan,0,0,0,0,0,0,0,0,0,0,0,0,0,0,0,0,0,138.47
-3,5/29/50,12:02,nan,nan,nan,0,0,0,0,0,0,67.098,0,0,0,0,0,0,0,0,0,0,199.421
-3,5/29/50,12:03,nan,nan,nan,0,0,0,0,0,0,32.252,0,0,0,0,0,0,0,0,0,0,222.351
-3,5/29/50,12:04,nan,nan,nan,0,0,0,0,60.764,0,46.218,0,0,0,0,0,0,0,0,0,0,213.554
-3,5/29/50,12:05,nan,nan,nan,0,0,0,0,19.547,0,0,0,0,0,0,0,0,0,64.363,0,0,187.173
-3,5/29/50,12:06,nan,nan,nan,0,0,0,0,84.388,0,34.815,0,0,0,0,0,0,0,110.94,0,0,83.38
-3,5/29/50,12:07,nan,nan,nan,0,0,0,0,102.583,0,31.913,0,0,0,0,0,0,0,232.387,0,0,164.102
-3,5/29/50,12:08,nan,nan,nan,0,0,0,0,54.308,0,62.306,0,0,0,0,0,0,0,224.544,0,0,118.377
-3,5/29/50,12:09,nan,nan,nan,0,0,0,0,52.568,0,87.557,0,0,0,0,0,0,0,168.868,0,0,218.333
-3,5/29/50,12:10,nan,nan,nan,0,0,0,0,75.66,0,0,0,0,0,0,0,0,0,252.072,0,0,0
-3,5/29/50,12:11,nan,nan,nan,0,0,0,0,79.322,0,0,0,0,0,0,0,0,0,128.612,0,0,90.496
-3,5/29/50,12:12,nan,nan,nan,0,0,0,0,46.516,0,0,0,0,0,0,0,0,0,133.263,0,0,139.708
-3,5/29/50,12:13,nan,nan,nan,0,0,0,0,116.412,0,0,0,0,0,0,0,0,0,239.512,0,0,131.816
-3,5/29/50,12:14,nan,nan,nan,0,0,0,0,105.697,0,0,0,0,0,0,0,0,0,251.701,0,0,0
-3,5/29/50,12:15,nan,nan,nan,0,0,0,0,94.647,8.9,0,0,0,0,0,0,0,0,192.718,0,0,0
-3,5/29/50,12:16,nan,nan,nan,0,0,0,0,78.697,94.28,0,0,0,0,0,0,0,0,0,0,0,0
-3,5/29/50,12:17,nan,nan,nan,0,0,0,0,80.653,194.801,0,0,0,0,0,0,0,0,0,0,0,0
-3,5/29/50,12:18,nan,nan,nan,0,0,0,0,0,339.752,0,0,0,0,0,0,0,0,0,0,0,0
-3,5/29/50,12:19,nan,nan,nan,0,0,0,0,0,0,0,0,171.093,0,0,0,0,0,0,0,0,0
-3,5/29/50,12:20,nan,nan,nan,0,0,0,0,0,0,0,0,186.594,0,0,0,0,0,0,0,0,41.405
-3,5/29/50,12:21,nan,nan,nan,0,0,0,0,0,25.547,0,0,105.113,0,0,0,0,0,0,0,0,0
-3,5/29/50,12:22,nan,nan,nan,0,0,0,0,0,250.245,0,0,99.275,0,0,0,0,0,0,0,0,0
-3,5/29/50,12:23,nan,nan,nan,0,102.66,0,0,14.377,20.452,0,0,0,0,0,0,84.389,0,0,0,0,0
-3,5/29/50,12:24,nan,nan,nan,0,156.347,0,0,0,0,0,0,0,0,0,0,80.6,0,0,0,0,0
-3,5/29/50,12:25,nan,nan,nan,0,52.2,0,0,0,0,0,0,93.456,0,0,0,223.888,0,0,0,0,0
-3,5/29/50,12:26,nan,nan,nan,0,207.59,0,0,0,0,0,0,149.367,0,0,0,171.089,0,0,0,0,0
-3,5/29/50,12:27,nan,nan,nan,0,27.687,0,0,0,0,0,0,152.223,0,0,0,107.081,0,0,0,0,0
-3,5/29/50,12:28,nan,nan,nan,0,0,0,0,0,0,0,0,49.482,0,0,0,141.797,0,0,0,0,0
-3,5/29/50,12:29,nan,nan,nan,0,0,0,0,0,0,0,0,0,0,0,0,97.936,0,0,0,0,0
-3,5/29/50,12:30,nan,nan,nan,0,0,0,0,0,0,0,0,0,0,0,0,217.88,0,0,0,0,0
-3,5/29/50,12:31,nan,nan,nan,0,0,0,0,0,0,0,0,0,0,0,0,28.98,0,0,0,0,0
-3,5/29/50,12:32,nan,nan,nan,0,0,0,0,0,0,0,0,0,0,0,0,52.103,0,0,0,0,0
-3,5/29/50,12:33,nan,nan,nan,0,0,0,0,0,0,0,0,0,0,0,0,178.853,0,0,0,0,0
-3,5/29/50,12:34,nan,nan,nan,0,0,0,0,0,0,0,0,0,0,0,0,43.518,0,0,0,0,0
-3,5/29/50,12:35,nan,nan,nan,0,0,0,0,0,0,0,0,0,0,0,0,0,0,0,0,0,0
-3,5/29/50,12:36,nan,nan,nan,0,0,0,0,0,0,0,0,0,0,0,0,175.712,0,0,0,0,0
-3,5/29/50,12:37,nan,nan,nan,0,0,0,0,0,0,0,0,0,0,0,0,179.232,0,0,0,0,0
-3,5/29/50,12:38,nan,nan,nan,0,0,0,0,0,0,0,0,0,0,0,0,270.912,0,0,0,0,0
-3,5/29/50,12:39,nan,nan,nan,0,0,0,0,0,0,0,0,0,0,0,0,230.461,0,0,0,0,0
-3,5/29/50,12:40,nan,nan,nan,0,0,0,0,0,0,0,0,0,0,0,0,4.079,0,0,0,0,0
-3,5/29/50,12:41,nan,nan,nan,0,0,0,0,0,0,0,0,0,0,0,0,0,0,0,0,0,0
-3,5/29/50,12:42,nan,nan,nan,0,0,0,0,0,0,0,0,0,0,0,0,0,0,0,0,0,0
-3,5/29/50,12:43,nan,nan,nan,0,0,0,0,0,0,0,0,0,0,0,0,0,0,0,0,0,0
-3,5/29/50,12:44,nan,nan,nan,0,0,0,0,0,0,0,0,0,0,0,0,0,0,0,0,0,0
-3,5/29/50,12:45,nan,nan,nan,0,0,0,0,0,0,0,0,0,0,0,0,0,0,0,0,0,0
-3,5/29/50,12:46,nan,nan,nan,0,0,0,0,0,0,0,0,0,0,0,0,0,0,0,0,0,0
-3,5/29/50,12:47,nan,nan,nan,0,0,0,0,0,0,0,0,0,0,0,0,0,0,0,0,0,0
-3,5/29/50,12:48,nan,nan,nan,0,0,0,0,0,0,0,0,0,0,0,0,0,0,0,0,0,0
-3,5/29/50,12:49,nan,nan,nan,0,0,0,0,0,0,0,0,0,0,0,0,0,0,0,0,0,0
-3,5/29/50,12:50,nan,nan,nan,0,0,0,0,0,0,0,0,0,0,0,0,0,0,0,0,0,0
-3,5/29/50,12:51,nan,nan,nan,0,0,0,0,0,0,0,0,0,0,0,0,0,0,0,0,0,0
-3,5/29/50,12:52,nan,nan,nan,0,0,0,0,0,0,0,0,0,0,0,0,0,0,0,0,0,0
-3,5/29/50,12:53,nan,nan,nan,0,0,0,0,0,0,0,0,0,79.551,0,0,0,0,0,0,0,0
-3,5/29/50,12:54,nan,nan,nan,0,0,0,0,0,0,0,0,0,103.428,0,0,0,0,0,0,0,0
-3,5/29/50,12:55,nan,nan,nan,0,0,0,0,0,0,0,0,0,149.967,0,0,0,0,0,0,0,0
-3,5/29/50,12:56,nan,nan,nan,0,0,0,0,0,0,0,0,0,132.013,0,0,0,0,0,0,0,0
-3,5/29/50,12:57,nan,nan,nan,0,0,0,0,0,0,0,0,0,124.643,0,0,0,0,0,0,0,0
-3,5/29/50,12:58,nan,nan,nan,0,0,0,0,0,0,0,0,0,103.733,0,0,0,0,0,0,0,0
-3,5/29/50,12:59,nan,nan,nan,0,0,0,0,0,0,0,0,0,108.045,0,0,0,0,0,0,0,0
-3,5/29/50,13:00,nan,nan,nan,0,0,0,0,0,0,0,0,0,185.549,0,0,0,0,0,0,0,0
-3,5/29/50,13:01,nan,nan,nan,0,0,0,0,0,0,0,0,0,151.205,0,0,0,0,0,0,0,0
-3,5/29/50,13:02,nan,nan,nan,0,0,0,0,0,0,0,0,0,207.03,0,0,0,0,0,0,0,0
-3,5/29/50,13:03,nan,nan,nan,0,0,0,0,0,0,0,0,0,81.536,0,0,0,0,0,0,0,0
-3,5/29/50,13:04,nan,nan,nan,0,0,0,0,0,0,0,0,0,63.686,0,0,0,0,0,0,0,0
-3,5/29/50,13:05,nan,nan,nan,0,0,0,0,0,0,0,0,0,12.959,0,0,0,0,0,0,0,0
-3,5/29/50,13:06,nan,nan,nan,0,0,0,0,0,0,0,0,0,0,0,0,0,0,0,0,0,0
-3,5/29/50,13:07,nan,nan,nan,0,0,0,0,0,0,0,0,0,10.628,0,0,0,0,0,0,0,0
-3,5/29/50,13:08,nan,nan,nan,0,0,0,0,0,0,0,0,0,21.845,0,0,0,0,0,0,0,0
-3,5/29/50,13:09,nan,nan,nan,0,0,0,0,0,0,0,0,0,141.249,0,0,0,0,0,0,0,0
-3,5/29/50,13:10,nan,nan,nan,0,0,0,0,0,0,0,0,0,88.083,0,0,0,0,0,0,0,0
-3,5/29/50,13:11,nan,nan,nan,0,0,0,0,0,0,0,0,0,0,0,0,0,0,0,0,0,0
-3,5/29/50,13:12,nan,nan,nan,0,0,0,0,0,0,0,0,0,38.892,0,0,0,0,0,0,0,0
-3,5/29/50,13:13,nan,nan,nan,0,0,0,0,0,0,0,0,0,100.266,0,0,0,0,0,0,0,0
-3,5/29/50,13:14,nan,nan,nan,0,0,0,0,0,0,0,0,0,175.865,0,0,0,0,0,0,0,0
-3,5/29/50,13:15,nan,nan,nan,0,0,64.869,0,0,0,0,0,0,35.075,0,0,0,0,0,0,0,0
-3,5/29/50,13:16,nan,nan,nan,0,0,0,0,0,0,0,0,0,0,0,0,0,0,0,0,0,0
-3,5/29/50,13:17,nan,nan,nan,0,0,0,0,0,0,0,0,0,0,0,0,0,0,0,0,0,0
-3,5/29/50,13:18,nan,nan,nan,0,0,0,0,0,0,0,0,0,0,0,0,0,0,0,0,0,0
-3,5/29/50,13:19,nan,nan,nan,0,0,0,0,0,0,0,0,0,0,0,0,0,0,0,0,0,0
-3,5/29/50,13:20,nan,nan,nan,0,0,0,0,0,0,0,0,0,0,0,0,0,0,0,0,0,0
-3,5/29/50,13:21,nan,nan,nan,0,0,0,0,0,0,0,0,0,0,0,0,0,0,0,0,0,0
-3,5/29/50,13:22,nan,nan,nan,0,0,0,0,0,0,0,0,0,0,0,0,0,0,0,0,0,0
-3,5/29/50,13:23,nan,nan,nan,0,0,0,0,0,0,0,0,0,0,0,0,0,0,0,0,0,0
-3,5/29/50,13:24,nan,nan,nan,0,0,0,0,0,0,0,0,0,0,0,0,0,0,0,0,0,0
-3,5/29/50,13:25,nan,nan,nan,0,0,0,0,0,0,0,0,0,0,0,0,0,0,0,0,0,0
-3,5/29/50,13:26,nan,nan,nan,0,0,0,0,0,0,0,0,0,0,0,0,0,0,0,0,0,0
-3,5/29/50,13:27,nan,nan,nan,0,0,0,0,0,0,0,0,0,0,0,0,0,0,0,0,0,0
-3,5/29/50,13:28,nan,nan,nan,0,0,0,0,0,0,0,0,0,0,0,0,0,0,0,0,0,0
-3,5/29/50,13:29,nan,nan,nan,0,0,0,0,0,0,0,0,0,0,0,0,0,0,0,0,0,0
-3,5/29/50,13:30,nan,nan,nan,0,0,0,0,0,0,0,0,0,0,0,0,0,0,0,0,0,0
-3,5/29/50,13:31,nan,nan,nan,0,0,0,0,0,0,0,0,0,0,0,0,0,0,0,0,0,0
-3,5/29/50,13:32,nan,nan,nan,0,0,0,0,0,0,0,0,0,0,0,0,0,0,0,0,0,0
-3,5/29/50,13:33,nan,nan,nan,0,0,0,0,0,0,0,0,0,0,0,0,0,0,0,0,0,0
-3,5/29/50,13:34,nan,nan,nan,0,0,0,0,0,0,0,0,0,0,0,0,0,0,0,0,0,0
-3,5/29/50,13:35,nan,nan,nan,0,0,0,0,0,0,0,0,0,0,0,0,0,0,0,0,0,0
-3,5/29/50,13:36,nan,nan,nan,0,0,0,0,0,0,0,0,0,0,0,0,0,0,0,0,0,0
-3,5/29/50,13:37,nan,nan,nan,0,0,0,0,0,0,0,0,0,0,0,0,0,0,0,0,0,0
-3,5/29/50,13:38,nan,nan,nan,0,0,0,0,0,0,0,0,0,0,0,0,0,0,0,0,0,0
-3,5/29/50,13:39,nan,nan,nan,0,0,0,0,0,0,0,0,0,0,0,0,0,0,0,0,0,0
-3,5/29/50,13:40,nan,nan,nan,0,0,0,0,0,0,0,0,0,0,0,0,0,0,0,0,0,0
-3,5/29/50,13:41,nan,nan,nan,0,0,0,0,0,0,0,0,0,0,0,0,0,0,0,0,0,0
-3,5/29/50,13:42,nan,nan,nan,0,0,0,0,0,0,0,0,0,0,0,0,0,0,0,0,0,0
-3,5/29/50,13:43,nan,nan,nan,0,0,0,0,0,0,0,0,0,0,0,0,0,0,0,0,0,0
-3,5/29/50,13:44,nan,nan,nan,0,0,0,0,0,0,0,0,0,0,0,0,0,0,0,0,0,0
-3,5/29/50,13:45,nan,nan,nan,0,0,0,0,0,0,0,0,0,0,0,0,0,0,0,0,0,0
-3,5/29/50,13:46,nan,nan,nan,0,0,0,0,0,0,62.917,0,0,0,0,0,0,0,0,0,0,0
-3,5/29/50,13:47,nan,nan,nan,108.029,0,0,0,0,0,0,0,0,0,0,0,0,0,0,0,0,0
-3,5/29/50,13:48,nan,nan,nan,45.406,0,0,0,0,0,0,0,0,0,0,0,0,0,0,0,37.604,0
-3,5/29/50,13:49,nan,nan,nan,0,0,0,0,0,0,0,0,0,0,0,0,0,0,0,0,132.063,0
-3,5/29/50,13:50,nan,nan,nan,0,0,0,0,0,0,0,0,0,0,0,0,0,0,0,0,101.397,0
-3,5/29/50,13:51,nan,nan,nan,0,0,0,0,0,0,0,0,0,0,0,19.432,0,0,0,0,91.032,0
-3,5/29/50,13:52,nan,nan,nan,8.47,0,0,0,0,0,0,0,0,0,0,144.042,0,0,0,0,26.223,0
-3,5/29/50,13:53,nan,nan,nan,31.044,0,0,0,0,0,33.788,0,0,0,0,70.298,0,0,0,0,0,0
-3,5/29/50,13:54,nan,nan,nan,79.549,0,0,0,0,0,40.598,0,0,0,0,0,0,0,0,0,31.622,0
-3,5/29/50,13:55,nan,nan,nan,227.314,0,0,0,0,0,0,0,0,0,0,0,0,0,0,0,0,0
-3,5/29/50,13:56,nan,nan,nan,0,0,0,0,0,0,59.612,0,0,0,0,0,0,0,0,0,0,0
-3,5/29/50,13:57,nan,nan,nan,0,0,0,0,0,0,29.708,0,0,0,0,22.959,0,0,0,0,0,0
-3,5/29/50,13:58,nan,nan,nan,0,0,0,0,0,0,0,0,0,0,0,88.564,0,0,0,0,0,0
-3,5/29/50,13:59,nan,nan,nan,0,0,0,0,0,0,0,0,0,0,0,34.963,0,0,0,0,0,0
-3,5/29/50,14:00,nan,nan,nan,0,0,0,0,0,0,0,0,0,0,0,0,0,0,0,0,0,0
-3,5/29/50,14:01,nan,nan,nan,0,0,0,0,0,0,0,0,0,0,0,23.336,0,0,0,0,0,0
-3,5/29/50,14:02,nan,nan,nan,0,0,0,0,0,0,0,0,0,0,0,147.577,0,0,0,0,0,0
-3,5/29/50,14:03,nan,nan,nan,0,0,0,0,0,0,0,0,0,0,0,56.788,0,0,0,0,0,0
-3,5/29/50,14:04,nan,nan,nan,0,0,0,0,0,0,0,0,0,0,0,0,0,0,0,0,0,0
-3,5/29/50,14:05,nan,nan,nan,0,0,0,0,0,0,0,0,0,0,0,53.823,0,0,0,0,0,0
-3,5/29/50,14:06,nan,nan,nan,0,0,0,0,0,0,0,0,0,0,0,0,0,0,0,0,0,0
-3,5/29/50,14:07,nan,nan,nan,0,0,0,0,0,0,0,0,0,0,0,0,0,0,0,0,0,0
-3,5/29/50,14:08,nan,nan,nan,0,0,0,0,0,0,0,0,0,0,0,0,0,0,0,0,0,0
-3,5/29/50,14:09,nan,nan,nan,0,0,0,0,0,0,0,0,0,0,0,0,0,0,0,0,0,0
-3,5/29/50,14:10,nan,nan,nan,0,0,0,0,0,0,0,0,0,0,0,0,0,0,0,0,0,0
-3,5/29/50,14:11,nan,nan,nan,0,0,0,0,0,0,0,0,0,0,0,0,0,0,0,0,0,0
-3,5/29/50,14:12,nan,nan,nan,0,0,89.778,0,0,0,0,0,0,0,0,0,0,0,0,0,0,0
-3,5/29/50,14:13,nan,nan,nan,0,0,28.082,0,0,0,0,0,0,0,0,0,0,0,0,0,0,0
-3,5/29/50,14:14,nan,nan,nan,0,0,32.909,0,0,0,0,0,0,0,0,0,0,0,0,0,0,0
-3,5/29/50,14:15,nan,nan,nan,0,0,149.68,0,0,0,0,0,0,0,0,0,0,0,0,0,0,0
-3,5/29/50,14:16,nan,nan,nan,0,0,15.987,0,0,0,0,0,0,0,0,0,0,0,0,0,0,0
-3,5/29/50,14:17,nan,nan,nan,0,0,0,0,0,0,0,0,0,0,0,0,0,0,0,0,0,0
-3,5/29/50,14:18,nan,nan,nan,0,0,0,0,0,0,0,0,0,0,0,0,0,0,0,0,0,0
-3,5/29/50,14:19,nan,nan,nan,0,0,0,0,0,0,0,0,0,0,0,0,0,0,0,0,0,0
-3,5/29/50,14:20,nan,nan,nan,0,0,0,0,0,0,0,0,0,0,0,0,0,0,0,0,0,0
-3,5/29/50,14:21,nan,nan,nan,0,0,0,0,0,0,0,0,0,0,0,0,0,0,0,0,0,0
-3,5/29/50,14:22,nan,nan,nan,0,0,0,0,0,0,0,0,0,0,0,0,0,0,0,0,0,0
-3,5/29/50,14:23,nan,nan,nan,0,0,0,0,0,0,0,0,0,0,0,0,0,0,0,0,0,0
-3,5/29/50,14:24,nan,nan,nan,0,0,0,0,0,0,0,0,0,0,0,0,0,0,0,0,0,0
-3,5/29/50,14:25,nan,nan,nan,0,0,0,0,0,0,0,0,0,0,75.93,0,0,0,0,0,0,0
-3,5/29/50,14:26,nan,nan,nan,0,0,0,81.321,0,0,0,0,0,0,9.64,0,0,0,0,0,0,0
-3,5/29/50,14:27,nan,nan,nan,0,0,0,61.999,0,0,0,81.222,0,0,77.706,0,0,0,0,0,0,0
-3,5/29/50,14:28,nan,nan,nan,0,0,0,30.524,0,0,0,18.349,0,0,0,0,0,0,0,0,0,0
-3,5/29/50,14:29,nan,nan,nan,0,0,0,106.056,0,0,0,0,0,0,0,0,0,0,0,0,0,0
-3,5/29/50,14:30,nan,nan,nan,0,0,0,99.117,0,0,0,0,0,0,0,0,0,0,0,0,0,0
-3,5/29/50,14:31,nan,nan,nan,0,0,0,197.733,0,0,0,0,0,0,0,0,0,0,0,0,0,0
-3,5/29/50,14:32,nan,nan,nan,0,0,0,39.143,0,0,0,0,0,0,0,0,0,0,0,0,0,0
-3,5/29/50,14:33,nan,nan,nan,0,0,0,19.07,0,0,0,0,0,0,0,0,0,0,0,0,0,0
-3,5/29/50,14:34,nan,nan,nan,0,0,0,0,0,0,0,81.205,0,0,0,0,0,0,0,0,0,0
-3,5/29/50,14:35,nan,nan,nan,0,0,0,70.604,0,0,0,27.501,0,0,0,0,0,56.362,0,0,0,0
-3,5/29/50,14:36,nan,nan,nan,0,0,0,0,0,0,0,0,0,0,0,0,0,98.941,0,0,0,0
-3,5/29/50,14:37,nan,nan,nan,0,75.201,0,0,0,0,0,0,0,0,0,0,0,104.259,0,0,0,0
-3,5/29/50,14:38,nan,nan,nan,0,98.728,0,0,0,0,0,0,0,0,0,0,0,33.413,0,0,0,0
-3,5/29/50,14:39,nan,nan,nan,0,36.398,0,0,0,0,0,0,0,0,0,0,0,100.092,0,0,0,0
-3,5/29/50,14:40,nan,nan,nan,0,33.931,0,0,0,0,0,0,0,0,0,0,0,51.867,0,0,0,0
-3,5/29/50,14:41,nan,nan,nan,0,74.572,0,0,0,0,0,0,0,0,0,0,0,65.193,0,0,0,0
-3,5/29/50,14:42,nan,nan,nan,0,95.086,0,0,0,0,0,0,0,0,0,0,0,84.245,0,0,0,0
-3,5/29/50,14:43,nan,nan,nan,0,145.061,0,0,0,0,0,0,0,0,0,0,0,136.238,0,0,0,0
-3,5/29/50,14:44,nan,nan,nan,0,150.265,0,0,0,0,0,0,0,0,0,0,0,215.421,0,0,0,0
-3,5/29/50,14:45,nan,nan,nan,0,137.897,0,0,0,0,0,0,0,0,0,0,0,123.73,0,0,0,0
-3,5/29/50,14:46,nan,nan,nan,0,193.319,0,0,0,0,0,0,0,0,0,0,0,81.183,0,0,0,0
-3,5/29/50,14:47,nan,nan,nan,0,0,0,0,0,0,0,0,0,0,0,0,0,0,0,0,0,0
-3,5/29/50,14:48,nan,nan,nan,0,0,0,0,79.27,0,0,0,0,0,0,0,0,0,0,0,0,0
-3,5/29/50,14:49,nan,nan,nan,0,124.686,0,0,68.422,0,0,0,0,0,0,0,0,0,0,0,0,0
-3,5/29/50,14:50,nan,nan,nan,0,154.381,0,0,0,0,0,0,0,0,0,0,0,0,0,0,0,0
-3,5/29/50,14:51,nan,nan,nan,0,30.576,0,0,61.95,0,0,0,0,0,0,0,0,137.417,0,0,0,0
-3,5/29/50,14:52,nan,nan,nan,0,16.283,0,0,91.63,0,0,0,0,0,0,0,0,0,0,0,0,0
-3,5/29/50,14:53,nan,nan,nan,0,0,0,0,147.516,0,0,0,0,0,0,0,0,137.633,0,0,0,0
-3,5/29/50,14:54,nan,nan,nan,0,0,0,0,82.124,0,0,0,0,0,0,0,0,83.735,0,0,0,0
-3,5/29/50,14:55,nan,nan,nan,0,0,0,0,9.049,0,0,0,93.034,0,0,0,0,113.654,0,0,0,0
-3,5/29/50,14:56,nan,nan,nan,0,0,0,0,154.072,0,0,0,35.18,0,0,0,0,202.064,0,0,0,0
-3,5/29/50,14:57,nan,nan,nan,0,0,0,0,108.235,0,0,0,210.824,0,0,0,0,43.901,0,0,0,0
-3,5/29/50,14:58,nan,nan,nan,0,0,0,0,111.072,0,0,0,122.583,0,0,0,0,50.301,0,0,0,0
-3,5/29/50,14:59,nan,nan,nan,0,0,0,0,139.999,0,0,0,1.493,0,0,0,0,38.316,0,0,0,0
-3,5/29/50,15:00,nan,nan,nan,0,0,0,0,14.347,0,0,0,0,0,0,0,0,0,0,0,0,0
-3,5/29/50,15:01,nan,nan,nan,0,0,0,0,53.829,0,0,0,3.974,0,0,0,0,0,0,0,0,0
-3,5/29/50,15:02,nan,nan,nan,0,0,0,0,0,0,0,0,46.914,0,0,0,0,0,0,0,0,0
-3,5/29/50,15:03,nan,nan,nan,0,0,0,0,0,0,0,0,61.426,0,0,0,0,0,0,24.849,0,0
-3,5/29/50,15:04,nan,nan,nan,0,0,0,0,16.691,0,0,0,150.582,0,0,0,0,0,0,6.455,0,0
-3,5/29/50,15:05,nan,nan,nan,0,0,0,0,0,0,0,0,0,0,0,0,0,0,0,23.985,0,0
-3,5/29/50,15:06,nan,nan,nan,0,0,0,0,0,0,0,0,0,0,0,0,0,0,0,18.137,0,0
-3,5/29/50,15:07,nan,nan,nan,0,0,0,0,0,0,0,0,0,0,0,0,0,0,0,18.551,0,0
-3,5/29/50,15:08,nan,nan,nan,0,0,0,0,0,0,0,0,0,0,0,0,0,0,0,58.24,0,0
-3,5/29/50,15:09,nan,nan,nan,0,0,0,0,0,0,0,0,0,0,0,0,0,0,0,43.681,0,0
-3,5/29/50,15:10,nan,nan,nan,0,0,0,0,0,0,0,0,0,0,0,0,0,0,0,35.434,0,0
-3,5/29/50,15:11,nan,nan,nan,0,0,0,0,0,0,0,0,0,0,0,0,0,0,0,57.807,0,0
-3,5/29/50,15:12,nan,nan,nan,0,0,0,0,0,0,0,0,0,0,0,0,0,0,0,9.736,0,0
-3,5/29/50,15:13,nan,nan,nan,0,0,0,0,0,0,0,0,0,0,0,0,0,0,0,162.26,0,0
-3,5/29/50,15:14,nan,nan,nan,0,0,0,0,0,0,0,0,0,0,0,0,0,0,0,68.159,0,0
-3,5/29/50,15:15,nan,nan,nan,0,0,0,0,0,0,0,0,0,0,0,0,0,0,0,162.943,0,0
-3,5/29/50,15:16,nan,nan,nan,0,0,0,0,0,0,0,0,0,0,0,0,0,0,0,132.166,0,0
-3,5/29/50,15:17,nan,nan,nan,0,0,0,0,0,0,0,0,0,0,0,0,0,0,0,61.399,0,0
-3,5/29/50,15:18,nan,nan,nan,0,0,0,0,0,0,0,0,0,0,0,0,0,0,0,161.531,0,0
-3,5/29/50,15:19,nan,nan,nan,0,0,0,0,0,0,0,0,0,0,0,0,0,0,0,95.336,0,0
-3,5/29/50,15:20,nan,nan,nan,0,0,0,0,0,0,0,0,0,0,0,0,0,0,0,107.046,0,0
-3,5/29/50,15:21,nan,nan,nan,0,0,0,0,0,0,0,0,0,0,0,0,0,0,0,0,0,0
-3,5/29/50,15:22,nan,nan,nan,0,0,0,0,0,0,0,0,0,0,0,0,0,0,0,0,0,0
-3,5/29/50,15:23,nan,nan,nan,0,0,0,0,0,0,0,156.765,0,0,0,0,0,0,0,0,0,0
-3,5/29/50,15:24,nan,nan,nan,0,0,0,0,0,0,0,62.92,0,0,0,0,6.996,0,0,0,0,0
-3,5/29/50,15:25,nan,nan,nan,0,0,0,0,0,0,0,0,0,0,0,0,113.945,0,0,0,0,0
-3,5/29/50,15:26,nan,nan,nan,0,0,0,0,0,0,0,0,0,0,0,0,93.341,0,0,0,0,0
-3,5/29/50,15:27,nan,nan,nan,0,0,0,0,0,0,0,0,0,0,0,0,16.162,0,0,0,0,0
-3,5/29/50,15:28,nan,nan,nan,0,0,0,0,0,0,0,0,0,0,0,0,0,0,0,0,0,0
-3,5/29/50,15:29,nan,nan,nan,0,0,0,0,0,0,0,0,0,0,0,0,0,0,0,0,0,0
-3,5/29/50,15:30,nan,nan,nan,0,0,0,0,0,0,0,0,0,0,0,0,0,0,0,0,0,0
-3,5/29/50,15:31,nan,nan,nan,0,0,0,0,0,0,0,0,0,0,0,0,0,0,0,0,0,0
-3,5/29/50,15:32,nan,nan,nan,0,0,0,0,0,0,0,0,0,0,0,0,0,0,0,0,0,0
-3,5/29/50,15:33,nan,nan,nan,0,0,0,0,0,0,0,0,0,0,0,0,0,0,0,0,0,0
-3,5/29/50,15:34,nan,nan,nan,0,0,0,0,0,0,0,0,0,0,0,0,0,0,0,0,0,0
-3,5/29/50,15:35,nan,nan,nan,0,0,0,0,0,0,0,0,0,0,0,0,0,0,0,0,0,0
-3,5/29/50,15:36,nan,nan,nan,0,0,0,0,0,0,0,0,0,0,0,0,0,0,0,0,0,0
-3,5/29/50,15:37,nan,nan,nan,0,0,0,0,0,0,0,0,0,0,0,0,0,0,0,0,0,0
-3,5/29/50,15:38,nan,nan,nan,0,0,0,0,0,0,0,0,0,0,0,0,0,0,0,0,0,0
-3,5/29/50,15:39,nan,nan,nan,0,0,0,0,0,0,0,0,0,0,0,0,0,0,0,0,0,0
-3,5/29/50,15:40,nan,nan,nan,0,0,0,0,0,0,0,0,0,0,0,0,0,0,0,0,0,0
-3,5/29/50,15:41,nan,nan,nan,0,0,0,0,0,0,0,0,0,0,0,0,0,0,0,0,0,0
-3,5/29/50,15:42,nan,nan,nan,0,0,0,0,0,0,0,0,0,0,0,0,0,0,0,0,0,0
-3,5/29/50,15:43,nan,nan,nan,0,0,0,0,0,0,0,0,0,0,0,0,0,0,0,0,0,0
-3,5/29/50,15:44,nan,nan,nan,0,0,0,0,0,0,0,0,0,0,0,0,0,0,0,0,0,0
-3,5/29/50,15:45,nan,nan,nan,0,0,0,0,0,35.773,0,0,0,0,0,0,0,0,0,0,0,0
-3,5/29/50,15:46,nan,nan,nan,0,0,0,0,0,13.545,0,0,0,0,0,0,0,0,0,0,0,0
-3,5/29/50,15:47,nan,nan,nan,0,0,0,0,0,0,0,0,0,0,0,0,0,0,0,0,0,0
-3,5/29/50,15:48,nan,nan,nan,0,0,0,0,0,90.341,37.459,0,0,0,0,0,0,0,0,0,0,0
-3,5/29/50,15:49,nan,nan,nan,0,0,0,0,0,138.669,28.024,0,0,0,0,0,0,0,0,0,0,0
-3,5/29/50,15:50,nan,nan,nan,0,0,0,0,0,49.892,16.606,0,0,0,0,0,0,0,0,0,0,0
-3,5/29/50,15:51,nan,nan,nan,0,0,0,0,0,92.429,18.769,0,0,0,0,0,0,0,0,0,0,0
-3,5/29/50,15:52,nan,nan,nan,0,0,0,0,0,264.268,10.847,0,0,0,0,0,0,0,0,0,0,0
-3,5/29/50,15:53,nan,nan,nan,0,0,0,0,0,60.241,16.346,0,0,0,0,0,0,0,0,0,0,0
-3,5/29/50,15:54,nan,nan,nan,0,0,0,0,0,0,14.364,0,0,0,0,0,0,0,0,0,0,0
-3,5/29/50,15:55,nan,nan,nan,0,0,0,0,0,16.113,12.784,0,0,0,0,0,0,0,0,0,0,0
-3,5/29/50,15:56,nan,nan,nan,0,0,0,0,0,0,12.799,0,0,0,0,0,0,0,0,0,0,0
-3,5/29/50,15:57,nan,nan,nan,0,0,0,0,0,0,13.329,0,0,0,0,0,0,0,0,0,0,0
-3,5/29/50,15:58,nan,nan,nan,0,0,0,0,0,0,83.621,0,0,0,0,0,0,0,0,0,0,20.31
-3,5/29/50,15:59,nan,nan,nan,0,0,0,0,0,58.151,0,0,0,0,0,0,0,0,0,0,0,0
-3,5/29/50,16:00,nan,nan,nan,0,0,0,0,0,108.084,0,0,0,0,0,0,0,0,0,0,0,0
-3,5/29/50,16:01,nan,nan,nan,0,0,0,0,0,197.656,0,0,0,0,0,0,0,0,0,0,0,0
-3,5/29/50,16:02,nan,nan,nan,0,0,0,0,0,54.477,0,0,0,0,0,0,0,0,0,0,0,0
-3,5/29/50,16:03,nan,nan,nan,0,0,0,0,0,0,0,0,0,0,0,0,0,0,0,0,0,0
-3,5/29/50,16:04,nan,nan,nan,0,0,0,0,0,0,0,0,0,0,0,0,0,0,0,0,0,0
-3,5/29/50,16:05,nan,nan,nan,0,0,0,0,0,0,0,0,0,0,0,0,0,0,0,0,0,0
-3,5/29/50,16:06,nan,nan,nan,0,0,0,0,0,36.369,0,0,0,0,0,0,0,0,0,0,0,0
-3,5/29/50,16:07,nan,nan,nan,0,0,0,0,0,82.199,0,0,0,0,0,0,0,0,0,0,0,0
-3,5/29/50,16:08,nan,nan,nan,0,0,0,0,0,153.502,45.306,0,0,0,0,0,0,0,0,0,0,0
-3,5/29/50,16:09,nan,nan,nan,0,0,0,0,0,161.708,7.376,0,0,36.404,0,0,0,0,0,0,0,0
-3,5/29/50,16:10,nan,nan,nan,0,0,0,0,0,131.705,0,0,0,103.585,0,0,0,0,0,0,0,0
-3,5/29/50,16:11,nan,nan,nan,0,0,0,0,0,207.495,0,0,0,98.765,0,0,0,0,0,0,0,0
-3,5/29/50,16:12,nan,nan,nan,0,0,0,0,0,60.607,56.636,0,0,10.563,0,0,0,0,0,0,0,0
-3,5/29/50,16:13,nan,nan,nan,0,0,0,0,0,0,18.36,0,0,20.008,0,0,0,0,0,0,0,0
-3,5/29/50,16:14,nan,nan,nan,0,0,0,0,0,0,0,0,0,3.043,0,0,0,0,0,0,0,0
-3,5/29/50,16:15,nan,nan,nan,0,0,0,0,0,0,0,0,0,0,0,0,0,0,0,0,0,0
-3,5/29/50,16:16,nan,nan,nan,0,0,0,0,0,0,0,0,0,94.559,0,0,0,0,0,0,69.096,0
-3,5/29/50,16:17,nan,nan,nan,0,0,0,0,0,0,0,0,0,118.228,0,0,0,0,0,0,7.838,0
-3,5/29/50,16:18,nan,nan,nan,0,0,19.1,0,0,0,0,0,0,48.762,0,0,0,0,0,0,70.55,0
-3,5/29/50,16:19,nan,nan,nan,0,0,56.578,0,0,0,0,0,0,83.804,0,0,0,0,0,0,69.263,0
-3,5/29/50,16:20,nan,nan,nan,0,0,0,0,0,0,0,0,0,224.792,0,0,0,0,0,0,100.513,0
-3,5/29/50,16:21,nan,nan,nan,0,0,103.757,0,0,0,0,0,0,116.338,0,0,0,0,0,0,0,0
-3,5/29/50,16:22,nan,nan,nan,0,0,28.232,0,0,0,0,0,0,31.88,0,0,0,0,0,0,32.267,0
-3,5/29/50,16:23,nan,nan,nan,0,0,37.805,0,0,0,0,0,0,112.862,0,0,0,0,0,0,0,0
-3,5/29/50,16:24,nan,nan,nan,0,0,0,0,0,0,0,0,0,0,0,0,0,0,0,0,0,0
-3,5/29/50,16:25,nan,nan,nan,0,0,0,0,0,0,0,0,0,0,0,0,0,0,0,0,2.154,0
-3,5/29/50,16:26,nan,nan,nan,0,0,0,0,0,0,0,0,0,0,0,0,0,0,0,0,56.102,0
-3,5/29/50,16:27,nan,nan,nan,0,0,0,0,0,0,0,0,0,0,0,0,0,0,0,0,114.683,0
-3,5/29/50,16:28,nan,nan,nan,0,0,0,0,0,0,0,0,0,0,0,0,0,0,0,0,163.541,0
-3,5/29/50,16:29,nan,nan,nan,0,0,0,0,0,0,0,0,0,0,0,0,0,0,0,0,89.021,0
-3,5/29/50,16:30,nan,nan,nan,20.613,0,0,0,0,0,0,0,0,0,0,0,0,0,0,0,0,0
-3,5/29/50,16:31,nan,nan,nan,176.595,0,0,0,0,0,0,0,0,0,0,0,0,0,0,0,0,0
-3,5/29/50,16:32,nan,nan,nan,88.411,0,0,0,0,0,0,0,0,0,0,0,0,0,0,0,0,0
-3,5/29/50,16:33,nan,nan,nan,74.547,0,0,0,0,0,0,0,0,0,22.489,0,0,0,0,0,0,0
-3,5/29/50,16:34,nan,nan,nan,55.6,0,0,0,0,0,0,0,0,0,86.863,0,0,0,122.175,0,0,0
-3,5/29/50,16:35,nan,nan,nan,128.644,0,0,0,0,0,0,0,0,0,1.223,0,0,0,36.579,0,0,0
-3,5/29/50,16:36,nan,nan,nan,18.654,0.324,0,0,0,0,0,0,0,0,0,0,0,0,0,0,0,0
-3,5/29/50,16:37,nan,nan,nan,26.807,33.353,0,0,0,0,0,0,0,0,22.592,0,0,0,0,0,0,0
-3,5/29/50,16:38,nan,nan,nan,110.177,0,0,0,0,0,0,0,0,0,176.73,0,0,0,81.717,0,0,0
-3,5/29/50,16:39,nan,nan,nan,33.897,0,0,94.293,0,0,0,0,0,0,0,0,0,0,22.39,0,0,0
-3,5/29/50,16:40,nan,nan,nan,0,0,0,137.795,0,0,0,0,0,0,0,0,0,0,0,0,0,0
-3,5/29/50,16:41,nan,nan,nan,96.498,0,0,0,0,0,0,0,0,0,15.956,0,0,0,0,0,0,0
-3,5/29/50,16:42,nan,nan,nan,121.604,0,0,0,0,0,0,0,0,0,155.506,0,0,0,0,0,0,0
-3,5/29/50,16:43,nan,nan,nan,0,18.267,0,0,0,0,0,0,0,0,160.631,0,0,0,0,0,0,0
-3,5/29/50,16:44,nan,nan,nan,0,39.237,0,13.176,0,0,0,0,0,0,152.514,0,0,0,0,0,0,0
-3,5/29/50,16:45,nan,nan,nan,0,42.494,0,156.418,0,0,0,0,0,0,77.356,0,0,0,0,0,0,0
-3,5/29/50,16:46,nan,nan,nan,0,176.069,0,0,0,0,0,0,0,0,144.864,0,0,0,0,0,0,0
-3,5/29/50,16:47,nan,nan,nan,0,37.382,0,0,0,0,0,0,0,0,76.131,0,0,131.277,0,0,0,0
-3,5/29/50,16:48,nan,nan,nan,0,0,0,0,0,0,0,0,0,0,0,0,0,50.001,0,0,0,0
-3,5/29/50,16:49,nan,nan,nan,0,0,0,0,0,0,0,0,0,0,0,0,0,0,0,0,0,0
-3,5/29/50,16:50,nan,nan,nan,0,19.781,0,0,0,0,0,0,0,0,0,0,0,0,0,0,0,0
-3,5/29/50,16:51,nan,nan,nan,0,83.923,0,0,0,0,0,0,0,0,0,0,0,0,0,0,0,0
-3,5/29/50,16:52,nan,nan,nan,0,0,0,0,0,0,0,0,0,0,0,0,0,0,0,0,0,0
-3,5/29/50,16:53,nan,nan,nan,0,0,0,0,0,0,0,0,0,0,0,0,0,0,0,0,0,0
-3,5/29/50,16:54,nan,nan,nan,0,0,0,0,0,0,0,0,0,0,0,0,0,0,0,0,0,0
-3,5/29/50,16:55,nan,nan,nan,0,0,0,0,0,0,0,0,0,0,0,0,0,0,0,0,0,0
-3,5/29/50,16:56,nan,nan,nan,0,0,0,0,0,0,0,0,0,0,0,0,0,9.961,0,0,0,0
-3,5/29/50,16:57,nan,nan,nan,0,0,0,0,0,0,0,0,0,0,0,0,32.941,132.997,0,0,0,0
-3,5/29/50,16:58,nan,nan,nan,0,0,0,0,0,0,0,0,0,0,0,0,168.438,17.188,0,0,0,0
-3,5/29/50,16:59,nan,nan,nan,0,0,0,0,0,0,0,0,0,0,0,0,35.851,91.808,0,0,0,0
-3,5/29/50,17:00,nan,nan,nan,0,0,0,0,0,0,0,0,0,0,0,0,41.371,57.965,0,0,0,0
-3,5/29/50,17:01,nan,nan,nan,0,0,0,0,0,0,0,0,27.991,0,0,0,47.237,23.098,0,0,0,0
-3,5/29/50,17:02,nan,nan,nan,0,0,0,0,0,0,0,0,32.08,0,0,0,104.143,37.266,0,0,0,0
-3,5/29/50,17:03,nan,nan,nan,0,0,89.529,0,0,0,0,0,93.933,0,0,0,114.395,29.725,0,0,0,0
-3,5/29/50,17:04,nan,nan,nan,0,0,73.107,0,0,0,0,0,127.86,0,0,0,214.495,28.876,0,0,0,0
-3,5/29/50,17:05,nan,nan,nan,0,0,42.372,0,0,0,0,0,129.519,0,0,0,74.95,28.923,0,0,0,0
-3,5/29/50,17:06,nan,nan,nan,0,0,28.343,0,0,0,0,0,118.99,0,0,0,0,33.883,0,0,0,0
-3,5/29/50,17:07,nan,nan,nan,0,0,20.333,0,0,0,0,0,128.168,0,0,0,0,53.92,0,0,0,0
-3,5/29/50,17:08,nan,nan,nan,0,0,0,0,0,0,0,0,0,0,0,0,11.53,0,0,0,0,0
-3,5/29/50,17:09,nan,nan,nan,0,0,34.042,0,0,0,0,0,0,0,0,0,9.001,0,0,0,0,0
-3,5/29/50,17:10,nan,nan,nan,0,0,107.537,0,0,0,0,0,0,0,0,0,0,0,0,0,0,0
-3,5/29/50,17:11,nan,nan,nan,0,0,0,0,0,0,0,0,0,0,0,0,0,0,0,0,0,0
-3,5/29/50,17:12,nan,nan,nan,0,0,86.502,0,0,0,0,0,72.178,0,0,0,0,0,0,0,0,0
-3,5/29/50,17:13,nan,nan,nan,0,0,114.117,0,0,0,0,0,48.02,0,0,0,0,0,0,0,0,0
-3,5/29/50,17:14,nan,nan,nan,0,0,9.508,0,0,0,0,0,0,0,0,57.326,0,0,0,0,0,0
-3,5/29/50,17:15,nan,nan,nan,0,0,0,0,0,0,0,0,0,0,0,21.655,0,0,0,0,0,0
-3,5/29/50,17:16,nan,nan,nan,0,0,0,0,0,0,0,0,0,0,0,105.298,0,0,0,0,0,0
-3,5/29/50,17:17,nan,nan,nan,0,0,0,0,0,0,0,0,0,0,0,112.704,0,0,0,0,0,0
-3,5/29/50,17:18,nan,nan,nan,0,0,0,0,0,0,0,30.717,0,0,0,0,0,0,0,0,0,0
-3,5/29/50,17:19,nan,nan,nan,0,0,0,0,0,0,0,84.061,0,0,0,0,0,0,0,0,0,0
-3,5/29/50,17:20,nan,nan,nan,0,0,38.535,0,0,0,0,0,0,0,0,25.451,0,0,0,0,0,0
-3,5/29/50,17:21,nan,nan,nan,0,0,36.426,0,0,0,0,0,0,47.726,0,0,0,0,0,0,0,0
-3,5/29/50,17:22,nan,nan,nan,0,0,22.31,0,0,0,0,0,0,15.934,0,17.526,0,0,0,0,0,41.173
-3,5/29/50,17:23,nan,nan,nan,0,0,76.513,0,0,0,0,0,0,63.136,0,144.841,0,0,0,0,0,84.246
-3,5/29/50,17:24,nan,nan,nan,0,0,0,0,0,0,0,0,0,148.926,0,66.658,0,0,0,0,0,22.166
-3,5/29/50,17:25,nan,nan,nan,0,0,0,0,0,0,0,0,0,107.178,0,0,0,0,0,0,0,0
-3,5/29/50,17:26,nan,nan,nan,0,0,0,0,0,0,0,0,0,0,0,33.373,0,0,0,0,0,44.295
-3,5/29/50,17:27,nan,nan,nan,0,0,0,0,0,0,0,0,0,0,0,91.548,0,0,0,0,0,165.981
-3,5/29/50,17:28,nan,nan,nan,0,0,0,0,0,0,0,0,0,0,0,196.44,0,0,0,0,0,0
-3,5/29/50,17:29,nan,nan,nan,0,0,0,0,0,0,0,0,0,0,0,93.656,0,0,0,0,0,13.45
-3,5/29/50,17:30,nan,nan,nan,0,0,0,0,0,0,0,0,0,0,0,248.516,0,0,0,0,0,73.946
-3,5/29/50,17:31,nan,nan,nan,0,0,0,0,0,0,0,0,0,0,0,123.246,0,0,0,0,0,21.075
-3,5/29/50,17:32,nan,nan,nan,0,0,0,0,0,0,0,0,0,0,0,11.935,0,0,0,0,0,189.31
-3,5/29/50,17:33,nan,nan,nan,0,0,0,0,0,0,0,0,0,0,0,0,0,0,0,0,0,24.581
-3,5/29/50,17:34,nan,nan,nan,0,79.239,0,0,0,0,0,0,0,0,0,6.794,0,0,0,0,0,32.752
-3,5/29/50,17:35,nan,nan,nan,0,36.059,0,0,0,0,0,0,0,0,0,0,0,0,0,0,0,186.263
-3,5/29/50,17:36,nan,nan,nan,0,225.792,0,0,0,0,0,0,0,0,0,0,0,0,0,0,0,107.496
-3,5/29/50,17:37,nan,nan,nan,0,67.874,0,0,0,0,0,0,0,0,0,0,0,0,0,0,0,94.831
-3,5/29/50,17:38,nan,nan,nan,0,0,0,0,0,0,0,0,0,38.559,0,0,0,0,0,0,0,0
-3,5/29/50,17:39,nan,nan,nan,0,0,0,0,0,0,0,0,0,0,0,0,0,0,0,0,0,0
-3,5/29/50,17:40,nan,nan,nan,0,0,0,0,0,0,0,0,0,0,0,0,0,0,0,0,0,0
-3,5/29/50,17:41,nan,nan,nan,0,0,0,0,12.37,0,0,36.781,0,0,0,0,0,0,0,0,0,0
-3,5/29/50,17:42,nan,nan,nan,0,0,0,0,0,0,0,0,0,0,0,0,0,0,0,0,0,0
-3,5/29/50,17:43,nan,nan,nan,0,0,0,0,0,0,0,0,0,0,0,0,0,0,0,0,0,0
-3,5/29/50,17:44,nan,nan,nan,0,0,0,0,0,0,0,0,0,0,0,0,0,0,0,0,0,0
-3,5/29/50,17:45,nan,nan,nan,0,0,0,0,0,0,0,0,0,0,0,0,0,0,0,0,0,0
-3,5/29/50,17:46,nan,nan,nan,0,0,0,0,0,0,0,0,0,0,0,0,0,0,0,0,20.376,0
-3,5/29/50,17:47,nan,nan,nan,0,0,0,0,0,0,0,0,0,0,0,0,0,0,0,0,9.357,0
-3,5/29/50,17:48,nan,nan,nan,0,0,0,0,0,0,0,0,0,0,0,0,0,0,0,0,0,0
-3,5/29/50,17:49,nan,nan,nan,0,0,0,0,0,0,0,0,0,0,0,0,0,0,0,0,100.697,0
-3,5/29/50,17:50,nan,nan,nan,0,0,0,0,40.694,0,0,0,0,0,0,0,0,0,0,0,0,0
-3,5/29/50,17:51,nan,nan,nan,0,0,0,0,21.36,0,0,0,0,0,0,0,0,0,0,0,0,0
-3,5/29/50,17:52,nan,nan,nan,0,0,0,0,28.938,0,0,0,0,0,0,0,0,0,0,0,0,0
-3,5/29/50,17:53,nan,nan,nan,0,0,0,0,0,0,0,0,0,0,0,0,0,0,0,0,0,0
-3,5/29/50,17:54,nan,nan,nan,0,0,0,0,0,0,0,0,0,0,0,0,0,0,0,0,0,0
-3,5/29/50,17:55,nan,nan,nan,94.092,0,0,0,0,0,0,0,0,0,0,0,0,0,0,0,0,0
-3,5/29/50,17:56,nan,nan,nan,107.267,0,0,111.366,12.352,0,0,0,39.186,0,0,0,18.177,0,54.192,0,0,0
-3,5/29/50,17:57,nan,nan,nan,26.584,0,0,27.679,47.163,0,0,0,22.468,0,0,0,121.869,0,0,0,0,0
-3,5/29/50,17:58,nan,nan,nan,0,0,0,8.642,113.918,0,0,0,71.832,0,0,0,68.655,0,0,0,0,0
-3,5/29/50,17:59,nan,nan,nan,0,0,0,30.838,106.789,0,0,0,0,0,0,0,179.319,158.587,0,0,0,0
-3,5/29/50,18:00,nan,nan,nan,0,0,0,45.143,0,0,39.967,0,142.222,0,0,0,75.175,69.553,72.652,0,0,0
-3,5/29/50,18:01,nan,nan,nan,0,0,0,38.792,0,0,10.303,0,0,0,0,0,131.514,32.859,44.399,0,0,0
-3,5/29/50,18:02,nan,nan,nan,61.439,19.081,0,83.744,0,0,25.139,0,0,0,0,0,154.931,116.582,0,0,0,0
-3,5/29/50,18:03,nan,nan,nan,0,37.555,0,64.685,0,0,11.304,0,0,127.887,0,0,93.229,98.322,0,0,0,0
-3,5/29/50,18:04,nan,nan,nan,0,232.381,107.588,149.232,0,0,62.559,0,0,93.67,0,0,94.122,23.336,0,0,0,0
-3,5/29/50,18:05,nan,nan,nan,0,208.292,117.777,320.37,0,0,298.98,0,4.888,108.313,0,0,61.047,81.732,0,0,0,0
-3,5/29/50,18:06,nan,nan,nan,0,60.019,247.193,137.774,0,134.489,139.062,160.022,163.181,144.37,50.951,0,172.46,180.949,0,0,0,0
-3,5/29/50,18:07,nan,nan,nan,0,321.507,108.655,66.091,31.973,14.31,129.152,156.236,142.868,221.379,137.834,0,207.112,251.607,0,228.306,0,0
-3,5/29/50,18:08,nan,nan,nan,0,213.247,104.647,21.543,109.403,97.646,193.043,173.21,179.591,0,141.832,0,186.183,432.076,0,104.187,0,0
-3,5/29/50,18:09,nan,nan,nan,0,245.255,158.304,204.147,141.465,0,196.721,111.234,146.221,111.887,143.106,0,312.787,302.668,0,0,0,90.339
-3,5/29/50,18:10,nan,nan,nan,0,247.985,250.401,205.073,112.501,36.48,0,194.267,187.704,227.956,219.343,0,111.286,261.225,0,100.418,0,151.14
-3,5/29/50,18:11,nan,nan,nan,0,209.183,86.845,162.542,103.613,0,0,207.789,32.017,182.049,247.295,0,46.475,120.679,0,71.345,0,88.92
-3,5/29/50,18:12,nan,nan,nan,0,163.883,20.543,217.863,125.734,0,56.679,166.172,4.39,232.271,193.588,0,61.752,174.706,0,200.409,141.57,0
-3,5/29/50,18:13,nan,nan,nan,0,201.39,100.943,163.558,120.893,4.116,106.993,68.598,67.153,150.398,34.185,0,94.439,162.185,0,103.507,144.457,87.144
-3,5/29/50,18:14,nan,nan,nan,0,58.54,48.331,177.487,125.778,148.656,0,96.034,0,314.499,192.403,0,113.783,217.301,0,187.976,103.046,126.437
-3,5/29/50,18:15,nan,nan,nan,0,148.437,0,187.722,153.48,0,0,55.878,0,113.622,131.563,0,0,27.082,0,121.391,103.27,267.002
-3,5/29/50,18:16,nan,nan,nan,0,0,0,121.591,58.461,0,0,164.292,0,0,223.446,0,0,96.048,0,157.908,166.326,139.395
-3,5/29/50,18:17,nan,nan,nan,0,0,39.194,103.213,77.407,3.618,39.214,265.054,0,83.819,200.008,0,137.701,231.516,0,229.463,66.205,161.474
-3,5/29/50,18:18,nan,nan,nan,0,50.515,172.612,24.789,0,42.13,27.453,122.865,44.977,212.417,325.537,0,76.473,23.311,0,81.986,122.935,162.541
-3,5/29/50,18:19,nan,nan,nan,122.119,54.775,105.406,81.29,16.926,53.239,116.477,16.603,0,163.646,236.245,0,114.745,20.25,0,0,118.755,99.177
-3,5/29/50,18:20,nan,nan,nan,29.618,129.518,137.1,58.115,25.708,155.009,16.789,40.432,56.747,112.825,238.513,0,99.036,39.654,0,0,73.09,224.876
-3,5/29/50,18:21,nan,nan,nan,74.084,191.339,57.147,70.167,37.184,104.751,0,158.559,16.751,220.909,89.299,0,39.129,178.727,0,22.85,63.377,277.441
-3,5/29/50,18:22,nan,nan,nan,65.887,87.319,82.754,40.574,200.708,0,0,64.162,230.988,254.088,172.57,0,41.4,267.189,0,18.136,0,18.604
-3,5/29/50,18:23,nan,nan,nan,191.303,90.767,41.388,154.65,123.732,0,0,83.48,129.719,0,24.537,0,31.797,185.318,0,74.681,29.996,0
-3,5/29/50,18:24,nan,nan,nan,0,255.907,0,26.784,47.318,0,0,122.917,47.566,31.295,1.756,0,117.543,218.119,0,0,125.571,0
-3,5/29/50,18:25,nan,nan,nan,0,153.972,0,81.238,84.437,0,0,28.196,0,117.564,147.149,150.495,144.176,261.354,0,95.364,118.601,100.089
-3,5/29/50,18:26,nan,nan,nan,23.15,49.711,0,50.402,105.787,0,0,100.387,0,104.436,212.277,92.305,237.822,182.46,0,102.14,105.229,205.369
-3,5/29/50,18:27,nan,nan,nan,322.737,26.762,0,73.409,81.352,16.594,0,0,0,130.18,182.307,172.498,0,139.731,0,69.41,127.803,253.11
-3,5/29/50,18:28,nan,nan,nan,82.123,230.129,21.995,0,16.709,52.716,41.363,0,0,104.145,127.09,94.058,0,63.601,152.672,11.423,45.025,0
-3,5/29/50,18:29,nan,nan,nan,48.419,0,19.995,0,22.378,47.507,56.909,54.172,44.169,215.347,62.471,168.761,74.25,49.881,281.178,58.872,142.901,50.845
-3,5/29/50,18:30,nan,nan,nan,159.658,0,3.95,0,24.256,16.832,51.548,0,0,132.9,116.676,120.15,46.098,229.414,89.583,42.686,203.34,0
-3,5/29/50,18:31,nan,nan,nan,152.538,0,73.951,0,22.669,0,101.151,0,96.907,139.629,114.933,135.163,0,175.847,88.598,26.176,153.109,200.471
-3,5/29/50,18:32,nan,nan,nan,85.186,223.955,107.388,0,100.054,0,37.623,0,0,325.297,185.235,151.018,0,200.467,112.367,49.297,46.758,200.502
-3,5/29/50,18:33,nan,nan,nan,96.51,171.542,33.908,0,49.359,24.644,139.352,159.67,6.972,54.42,135.132,107.489,0,15.95,109.463,12.692,169.167,110.053
-3,5/29/50,18:34,nan,nan,nan,272.609,127.97,9.682,110.525,48.463,0,0.366,197.952,0,0,169.989,0,135.194,0,172.389,69.028,89.241,131.367
-3,5/29/50,18:35,nan,nan,nan,52.206,105.622,0.565,152.509,38.599,45.839,0,49.072,39.267,0,71.404,0,122.774,0,135.96,104.575,87.515,0
-3,5/29/50,18:36,nan,nan,nan,199.154,73.31,52.642,20.804,28.943,10.433,0,24.427,0,110.17,102.363,130.959,214.506,0,91.922,87.855,71.023,0
-3,5/29/50,18:37,nan,nan,nan,89.639,20.336,39.475,24.122,25.161,59.035,0,156.882,0,46.181,108.695,148.464,37.276,0,0,58.225,161.797,0
-3,5/29/50,18:38,nan,nan,nan,312.248,0,27.46,43.958,0,0,0,73.289,0,118.9,116.274,213.69,202.873,113.258,5.473,129.498,89.99,0
-3,5/29/50,18:39,nan,nan,nan,0,102.783,0,68.564,0,0,0,201.514,57.039,130.944,89.565,181.853,179.894,123.388,0,90.265,128.011,0
-3,5/29/50,18:40,nan,nan,nan,0,205.025,0,148.095,0,0,0,19.922,19.938,196.232,116.369,34.413,8.201,54.003,23.764,102.805,107.418,0
-3,5/29/50,18:41,nan,nan,nan,0,79.077,0,140.089,0,0,0,19.291,39.238,254.231,45.19,80.742,0,74.381,80.808,0,63.511,0
-3,5/29/50,18:42,nan,nan,nan,181.867,124.035,0,0,0,0,0,0,161.095,162.234,0,54.984,0,177.913,99.981,0,111.373,0
-3,5/29/50,18:43,nan,nan,nan,70.014,162.534,0,0,0,0,0,0,0,173.137,32.276,59.555,8.047,150.89,0,0,0,0
-3,5/29/50,18:44,nan,nan,nan,62.869,169.278,0,0,0,0,0,86.785,17.943,161.626,147.869,56.487,24.719,4.231,0,0,13.527,0
-3,5/29/50,18:45,nan,nan,nan,196.804,114.88,0,86.902,0,0,43.269,59.173,54.249,123.188,131.48,140.001,57.809,0,0,42.612,56.33,0
-3,5/29/50,18:46,nan,nan,nan,64.816,70.776,0,20.374,0,0,42.581,63.535,185.039,168.005,54.397,118.431,3.983,68.203,0,171.747,128.208,160.133
-3,5/29/50,18:47,nan,nan,nan,71.609,59.419,0,1.362,0,0,49.856,124.751,33.015,234.02,116.787,0,0,137.963,0,50.537,53.097,158.785
-3,5/29/50,18:48,nan,nan,nan,0,268.703,0,97.749,0,0,0,70.701,2.684,166.445,71.741,51.172,0,306.959,0,46.122,0,0
-3,5/29/50,18:49,nan,nan,nan,27.887,84.858,0,0,0,0,0,100.782,0,93.327,27.957,29.672,0,28.03,0,111.474,10.954,39.453
-3,5/29/50,18:50,nan,nan,nan,37.924,26.856,0,0,0,0,0,0,68.452,104.446,109.729,108.876,0,107.154,51.106,108.015,47.68,12.816
-3,5/29/50,18:51,nan,nan,nan,47.105,228.423,0,0,0,0,0,0,0,0,118.491,81.99,0,198.04,0,120.016,1.171,24.828
-3,5/29/50,18:52,nan,nan,nan,37.309,150.772,0,0,0,0,0,0,99.011,65.954,31.894,96.009,193.081,129.123,0,35.241,160.454,114.408
-3,5/29/50,18:53,nan,nan,nan,24.507,194.403,0,0,0,0,69.659,0,26.338,102.763,31.49,80.181,159.954,139.846,28.233,69.998,126.036,0
-3,5/29/50,18:54,nan,nan,nan,165.897,158.061,0,0,45.604,0,1.873,0,110.103,89.083,141.682,0,38.18,252.858,96.992,0,50.032,0
-3,5/29/50,18:55,nan,nan,nan,35.771,194.265,0,0,134.018,0,110.195,0,73.385,35.41,219,0,308.217,91.488,89.331,0,110.312,0
-3,5/29/50,18:56,nan,nan,nan,86.216,66.048,0,0,7.028,0,0,55.594,0,174.206,111.896,0,114.737,138.75,142.93,0,114.896,93.335
-3,5/29/50,18:57,nan,nan,nan,172.438,122.479,0,0,131.711,0,0,15.863,0,33.943,160.06,0,148.263,218.596,157.571,0,0,185.329
-3,5/29/50,18:58,nan,nan,nan,95.203,90.918,0,0,51.857,0,0,146.818,0,0,116.315,0,176.048,100.562,162.137,0,17.008,20.313
-3,5/29/50,18:59,nan,nan,nan,59.819,125.213,0,0,80.941,0,0,95.301,156.211,0,160.833,0,48.703,224.324,59.449,0,64.527,0
-3,5/29/50,19:00,nan,nan,nan,10.106,0,0,0,0,0,0,64.199,79.327,0,36.85,0,95.562,94.556,21.052,0,135.701,61.073
-3,5/29/50,19:01,nan,nan,nan,131.478,0,0,0,90.311,0,0,22.319,77.481,0,154.357,0,76.566,221.796,5.05,0,35.519,90.887
-3,5/29/50,19:02,nan,nan,nan,146.478,0,0,0,85.806,0,0,34.913,0,0,39.075,61.357,0,151.143,4.378,0,11.537,106.266
-3,5/29/50,19:03,nan,nan,nan,125.763,29.427,0,0,0,0,0,0,41.285,0,86.407,62.003,47.846,66.108,15.983,0,13.196,147.169
-3,5/29/50,19:04,nan,nan,nan,65.836,45.45,0,0,13.967,0,0,0,0,0,123.823,5.072,166.594,7.393,155.675,0,33.313,51.381
-3,5/29/50,19:05,nan,nan,nan,90.025,81.263,0,0,100.191,0,0,58.974,0,0,158.866,62.799,132.276,0,79.712,0,76.173,100.994
-3,5/29/50,19:06,nan,nan,nan,8.323,150.505,0,0,91.8,0,0,0,0,0,83.801,237.31,75.949,124.646,0,0,70.394,253.752
-3,5/29/50,19:07,nan,nan,nan,228.508,107.878,0,0,34.965,0,0,0,28.112,0,124.715,204.681,146.887,233.59,105.683,0,52.762,0
-3,5/29/50,19:08,nan,nan,nan,65.81,178.457,66.37,0,23.014,0,0,0,85.239,0,161.808,264.321,193.001,63.765,157.019,0,94.699,163.285
-3,5/29/50,19:09,nan,nan,nan,67.856,221.674,145.186,0,0,0,0,0,68.343,0,141.062,196.16,168.834,231.881,78.03,0,31.834,187.429
-3,5/29/50,19:10,nan,nan,nan,151.762,214.71,0,0,0,0,0,0,0,0,68.852,0,188.575,228.199,98.096,0,13.194,91.301
-3,5/29/50,19:11,nan,nan,nan,135.741,162.185,0,0,0,0,0,0,0,0,56.244,167.337,197.424,137.454,69.483,0,71.56,174.745
-3,5/29/50,19:12,nan,nan,nan,0.85,294.368,111.569,0,0,0,0,0,0,0,119.665,142.524,116.911,98.62,198.009,0,0,0
-3,5/29/50,19:13,nan,nan,nan,61.076,189.975,73.257,0,0,0,0,0,109.312,0,58.581,166.941,220.06,126.408,189.364,0,0,0
-3,5/29/50,19:14,nan,nan,nan,101.274,161.864,175.916,0,0,0,0,0,83.218,0,201.864,169.681,259.593,53.677,1.635,0,0,0
-3,5/29/50,19:15,nan,nan,nan,60.042,199.646,18.895,0,0,0,0,0,57.796,0,161.361,47.835,108.146,123.761,86.184,0,0,0
-3,5/29/50,19:16,nan,nan,nan,95.612,58.167,76.37,0,0,0,0,0,0,0,51.172,0,201.939,176.374,165.185,0,0,0
-3,5/29/50,19:17,nan,nan,nan,179.088,16.548,42.978,0,0,0,0,0,16.654,0,98.822,0,153.476,155.423,0,0,0,0
-3,5/29/50,19:18,nan,nan,nan,80.217,57.833,0,0,0,0,0,0,21.37,0,162.721,113.435,216.715,64.106,0,0,0,95.736
-3,5/29/50,19:19,nan,nan,nan,178.209,146.395,0,0,0,0,0,0,0,0,201.303,174.974,170.385,113.914,0,0,0,0
-3,5/29/50,19:20,nan,nan,nan,37.703,146.248,61.535,0,0,42.382,0,0,0,0,280.086,120.009,260.899,63.581,0,0,0,0
-3,5/29/50,19:21,nan,nan,nan,37.915,43.3,0,0,0,20.377,39.974,0,0,0,58.507,142.233,275.821,59.624,0,0,0,0
-3,5/29/50,19:22,nan,nan,nan,129.774,77.084,0,0,0,0,11.759,0,105.128,0,44.544,94.457,153.984,72.524,0,0,0,0
-3,5/29/50,19:23,nan,nan,nan,24.792,20.389,0,0,0,0,7.343,0,0,0,11.953,0,147.65,180.893,0,0,0,0
-3,5/29/50,19:24,nan,nan,nan,26.891,225.441,0,0,0,58.668,10.292,0,0,71.063,0,0,55.917,41.601,0,0,0,0
-3,5/29/50,19:25,nan,nan,nan,184.109,180.775,0,0,0,21.535,9.682,0,0,188.824,74.725,21.908,201.761,143.778,0,0,0,0
-3,5/29/50,19:26,nan,nan,nan,59.727,195.222,0,54.106,0,0,12.854,0,0,100.499,185.459,133.242,221.586,69.127,0,0,0,0
-3,5/29/50,19:27,nan,nan,nan,97.717,84.289,2.617,48.799,0,35.674,18.074,0,0,181.749,277.582,74.429,240.201,59.303,0,0,0,0
-3,5/29/50,19:28,nan,nan,nan,141.272,93.018,79.472,34.995,0,64.894,23.126,0,0,120.06,205.709,38.171,2.022,88.019,0,0,0,0
-3,5/29/50,19:29,nan,nan,nan,0,145,0,15.324,0,7.896,59.937,0,0,289.866,140.365,37.66,228.301,235.636,0,0,0,0
-3,5/29/50,19:30,nan,nan,nan,0,101.55,23.659,30.388,0,0,109.577,0,0,0,162.101,112.258,108.293,159.421,0,0,0,0
-3,5/29/50,19:31,nan,nan,nan,8.875,74.031,31.675,0,0,0,99.341,0,0,63.934,124.974,131.837,106.273,23.392,0,0,0,0
-3,5/29/50,19:32,nan,nan,nan,241.319,186.022,29.57,136.73,0,0,0,0,0,124.931,61.247,194.527,172.109,20.418,0,0,0,0
-3,5/29/50,19:33,nan,nan,nan,66.744,77.328,28.589,71.829,0,0,35.393,32.517,0,93.6,24.557,152.34,195.089,19.64,0,0,0,0
-3,5/29/50,19:34,nan,nan,nan,161.252,0,0,20.623,0,0,0,116.634,0,160.083,96.315,148.525,223.665,24.629,0,0,0,0
-3,5/29/50,19:35,nan,nan,nan,0,0,45.224,27.197,0,56.612,0,90.606,0,189.117,129.007,4.22,245.614,118.946,0,0,0,0
-3,5/29/50,19:36,nan,nan,nan,107.302,172.711,22.841,18.043,0,68.921,0,82.107,0,86.387,128.863,0,192.101,99.785,0,0,0,0
-3,5/29/50,19:37,nan,nan,nan,170.118,170.038,0,46.439,0,0,0,120.49,0,35.428,193.125,148.843,244.695,114.996,0,0,0,0
-3,5/29/50,19:38,nan,nan,nan,151.542,131.468,0,72.238,0,15.909,0,45.212,0,0,138.17,102.936,247.604,112.844,0,92.864,75.461,0
-3,5/29/50,19:39,nan,nan,nan,0,17.046,0,53.02,0,0,0,1.115,0,0,185.929,0,180.216,213.386,0,113.282,130.779,0
-3,5/29/50,19:40,nan,nan,nan,0,0,0,130.018,55.866,0,0,0,0,0,15.307,185.659,169.768,99.549,0,121.203,84.01,0
-3,5/29/50,19:41,nan,nan,nan,0,69.048,0,90.054,137.023,0,0,16.677,0,121.493,68.702,100.789,81.323,163.007,0,50.292,117.038,0
-3,5/29/50,19:42,nan,nan,nan,0,115.257,0,74.926,18.261,0,0,22.177,0,145.05,105,15.068,194.948,175.131,0,100.325,110.831,0
-3,5/29/50,19:43,nan,nan,nan,0,88.583,0,96.718,0,0,42.251,192.103,0,114.515,61.957,82.552,170.303,17.008,0,0,108.62,0
-3,5/29/50,19:44,nan,nan,nan,0,152.999,0,58.427,19.149,0,61.335,23.084,0,141.32,131.699,190.154,152.068,0,0,16.836,50.205,0
-3,5/29/50,19:45,nan,nan,nan,0,180.263,0,3.99,90.005,0,112.928,0,0,107.227,126.69,87.372,25.869,0,0,3.553,162.817,0
-3,5/29/50,19:46,nan,nan,nan,0,143.277,0,29.624,65.643,0,88.36,113.77,0,0,215.469,178.704,167.128,0,0,0,111.34,0
-3,5/29/50,19:47,nan,nan,nan,0,97.016,0,43.225,93.149,0,107.217,181.989,0,0,67.32,0,157.796,0,0,0,8.938,0
-3,5/29/50,19:48,nan,nan,nan,0,121.202,0,129.668,109.024,0,22.041,70.931,0,128.732,201.258,0,0,0,0,88.98,78.886,0
-3,5/29/50,19:49,nan,nan,nan,0,30.534,0,68.173,60.013,0,0,34.422,0,136.887,218.685,44.086,51.133,0,0,50.89,161.705,0
-3,5/29/50,19:50,nan,nan,nan,0,145.218,0,24.378,17.808,0,0,30.873,0,70.52,157.322,37.816,100.078,0,0,110.49,146.943,0
-3,5/29/50,19:51,nan,nan,nan,0,165.787,0,3.957,0,0,0,37.85,0,36.915,72.023,66.335,234.776,78.6,0,134.395,0,0
-3,5/29/50,19:52,nan,nan,nan,0,145.644,0,49.129,105.386,0,0,37.556,0,52.965,107.356,111.267,122.85,29.821,0,1.871,0,0
-3,5/29/50,19:53,nan,nan,nan,0,0,0,0,84.655,0,0,65.157,0,95.98,0,0,115.027,44.746,0,0,2.067,0
-3,5/29/50,19:54,nan,nan,nan,0,0,0,0,166.167,0,0,121.616,0,25.366,0,0,10.785,86.506,0,0,98.145,0
-3,5/29/50,19:55,nan,nan,nan,0,0,0,0,93.527,0,0,0,29.332,114.972,0,82.359,198.413,40.469,0,46.929,0,0
-3,5/29/50,19:56,nan,nan,nan,0,0,0,0,30.965,0,0,0,86.131,132.707,7.969,63.374,150.416,102.029,0,152.49,35.457,0
-3,5/29/50,19:57,nan,nan,nan,0,0,0,31.076,0,0,0,46.16,0,17.119,98.512,0,137.193,23.312,0,101.781,44.131,0
-3,5/29/50,19:58,nan,nan,nan,0,0,0,31.622,0,0,0,106.335,35.306,0,62.732,0,178.317,125.673,0,12.475,0,0
-3,5/29/50,19:59,nan,nan,nan,0,0,0,99.678,45.156,0,0,1.124,0,0,25.093,5.191,72.842,131.923,0,111.101,14.141,0
-3,5/29/50,20:00,nan,nan,nan,0,0,0,131.624,0,0,0,62.638,0,0,73.427,117.32,94.43,151.183,0,57.974,57.83,0
-3,5/29/50,20:01,nan,nan,nan,0,46.781,0,85.831,0,0,0,88.609,0,0,177.437,107.284,131.019,257.601,0,91.11,108.186,0
-3,5/29/50,20:02,nan,nan,nan,0,66.958,0,92.851,0,0,0,24.116,0,0,201.578,12.028,211.741,22.473,0,40.639,107.397,0
-3,5/29/50,20:03,nan,nan,nan,0,85.996,0,78.042,0,0,0,39.41,48.556,0,173.059,0,76.74,0,0,45.371,104.061,0
-3,5/29/50,20:04,nan,nan,nan,0,156.812,0,0,81.285,0,0,0.712,90.794,0,170.19,0,0,71.227,0,5.773,106.774,0
-3,5/29/50,20:05,nan,nan,nan,0,177.731,0,0,83.492,0,0,85.694,0,0,37.838,0,0,161.888,0,85.691,105.579,0
-3,5/29/50,20:06,nan,nan,nan,0,109.467,0,58.756,29.418,0,0,28.476,25.397,0,74.87,0,184.055,200.907,0,117.818,138.686,0
-3,5/29/50,20:07,nan,nan,nan,0,0,0,35.021,157.814,0,0,107.574,0,0,169.206,0,106.222,114.457,0,26.85,97.848,0
-3,5/29/50,20:08,nan,nan,nan,0,0,0,63.156,40.868,0,0,175.025,0,0,126.245,0,99.609,141.602,0,9.857,56.84,0
-3,5/29/50,20:09,nan,nan,nan,0,66.575,0,0,0,0,0,24.278,149.195,0,158.054,0,242.745,161.051,0,0,111.004,0
-3,5/29/50,20:10,nan,nan,nan,0,181.158,0,0,0,0,0,64.799,78.833,0,167.912,0,98.463,0,0,0,35.141,0
-3,5/29/50,20:11,nan,nan,nan,0,162.335,0,0,37.622,0,0,0,172.562,0,109.726,0,148.067,47.622,0,0,121.429,0
-3,5/29/50,20:12,nan,nan,nan,0,86.135,0,0,131.901,0,0,0,65.24,0,22.632,0,166.527,47.608,0,0,0,0
-3,5/29/50,20:13,nan,nan,nan,0,22.117,0,0,32.003,0,0,0,30.954,0,34.79,0,152.57,0,0.119,29.477,0,0
-3,5/29/50,20:14,nan,nan,nan,0,75.77,0,0,0,0,0,0,63.57,0,0,0,219.376,0,70.594,53.86,0,0
-3,5/29/50,20:15,nan,nan,nan,0,199.135,0,0,56.28,0,0,0,39.194,0,85.881,0,192.666,0,150.112,42.172,0,0
-3,5/29/50,20:16,nan,nan,nan,0,275.502,0,0,21.512,0,0,0,16.599,129.836,81.123,0,146.732,0,77.543,66.501,0,0
-3,5/29/50,20:17,nan,nan,nan,0,86.705,0,0,0,0,0,0,0,136.753,0,0,0,0,0,0,0,0
-3,5/29/50,20:18,nan,nan,nan,0,69.612,81.314,0,82.692,51.276,0,0,111.231,206.123,0,0,0,0,0,39.124,0,0
-3,5/29/50,20:19,nan,nan,nan,0,105.467,51.396,0,122.515,4.857,0,0,95.179,53.717,0,0,11.846,0,0,29.458,0,118.625
-3,5/29/50,20:20,nan,nan,nan,0,134.506,12.223,0,39.266,0,0,0,14.871,39.775,106.588,0,0,0,0,0,0,20.233
-3,5/29/50,20:21,nan,nan,nan,0,156.327,107.409,0,11.726,0,0,0,0,92.247,120.177,0,79.276,0,103.991,0,0,0
-3,5/29/50,20:22,nan,nan,nan,0,158.443,0.577,0,124.924,0,0,0,0,129.539,79.456,0,55.61,0,91.381,140.424,0,49.9
-3,5/29/50,20:23,nan,nan,nan,0,172.389,0,0,94.937,0,0,0,20.777,218.143,27.324,0,68.798,0,45.556,96.609,0,176.733
-3,5/29/50,20:24,nan,nan,nan,0,111.416,0,9.571,107.308,49.692,0,0,113.236,133.289,120.047,0,0,0,3.5,45.805,0,138.599
-3,5/29/50,20:25,nan,nan,nan,0,221.451,0,0,111.04,42.291,0,0,0,0,137.27,0,185.402,0,3.809,35.698,0,0
-3,5/29/50,20:26,nan,nan,nan,0,7.958,41.605,9.398,0,103.54,0,0,52.244,0,42.17,30.981,109.622,0,93.963,56.078,0,0
-3,5/29/50,20:27,nan,nan,nan,0,0,26.863,0,37.73,0,0,0,58.374,0,39.506,97.925,90.621,0,115.201,0,0,0
-3,5/29/50,20:28,nan,nan,nan,0,136.366,54.438,0,67.03,0,0,0,0,0,0,207.704,53.811,0,73.086,0,0,0
-3,5/29/50,20:29,nan,nan,nan,0,98.235,142.335,0,62.945,3.645,32.732,0,0,156.265,119.342,133.79,107.07,0,106.015,0,0,150.915
-3,5/29/50,20:30,nan,nan,nan,27.849,50.756,40.584,0,20.863,47.392,15.027,0,0,201.374,146.494,199.3,91.935,0,81.666,0,0,167.641
-3,5/29/50,20:31,nan,nan,nan,143.769,124.771,40.393,0,6.763,30.643,21.159,0,0,73.295,83.671,154.129,192.966,0,28.366,0,0,215.569
-3,5/29/50,20:32,nan,nan,nan,70.889,202.494,23.006,0,45.846,0,39.262,0,0,166.712,9.884,170.367,203.423,0,0,0,72.872,111.415
-3,5/29/50,20:33,nan,nan,nan,48.573,243.813,27.366,0,87.92,0,13.604,0,0,78.288,56.359,188.56,272.729,0,0,0,120.498,249.213
-3,5/29/50,20:34,nan,nan,nan,26.837,132.916,70.196,0,0,0,19.451,0,0,24.868,50.301,209.986,211.524,0,2.995,0,176.506,90.213
-3,5/29/50,20:35,nan,nan,nan,27.61,0,122.654,0,0,0,79.887,0,0,67.755,87.836,137.759,265.117,0,2.935,0,68.43,98.142
-3,5/29/50,20:36,nan,nan,nan,0,0,3.832,0,52.501,16.809,8.732,0,25.799,29.29,124.257,151.435,115.177,0,89.337,0,84.383,265.754
-3,5/29/50,20:37,nan,nan,nan,45.896,0,0.097,0,66.125,45.168,9.56,0,148.407,0.497,161.726,80.533,69.966,0,38.226,0,51.116,16.08
-3,5/29/50,20:38,nan,nan,nan,18.778,0,0,0,34.479,85.554,9.59,0,100.636,0,60.523,77.448,230.731,0,45.257,0,89.745,115.504
-3,5/29/50,20:39,nan,nan,nan,57.999,53.241,0,0,0,29.582,36.173,0,101.963,0,135.238,0,10.424,0,5.953,0,0,114.913
-3,5/29/50,20:40,nan,nan,nan,162.806,85.959,0,0,98.905,0,65.377,0,18.897,6.091,189.348,125.218,0,0,37.947,0,0,43.833
-3,5/29/50,20:41,nan,nan,nan,228.725,100.685,0,0,19.482,0,0,0,127.873,50.239,24.018,68.056,0,0,64.448,0,0,0
-3,5/29/50,20:42,nan,nan,nan,124.978,83.833,0,0,20.121,40.506,91.432,0,34.8,127.198,20.466,0,91.308,0,104.597,0,68.093,0
-3,5/29/50,20:43,nan,nan,nan,192.937,125.186,63.501,0,41.023,55.345,119.863,0,0,28.432,9.389,0,94.533,0,173.634,0,28.328,66.111
-3,5/29/50,20:44,nan,nan,nan,115.211,16.933,70.758,0,11.792,0,0,0,10.732,99.318,33.258,8.78,120.205,0,124.663,0,0,142.454
-3,5/29/50,20:45,nan,nan,nan,0,60.657,125.238,0,38.357,0,19.76,0,0,185.876,22.928,167.015,90.88,0,117.366,0,0,221.136
-3,5/29/50,20:46,nan,nan,nan,0,36.894,51.061,0,108.663,0,126.758,0,0,95.645,0,12.089,98.555,0,174.654,0,13.496,187.11
-3,5/29/50,20:47,nan,nan,nan,0,89.876,8.291,61.618,136.497,31.454,81.704,88.929,0,105.906,0,0,77.524,0,115.046,0,23.523,54.041
-3,5/29/50,20:48,nan,nan,nan,92.733,254.398,34.729,36.08,73.417,0,158.258,70.387,0,134.37,0,0,151.349,0,94.495,0,0,28.982
-3,5/29/50,20:49,nan,nan,nan,31.342,205.674,129.293,88.386,43.05,0,0,57.763,0,58.05,47.805,0,83.198,0,0,0,0,274.478
-3,5/29/50,20:50,nan,nan,nan,118.21,217.972,121.312,15.279,117.701,0,67.171,57.885,43.684,71.146,77.191,0,168.025,0,0,0,0,39.709
-3,5/29/50,20:51,nan,nan,nan,83.927,78.444,56.537,60.494,66.297,0,0,117.179,115.609,0,29.658,68.373,222.615,0,20.662,0,0,17.44
-3,5/29/50,20:52,nan,nan,nan,57.392,0,57.367,52.341,143.156,0,0,79.894,0,0,33.061,153.929,199.511,0,120.367,0,72.661,0
-3,5/29/50,20:53,nan,nan,nan,161.345,103.901,68.229,29.849,131.862,0,0,33.609,0,6.844,12.545,110.404,193.284,0,0,0,82.794,134.271
-3,5/29/50,20:54,nan,nan,nan,188.408,160.207,144.757,40.106,20.031,0,0,0,0,108.988,91.048,115.514,127.506,0,0,0,79.415,24.131
-3,5/29/50,20:55,nan,nan,nan,64.926,106.522,40.096,9.748,72.487,0,0,58.86,0,130.58,56.658,49.617,47.43,0,29.775,0,25.427,27.476
-3,5/29/50,20:56,nan,nan,nan,54.114,177.084,0,85.672,4.499,0,0,48.555,0,161.688,87.008,46.45,21.111,0,162.837,0,0,128.547
-3,5/29/50,20:57,nan,nan,nan,41.336,144.283,0,74.464,0,0,0,112.804,0,29.148,87.29,88.264,16.582,0,42.538,0,17.854,164.592
-3,5/29/50,20:58,nan,nan,nan,33.459,5.714,0,7.91,0,0,0,0,0,41.579,32.755,0,191.091,0,51.533,0,69.582,1.178
-3,5/29/50,20:59,nan,nan,nan,27.11,0,0,47.493,156.104,0,0,0,0,103.569,0,0,113.152,0,89.026,0,14.541,0
-3,5/29/50,21:00,nan,nan,nan,0,85.576,4.578,10.636,37.157,0,45.871,0,0,93.894,0,8.827,37.029,0,80.084,0,93.664,0
-3,5/29/50,21:01,nan,nan,nan,0,57.816,165.323,78.083,118.108,0,20.229,118.683,0,192.332,0,15.011,100.908,0,39.866,0,104.633,0
-3,5/29/50,21:02,nan,nan,nan,0,210.435,104.578,141.208,15.473,0,13.958,124.266,0,40.184,0,33.764,218.203,0,43.612,0,12.405,45.588
-3,5/29/50,21:03,nan,nan,nan,71.104,0,7.435,95.244,0,0,115.306,17.36,0,28.376,0,159.756,29.797,0,0,0,0,54.154
-3,5/29/50,21:04,nan,nan,nan,117.677,0,0,14.106,18.237,0,90.36,90.655,0,37.328,0,50.138,0,0,74.707,0,0,72.194
-3,5/29/50,21:05,nan,nan,nan,214.64,0,0,35.975,155.538,0,58.29,83.954,0,0,0,4.109,59.173,0,100.983,0,91.241,160.963
-3,5/29/50,21:06,nan,nan,nan,98.758,0,0,60.087,84.796,0,0,110.396,0,30.721,0,0.164,86.712,0,89.619,0,138.07,230.173
-3,5/29/50,21:07,nan,nan,nan,202.456,0,0,43.116,51.212,0,0,231.329,0,85.64,0,34.517,108.063,0,157.282,0,49.596,64.794
-3,5/29/50,21:08,nan,nan,nan,36.389,61.245,0,0,105.284,0,0,0,0,124.203,0,18.446,11.917,0,113.98,0,36.247,95.911
-3,5/29/50,21:09,nan,nan,nan,135.415,161.108,0,43.146,125.503,0,65.736,41.259,0,90.797,0,21.351,16.199,0,32.988,0,11.161,31.806
-3,5/29/50,21:10,nan,nan,nan,48.659,181.151,0,66.528,119.26,0,27.345,94.604,0,62.312,0,111.724,23.71,0,32.712,0,0,5.43
-3,5/29/50,21:11,nan,nan,nan,70.863,23.228,0,44.539,0,0,53.021,85.917,0,103.256,0,86.981,134.741,0,29.598,0,7.903,82.999
-3,5/29/50,21:12,nan,nan,nan,34.992,36.643,0,0,0,0,19.826,53.548,0,171.098,0,86.558,0,0,78.192,0,108.206,116.83
-3,5/29/50,21:13,nan,nan,nan,0,0,0,0,84.677,0,0,0,0,164.48,0,118.363,243.053,0,141.698,0,104.636,99.12
-3,5/29/50,21:14,nan,nan,nan,86.908,177.403,0,0,29.607,0,0,0,0,64.214,0,175.181,160.367,100.279,53.07,0,75.341,215.131
-3,5/29/50,21:15,nan,nan,nan,147.819,234.814,0,0,33.425,0,0,0,0,89.038,0,135.271,112.075,202.744,65.096,0,0,87.79
-3,5/29/50,21:16,nan,nan,nan,62.419,151.053,0,0,51.584,0,0,0,0,0,0,230.975,129.137,142.422,125.563,0,0,0
-3,5/29/50,21:17,nan,nan,nan,0,167.658,0,70.552,129.868,0,0,103.37,0,39.719,0,157.96,173.879,154.601,120.337,0,0,0
-3,5/29/50,21:18,nan,nan,nan,93.661,269.862,0,24.468,138.199,0,0,0,0,51.843,0,20.548,176.906,113.111,80.597,0,0,0
-3,5/29/50,21:19,nan,nan,nan,24.657,200.179,0,34.946,97.379,0,0,0,0,42.293,0,0.546,90.112,184.623,2.849,0,22.298,0
-3,5/29/50,21:20,nan,nan,nan,214.186,41.344,0,25.769,0,0,0,0,0,48.638,0,139.508,108.255,108.078,0,0,98.677,0
-3,5/29/50,21:21,nan,nan,nan,32.314,96.935,0,30.924,0,0,0,0,0,23.802,0,0,98.145,235.721,0,0,2.716,0
-3,5/29/50,21:22,nan,nan,nan,13.177,51.974,0,62.802,70.246,0,0,0,0,33.411,0,0,155.386,42.195,0,0,0,0
-3,5/29/50,21:23,nan,nan,nan,198.641,150.786,0,18.677,53.569,0,0,0,0,129.007,0,0,118.089,142.069,0,0,56.781,0
-3,5/29/50,21:24,nan,nan,nan,94.974,120.588,0,0,187.23,0,0,0,0,142.537,72.2,130.267,0,19.172,53.488,0,43.857,0
-3,5/29/50,21:25,nan,nan,nan,260.489,311.872,0,44.427,183.75,0,0,0,0,65.886,141.165,120.973,58.857,19.758,41.159,0,49.508,0
-3,5/29/50,21:26,nan,nan,nan,67.756,0,0,89.988,26.972,0,0,0,0,46.744,81.236,16.22,137.872,121.926,193.862,0,68.472,0
-3,5/29/50,21:27,nan,nan,nan,112.282,20.299,0,141.302,0,0,101.568,0,0,37.789,91.373,0,0.187,220.831,71.458,0,0,0
-3,5/29/50,21:28,nan,nan,nan,0,167.277,0,62.321,0,0,60.377,0,0,122.622,15.93,0,144.485,156.481,6.836,0,69.871,0
-3,5/29/50,21:29,nan,nan,nan,0,0,0,0,0,0,78.799,0,0,111.859,71.789,0,0,184.398,33.164,72.824,137.531,0
-3,5/29/50,21:30,nan,nan,nan,0,0,0,0,0,0,0,0,0,36.93,90.508,0,0,215.525,0,80.706,80.093,0
-3,5/29/50,21:31,nan,nan,nan,132.869,132.233,0,0,0,0,0,0,0,0,123.307,0,66.492,159.04,0,33.093,4.759,0
-3,5/29/50,21:32,nan,nan,nan,84.181,210.656,0,87.463,0,0,0,0,0,26.647,103.773,0,195.977,115.324,0,152.996,0,0
-3,5/29/50,21:33,nan,nan,nan,117.628,106.185,0,0,0,0,0,0,0,103.69,66.069,0,40.774,3.774,0,0,0,0
-3,5/29/50,21:34,nan,nan,nan,50.314,109.111,0,122.272,0,0,0,0,0,134.121,91.43,0,17.965,187.956,0,9.309,0,0
-3,5/29/50,21:35,nan,nan,nan,0,113.706,0,85.424,0,0,43.551,0,0,45.045,2.144,0,0,117.033,0,80.64,0,0
-3,5/29/50,21:36,nan,nan,nan,0,157.985,0,111.869,0,0,11.741,0,0,8.119,0,0,0,0,0,52.509,42.29,0
-3,5/29/50,21:37,nan,nan,nan,0,93.802,0,81.178,0,0,12.234,0,0,29.479,142.613,0,131.244,126.563,0,71.527,68.328,0
-3,5/29/50,21:38,nan,nan,nan,0,0,0,27.823,0,0,10.946,0,0,24.834,93.056,0,123.164,255.022,0,74.085,73.689,0
-3,5/29/50,21:39,nan,nan,nan,0,0,91.027,0,0,0,9.727,0,0,65.159,1.046,0,56.4,8.301,0,91.191,25.23,0
-3,5/29/50,21:40,nan,nan,nan,0,0,70.666,0,0,0,6.778,0,0,63.759,192.487,0,123.796,0,0,19.558,0,0
-3,5/29/50,21:41,nan,nan,nan,0,0,59.631,0,0,0,9.767,0,0,84.068,93.504,0,193.32,0,0,53.169,7.316,0
-3,5/29/50,21:42,nan,nan,nan,0,10.524,137.407,0,0,0,7.404,0,0,118.395,122.031,0,215.179,48.918,0,88.426,51.661,0
-3,5/29/50,21:43,nan,nan,nan,0,65.657,116.712,0,0,0,8.287,0,0,53.835,228.039,0,137.977,131.806,0,151.203,74.329,0
-3,5/29/50,21:44,nan,nan,nan,0,35.952,72.45,32.573,0,0,7.573,0,0,84.532,133.798,0,108.168,176.332,0,0,59.03,0
-3,5/29/50,21:45,nan,nan,nan,0,171.292,163.774,23.163,0,0,10.138,0,0,108.839,179.857,0,260.249,227.586,0,106.458,0,0
-3,5/29/50,21:46,nan,nan,nan,0,0,3.007,38.625,0,0,7.963,0,0,39.64,182.806,0,261.262,183.339,0,0,0,0
-3,5/29/50,21:47,nan,nan,nan,0,65.294,46.43,61.649,0,0,10.945,0,95.044,99.837,69.441,0,201.322,139.38,0,0,23.213,0
-3,5/29/50,21:48,nan,nan,nan,0,88.381,22.362,42.829,0,0,9.662,0,118.107,73.106,0,0,231.533,164.121,0,0,54.3,0
-3,5/29/50,21:49,nan,nan,nan,0,0,0,29.074,0,0,17.029,0,88.134,116.855,0,0,209.491,173.303,0,7.304,59.013,0
-3,5/29/50,21:50,nan,nan,nan,0,61.074,0,0,0,0,12.242,0,117.025,149.168,189.545,0,298.887,79.245,0,29.347,146.42,0
-3,5/29/50,21:51,nan,nan,nan,0,227.798,0,0,0,0,133.334,0,77.935,4.032,147.512,0,267.081,43.188,0,91.999,1.088,0
-3,5/29/50,21:52,nan,nan,nan,0,186.545,0,0,0,0,84.963,0,0,0,17.44,0,152.118,134.781,0,86.997,0,0
-3,5/29/50,21:53,nan,nan,nan,0,185.859,0,78.648,0,0,47.674,0,0,0,99.699,0,126.057,130.626,0,136.983,0,0
-3,5/29/50,21:54,nan,nan,nan,0,120.678,0,142.276,0,0,0,119.352,0,0,159.771,0,226.439,113.826,0,54.796,6.913,0
-3,5/29/50,21:55,nan,nan,nan,0,195.062,0,93.468,0,0,0,89.062,0,0,155.14,0,137.682,5.714,0,49.993,7.842,0
-3,5/29/50,21:56,nan,nan,nan,0,175.867,0,69.387,0,0,0,168.936,0,0,110.43,126.218,257.628,135.202,0,0,97.985,0
-3,5/29/50,21:57,nan,nan,nan,0,0,23.513,56.133,0,0,0,0,0,0,157.288,68.16,67.639,117.548,0,0,42.166,0
-3,5/29/50,21:58,nan,nan,nan,0,179.007,99.189,64.853,11.805,0,0,24.549,88.095,0,59.935,144.42,87.406,109.929,0,6.426,0,0
-3,5/29/50,21:59,nan,nan,nan,0,120.847,168.123,137.998,13.903,0,0,22.715,70.151,0,32.608,126.316,152.914,70.899,0,63.937,0,0
-3,5/29/50,22:00,nan,nan,nan,0,167.796,96.138,69.301,0,0,0,0,113.641,0,46.235,178.045,207.569,78.784,0,94.555,0,0
-3,5/29/50,22:01,nan,nan,nan,0,159.667,91.463,122.91,46.948,0,0,45.015,0,0,57.031,159.66,248.978,23.566,0,102.433,3.903,0
-3,5/29/50,22:02,nan,nan,nan,0,133.1,143.9,98.815,14.981,45.4,0,59.872,0,0,30.361,139.45,36.104,21.118,0,20.147,52.771,0
-3,5/29/50,22:03,nan,nan,nan,0,142.186,119.84,83.779,12.515,43.44,0,49.21,0,0,148.631,138.742,6.407,19.381,0,0,128.701,0
-3,5/29/50,22:04,nan,nan,nan,0,25.493,119.05,80.047,33.478,75.082,0,58.379,0,0,100.393,58.262,98.062,84.3,0,32.814,61.925,0
-3,5/29/50,22:05,nan,nan,nan,0,39.684,87.742,27.135,49.033,0,0,66.333,4.608,0,78.05,123.289,209.974,83.022,0,23.362,63.266,0
-3,5/29/50,22:06,nan,nan,nan,0,105.599,119.181,22.679,122.974,0,40.894,138.823,35.707,0,123.51,15.586,175.05,210.591,0,0,81.322,0
-3,5/29/50,22:07,nan,nan,nan,0,13.518,116.418,101.906,80.344,13.911,16.667,91.075,26.696,0,33.931,0,162.944,195.268,0,0,47.832,0
-3,5/29/50,22:08,nan,nan,nan,0,124.524,81.449,121.752,142.983,0,38.097,0,92.427,0,51.156,0,236.742,150.022,0,0,34.891,0
-3,5/29/50,22:09,nan,nan,nan,0,141.53,90.663,101.8,70.59,26.648,74.221,0,73.283,0,4.589,0,218.302,76.923,0,0,61.772,0
-3,5/29/50,22:10,nan,nan,nan,0,144.287,149.445,56.85,62.558,64.5,122.136,0,33.395,0,0,0,256.148,163.916,0,0,113.62,0
-3,5/29/50,22:11,nan,nan,nan,0,85.347,20.963,0,0,0,10.369,35.439,0,0,55.552,0,15.317,43.657,105.691,0,50.669,0
-3,5/29/50,22:12,nan,nan,nan,0,108.549,183.709,0,0,0,0,63.577,0,0,47.551,0,52.901,155.156,94.352,0,0,0
-3,5/29/50,22:13,nan,nan,nan,0,115.799,135.502,47.175,0,0,0,14.618,0,0,176.694,45.297,146.33,86.166,141.624,0,130.132,0
-3,5/29/50,22:14,nan,nan,nan,0,186.421,84.377,162.908,0,0,16.468,49.076,0,0,113.422,60.631,130.911,111.202,245.776,0,206.593,0
-3,5/29/50,22:15,nan,nan,nan,0,176.654,16.339,137.729,0,0,0,128.447,0,0,55.924,129.065,51.696,66.52,285.57,0,153.292,0
-3,5/29/50,22:16,nan,nan,nan,0,158.933,41.215,128.509,103.436,31.542,0,94.127,49.589,101.821,0,130.647,98.695,179.853,105.308,0,27.834,0
-3,5/29/50,22:17,nan,nan,nan,0,149.485,32.431,51.299,112.512,32.188,0,89.227,129.872,157.914,0,56.268,170.378,0.088,101.182,0,0,0
-3,5/29/50,22:18,nan,nan,nan,56.656,40.997,0,42.662,89.632,0,0,55.959,33.652,78.595,106.858,70.252,97.447,236.996,43.221,0,0,0
-3,5/29/50,22:19,nan,nan,nan,58.868,173.454,23.207,47.644,25.056,0,0,142.101,96.99,99.61,125.171,105.425,81.511,232.743,184.146,0,53.33,0
-3,5/29/50,22:20,nan,nan,nan,89.768,183.109,11.363,89.941,45.159,45.162,0,155.945,42.289,86.413,0,0,0,155.134,55.289,0,41.197,0
-3,5/29/50,22:21,nan,nan,nan,0,188.812,0,50.741,95.053,11.821,0,12.559,30.606,176.344,0,0,0,18.246,0,0,12.539,0
-3,5/29/50,22:22,nan,nan,nan,14.92,134.644,16.323,0,150.678,60.805,0,0,113.382,93.663,91.684,0,197.298,30.365,0,0,3.461,0
-3,5/29/50,22:23,nan,nan,nan,45.912,214.99,26.311,18.638,0,82.139,0,30.175,11.356,45.258,82.957,0,129.274,82.408,5.695,0,0,0
-3,5/29/50,22:24,nan,nan,nan,44.857,105.166,20.878,95.932,0,0,0,52.088,115.844,121.566,116.464,49.304,188.925,74.724,0,0,23.957,12.361
-3,5/29/50,22:25,nan,nan,nan,40.848,227.011,106.014,78.079,65.448,0,0,0,142.771,0,27.097,125.456,139.178,108.805,0,0,138.148,132.675
-3,5/29/50,22:26,nan,nan,nan,1.354,102.926,164.649,89.003,91.361,54.837,0,0,176.973,0,25.798,121.608,161.695,52.039,27.021,0,56.31,166.831
-3,5/29/50,22:27,nan,nan,nan,101.457,0,57,16.345,127.71,65.002,0,0,4.359,0,113.902,0,208.612,163.648,84.305,0,110.696,125.241
-3,5/29/50,22:28,nan,nan,nan,179.812,0,56.51,0,73.877,0,0,0,108.27,51.104,40.092,0,173.182,68.508,181.198,0,12.535,205.445
-3,5/29/50,22:29,nan,nan,nan,126.897,0,72.214,0,72.687,0,0,0,144.059,62.94,0,0,153.215,24.531,83.37,0,6.457,283.86
-3,5/29/50,22:30,nan,nan,nan,92.08,68.372,158.111,0,0.521,0,0,0,120.539,64.943,0,0,84.797,23.376,116.585,0,81.439,115.474
-3,5/29/50,22:31,nan,nan,nan,127.547,50.396,122.013,0,33.67,0,0,0,19.406,0,0,0,207.322,112.928,125.045,0,120.704,188.532
-3,5/29/50,22:32,nan,nan,nan,127.683,169.437,0,0,5.983,15.368,24.809,0,68.753,0,0,0,107.956,101.518,110.227,0,50.077,160.156
-3,5/29/50,22:33,nan,nan,nan,5.31,212.607,0,0,97.924,0,26.551,0,49.367,0,0,0,257.38,96.217,87.44,0,22.194,144.721
-3,5/29/50,22:34,nan,nan,nan,206.028,207.732,0,0,33.507,0,0,0,43.449,0,21.948,37.915,204.473,87.995,115.945,0,13.753,0
-3,5/29/50,22:35,nan,nan,nan,116.584,166.808,0,0,57.213,0,0,0,72.112,0,1.416,109.035,50.011,0,9.424,0,0,0
-3,5/29/50,22:36,nan,nan,nan,3.695,161.986,0,0,155.015,0,6.116,0,37.642,7.094,146.964,105.707,64.331,77.938,0,0,22.131,156.987
-3,5/29/50,22:37,nan,nan,nan,0,129.464,0,0,152.924,0,77.42,0,0,183.838,79.872,53.479,108.931,199.225,0,0,58.278,127.075
-3,5/29/50,22:38,nan,nan,nan,33.16,59.077,0,0,93.745,0,62.872,65.251,0,71.264,111.167,117.248,206.465,146.069,0,0,27.645,96.981
-3,5/29/50,22:39,nan,nan,nan,30.542,106.992,0,0,67.131,0,50.208,124.303,0,0,1.493,128.924,133.829,164.228,0,0,0,45.998
-3,5/29/50,22:40,nan,nan,nan,118.96,101.914,0,0,0,0,78.823,53.684,0,0,0,0,153.168,101.346,82.147,0,58.968,0
-3,5/29/50,22:41,nan,nan,nan,196.077,82.008,0,0,22.144,0,36.141,69.867,52.588,0,0,0,92.494,140.881,60.401,0,79.826,71.515
-3,5/29/50,22:42,nan,nan,nan,35.405,58.584,0,0,228.115,0,5.49,53.478,68.8,0,0,0,41.087,90.087,14.001,0,89.89,184.333
-3,5/29/50,22:43,nan,nan,nan,167.946,129.042,36.395,0,189.786,0,0,0,0,0,49.062,0,182.991,103.226,84.267,0,0,195.271
-3,5/29/50,22:44,nan,nan,nan,163.105,56.578,107.524,0,41.664,0,70.111,0,22.963,86.228,100.619,0,215.973,16.729,99.082,0,93.033,32.653
-3,5/29/50,22:45,nan,nan,nan,40.281,70.088,100.164,0,0,0,0,0,126.939,67.158,55.605,0,250.644,34.271,35.542,0,37.924,75.549
-3,5/29/50,22:46,nan,nan,nan,0,90.642,74.289,16.099,5.8,0,0,68.743,29.226,172.135,37.72,59.031,160.838,0,93.402,54.504,74.316,89.733
-3,5/29/50,22:47,nan,nan,nan,0,25.264,44.31,79.799,92.292,0,0,109.865,108.482,82.041,100.792,124.359,0,0,113.554,155.738,135.729,270.47
-3,5/29/50,22:48,nan,nan,nan,0,0,14.155,160.856,108.67,0,0,106.724,58.382,57.256,105.261,39.215,278.265,0,47.518,117.671,23.642,93.024
-3,5/29/50,22:49,nan,nan,nan,0,0,71.774,0,0,0,0,44.618,103.776,0,87.034,154.945,222.465,0,94.317,136.239,107.357,61.668
-3,5/29/50,22:50,nan,nan,nan,32.427,0,118.532,90.723,41.121,0,0,0,91.525,0,121.488,123.631,275.068,0,144.025,86.989,0,69.188
-3,5/29/50,22:51,nan,nan,nan,158.689,0,20.498,36.438,0,0,0,50.133,102.497,0,73.126,93.588,282.624,0,27.162,94.646,0,0
-3,5/29/50,22:52,nan,nan,nan,30.89,0,0,141.581,0,0,0,35.223,0,0,0,74.775,311.952,0,34.005,45.209,0,146.761
-3,5/29/50,22:53,nan,nan,nan,28.379,0,0,86.561,0,0,0,117.101,0,0,26.813,118.453,107.669,0,19.844,24.108,0,202.549
-3,5/29/50,22:54,nan,nan,nan,214.586,0,0,18.196,0,0,0,5.209,20.044,0,61.543,9.398,2.232,0,39.547,0,0,90.83
-3,5/29/50,22:55,nan,nan,nan,166.334,0,0,30.548,0,0,4.069,1.381,114.081,34.643,16.612,0,153.091,0,126.475,0,0,33.406
-3,5/29/50,22:56,nan,nan,nan,28.409,0,0,64.856,0,0,130.905,0,0,92.727,57.606,71.814,70.187,0,101.62,0,0,229.299
-3,5/29/50,22:57,nan,nan,nan,30.533,0,0,34.924,0,0,6.235,37.822,0,77.716,135.561,18.42,120.387,0,82.941,0,0,47.132
-3,5/29/50,22:58,nan,nan,nan,153.082,0,0,0,0,0,0,120.624,0,72.689,0.307,81.858,63.879,0,12.816,0,0,88.684
-3,5/29/50,22:59,nan,nan,nan,121.785,0,0,0,0,0,0,61.633,83.161,143.434,0,135.483,25.976,0,0,87.065,0,14.623
-3,5/29/50,23:00,nan,nan,nan,27.122,0,0,0,0,0,0,50.868,141.777,145.683,104.714,0,139.236,0,1.677,124.679,0,64.193
-3,5/29/50,23:01,nan,nan,nan,54.238,0,33.578,0,0,0,0,151.124,16.954,32.33,112.373,0,66.86,0,112.773,34.917,0,180.771
-3,5/29/50,23:02,nan,nan,nan,56.542,0,183.528,0,0,0,0,98.708,24.922,130.628,234.603,0,231.934,0,62.313,130.427,0,131.685
-3,5/29/50,23:03,nan,nan,nan,97.27,0,102.351,0,0,0,0,152.905,0,44.441,110.649,76.174,201.151,0,71.78,16.494,0,41.221
-3,5/29/50,23:04,nan,nan,nan,9.878,0,130.84,0,0,0,0,0,57.868,9.086,0,0,87.659,0,66.669,0,0,0
-3,5/29/50,23:05,nan,nan,nan,90.585,0,0,0,0,0,0,25.649,140.196,8.065,158.175,0,43.992,0,41.175,0,0,23.146
-3,5/29/50,23:06,nan,nan,nan,234.091,0,0,0,0,0,0,68.564,10.483,9.154,17.479,10.49,140.563,0,49.849,23.555,0,86.24
-3,5/29/50,23:07,nan,nan,nan,111.644,0,0,0,0,0,0,31.117,17.374,72.368,129.64,20.83,153.725,0,60.148,63.053,0,145.641
-3,5/29/50,23:08,nan,nan,nan,30.785,0,0,0,0,0,0,23.083,0,33.844,241.515,0,159.156,0,20.896,48.436,0,55.039
-3,5/29/50,23:09,nan,nan,nan,46.779,0,0,0,0,0,0,8.226,43.471,197.75,163.814,0,65.594,0,98.75,126.593,0,0
-3,5/29/50,23:10,nan,nan,nan,63.956,0,0,0,0,0,0,16.282,0,105.705,52.653,58.091,75.572,0,27.228,121.53,0,46.015
-3,5/29/50,23:11,nan,nan,nan,13.444,0,0,0,0,0,0,1.524,171.912,171.088,230.462,164.195,149.282,0,19.637,115.061,0,184.81
-3,5/29/50,23:12,nan,nan,nan,0,0,0,0,0,0,0,67.675,12.861,34.062,192.541,157.865,255.103,0,20.969,58.499,0,279.601
-3,5/29/50,23:13,nan,nan,nan,0,0,0,0,0,0,0,33.519,48.276,146.829,102.316,188.353,134.568,0,92.643,87.713,0,91.516
-3,5/29/50,23:14,nan,nan,nan,0,0,0,0,0,0,0,19.002,122.666,216.439,0,116.49,47.719,0,197.578,46.008,0,0
-3,5/29/50,23:15,nan,nan,nan,0,0,0,0,0,0,0,10.016,74.752,156.901,118.232,48.651,39.646,0,18.394,166.855,0,0
-3,5/29/50,23:16,nan,nan,nan,4.739,0,0,0,0,0,0,41.172,0,150.765,76.371,0,37.5,0,115.685,116.428,0,0
-3,5/29/50,23:17,nan,nan,nan,145.849,76.761,0,0,0,0,38.186,40.565,81.608,60.631,86.806,0,0,0,60.364,91.038,0,0
-3,5/29/50,23:18,nan,nan,nan,119.196,218.596,0,0,0,0,0,79.706,17.75,0,16.604,0,0,0,30.67,115.632,0,0
-3,5/29/50,23:19,nan,nan,nan,43.468,151.237,0,0,0,0,33.504,83.228,47.514,49.769,92.256,0,0,0,5.717,28.461,0,0
-3,5/29/50,23:20,nan,nan,nan,89.859,164.92,0,0,0,0,20.696,90.232,0,0,55.768,45.66,0,0,0,118.32,0,0
-3,5/29/50,23:21,nan,nan,nan,121.019,136.16,0,0,0,0,20.649,53.981,0,0,0,159.485,67.019,0,0,141.984,0,0
-3,5/29/50,23:22,nan,nan,nan,216.778,174.657,0,0,0,0,10.924,92.965,0,151.098,121.072,0,30.212,0,0,126.998,0,0
-3,5/29/50,23:23,nan,nan,nan,0,93.193,0,0,0,0,12.893,108.245,0,38.027,148.652,61.879,116.053,0,0,75.589,0,0
-3,5/29/50,23:24,nan,nan,nan,0,50.629,0,0,0,0,11.97,37.529,0,164.188,53.294,106.98,177.657,0,104.597,104.994,0,0
-3,5/29/50,23:25,nan,nan,nan,33.692,0,0,0,0,0,11.362,33.908,0,0,0,95.872,105.558,0,75.523,16.113,0,0
-3,5/29/50,23:26,nan,nan,nan,248.84,83.66,0,0,0,0,16.711,11.288,98.811,0,0,164.182,216.391,0,0,12.69,0,0
-3,5/29/50,23:27,nan,nan,nan,171.883,133.199,0,0,0,0,11.202,32.28,54.842,0,0,111.661,291.239,0,44.751,0.367,0,0
-3,5/29/50,23:28,nan,nan,nan,116.96,141.092,0,0,0,0,13.677,105.017,99.535,95.818,0,76.106,121.405,0,86.199,16.433,0,0
-3,5/29/50,23:29,nan,nan,nan,28.206,17.323,0,0,0,0,29.651,121.427,46.713,29.633,114.591,132.14,12.677,0,45.172,61.71,0,0
-3,5/29/50,23:30,nan,nan,nan,0,0,35.396,0,39.815,0,77.006,219.156,24.144,17.584,89.284,74.722,29.211,0,126.215,45.603,0,0
-3,5/29/50,23:31,nan,nan,nan,77.774,55.485,62.871,0,20.142,0,120.682,55.367,0,0,43.716,107.88,44.838,0,118.969,11.041,0,0
-3,5/29/50,23:32,nan,nan,nan,217.95,218.345,11.388,0,62.317,0,37.07,112.616,176.459,21.586,0,100.891,105.471,0,113.761,2.952,0,0
-3,5/29/50,23:33,nan,nan,nan,46.609,210.585,12.221,0,67.871,0,0,53.883,147.26,42.243,0,61.803,25.282,0,149.534,28.105,0,0
-3,5/29/50,23:34,nan,nan,nan,104.333,238.842,131.236,0,64.515,0,61.295,88.482,107.585,12.465,0,54.338,170.274,0,174.782,32.445,0,0
-3,5/29/50,23:35,nan,nan,nan,91.543,178.651,57.417,0,0,0,18.676,46.535,34.158,92.227,36.033,168.704,116.392,0,101.153,81.242,0,0
-3,5/29/50,23:36,nan,nan,nan,109.386,64.103,99.694,0,68.918,0,46.701,0,0,112.462,34.11,3.675,121.326,0,138.714,0,0,0
-3,5/29/50,23:37,nan,nan,nan,96.583,15.597,197.466,0,13.854,0,0,0,111.81,142.514,89.44,0,181.988,0,105.187,0,0,0
-3,5/29/50,23:38,nan,nan,nan,87.784,213.631,161.992,0,0,0,65.157,0,0,155.298,127.156,0,202.119,0,128.019,0,0,0
-3,5/29/50,23:39,nan,nan,nan,62.984,200.211,79.473,32.591,146.157,0,13.114,0,0,9.192,100.85,79.307,120.256,0,77.466,0,0,0
-3,5/29/50,23:40,nan,nan,nan,154.636,114.94,112.49,215.088,64.704,0,19.679,32.987,29.079,57.338,89.623,0,162.27,0,0,0,0,97.666
-3,5/29/50,23:41,nan,nan,nan,0,175.589,19.511,142.011,0,0,130.744,119.056,67.323,98.126,84.565,83.878,131.237,0,0,0,0,70.769
-3,5/29/50,23:42,nan,nan,nan,0,2.651,34.233,56.99,0,0,43.175,193.968,78.267,124.918,50.481,211.798,206.257,0,0,0,0,125.183
-3,5/29/50,23:43,nan,nan,nan,0,202.591,59.171,137.052,99.108,0,8.953,53.46,73.51,175.898,56.906,107.975,147.434,0,0,0,0,126.201
-3,5/29/50,23:44,nan,nan,nan,98.168,146.848,117.628,36.594,66.389,0,108.155,3.223,85.159,127.54,79.657,0,216.787,0,0,0,0,132.88
-3,5/29/50,23:45,nan,nan,nan,70.695,190.308,83.52,22.636,66.939,0,30.882,0,0,48.682,0,0,33.469,0,0,0,0,177.714
-3,5/29/50,23:46,nan,nan,nan,39.751,0,154.357,94.973,150.073,0,52.914,52.139,0,137.281,28.27,0,65.933,0,0,0,0,160.184
-3,5/29/50,23:47,nan,nan,nan,49.479,2.93,154.051,145.751,0,0,55.433,0,0,0.775,68.024,0,100.971,0,0,0,23.465,0
-3,5/29/50,23:48,nan,nan,nan,174.561,0,95.096,125.601,60.558,0,32.101,0,6.759,0,0,0,50.064,236.334,0,0,95.089,0
-3,5/29/50,23:49,nan,nan,nan,114.055,138.304,91.832,144.444,39.03,0,170.099,0,131.825,0,24.292,0,0,28.079,0,0,120.878,0
-3,5/29/50,23:50,nan,nan,nan,0,31.977,76.389,106.448,86.999,0,81.099,0,0,0,0,0,100.018,81.454,0,0,96.331,0
-3,5/29/50,23:51,nan,nan,nan,0,263.835,116.522,103.144,153.658,0,96.701,0,0,0,94.405,0,97.03,188.413,0,0,86.905,0
-3,5/29/50,23:52,nan,nan,nan,0,0,23.921,116.27,45.979,0,144.201,0,0,0,0,0,93.823,139.782,0,0,61.133,0
-3,5/29/50,23:53,nan,nan,nan,20.886,60.094,35.658,0,11.086,0,183.142,0,34.735,0,0,0,35.157,163.731,0,0,119.264,0
-3,5/29/50,23:54,nan,nan,nan,0,176.203,76.175,0,35.379,0,72.108,0,89.866,0,0,0,171.81,159.223,0,0,206.803,0
-3,5/29/50,23:55,nan,nan,nan,57.431,139.977,78.33,0,37.683,0,34.658,0,79.513,0,0,0,91.384,204.104,0,0,14.54,191.198
-3,5/29/50,23:56,nan,nan,nan,223.236,0,106.944,10.114,102.05,0,50.394,0,126.897,0,0,0,268.582,226.968,0,0,71.152,0
-3,5/29/50,23:57,nan,nan,nan,82.625,0,22.72,23.027,204.458,0,0,0,122.819,0,0,0,145.337,195.523,0,0,0,0
-3,5/29/50,23:58,nan,nan,nan,20.66,0,4.606,0,10.118,0,49.795,0,161.998,0,0,0,218.236,227.777,0,0,0,0
-3,5/29/50,23:59,nan,nan,nan,73.622,0,76.743,0,53.338,0,74.892,0,130.433,0,0,0,191.661,161.293,0,0,9.573,0
-3,5/30/50,0:00,nan,nan,nan,158.514,0,0,40.359,112.613,0,74.393,0,16.693,0,0,0,209.524,167.665,0,0,0,158.729
-3,5/30/50,0:01,nan,nan,nan,100.307,0,32.768,10.908,0,0,30.745,0,0,0,0,0,125.935,20.369,0,0,0,208.199
-3,5/30/50,0:02,nan,nan,nan,163.701,70.297,95.251,103.288,49.683,0,0,0,0,0,8.573,0,94.7,17.992,0,0,0,174.467
-3,5/30/50,0:03,nan,nan,nan,98.142,145.081,0,53.228,183.704,0,32.789,0,0,0,110.821,0,20.15,91.442,0,0,0,172.838
-3,5/30/50,0:04,nan,nan,nan,15.926,155.097,0,113.089,90.328,0,103.598,0,0,0,97.172,0,182.959,180.417,0,0,53.741,98.748
-3,5/30/50,0:05,nan,nan,nan,73.999,50.569,0,41.049,60.076,0,138.595,0,0,0,104.819,0,33.954,156.207,0,0,52.737,153.425
-3,5/30/50,0:06,nan,nan,nan,0,0,23.534,0,7.339,0,51.484,0,0,0,162.56,0,0,115.398,0,0,133.637,71.533
-3,5/30/50,0:07,nan,nan,nan,0,75.437,95.28,0,31.74,0,20.554,0,0,0,118.954,0,104.442,147.884,0,0,118.104,0
-3,5/30/50,0:08,nan,nan,nan,0,133.668,46.313,0,59.995,39.042,0,0,0,0,124.726,0,95.841,158.925,0,0,110.933,31.58
-3,5/30/50,0:09,nan,nan,nan,15.023,0,70.278,35.595,1.485,4.655,0,0,0,0,19.248,0,61.005,109.496,0,0,55.546,200.216
-3,5/30/50,0:10,nan,nan,nan,64.403,129.715,0,121.214,0,0,0,0,0,0,199.562,0,40.286,90.523,112.31,0,36.734,146.753
-3,5/30/50,0:11,nan,nan,nan,205.874,146.614,45.856,105.716,0,64.092,0,0,0,0,120.143,0,134.735,112.425,87.299,0,121.224,139.391
-3,5/30/50,0:12,nan,nan,nan,70.55,0,99.922,64.136,56.475,129.871,0,0,0,0,133.286,0,60.257,93.774,99.226,0,135.748,24.321
-3,5/30/50,0:13,nan,nan,nan,79.26,0,160.539,127.853,63.108,45.35,0,0,0,0,96.566,0,198.027,0,97.622,0,161.41,0
-3,5/30/50,0:14,nan,nan,nan,41.263,167.796,45.598,141.108,78.65,0,0,0,0,0,114.473,0,136.638,0,99.268,0,60.555,114.361
-3,5/30/50,0:15,nan,nan,nan,119.8,153.408,51.569,72.812,111.753,0,0,0,55.738,0,13.599,0,121.612,59.411,88.111,0,84.401,0
-3,5/30/50,0:16,nan,nan,nan,0,55.635,99.701,25.686,18.846,0,0,0,122.386,0,0,0,159.75,132.253,12.463,0,80.419,91.224
-3,5/30/50,0:17,nan,nan,nan,0,193.433,69.713,18.223,34.654,0,0,0,56.724,0,0,0,125.809,161.401,70.159,0,41.336,162.397
-3,5/30/50,0:18,nan,nan,nan,0,69.112,0,43.785,117.9,17.108,0,0,57.674,0,0,0,98.901,173.265,161.114,0,78.407,159.404
-3,5/30/50,0:19,nan,nan,nan,0,0,0,53.92,37.019,0,0,0,179.872,0,2.475,0,136.819,90.775,11.605,0,137.484,69.793
-3,5/30/50,0:20,nan,nan,nan,0,0,0,19.156,55.117,0,0,0,0,0,74.266,0,0,187.479,33.865,0,207.485,114.82
-3,5/30/50,0:21,nan,nan,nan,0,0,0,134.23,111.93,0,0,0,0,0,162.844,0,0,153.018,78.485,0,115.015,205.832
-3,5/30/50,0:22,nan,nan,nan,0,0,0,34.912,39.547,0,0,0,0,0,0.56,0,0,192.996,39.08,0,111.028,111.196
-3,5/30/50,0:23,nan,nan,nan,0,0,0,30.934,88.952,61.254,0,0,68.121,0,0,0,0,15.993,54.458,0,74.084,213.146
-3,5/30/50,0:24,nan,nan,nan,0,0,0,43.822,21.176,0,0,0,0,0,172.122,0,81.798,156.686,156.307,0,160.909,136.904
-3,5/30/50,0:25,nan,nan,nan,0,0,0,77.009,53.768,93.671,0,0,0,0,94.163,0,1.202,264.538,61.664,78.73,63.394,35.788
-3,5/30/50,0:26,nan,nan,nan,0,0,0,43.573,48.412,146.722,0,0,0,0,86.931,0,77.408,0,75.486,97.412,0,31.703
-3,5/30/50,0:27,nan,nan,nan,0,2.41,0,24.75,128.027,32.696,0,0,0,0,97.325,0,148.868,14.34,51.294,22.155,0,210.777
-3,5/30/50,0:28,nan,nan,nan,0,168.4,0,156.117,90.294,0,0,0,0,0,43.622,0,67.762,110.944,54.618,64.754,107.716,140.392
-3,5/30/50,0:29,nan,nan,nan,0,68.293,0,157.635,0,0,0,0,0,0,34.733,0,124.53,40.484,65.645,134.495,151.141,109.73
-3,5/30/50,0:30,nan,nan,nan,0,0,0,71.763,0,0,0,0,0,0,0,0,82.173,110.158,147.743,101.161,31.92,92.856
-3,5/30/50,0:31,nan,nan,nan,0,55.466,0,215.362,0,74.483,0,0,0,0,63.558,0,153.343,141.477,75.733,0,0,25.668
-3,5/30/50,0:32,nan,nan,nan,0,61.609,0,42.529,0,0,0,0,0,0,118.034,0,98.551,22.029,73.804,165.198,0,137.68
-3,5/30/50,0:33,nan,nan,nan,0,212.357,0,97.404,0,0,0,0,0,0,42.707,0,94.26,19.437,160.354,126.191,0,139.602
-3,5/30/50,0:34,nan,nan,nan,0,12.389,0,105.445,0,0,0,0,0,0,0,0,0,106.821,0.182,85.375,0,0
-3,5/30/50,0:35,nan,nan,nan,0,17.489,0,116.768,0,0,0,0,0,0,0,0,46.06,239.195,16.822,78.084,0,0
-3,5/30/50,0:36,nan,nan,nan,0,179.669,0,86.446,0,0,0,0,0,0,174.733,0,44.11,207.972,95.782,134.294,0,0
-3,5/30/50,0:37,nan,nan,nan,0,17.48,0,78.488,0,0,0,0,0,0,21.026,0,0,54.34,135.914,52.404,0,0
-3,5/30/50,0:38,nan,nan,nan,0,0,0,54.637,0,65.232,0,0,0,0,54.582,0,0,22.766,80.589,0.641,0,0
-3,5/30/50,0:39,nan,nan,nan,0,108.785,0,0,0,56.259,0,0,0,0,45.001,0,58.656,33.738,0,0,0,0
-3,5/30/50,0:40,nan,nan,nan,0,148.562,0,0.309,0,96.073,0,0,0,0,75.219,0,265.167,0,0,0,0,0
-3,5/30/50,0:41,nan,nan,nan,0,0,0,134.14,0,100.079,0,0,0,0,71.47,0,99.145,72.816,0,0,0,0
-3,5/30/50,0:42,nan,nan,nan,0,0,0,111.919,0,185.482,0,0,0,0,87.362,0,32.961,167.696,106.847,104.186,0,0
-3,5/30/50,0:43,nan,nan,nan,0,0,0,9.207,0,222.713,0,0,0,0,118.969,0,125.305,33.9,41.745,144.705,0,0
-3,5/30/50,0:44,nan,nan,nan,0,16.645,0,70.839,0,234.391,0,0,0,0,31.531,0,210.286,0,7.676,116.985,0,0
-3,5/30/50,0:45,nan,nan,nan,0,37.49,0,92.616,0,291.042,0,0,0,0,127.452,0,0,0,77.687,0,0,0
-3,5/30/50,0:46,nan,nan,nan,0,148.033,0,65.038,0,191.513,0,0,0,0,10.81,0,17.096,0,134.833,0,0,0
-3,5/30/50,0:47,nan,nan,nan,0,174.793,0,123.011,0,0,0,0,0,0,62.373,0,212.971,0,104.548,0,0,0
-3,5/30/50,0:48,nan,nan,nan,0,140.338,0,33.223,0,47.689,0,0,0,0,96.864,0,217.54,0,55.838,53.888,0,0
-3,5/30/50,0:49,nan,nan,nan,0,64.4,0,55.43,0,141.921,0,0,0,0,134.594,0,60.206,0,116.042,92.602,0,0
-3,5/30/50,0:50,nan,nan,nan,0,0,0,36.717,0,259.473,0,156.058,0,0,64.587,0,0,0,117.378,98.183,0,0
-3,5/30/50,0:51,nan,nan,nan,0,0,0,45.797,0,96.24,0,70.256,0,0,0,0,0,0,75.112,65.798,0,0
-3,5/30/50,0:52,nan,nan,nan,0,0,0,8.467,0,19.957,0,111.307,0,0,0,0,0,0,126.122,59.523,47.459,0
-3,5/30/50,0:53,nan,nan,nan,0,0,0,36.04,0,61.285,0,45.133,0,0,0,0,0,0,14.646,14.895,122.679,0
-3,5/30/50,0:54,nan,nan,nan,0,0,0,42.792,0,106.019,0,140.758,0,0,0,0,0,0,40.027,10.603,103.295,0
-3,5/30/50,0:55,nan,nan,nan,0,0,0,147.688,0,0,0,162.007,0,0,0,0,0,0,11.942,7.989,118.213,3.626
-3,5/30/50,0:56,nan,nan,nan,0,0,0,129.48,0,0,0,74.505,0,0,0,0,0,0,23.148,52.921,123.131,82.788
-3,5/30/50,0:57,nan,nan,nan,0,0,0,53.1,0,0,0,80.922,0,0,0,0,28.432,0,11.391,58.644,117.111,150.64
-3,5/30/50,0:58,nan,nan,nan,0,0,0,41.731,0,0,0,21.91,0,0,0,0,0,0,74.939,0,46.816,209.213
-3,5/30/50,0:59,nan,nan,nan,0,0,0,114.814,0,0,0,0,0,0,0,0,116.817,0,115.884,58.757,184.476,106.946
-3,5/30/50,1:00,nan,nan,nan,0,0,0,87.464,0,31.678,0,0,0,0,0,0,15.366,0,81.825,71.321,76.397,0
-3,5/30/50,1:01,nan,nan,nan,0,0,0,90.839,0,87.475,0,40.33,0,0,0,0,62.754,0,5.896,57.676,121.127,79.911
-3,5/30/50,1:02,nan,nan,nan,0,0,0,112.826,0,217.629,0,121.731,0,0,0,0,0,0,4.076,84.089,53.869,105.113
-3,5/30/50,1:03,nan,nan,nan,0,0,0,36.131,0,223.674,0,0,0,0,0,0,0,0,0,98.826,64.016,208.339
-3,5/30/50,1:04,nan,nan,nan,0,0,0,29.766,0,0,0,7.361,0,0,0,0,0,0,30.105,96.905,128.999,107.137
-3,5/30/50,1:05,nan,nan,nan,0,0,0,49.765,0,15.141,0,89.018,28.66,0,0,0,0,0,63.508,66.198,110.421,203.345
-3,5/30/50,1:06,nan,nan,nan,0,0,0,92.342,0,0,0,29.828,128.815,0,0,0,0,0,119.18,0,66.689,0
-3,5/30/50,1:07,nan,nan,nan,0,0,0,105.469,0,0,0,105.63,124.258,0,0,0,0,0,98.806,0,88.765,0
-3,5/30/50,1:08,nan,nan,nan,0,0,0,137.751,30.38,45.047,0,99.565,119.918,0,0,0,0,0,170.04,0,81.969,0
-3,5/30/50,1:09,nan,nan,nan,0,0,0,145.729,80.391,81.473,0,135.434,111.752,0,70.387,0,0,0,44.878,0,83.009,0
-3,5/30/50,1:10,nan,nan,nan,0,0,0,116.758,122.781,80.582,0,77.596,111.078,0,125.592,0,0,0,63.753,0,89.907,0
-3,5/30/50,1:11,nan,nan,nan,0,0,0,110.299,47.38,68.487,0,77.705,173.98,0,91.199,0,0,0,90.481,0,103.098,0
-3,5/30/50,1:12,nan,nan,nan,0,0,0,61.455,0.948,159.072,0,96.321,92.297,0,64.569,0,0,0,79.488,0,160.503,0
-3,5/30/50,1:13,nan,nan,nan,0,0,0,0,0,87.706,0,52.025,73.866,0,35.735,0,0,0,71.858,0,65.68,0
-3,5/30/50,1:14,nan,nan,nan,0,0,0,8.076,95.323,11.476,0,65.072,52.581,0,0,0,0,0,106.613,0,115.873,0
-3,5/30/50,1:15,nan,nan,nan,0,0,0,105.366,118.007,0,0,176.289,88.186,0,0,0,0,0,78.98,0,51.141,0
-3,5/30/50,1:16,nan,nan,nan,0,0,0,6.257,102.917,0,0,190.764,0,0,0,0,0,0,14.364,0,0,0
-3,5/30/50,1:17,nan,nan,nan,0,0,0,0,58.376,0,0,135.188,0,48.222,0,0,0,0,15.146,0,0,0
-3,5/30/50,1:18,nan,nan,nan,0,0,0,0,74.553,0,0,0,0,111.743,0,0,0,0,115.719,0,0,0
-3,5/30/50,1:19,nan,nan,nan,0,0,0,0,0,0,0,0,0,146.974,0,0,0,0,116.703,0,0,0
-3,5/30/50,1:20,nan,nan,nan,0,0,0,0,0,0,0,26.344,113.025,50.759,0,0,0,0,129.502,0,0,0
-3,5/30/50,1:21,nan,nan,nan,0,0,0,0,63.84,0,0,47.59,0,68.427,0,55.778,0,0,0,0,0,0
-3,5/30/50,1:22,nan,nan,nan,0,0,0,0,112.3,0,0,39.201,0,182.607,0,0,0,0,0,0,0,0
-3,5/30/50,1:23,nan,nan,nan,0,0,0,0,0,0,0,0,0,124.673,0,0,0,0,0,0,0,0
-3,5/30/50,1:24,nan,nan,nan,0,0,0,0,0,0,0,90.604,147.374,130.551,0,0,0,0,1.703,0,0,0
-3,5/30/50,1:25,nan,nan,nan,0,0,0,0,54.054,0,28.931,97.954,32.064,160.198,0,0,0,0,24.772,0,0,0
-3,5/30/50,1:26,nan,nan,nan,0,0,0,0,74.828,0,51.857,75.547,156.353,78.842,0,0,0,0,14.204,0,0,0
-3,5/30/50,1:27,nan,nan,nan,0,0,0,0,96.141,0,76.603,0,91.631,121.264,0,0,0,0,122.133,0,0,0
-3,5/30/50,1:28,nan,nan,nan,0,0,0,0,56.928,0,16.422,120.707,3.633,164.819,0,0,0,0,125.387,0,0,0
-3,5/30/50,1:29,nan,nan,nan,0,0,93.121,0,25.384,0,13.574,95.294,109.697,191.047,0,0,0,0,78.949,0,0,0
-3,5/30/50,1:30,nan,nan,nan,0,0,141.405,0,0,0,14.083,12.232,166.764,141.483,0,0,0,0,229.701,0,0,0
-3,5/30/50,1:31,nan,nan,nan,31.047,0,164.425,0,0,0,11.826,34.318,72.875,175.7,0,0,0,0,54.755,0,0,0
-3,5/30/50,1:32,nan,nan,nan,13.034,0,160.787,0,0,0,11.439,0,68.935,106.143,0,0,0,0,169.834,0,0,0
-3,5/30/50,1:33,nan,nan,nan,0,0,46.417,0,0,0,9.26,0,102.251,24.702,0,0,0,0,88.292,0,0,0
-3,5/30/50,1:34,nan,nan,nan,0,0,127.509,0,0,0,11.798,0,0,104.203,0,0,0,0,102.081,0,0,0
-3,5/30/50,1:35,nan,nan,nan,0,0,77.323,0,0,0,39.659,0,0,0,0,0,0,0,0,0,0,0
-3,5/30/50,1:36,nan,nan,nan,0,0,0,0,0,0,35.44,0,0,48.443,0,0,0,0,0,0,0,0
-3,5/30/50,1:37,nan,nan,nan,0,0,0,0,0,0,15.706,0,0,72.091,0,0,0,0,0,0,0,0
-3,5/30/50,1:38,nan,nan,nan,0,0,0,0,0,0,19.309,0,0,76.477,0,120.898,0,0,0,0,0,0
-3,5/30/50,1:39,nan,nan,nan,0,0,0,0,0,0,91.439,0,0,0,18.522,213.637,0,0,0,0,0,0
-3,5/30/50,1:40,nan,nan,nan,0,0,137.283,0,0,0,93.944,0,0,0,95.486,151.006,0,0,0,0,0,0
-3,5/30/50,1:41,nan,nan,nan,0,1.416,163.307,0,0,0,14.183,0,0,0,87.009,68.268,0,0,0,0,0,0
-3,5/30/50,1:42,nan,nan,nan,0,144.611,99.628,0,0,0,58.451,0,0,41.42,142.485,214.091,0,0,0,0,0,0
-3,5/30/50,1:43,nan,nan,nan,0,203.983,97.722,0,0,0,132.625,0,0,69.5,35.003,41.01,0,0,0,0,0,0
-3,5/30/50,1:44,nan,nan,nan,0,111.849,160.332,0,0,0,89.126,0,0,126.271,19.589,0,0,0,0,0,0,0
-3,5/30/50,1:45,nan,nan,nan,0,65.907,128.036,0,0,0,38.511,0,0,4.871,0,108.154,0,0,0,0,0,0
-3,5/30/50,1:46,nan,nan,nan,0,0,84.991,0,0,0,29.903,0,0,0.012,116.054,79.569,0,0,0,0,0,0
-3,5/30/50,1:47,nan,nan,nan,0,0,108.244,0,0,0,87.486,0,0,23.028,24.844,78.356,0,0,0,0,0,0
-3,5/30/50,1:48,nan,nan,nan,0,0,0,0,0,0,0,0,0,0,15.5,81.336,0,0,0,0,0,0
-3,5/30/50,1:49,nan,nan,nan,86.936,0,8.807,0,0,0,0,0,0,0,112.161,0,0,0,0,0,0,0
-3,5/30/50,1:50,nan,nan,nan,305.894,0,0,0,0,0,0,0,0,0,0,0,0,0,0,0,0,0
-3,5/30/50,1:51,nan,nan,nan,123.501,24.816,0,0,0,0,0,0,0,0,18.573,0,0,0,0,0,0,0
-3,5/30/50,1:52,nan,nan,nan,49.637,124.001,54.186,0,0,0,0,0,0,101.3,0,0,0,156.811,0,0,0,0
-3,5/30/50,1:53,nan,nan,nan,139.553,156.831,96.287,0,0,0,0,0,0,191.1,0,134.916,0,0,0,0,0,0
-3,5/30/50,1:54,nan,nan,nan,0,68.166,30.138,0,0,0,0,0,0,61.589,42.92,121.685,0,0,0,0,0,0
-3,5/30/50,1:55,nan,nan,nan,0,0,0,0,0,0,78.19,0,0,139.939,47.683,134.871,0,0,0,26.364,0,0
-3,5/30/50,1:56,nan,nan,nan,0,0,0,0,0,7.242,128.118,0,0,114.869,22.858,157.66,0,0,0,188.048,0,0
-3,5/30/50,1:57,nan,nan,nan,0,0,19.661,0,0,0,36.096,0,0,138.16,99.484,28.423,0,64.965,0,15.568,0,0
-3,5/30/50,1:58,nan,nan,nan,0,103.239,83.526,0,0,0,25.791,0,0,119.01,90.415,4.547,0,139.971,0,32.928,0,0
-3,5/30/50,1:59,nan,nan,nan,89.809,139.175,167.719,0,0,0,13.882,0,0,75.035,162.799,0,0,73.237,0,61.723,0,0
-3,5/30/50,2:00,nan,nan,nan,292.256,113.706,114.704,0,0,0,4.161,0,0,26.319,83.742,0,0,192.82,0,117.336,0,0
-3,5/30/50,2:01,nan,nan,nan,185.816,45.091,76.38,0,0,0,57.151,0,0,0,100.095,0,0,54.225,0,152.102,0,0
-3,5/30/50,2:02,nan,nan,nan,0,157.087,127.797,0,0,0,56.977,0,0,0,70.909,90.314,0,185.745,0,0,0,0
-3,5/30/50,2:03,nan,nan,nan,0,147.607,90.734,0,0,0,0,0,0,0,70.229,113.049,0,187.768,0,51.876,0,0
-3,5/30/50,2:04,nan,nan,nan,0,206.598,69.791,0,0,0,0,0,0,0,117.277,160.364,0,150.22,0,109.607,0,0
-3,5/30/50,2:05,nan,nan,nan,0,138.735,42.624,0,0,0,0,0,0,0,118.112,68.345,0,168.232,0,114.546,0,0
-3,5/30/50,2:06,nan,nan,nan,0,102.748,75.947,0,0,0,0,0,0,0,144.099,57.452,0,105.34,0,123.725,0,0
-3,5/30/50,2:07,nan,nan,nan,0,190.024,0,0,0,0,0,0,0,0,116.541,75.989,0,0,0,77.043,0,0
-3,5/30/50,2:08,nan,nan,nan,176.346,101.876,0,0,0,0,0,0,0,0,78.526,101.65,0,1.1,0,127.872,0,0
-3,5/30/50,2:09,nan,nan,nan,236.862,0,0,0,0,0,0,0,0,0,0,127.47,0,0,0,0,0,0
-3,5/30/50,2:10,nan,nan,nan,57.72,0,0,0,0,0,0,0,0,0,21.099,29.935,0,0,0,5.898,0,0
-3,5/30/50,2:11,nan,nan,nan,110.02,125.363,0,0,0,0,0,0,0,0,134.854,90.684,0,0,0,0,0,0
-3,5/30/50,2:12,nan,nan,nan,107.016,126.94,0,0,0,0,0,0,0,0,91.459,106.476,0,146.027,0,3.726,159.544,0
-3,5/30/50,2:13,nan,nan,nan,182.736,145.525,0,0,0,0,0,0,0,0,71.762,139.153,44.33,259.957,0,23.501,75.672,0
-3,5/30/50,2:14,nan,nan,nan,192.034,166.246,0,0,0,0,0,0,0,0,26.733,131.839,146.222,239.785,0,169.597,86.194,0
-3,5/30/50,2:15,nan,nan,nan,209.998,152.33,0,0,0,0,0,0,0,0,0,130.094,163.148,148.169,0,113.723,128.209,0
-3,5/30/50,2:16,nan,nan,nan,256.44,83.119,0,0,0,0,0,0,0,0,48.268,163.734,38.9,108.152,0,60.866,0,0
-3,5/30/50,2:17,nan,nan,nan,63.091,105.79,0,29.994,0,0,0,53.499,0,0,122.321,0,0,191.816,0,48.584,45.714,0
-3,5/30/50,2:18,nan,nan,nan,0,0,0,144.041,0,0,0,110.833,0,0,167.222,31.812,11.989,158.079,0,128.38,9.76,0
-3,5/30/50,2:19,nan,nan,nan,87.494,34.008,0,134.152,0,0,0,117.75,0,0,5.247,48.403,75.658,185.731,0,0,0,0
-3,5/30/50,2:20,nan,nan,nan,58.368,128.714,0,90.236,0,0,0,66.693,0,0,130.589,111.624,0,64.474,0,0,160.945,0
-3,5/30/50,2:21,nan,nan,nan,112.286,0,0,103.399,0,0,0,0,0,0,23.823,70.778,0,56.568,0,68.241,86.307,28.543
-3,5/30/50,2:22,nan,nan,nan,70.488,0,0,0,0,0,0,0,0,0,1.487,13.763,0,83.319,0,0,10.968,230.988
-3,5/30/50,2:23,nan,nan,nan,133.068,0,0,0,0,0,0,42.233,0,0,93.032,29.924,0,73.462,0,0,0,167.793
-3,5/30/50,2:24,nan,nan,nan,0,0,0,25.191,0,0,0,94.165,0,0,80.42,203.612,0,128.124,0,0,0,158.958
-3,5/30/50,2:25,nan,nan,nan,95.243,0,0,24.307,0,0,0,0,0,0,83.519,50.517,219.6,202.923,0,0,0,206.812
-3,5/30/50,2:26,nan,nan,nan,270.254,0,0,117.883,0,0,0,0,0,0,146.275,138.841,230.23,103.336,0,0,0,158.149
-3,5/30/50,2:27,nan,nan,nan,85.862,0,0,71.1,0,0,0,0,0,0,189.704,113.67,172.282,0,0,0,0,87
-3,5/30/50,2:28,nan,nan,nan,42.547,0,0,135.169,63.831,0,0,0,0,0,126.965,72.788,61.787,0,0,0,0,0
-3,5/30/50,2:29,nan,nan,nan,189.658,0,0,117.131,110.901,0,0,0,0,0,13.066,108.169,45.019,138.509,0,0,0,58.603
-3,5/30/50,2:30,nan,nan,nan,49.802,0,0,117.423,67.686,0,0,0,0,0,100.571,81.707,143.355,87.052,14.352,0,0,155.249
-3,5/30/50,2:31,nan,nan,nan,122.256,0,0,29.51,95.432,0,0,0,0,0,103.294,35.121,144.535,123.153,176.025,0,0,127.321
-3,5/30/50,2:32,nan,nan,nan,21.321,0,0,104.943,122.233,0,0,0,0,0,47.184,25.3,234.743,50.694,0,0,0,43.413
-3,5/30/50,2:33,nan,nan,nan,78.081,0,0,79.036,22.991,0,0,0,0,0,88.401,0,204.543,128.149,136.102,0,0,15.759
-3,5/30/50,2:34,nan,nan,nan,37.671,0,0,98.848,24.208,0,0,0,0,0,44.048,0,103.096,38.2,102.869,0,0,202.363
-3,5/30/50,2:35,nan,nan,nan,7.849,0,0,100.145,63.545,0,0,0,0,0,35.272,16.615,83.131,38.087,38.082,0,0,46.324
-3,5/30/50,2:36,nan,nan,nan,0,0,0,166.088,40.589,0,0,0,0,0,118.208,121.182,34.933,49.174,25.473,0,0,0
-3,5/30/50,2:37,nan,nan,nan,114.88,0,0,114.421,18.786,0,0,0,0,0,124.595,25.038,123.815,49.667,0,0,0,0
-3,5/30/50,2:38,nan,nan,nan,0,0,0,103.669,142.644,0,0,0,49.485,0,0,0,150.435,0,0,0,0,0
-3,5/30/50,2:39,nan,nan,nan,0,0,0,37.364,30.109,0,0,0,117.782,0,0,0,153.54,0,0,0,0,101.044
-3,5/30/50,2:40,nan,nan,nan,0,0,0,0,12.876,0,0,0,101.812,0,0,0,123.048,0,0,0,0,191.036
-3,5/30/50,2:41,nan,nan,nan,0,0,0,0,142.362,0,0,0,2.372,0,160.343,0,0,0,58.704,0,0,181.541
-3,5/30/50,2:42,nan,nan,nan,0,0,0,0,11.207,0,0,0,90.628,0,142.744,0,40.664,0,55.57,0,0,93.691
-3,5/30/50,2:43,nan,nan,nan,0,46.933,0,13.867,14.982,0,0,0,29.418,0,88.159,0,74.749,0,71.182,0,0,52.322
-3,5/30/50,2:44,nan,nan,nan,0,153.102,0,20.085,75.42,0,0,0,0,0,25.229,0,187.487,0,0,0,0,38.109
-3,5/30/50,2:45,nan,nan,nan,0,0,0,31.977,26.997,0,0,0,69.04,0,60.533,0,59.538,0,0,0,0,110.463
-3,5/30/50,2:46,nan,nan,nan,0,0,0,32.347,26.294,0,0,0,134.23,0,151.138,0,34.599,0,0,0,0,177.824
-3,5/30/50,2:47,nan,nan,nan,0,0,0,170.289,21.387,0,0,0,25.882,0,18.752,0,205.097,0,0,0,0,128.878
-3,5/30/50,2:48,nan,nan,nan,0,0,0,175.099,24.025,0,0,0,0,0,110.624,0,69.067,0,0,0,0,38.435
-3,5/30/50,2:49,nan,nan,nan,0,0,0,124.209,19.053,0,0,0,0,0,0,0,0,0,0,0,0,228.386
-3,5/30/50,2:50,nan,nan,nan,0,0,0,121.145,57.355,0,0,0,0,0,0,0,0,0,0,0,0,0
-3,5/30/50,2:51,nan,nan,nan,0,0,0,137.408,184.472,0,0,0,89.14,0,0,0,0,0,0,0,0,47.938
-3,5/30/50,2:52,nan,nan,nan,0,0,0,78.053,63.531,0,0,0,43.652,0,0,0,0,0,0,0,0,44.49
-3,5/30/50,2:53,nan,nan,nan,0,0,0,6.401,95.903,0,0,0,128.825,0,0,0,34.741,0,0,0,0,139.465
-3,5/30/50,2:54,nan,nan,nan,0,0,0,21.078,0,0,0,0,41.706,0,0,0,202.026,0,0,0,0,138.975
-3,5/30/50,2:55,nan,nan,nan,0,0,0,123.739,0,0,0,0,96.089,0,0,0,137.573,0,0,0,0,156.68
-3,5/30/50,2:56,nan,nan,nan,0,0,0,121.714,0.758,0,0,0,0,0,0,0,0,0,0,0,0,131.659
-3,5/30/50,2:57,nan,nan,nan,0,0,0,0,78.112,0,0,0,0,0,0,0,0,0,0,0,0,146.897
-3,5/30/50,2:58,nan,nan,nan,0,0,0,0,138.992,0,0,0,0,0,0,0,19.298,0,0,0,0,172.59
-3,5/30/50,2:59,nan,nan,nan,0,0,0,0,17.003,0,0,0,0,0,0,0,204.597,0,0,0,0,171.914
-3,5/30/50,3:00,nan,nan,nan,0,0,0,0,0,0,0,0,81.923,0,0,0,294.335,0,0,0,0,0
-3,5/30/50,3:01,nan,nan,nan,0,0,0,0,0,0,0,0,40.142,0,0,0,48.513,0,0,0,0,66.927
-3,5/30/50,3:02,nan,nan,nan,0,0,0,0,0,0,0,0,83.211,0,0,0,0,0,0,0,0,44.986
-3,5/30/50,3:03,nan,nan,nan,0,0,0,0,33.594,0,0,0,48.569,0,0,0,0,0,0,29.822,0,160.202
-3,5/30/50,3:04,nan,nan,nan,0,0,0,0,78.604,0,0,67.706,148.783,0,0,0,0,0,0,101.543,0,121.395
-3,5/30/50,3:05,nan,nan,nan,0,0,0,0,15.77,0,0,79.949,0,0,0,0,0,0,0,77.059,0,388.472
-3,5/30/50,3:06,nan,nan,nan,0,0,0,0,18.299,0,0,54.227,84.383,0,0,0,0,0,0,0,0,418.079
-3,5/30/50,3:07,nan,nan,nan,0,0,0,0,30.156,0,0,104.145,89.467,0,130.837,0,0,0,0,68.913,0,155.629
-3,5/30/50,3:08,nan,nan,nan,0,0,0,0,41.589,0,0,0,38.138,0,33.291,0,0,0,0,133.858,6.12,55.602
-3,5/30/50,3:09,nan,nan,nan,0,0,0,0,19.391,0,0,0,29.944,0,0,0,0,0,0,126.785,112.051,97.286
-3,5/30/50,3:10,nan,nan,nan,0,0,0,0,134.445,0,0,0,15.994,0,0,0,0,0,0,27.226,108.2,66.736
-3,5/30/50,3:11,nan,nan,nan,0,0,0,0,65.436,0,0,0,147.284,0,0,0,0,0,0,0,147.962,0
-3,5/30/50,3:12,nan,nan,nan,0,0,0,0,64.217,0,29.087,0,115.69,0,0,0,0,0,0,19.514,111.073,0
-3,5/30/50,3:13,nan,nan,nan,0,0,0,0,148.196,0,16.657,0,0.441,0,0,0,0,0,0,71.2,33.603,0
-3,5/30/50,3:14,nan,nan,nan,0,0,0,0,90.851,39.698,10.063,0,169.093,0,0,0,0,0,0,121.351,112.151,0
-3,5/30/50,3:15,nan,nan,nan,0,0,0,0,7.359,94.994,11.198,0,61.814,111.443,0,0,0,0,0,0,0,0
-3,5/30/50,3:16,nan,nan,nan,0,0,0,0,0,89.11,9.495,0,88.277,193.459,0,0,0,0,0,0,0,0
-3,5/30/50,3:17,nan,nan,nan,0,0,0,0,81.217,165.853,13.207,0,68.925,20.814,0,0,0,0,0,0,0,0
-3,5/30/50,3:18,nan,nan,nan,0,0,0,0,1.771,193.09,40.305,57.577,118.534,43.508,0,0,0,0,0,0,0,0
-3,5/30/50,3:19,nan,nan,nan,0,0,0,0,0,3.709,78.463,24.818,128.89,33.924,0,0,0,0,0,31.082,65.856,0
-3,5/30/50,3:20,nan,nan,nan,0,0,0,0,0,0,0,86.799,33.829,55.588,0,0,0,0,0,114.539,156.084,0
-3,5/30/50,3:21,nan,nan,nan,0,0,0,0,0,0,55.944,11.861,0,76.609,0,0,0,0,0,44.39,14.938,0
-3,5/30/50,3:22,nan,nan,nan,0,0,0,0,34.468,0,99.703,90.402,0,0,0,0,0,0,0,34.663,143.326,0
-3,5/30/50,3:23,nan,nan,nan,0,0,0,0,117.092,18.577,13.311,0,0,36.543,0,0,0,0,0,0,11.364,0
-3,5/30/50,3:24,nan,nan,nan,0,0,0,0,43.018,21.851,53.21,5.173,0.095,0,0,0,0,0,34.343,0,0,0
-3,5/30/50,3:25,nan,nan,nan,0,0,0,0,29.563,0,0,34.541,60.313,0,0,0,0,0,135.658,0,9.731,0
-3,5/30/50,3:26,nan,nan,nan,0,0,19.324,0,0,15.656,0,15.327,24.989,83.799,0,0,0,0,98.241,0,69.221,0
-3,5/30/50,3:27,nan,nan,nan,0,0,3.049,0,60.471,58.498,0,62.606,9.226,188.054,0,0,0,0,110.793,64.154,0,0
-3,5/30/50,3:28,nan,nan,nan,0,0,0,0,0,14.961,0,100.624,17.826,86.456,0,0,0,0,0,0,0,0
-3,5/30/50,3:29,nan,nan,nan,0,0,150.947,0,23.115,0,0,140.116,28.988,81.572,0,0,0,0,8.029,0,0,0
-3,5/30/50,3:30,nan,nan,nan,0,0,89.956,0,110.702,0,0,26.776,129.639,0,0,0,0,0,0,0,0,0
-3,5/30/50,3:31,nan,nan,nan,0,0,0,0,64.7,0,33.537,0,95.917,0,0,4.293,0,0,0,0,0,0
-3,5/30/50,3:32,nan,nan,nan,0,0,17.439,0,30.192,4.035,37.77,0,64.397,0,0,150.664,0,0,6.353,0,0,0
-3,5/30/50,3:33,nan,nan,nan,0,0,0,0,0,93.985,10.001,0,0.257,0,0,17.703,0,0,0,0,0,0
-3,5/30/50,3:34,nan,nan,nan,29.177,0,0,0,16.339,51.571,6.603,0,37.48,123.519,0,30.085,0,0,0,0,0,0
-3,5/30/50,3:35,nan,nan,nan,24.628,0,0,0,0,20.34,11.591,0,109.043,165.365,0,0,0,0,84.133,0,0,0
-3,5/30/50,3:36,nan,nan,nan,0,0,0,0,17.859,55.544,9.208,0,139.767,108.962,0,29.226,0,0,136.916,0,0,0
-3,5/30/50,3:37,nan,nan,nan,0,0,0,0,49.539,83.658,96.946,62.545,141.684,69.937,0,116.323,0,0,100.664,0,0,0
-3,5/30/50,3:38,nan,nan,nan,0,0,0,0,22.69,61.655,152.733,127.597,15.228,0,0,110.603,0,0,102.745,0,0,0
-3,5/30/50,3:39,nan,nan,nan,0,0,44.048,0,56.608,0,87.975,110.895,0,33.691,0,74.973,0,0,92.88,0,0,0
-3,5/30/50,3:40,nan,nan,nan,0,0,209.339,0,122.392,0,2.838,16.456,0,73.698,0,89.217,0,0,23.798,0,0,0
-3,5/30/50,3:41,nan,nan,nan,0,34.542,93.291,0,82.844,0,0,84.841,0,10.452,0,177.775,0,0,74.234,0,0,0
-3,5/30/50,3:42,nan,nan,nan,0,158.66,12.055,0,0,0,43.778,86.782,0,134.71,0,130.89,0,0,100.904,0,0,0
-3,5/30/50,3:43,nan,nan,nan,0,268.767,0,0,0,0,0,126.068,0,180.609,0,69.207,0,0,0,0,0,0
-3,5/30/50,3:44,nan,nan,nan,0,218.351,72.271,0,0,48.943,0,14.659,70.439,161.934,0,0,0,0,0,0,0,0
-3,5/30/50,3:45,nan,nan,nan,0,164,1.31,0,0,132.648,0,17.907,49.919,154.246,0,0,0,0,0,0,0,0
-3,5/30/50,3:46,nan,nan,nan,0,93.917,0,0,0,120.588,103.199,144.727,0,148.109,0,0,0,0,0,0,110.589,0
-3,5/30/50,3:47,nan,nan,nan,0,142.014,0,0,0,18.412,72.821,20.233,0,173.769,0,0,0,0,0,0,100.206,0
-3,5/30/50,3:48,nan,nan,nan,0,103.369,5.676,0,0,0,21.627,0,0,84.956,0,0,0,0,0,0,102.534,0
-3,5/30/50,3:49,nan,nan,nan,0,250.816,104.387,0,0,0,42.567,0,0,0,0,0,0,0,0,0,90.328,0
-3,5/30/50,3:50,nan,nan,nan,0,95.81,90.839,0,0,27.271,93.966,0,0,14.896,0,0,0,0,0,0,93.81,0
-3,5/30/50,3:51,nan,nan,nan,182.671,6.665,36.722,0,0,49.339,40.412,0,0,12.249,0,0,0,0,0,0,89.249,0
-3,5/30/50,3:52,nan,nan,nan,83.642,36.194,86.397,0,0,0,47.937,0,0,188.387,0,0,0,0,0,0,130.857,0
-3,5/30/50,3:53,nan,nan,nan,78.242,112.607,96.101,0,0,44.4,28.753,0,0,162.624,0,0,0,0,0,0,80.2,0
-3,5/30/50,3:54,nan,nan,nan,125.2,0,118.271,0,0,140.529,36.708,0,0,34.567,0,22.726,0,0,0,0,110.525,0
-3,5/30/50,3:55,nan,nan,nan,246.594,199.675,88.583,0,0,0,0,0,0,0,0,0,0,0,0,0,97.215,0
-3,5/30/50,3:56,nan,nan,nan,79.092,201.275,0,0,0,0,0,0,0,0,0,46.867,0,0,0,0,22.266,0
-3,5/30/50,3:57,nan,nan,nan,0,262.262,0,0,0,16.649,146.527,0,0,0,0,152.184,0,0,0,0,0,0
-3,5/30/50,3:58,nan,nan,nan,0,80.204,0,0,0,0,29.288,0,0,0,0,11.577,0,0,0,0,0,75.158
-3,5/30/50,3:59,nan,nan,nan,65.501,212.102,0,0,0,0,43.064,0,0,0,0,0,0,0,0,0,39.718,301.604
-3,5/30/50,4:00,nan,nan,nan,0,39.714,0,0,0,0,145.582,0,0,0,0,0,0,0,0,0,0,129.49
-3,5/30/50,4:01,nan,nan,nan,78.484,35.367,0,12.517,0,0,49.147,0,0,0,0,38.153,0,0,0,0,0,113.649
-3,5/30/50,4:02,nan,nan,nan,165.028,131.188,0,28.015,0,0,0,0,0,0,0,143.166,59.778,0,0,0,0,127.336
-3,5/30/50,4:03,nan,nan,nan,42.128,129.778,0,34.658,0,0,0,0,0,0,0,122.611,195.851,0,0,0,0,183.205
-3,5/30/50,4:04,nan,nan,nan,123.252,21.79,0,59.167,0,0,0,0,0,0,0,91.843,190.393,0,0,0,0,159.809
-3,5/30/50,4:05,nan,nan,nan,2.411,138.485,0,153.336,0,0,0,0,0,0,0,89.708,92.33,0,0,0,0,144.003
-3,5/30/50,4:06,nan,nan,nan,0,79.036,0,134.57,0,0,0,0,0,0,0,200.588,240.86,0,0,0,0,206.07
-3,5/30/50,4:07,nan,nan,nan,0,0,0,108.65,0,0,0,0,0,0,0,69.988,134.704,0,0,0,0,61.66
-3,5/30/50,4:08,nan,nan,nan,155.073,0,0,77.984,0,0,0,0,0,0,0,17.166,30.351,26.479,0,0,0,101.282
-3,5/30/50,4:09,nan,nan,nan,80.989,220.394,0,27.452,0,0,0,0,0,0,0,57.342,0,67.904,0,0,0,202.896
-3,5/30/50,4:10,nan,nan,nan,24.716,178.793,0,102.481,0,0,0,0,0,0,0,0,70.177,84.832,0,0,0,6.299
-3,5/30/50,4:11,nan,nan,nan,25.01,148.865,0,15.531,0,0,0,0,0,0,0,0,98.355,0,0,0,0,0
-3,5/30/50,4:12,nan,nan,nan,4.681,130.668,0,20.548,0,0,0,0,0,0,0,0,153.552,0,0,0,0,0
-3,5/30/50,4:13,nan,nan,nan,128.947,15.396,0,25.848,0,0,0,0,0,0,0,0,82.79,0,0,49.455,0,60.397
-3,5/30/50,4:14,nan,nan,nan,72.399,0,0,111.067,0,0,0,0,0,0,0,0,174.138,0,60.469,100.612,0,86.627
-3,5/30/50,4:15,nan,nan,nan,104.639,11.384,0,110.665,0,0,0,0,0,0,0,0,0.633,0,200.883,38.84,0,160.169
-3,5/30/50,4:16,nan,nan,nan,130.078,218.318,0,0,0,0,0,174.182,0,0,0,0,0.205,0,74.793,74.704,0,108.511
-3,5/30/50,4:17,nan,nan,nan,105.348,38.772,0,8.977,0,0,0,39.775,0,0,171.201,0,0,80.386,133.611,26.314,0,28.83
-3,5/30/50,4:18,nan,nan,nan,81.175,15.614,0,98.334,0,0,0,97.263,0,0,155.152,0,74.014,190.887,181.7,129.608,0,92.586
-3,5/30/50,4:19,nan,nan,nan,0,159.487,0,80.591,0,0,0,129.804,0,0,111.205,0,0,176.196,63.607,47.483,0,94.918
-3,5/30/50,4:20,nan,nan,nan,107.712,199.386,0,33.172,0,0,0,0,0,0,109.099,0,127.887,95.027,59.132,146.713,0,191.041
-3,5/30/50,4:21,nan,nan,nan,69.19,95.086,0,0,0,0,0,0,0,0,9.739,0,154.442,37.901,0.169,97.569,0,122.754
-3,5/30/50,4:22,nan,nan,nan,82.984,128.986,0,45.469,0,0,0,0,0,0,0,0,184.746,97.206,0,0,0,192.761
-3,5/30/50,4:23,nan,nan,nan,0,144.091,0,60.423,0,0,0,49.127,0,0,0,0,88.765,0,0,0,0,0
-3,5/30/50,4:24,nan,nan,nan,0,0,0,22.292,0,0,0,0,0,0,0,0,132.792,0,0.823,0,0,0
-3,5/30/50,4:25,nan,nan,nan,0,0,0,104.36,0,0,0,0,0,0,0,0,225.578,0,111.612,0,0,0
-3,5/30/50,4:26,nan,nan,nan,0,0,0,128.795,0,0,0,0,0,0,165.245,0,207.634,0,111.205,0,0,0
-3,5/30/50,4:27,nan,nan,nan,61.029,0,0,191.39,0,0,0,0,0,0,45.202,0,234.423,185.155,5.332,3.626,0,25.754
-3,5/30/50,4:28,nan,nan,nan,70.682,0,0,208.131,0,0,0,0,0,0,49.783,0,130.035,208.091,0,83.484,0,115.699
-3,5/30/50,4:29,nan,nan,nan,0,0,0,177.338,0,0,0,0,58.405,0,141.958,0,178.513,92.353,0,59.658,0,156.041
-3,5/30/50,4:30,nan,nan,nan,0,0,0,98.414,0,0,0,0,131.259,0,0,0,133.389,107.656,0,69.231,0,49.908
-3,5/30/50,4:31,nan,nan,nan,0,0,0,123.859,0,0,0,0,119.204,0,174.112,0,125.994,16.593,51.936,74.845,0,56.258
-3,5/30/50,4:32,nan,nan,nan,0,0,75.848,111.994,0,0,0,0,23.638,0,165.168,0,98.411,0,0,154.001,0,75.479
-3,5/30/50,4:33,nan,nan,nan,0,0,146.121,21.82,0,0,0,0,0,0,91.621,0,73.039,4.698,0,119.635,0,153.163
-3,5/30/50,4:34,nan,nan,nan,0,0,111.027,122.856,0,0,0,0,131.825,0,45.08,0,44.412,176.691,0,88.277,0,92.468
-3,5/30/50,4:35,nan,nan,nan,0,0,108.422,0,0,0,0,0,150.709,103.028,0,0,46.844,138.276,0,68.295,0,177.918
-3,5/30/50,4:36,nan,nan,nan,124.071,0,0,0,0,0,0,0,0,168.172,0,0,41.458,172.545,0,0,0,197.404
-3,5/30/50,4:37,nan,nan,nan,218.217,0,0,71.22,33.14,0,0,0,0,191.687,8.569,0,19.81,47.251,0,23.331,0,192.872
-3,5/30/50,4:38,nan,nan,nan,330.647,0,0,99.419,161.728,0,0,0,0,170.639,56.749,0,1.177,23.535,0,120.605,0,143.16
-3,5/30/50,4:39,nan,nan,nan,138.235,0,7.689,64.36,33.33,0,0,0,90.742,121.383,0,0,161.975,28.03,0,97.438,0,98.585
-3,5/30/50,4:40,nan,nan,nan,107.009,0,21.125,120.362,73.757,0,0,0,31.492,54.657,99.361,0,66.433,61.929,0,144.771,17.669,0
-3,5/30/50,4:41,nan,nan,nan,76.515,0,19.217,146.311,62.875,0,0,0,40.822,179.322,84.837,0,130.874,92.6,0,64.14,94.483,0
-3,5/30/50,4:42,nan,nan,nan,178.929,0,68.323,23.193,123.552,0,0,77.68,104.919,167.496,0,0,99.873,106.424,0,79.946,68.641,0
-3,5/30/50,4:43,nan,nan,nan,57.956,0,25.896,84.62,95.96,0,0,152.077,90.649,91.776,44.269,74.283,220.204,176.815,0,109.174,95.603,0
-3,5/30/50,4:44,nan,nan,nan,123.866,0,71.641,110.113,99.722,0,0,124.507,44.051,74.496,0,92.933,181.988,93.403,0,53.871,0,0
-3,5/30/50,4:45,nan,nan,nan,101.937,0,88.715,141.815,4.581,0,0,19.258,26.859,77.088,0,0,24.833,110.502,0,18.946,0,0
-3,5/30/50,4:46,nan,nan,nan,0,0,108.02,86.853,16.054,0,0,42.635,1.501,0,0,0,0,71.896,0,0,0,71.921
-3,5/30/50,4:47,nan,nan,nan,0,0,67.104,52.56,0,0,0,79.216,108.196,0,0,78.648,0,179.782,0,12.188,114.95,158.733
-3,5/30/50,4:48,nan,nan,nan,0,0,0,137.444,0,0,0,84.281,46.36,0,40.051,116.95,0,97.032,0,94.646,136.801,143.309
-3,5/30/50,4:49,nan,nan,nan,0,0,85.636,156.452,41.837,0,0,31.626,37.115,58.439,95.65,0,0,72.507,0,108.471,113.526,125.297
-3,5/30/50,4:50,nan,nan,nan,0,0,6.187,22.228,46.779,0,0,95.045,53.958,146.141,0,0,0,74.778,0,44.741,91.553,76.38
-3,5/30/50,4:51,nan,nan,nan,0,0,54.143,0,77.888,0,0,71.417,31.019,143.996,0,22.915,0,135.149,0,104.492,139.319,68.938
-3,5/30/50,4:52,nan,nan,nan,0,0,28.487,49.658,68.627,0,0,18.853,119.687,96.955,0,85.638,0,24.436,0,123.522,89.862,21.068
-3,5/30/50,4:53,nan,nan,nan,0,0,0,95.812,187.806,0,0,93.46,91.549,53.737,38.159,69.265,0,35.415,0,35.586,64.32,29.331
-3,5/30/50,4:54,nan,nan,nan,0,0,0,11.797,25.527,0,0,103.429,0,0,0,61.417,0,128.067,81.069,26.464,85.766,49.66
-3,5/30/50,4:55,nan,nan,nan,0,0,0,0,10.775,0,0,174.158,78.561,5.243,27.336,87.977,0,0,46.957,61.861,69.581,102.675
-3,5/30/50,4:56,nan,nan,nan,0,0,61.362,0,22.289,0,57.776,9.973,80.783,95.123,4.527,0,0,87.464,45.8,63.56,0,137.9
-3,5/30/50,4:57,nan,nan,nan,0,0,77.974,0,129.877,0,19.226,59.857,31.071,122.77,0,0,0,28.329,156.657,25.991,0,160.033
-3,5/30/50,4:58,nan,nan,nan,0,0,152.049,0,191.786,0,34.198,65.461,17.509,131.805,149.558,0,0,108.592,85.601,25.608,0,153.587
-3,5/30/50,4:59,nan,nan,nan,0,0,47.962,0,78.435,0,47.385,0,0,54.288,90.019,0,0,141.496,174.395,59.23,0,89.571
-3,5/30/50,5:00,nan,nan,nan,0,0,0,0,116.871,0,42.266,0,0,10.212,123.208,71.925,0,113.664,61.193,124.214,100.912,61.363
-3,5/30/50,5:01,nan,nan,nan,0,0,0,0,57.679,0,0,79.008,0,11.688,134.949,88.314,0,172.117,0.797,60.369,125.44,185.688
-3,5/30/50,5:02,nan,nan,nan,0,0,0,0,39.586,0,14.69,20.463,29.145,13.806,0,97.785,0,77.593,0,64.801,66.4,68.758
-3,5/30/50,5:03,nan,nan,nan,0,0,0,0,31.214,0,38.734,0,77.025,15.753,0,193.883,0,60.878,33.906,94.173,104.194,0
-3,5/30/50,5:04,nan,nan,nan,0,0,0,112.453,97.397,0,23.987,0,38.188,16.695,0,36.954,0,159.565,81.027,88.555,0,0
-3,5/30/50,5:05,nan,nan,nan,0,0,0,107.566,144.308,0,11.118,0,0,71.661,40.376,211.262,0,168.756,133.885,14.795,0,0
-3,5/30/50,5:06,nan,nan,nan,0,0,0,61.577,39.342,0,159.599,0,0,176.015,38.083,87.83,0,205.484,174.63,50.029,0,0
-3,5/30/50,5:07,nan,nan,nan,0,0,0,49.421,114.494,37.826,55.399,0,34.049,122.867,0,47.257,0,0,28.891,84.956,0,0
-3,5/30/50,5:08,nan,nan,nan,0,0,0,23.27,19.588,29.996,8.103,0,3.99,52.78,0,55.771,0,0,0,246.659,122.484,0
-3,5/30/50,5:09,nan,nan,nan,0,0,0,19.893,46.624,68.245,9.02,0,0,73.901,72.613,0,0,208.274,0,135.474,90.86,25.203
-3,5/30/50,5:10,nan,nan,nan,0,0,0,26.452,136.146,19.4,8.345,0,93.516,121.239,97.773,103.183,0,211.087,0,64.82,117.788,143.972
-3,5/30/50,5:11,nan,nan,nan,0,0,40.12,55.034,101.391,49.011,44.39,0,4.78,149.002,40.258,86.387,0,45.878,36.058,86.973,104.305,48.409
-3,5/30/50,5:12,nan,nan,nan,0,0,60.98,143.122,48.703,19.75,120.239,0,78.536,125.658,0,55.525,0,0,68.352,61.913,33.147,131.893
-3,5/30/50,5:13,nan,nan,nan,0,0,28.396,187.843,59.982,0,37.143,0,0,103.489,0,0,0,0,127.807,0,46.123,112.715
-3,5/30/50,5:14,nan,nan,nan,0,0,0,107.116,61.439,112.423,35.836,0,0,3.756,0,0,0,182.185,82.913,4.366,132.546,118.157
-3,5/30/50,5:15,nan,nan,nan,0,0,0,95.436,68.316,43.686,54.845,0,0,172.545,0,71.458,0,0,59.966,94.173,84.046,139.987
-3,5/30/50,5:16,nan,nan,nan,0,0,103.715,134.641,106.566,0,60.317,0,0,53.779,0,13.04,0,0,48.696,48.339,31.885,92.702
-3,5/30/50,5:17,nan,nan,nan,0,0,0,83.836,90.057,16.549,174.025,0,0,136.028,0,126.107,0,0,63.729,90.292,48.935,140.029
-3,5/30/50,5:18,nan,nan,nan,0,90.115,0,0,0,45.164,83.222,0,78.863,60.731,0,135.219,0,0,128.646,50.277,61.335,54.759
-3,5/30/50,5:19,nan,nan,nan,0,304.07,13.984,0,56.234,70.943,104.15,0,0,0,0,137.529,0,0,43.609,109.63,29.352,41.713
-3,5/30/50,5:20,nan,nan,nan,0,189.168,39.463,0,135.557,61.474,10.022,0,0,0,0,86.174,0,83.808,71.028,94.344,79.505,2.98
-3,5/30/50,5:21,nan,nan,nan,0,260.558,114.365,0,52.927,9.857,65.926,0,15.429,0,0,149.813,0,65.562,56.087,103.178,106.541,163.771
-3,5/30/50,5:22,nan,nan,nan,0,98.006,61.503,0,42.345,43.602,44.904,0,0,111.284,0,0.066,0,9.897,66.878,54.862,105.772,53.583
-3,5/30/50,5:23,nan,nan,nan,0,125.434,0,30.273,74.113,16.441,64.297,0,0,200.42,0,91.114,0,63.605,107.791,55.771,40.083,11.862
-3,5/30/50,5:24,nan,nan,nan,0,83.252,0,108.037,100.471,74.112,11.942,0,0,163.171,0,150.993,0,123.513,63.703,0,96.867,0
-3,5/30/50,5:25,nan,nan,nan,4.449,2.434,21.725,72.072,76.937,16.926,15.751,0,0,37.62,42.742,0,0,36.796,193.714,0,132.525,0
-3,5/30/50,5:26,nan,nan,nan,124.573,203.544,56.848,47.762,87.483,59.571,15.923,0,0,143.922,257.8,0,0,166.926,5.779,0,65.58,136.345
-3,5/30/50,5:27,nan,nan,nan,66.535,84.748,0,66.508,78.955,12.032,17.497,0,0,169.157,141.124,0,0,30.524,0,56.439,119.295,112.124
-3,5/30/50,5:28,nan,nan,nan,128.612,14.921,57.343,149.317,78.047,188.161,30.946,0,0,167.702,135.844,0,0,168.945,100.702,116.381,187.552,0
-3,5/30/50,5:29,nan,nan,nan,147.079,89.922,60.988,89.214,116.188,36.568,57.743,0,0,105.171,168.694,0,0,81.457,81.553,89.816,57.164,0
-3,5/30/50,5:30,nan,nan,nan,71.985,84.933,21.747,129.027,118.364,0,160.268,0,0,71.456,127.352,0,0,142.592,143.51,83.202,101.717,0
-3,5/30/50,5:31,nan,nan,nan,251.749,0,37.86,124.276,122.164,0,32.79,0,0,0,186.833,0,0,95.73,145.184,103.274,72.405,90.245
-3,5/30/50,5:32,nan,nan,nan,106.616,0,66.112,103.321,153.963,0,63.605,0,0,0,51.931,0,0,138.58,165.464,0,76.846,193.405
-3,5/30/50,5:33,nan,nan,nan,129.928,199.163,78.971,63.137,111.087,0,22.988,77.623,0,204.8,0,0,0,45.376,50.245,7.057,58.206,79.435
-3,5/30/50,5:34,nan,nan,nan,36.161,146.396,110.037,87.514,85.623,97.865,97.659,141.17,0,180.283,19.496,0,0,164.361,0,56.166,40.461,79.582
-3,5/30/50,5:35,nan,nan,nan,22.314,145.952,18.843,105.214,38.654,135.677,71.961,48.823,0,59.702,37.938,0,0,238.616,0,42.38,36.509,65.383
-3,5/30/50,5:36,nan,nan,nan,141.39,167.755,0,129.704,10.886,103.282,173.481,0,0,0,82.881,0,0,19.064,0,96.293,0,174.612
-3,5/30/50,5:37,nan,nan,nan,0,230.659,0,161.382,132.661,197.004,87.36,0,0,0,0,0,0,0,24.287,70.099,0,137.191
-3,5/30/50,5:38,nan,nan,nan,0,136.81,0,22.606,114.027,46.412,58.402,62.002,0,0,83.785,0,0,0,69.668,0,23.056,261.464
-3,5/30/50,5:39,nan,nan,nan,0,115.051,0,0,15.863,0,47.395,0,0,0,143,0,0,114.469,72.328,0,149.326,84.912
-3,5/30/50,5:40,nan,nan,nan,4.234,262.197,139.608,0,0,0,86.263,145.401,0,0,62.988,0,0,193.113,221.844,0,76.09,162.22
-3,5/30/50,5:41,nan,nan,nan,0,40.67,123.084,0,75.177,0,115.645,190.337,0,0,76.125,0,0,247.669,154.468,0,105.879,59.617
-3,5/30/50,5:42,nan,nan,nan,107.062,85.602,118.705,73.727,87.923,0,5.073,66.079,0,0,88.2,0,0,187.655,72.024,0,172.793,0
-3,5/30/50,5:43,nan,nan,nan,84.731,177.878,48.244,57.85,103.999,0,108.501,79.146,0,0,93.1,0,0,217.433,54.314,0,147.786,0
-3,5/30/50,5:44,nan,nan,nan,218.211,206.696,47.578,89.243,97.305,0,90.044,0,0,0,159.627,0,0,57.156,51.182,0,134.88,4.58
-3,5/30/50,5:45,nan,nan,nan,223.122,0,158.072,124.342,60.333,0,114.619,0,0,0,26.004,0,0,0,70.362,0,35.049,0
-3,5/30/50,5:46,nan,nan,nan,53.096,0,20.289,131.439,153.408,24.953,124.458,0,0,0,6.539,0,0,0,67.408,0,116.283,0
-3,5/30/50,5:47,nan,nan,nan,139.182,0,0,36.582,253.944,41.096,31.399,0,0,0,40.231,0,0,152.724,142.468,0,95.631,70.285
-3,5/30/50,5:48,nan,nan,nan,30.394,0,98.77,124.65,171.949,0,97.636,0,0,0,37.24,0,0,0,116.064,0,149.69,104.388
-3,5/30/50,5:49,nan,nan,nan,22.317,0,0,138.594,60.722,0,0,0,0,0,0,0,90.868,0,203.314,0,104.239,129.343
-3,5/30/50,5:50,nan,nan,nan,20.485,0,53.308,209.596,73.211,0,89.937,0,0,0,0,0,121.958,0,160.262,0,135.457,79.186
-3,5/30/50,5:51,nan,nan,nan,36.594,0,0,145.463,179.993,0,75.743,0,0,0,0,0,161.476,0,56.585,0,0,108.192
-3,5/30/50,5:52,nan,nan,nan,45.991,0,163.706,48.098,186.832,0,67.816,0,0,0,0,0,33.358,0,64.503,0,108.443,155.411
-3,5/30/50,5:53,nan,nan,nan,42.046,0,98.044,98.662,41.947,32.318,37.248,0,0,0,0,0,162.354,0,0,0,38.898,43.678
-3,5/30/50,5:54,nan,nan,nan,69.392,147.763,22.176,77.53,0,60.02,25.117,0,0,0,0,0,114.361,0,46.328,0,15.485,42.802
-3,5/30/50,5:55,nan,nan,nan,31.694,64.771,48.086,26.253,0,114.342,26.687,0,0,0,0,0,174.562,0,50.288,0,0,141.073
-3,5/30/50,5:56,nan,nan,nan,89.477,0,0,104.629,79.581,140.38,105.472,0,0,0,0,0,0,0,38.356,0,55.765,130.507
-3,5/30/50,5:57,nan,nan,nan,132.998,14.057,1.601,94.333,103.675,69.747,13.666,0,0,0,0,0,101.506,0,142.357,0,181.499,148.296
-3,5/30/50,5:58,nan,nan,nan,218.439,87.15,0,78.857,47.403,0,23.981,0,0,0,0,0,121.21,18.798,39.445,0,191.273,31.464
-3,5/30/50,5:59,nan,nan,nan,82.808,280.551,0,69.021,36.67,0,10.848,0,0,0,0,0,92.065,174.179,130.841,83.439,166.548,15.835
-2,5/30/50,6:00,nan,nan,nan,60.748,69.069,0,0,8.333,0,7.022,0,0,0,0,0,0,149.25,111.811,147.541,85.817,20.523
-2,5/30/50,6:01,nan,nan,nan,67.289,0,0,89.385,0,0,12.835,0,0,0,0,0,96.969,31.759,55.021,147.98,0,43.357
-2,5/30/50,6:02,nan,nan,nan,216.372,0,28.452,53.326,6.925,0,27.463,0,167.246,0,0,0,0,144.291,169.339,189.804,0,80.141
-2,5/30/50,6:03,nan,nan,nan,48.818,0,29.828,72.247,28.778,0,15.397,0,82.515,0,0,0,61.384,92.299,128.868,223.79,0,118.156
-2,5/30/50,6:04,nan,nan,nan,237.086,0,0,114.838,238.056,0,44.781,0,73.632,0,0,0,107.451,0,35.6,64.65,0,98.435
-2,5/30/50,6:05,nan,nan,nan,81.316,0,0,0,92.563,0,116.501,0,115.075,0,0,0,191.938,47.303,0,88.551,0,105.324
-2,5/30/50,6:06,nan,nan,nan,64.625,0,0,48.775,37.97,41.805,165.223,0,82.495,0,0,0,128.766,106.678,0,113.452,19.841,171.63
-2,5/30/50,6:07,nan,nan,nan,0,0,0,124.669,46.591,0,83.035,0,103.327,0,0,0,136.929,52.77,0,0,0,35.271
-2,5/30/50,6:08,nan,nan,nan,0,0,94.927,72.307,36.665,0,0,0,0,0,0,0,0,0,0,108.261,0,0
-2,5/30/50,6:09,nan,nan,nan,0,0,57.69,27.308,0,0,0,0,0,0,0,0,0,0,0,32.976,0,66.497
-2,5/30/50,6:10,nan,nan,nan,0,0,40.345,135.545,0,0,0,0,0,0,0,0,0,61.62,0,0,0,79.518
-2,5/30/50,6:11,nan,nan,nan,23.265,0,0,17.745,18.154,0,0,0,58.753,0,0,0,0,0,0,5.562,0,2.951
-2,5/30/50,6:12,nan,nan,nan,15.216,0,0,22.311,127.356,0,0,0,47.112,0,0,0,0,0,0,0,0,126.412
-2,5/30/50,6:13,nan,nan,nan,0,0,0,0,111.556,0,0,0,70.08,0,0,0,0,0,0,42.399,0,12.988
-2,5/30/50,6:14,nan,nan,nan,0,0,0,0,92.233,7.363,0,0,0,0,0,0,0,0,0,0,0,61.647
-2,5/30/50,6:15,nan,nan,nan,0,0,0,0,30.066,0,0,0,0,0,0,0,0,0,0,0,0,131.562
-2,5/30/50,6:16,nan,nan,nan,80.18,0,0,0,19.447,0,0,0,72.821,0,0,0,0,0,0,0,0,0
-2,5/30/50,6:17,nan,nan,nan,92.096,0,0,0,0,0,0,0,160.654,0,0,0,0,0,0,0,0,0
-2,5/30/50,6:18,nan,nan,nan,148.201,0,0,0,0,0,66.391,0,16.226,0,0,0,0,0,0,0,0,0
-2,5/30/50,6:19,nan,nan,nan,92.198,0,0,0,0,0,5.776,0,0,0,0,0,0,0,0,0,0,0
-2,5/30/50,6:20,nan,nan,nan,136.658,0,0,74.02,0,0,0,0,23.998,0,0,0,0,0,0,0,0,0
-2,5/30/50,6:21,nan,nan,nan,183.514,0,0,232.4,0,0,0,0,108.991,0,0,0,0,0,0,0,0,0
-2,5/30/50,6:22,nan,nan,nan,250.548,0,0,128.342,0,0,0,0,110.262,0,0,0,0,0,0,0,0,0
-2,5/30/50,6:23,nan,nan,nan,141.719,0,0,0,0,0,0,0,180.271,0,0,0,0,0,0,0,0,0
-2,5/30/50,6:24,nan,nan,nan,103.017,0,0,0,0,0,0,0,0,0,0,0,0,0,0,0,0,0
-2,5/30/50,6:25,nan,nan,nan,149.578,0,0,9.642,0,0,0,0,0,0,0,0,0,0,0,0,0,0
-2,5/30/50,6:26,nan,nan,nan,139.621,0,0,110.443,0,0,0,0,0,0,0,96.297,0,0,0,0,0,0
-2,5/30/50,6:27,nan,nan,nan,116.476,0,0,128.576,0,0,0,67.317,0,0,0,116.128,0,0,0,0,0,0
-2,5/30/50,6:28,nan,nan,nan,0,0,0,50.082,0,0,0,32.906,0,0,0,8.511,0,0,0,0,0,0
-2,5/30/50,6:29,nan,nan,nan,0,0,0,0,0,0,0,105.196,0,0,0,0,0,0,0,0,22.025,0
-2,5/30/50,6:30,nan,nan,nan,0,0,0,0,0,0,0,9.265,0,133.504,0,0,0,0,0,0,111.395,0
-2,5/30/50,6:31,nan,nan,nan,37.326,0,0,0,0,0,0,92.103,0,160.716,0,9.858,0,0,0,0,149.722,0
-2,5/30/50,6:32,nan,nan,nan,130.846,0,0,0,0,0,0,145.873,0,69.173,0,164.173,0,0,0,0,78.649,0
-2,5/30/50,6:33,nan,nan,nan,191.766,0,0,0,0,0,0,16.985,0,75.168,0,12.836,0,0,0,0,88.052,0
-2,5/30/50,6:34,nan,nan,nan,0,0,0,0,0,0,0,80.114,0,154.589,0,107.928,0,0,0,0,0,0
-2,5/30/50,6:35,nan,nan,nan,0,0,0,0,0,0,0,4.751,0,202.36,0,0.142,0,0,0,0,0,0
-2,5/30/50,6:36,nan,nan,nan,0,0,0,0,0,0,0,65.569,0,158.372,0,0,0,0,0,0,0,0
-2,5/30/50,6:37,nan,nan,nan,0,0,0,39.503,0,0,0,0,0,101.696,0,68.171,0,0,0,0,0,0
-2,5/30/50,6:38,nan,nan,nan,0,0,0,32.831,0,0,0,0,0,157.568,0,123.937,0,0,0,0,0,0
-2,5/30/50,6:39,nan,nan,nan,0,0,0,0,0,0,0,0,0,5.305,0,145.856,0,0,0,0,0,0
-2,5/30/50,6:40,nan,nan,nan,0,0,0,0,0,0,0,0,0,19.97,0,206.777,0,0,0,0,0,0
-2,5/30/50,6:41,nan,nan,nan,0,0,0,0,0,0,0,0,0,0.154,0,184.522,0,0,0,0,0,0
-2,5/30/50,6:42,nan,nan,nan,0,0,0,0,0,0,0,0,0,92.29,0,82.239,0,0,0,0,0,0
-2,5/30/50,6:43,nan,nan,nan,0,0,0,0,0,0,0,0,0,130.269,0,165.502,0,0,0,0,0,0
-2,5/30/50,6:44,nan,nan,nan,0,0,0,0,0,0,0,0,0,0,0,91.553,0,0,0,0,0,0
-2,5/30/50,6:45,nan,nan,nan,0,0,0,0,0,0,0,0,0,16.364,0,95.677,0,0,0,0,0,0
-2,5/30/50,6:46,nan,nan,nan,0,0,0,0,0,0,0,0,0,65.699,0,184.2,0,0,0,0,0,0
-2,5/30/50,6:47,nan,nan,nan,0,0,0,0,0,0,33.53,0,0,57.303,0,78.431,0,0,0,0,0,0
-2,5/30/50,6:48,nan,nan,nan,0,0,0,0,0,0,39.351,0,0,129.808,0,163.145,0,0,0,0,0,0
-2,5/30/50,6:49,nan,nan,nan,0,0,0,0,0,0,13.511,0,0,191.62,0,62.213,0,0,0,0,0,0
-2,5/30/50,6:50,nan,nan,nan,0,0,0,0,0,0,11.891,0,0,65.818,0,108.578,0,0,0,0,0,0
-2,5/30/50,6:51,nan,nan,nan,0,0,0,0,56.166,0,15.905,0,0,0,0,84.251,0,0,0,0,0,0
-2,5/30/50,6:52,nan,nan,nan,0,0,0,0,101.207,0,15.42,0,0,0,46.047,48.832,0,0,0,0,0,0
-2,5/30/50,6:53,nan,nan,nan,0,0,0,0,76.114,0,16.162,0,0,0,196.048,5.874,0,0,0,0,0,0
-2,5/30/50,6:54,nan,nan,nan,0,0,0,0,95.844,0,11.808,0,0,0,134.486,150.733,0,0,0,0,0,0
-2,5/30/50,6:55,nan,nan,nan,0,0,0,0,50.41,0,10.699,0,0,0,53.672,84.938,0,0,0,0,0,0
-2,5/30/50,6:56,nan,nan,nan,0,0,0,0,52.147,0,15.873,0,0,0,24.658,115.312,0,0,0,0,0,0
-2,5/30/50,6:57,nan,nan,nan,0,0,0,0,35.871,0,61.128,0,0,0,45.327,0,0,0,0,0,0,0
-2,5/30/50,6:58,nan,nan,nan,0,0,0,0,40.419,0,63.98,0,0,0,91.865,0,0,0,0,0,0,0
-2,5/30/50,6:59,nan,nan,nan,0,0,0,0,96.574,0,46.378,0,0,0,20.81,26.263,0,0,0,0,0,0
-2,5/30/50,7:00,nan,nan,nan,0,0,0,0,150.689,0,0,0,0,0,14.486,152.059,0,0,0,0,0,0
-2,5/30/50,7:01,nan,nan,nan,0,0,0,0,35.545,0,38.452,0,0,0,55.42,38.287,0,0,0,0,0,0
-2,5/30/50,7:02,nan,nan,nan,0,0,0,0,66.41,0,18.068,0,0,0,84.251,113.216,0,0,0,0,0,0
-2,5/30/50,7:03,nan,nan,nan,0,0,0,0,52.473,0,6.716,0,0,0,106.015,0,0,0,0,0,0,0
-2,5/30/50,7:04,nan,nan,nan,0,0,0,0,65.109,0,7.945,0,0,0,67.477,0,0,0,0,0,0,0
-2,5/30/50,7:05,nan,nan,nan,0,0,0,0,39.03,0,67.208,0,0,0,65.418,0,0,0,0,0,0,0
-2,5/30/50,7:06,nan,nan,nan,0,0,0,0,0,0,0,0,0,0,184.531,0,0,0,0,0,0,0
-2,5/30/50,7:07,nan,nan,nan,0,0,0,0,0,0,0,0,0,0,155.089,0,0,0,0,0,0,0
-2,5/30/50,7:08,nan,nan,nan,0,0,0,0,0,0,0,0,0,0,38.364,0,0,0,0,0,0,0
-2,5/30/50,7:09,nan,nan,nan,0,0,0,0,0,0,0,0,42.523,0,56.346,0,0,0,94.907,0,0,0
-2,5/30/50,7:10,nan,nan,nan,0,0,0,0,0,0,0,0,84.896,0,24.008,0,0,0,87.602,0,0,0
-2,5/30/50,7:11,nan,nan,nan,0,0,0,0,0,0,0,0,0,0,0,0,0,0,79.597,0,0,0
-2,5/30/50,7:12,nan,nan,nan,0,0,0,0,0,0,0,0,0,0,0,0,0,0,31.289,0,0,0
-2,5/30/50,7:13,nan,nan,nan,0,0,0,0,0,0,0,0,0,0,0,0,0,0,129.462,0,0,0
-2,5/30/50,7:14,nan,nan,nan,0,0,0,0,0,0,0,0,0,0,82.771,0,110.168,0,6.635,0,0,0
-2,5/30/50,7:15,nan,nan,nan,0,0,0,0,0,0,0,0,0,0,82.056,0,158.375,0,0,0,0,0
-2,5/30/50,7:16,nan,nan,nan,0,0,0,0,0,0,0,0,0,0,0,0,161.068,0,0,0,0,0
-2,5/30/50,7:17,nan,nan,nan,0,0,0,0,0,0,0,0,0,0,0,0,83.495,0,0,0,0,0
-2,5/30/50,7:18,nan,nan,nan,0,0,0,0,0,0,0,0,0,0,0,0,164.614,0,0,0,0,0
-2,5/30/50,7:19,nan,nan,nan,0,0,0,0,0,0,0,0,0,0,77.912,0,145.968,0,0,0,0,0
-2,5/30/50,7:20,nan,nan,nan,0,0,0,0,0,0,0,0,0,0,196.807,0,183.864,0,0,0,0,0
-2,5/30/50,7:21,nan,nan,nan,0,0,0,0,0,0,0,0,0,0,140.651,0,86.539,0,0,0,0,0
-2,5/30/50,7:22,nan,nan,nan,0,0,0,0,0,0,0,0,0,0,46.472,0,54.542,0,0,0,0,0
-2,5/30/50,7:23,nan,nan,nan,0,0,0,0,0,0,0,0,0,0,87.209,0,0,0,0,0,0,0
-2,5/30/50,7:24,nan,nan,nan,0,0,0,0,0,0,0,0,0,0,43.137,0,94.42,0,0,0,0,0
-2,5/30/50,7:25,nan,nan,nan,0,0,0,0,0,0,0,0,0,0,167.527,0,0,0,0,0,0,0
-2,5/30/50,7:26,nan,nan,nan,0,0,0,0,0,0,0,0,0,0,0,0,0,0,0,0,0,0
-2,5/30/50,7:27,nan,nan,nan,0,0,0,0,0,0,0,0,0,0,9.523,0,129.674,0,0,0,0,0
-2,5/30/50,7:28,nan,nan,nan,0,0,0,0,0,0,0,0,0,0,0,0,29.707,0,0,0,0,0
-2,5/30/50,7:29,nan,nan,nan,0,0,0,0,0,0,0,0,0,0,0,0,103.054,0,0,143.726,0,0
-2,5/30/50,7:30,nan,nan,nan,0,0,0,0,0,0,0,0,0,0,51.68,0,0,0,0,134.596,0,0
-2,5/30/50,7:31,nan,nan,nan,0,0,0,0,0,0,0,0,0,0,0,0,121.037,0,0,37.383,0,0
-2,5/30/50,7:32,nan,nan,nan,0,0,0,6.913,0,0,0,0,0,0,0,0,109.387,0,0,59.89,0,0
-2,5/30/50,7:33,nan,nan,nan,0,0,0,43.28,0,0,0,0,0,0,106.08,0,0,0,0,10.581,0,0
-2,5/30/50,7:34,nan,nan,nan,0,0,0,88.324,0,0,0,0,0,0,70.539,0,0,135.02,0,106.829,0,0
-2,5/30/50,7:35,nan,nan,nan,0,0,61.339,58.751,0,0,0,0,0,0,57.961,0,0,158.176,0,97.809,0,0
-2,5/30/50,7:36,nan,nan,nan,0,0,45.565,84.152,0,0,0,0,0,0,35.9,0,0,60.065,0,116.384,0,0
-2,5/30/50,7:37,nan,nan,nan,0,0,140.487,57.528,0,0,0,0,0,0,0,0,0,208.369,0,40.274,0,0
-2,5/30/50,7:38,nan,nan,nan,0,0,161.792,38.529,0,0,0,0,0,0,0,0,0,121.884,0,20.73,0,0
-2,5/30/50,7:39,nan,nan,nan,0,0,170.048,72.449,0,0,0,0,0,0,0,0,0,20.714,0,21.174,0,0
-2,5/30/50,7:40,nan,nan,nan,0,62.167,114.022,40.481,0,0,0,0,0,157.635,0,0,0,0,0,30.79,0,0
-2,5/30/50,7:41,nan,nan,nan,0,131.011,134.565,122.112,0,0,0,122.631,0,122.166,0,0,0,0,0,57.319,0,0
-2,5/30/50,7:42,nan,nan,nan,0,74.012,199.744,67.406,0,0,0,152.619,0,176.862,0,0,0,98.422,0,41.415,0,0
-2,5/30/50,7:43,nan,nan,nan,0,211.525,112.51,15.246,0,0,0,92.493,0,33.928,0,0,0,113.212,0,140.503,0,0
-2,5/30/50,7:44,nan,nan,nan,0,176.032,24.924,36.047,0,0,0,0,0,0,0,0,0,83.891,0,35.875,0,0
-2,5/30/50,7:45,nan,nan,nan,0,178.866,12.458,58.437,0,0,0,0,0,127.845,0,0,0,141.088,0,19.693,0,0
-2,5/30/50,7:46,nan,nan,nan,0,95.859,18.403,58.622,0,0,0,0,0,23.722,0,0,0,248.793,0,30.329,0,0
-2,5/30/50,7:47,nan,nan,nan,0,156.222,59.473,0,0,0,0,0,0,0,0,0,0,91.675,0,33.24,0,0
-2,5/30/50,7:48,nan,nan,nan,0,0,29.879,13.842,0,0,0,0,0,0,0,0,0,106.324,0,92.681,0,0
-2,5/30/50,7:49,nan,nan,nan,0,156.661,34.88,62.022,0,0,0,29.591,0,29.852,0,0,0,125.925,0,124.302,0,0
-2,5/30/50,7:50,nan,nan,nan,0,137.106,25.336,26.431,0,0,0,0,0,53.029,0,0,0,41.131,0,57.859,0,0
-2,5/30/50,7:51,nan,nan,nan,0,46.083,56.37,0,0,0,0,15.726,0,0,0,0,0,48.799,0,124.147,0,0
-2,5/30/50,7:52,nan,nan,nan,0,58.599,29.434,0,0,0,0,111.618,0,0,0,0,0,127.195,0,15.552,0,0
-2,5/30/50,7:53,nan,nan,nan,0,125.4,75.125,0,0,0,0,26.43,0,0,0,0,0,163.544,0,0,0,0
-2,5/30/50,7:54,nan,nan,nan,0,67.394,31.153,0,0,0,0,24.847,0,0,0,0,0,136.458,0,0,0,0
-2,5/30/50,7:55,nan,nan,nan,0,46.352,96.595,0,0,0,0,13.947,0,0,0,0,0,110.218,0,0,0,0
-2,5/30/50,7:56,nan,nan,nan,0,153.917,17.492,0,0,0,0,11.714,0,0,10.351,0,0,86.209,0,0,0,0
-2,5/30/50,7:57,nan,nan,nan,0,15.161,0,0,0,0,0,74.671,0,0,89.059,63.962,0,96.881,0,0,0,0
-2,5/30/50,7:58,nan,nan,nan,0,166.301,0,0,0,0,0,98.464,0,0,107.57,118.816,0,264.098,0,0,0,0
-2,5/30/50,7:59,nan,nan,nan,0,226.146,0,0,0,0,0,66.875,0,0,0,80.615,0,204.868,0,0,0,0
-2,5/30/50,8:00,nan,nan,nan,0,0,0,0,0,0,0,139.241,0,0,0,0,0,262.947,0,0,0,0
-2,5/30/50,8:01,nan,nan,nan,0,0,0,0,0,0,0,5.68,0,0,0,0,0,109.854,0,0,1.001,0
-2,5/30/50,8:02,nan,nan,nan,0,0,0,0,0,0,0,0,0,0,0,0,0,0,0,0,109.487,0
-2,5/30/50,8:03,nan,nan,nan,0,0,0,0,0,0,0,0,0,0,0,0,0,56.903,0,0,65.734,0
-2,5/30/50,8:04,nan,nan,nan,0,0,0,0,0,0,0,0,77.525,0,0,0,0,42.501,0,0,29.029,0
-2,5/30/50,8:05,nan,nan,nan,0,0,0,0,0,0,0,0,0,0,0,0,0,58.347,0,0,147.009,0
-2,5/30/50,8:06,nan,nan,nan,0,0,0,0,0,0,0,0,0,0,0,0,0,0,0,0,98.353,0
-2,5/30/50,8:07,nan,nan,nan,0,0,0,0,0,0,0,0,0,0,0,0,0,0,0,0,159.309,0
-2,5/30/50,8:08,nan,nan,nan,0,0,0,0,0,0,0,0,0,0,0,0,0,0,0,0,0,0
-2,5/30/50,8:09,nan,nan,nan,0,0,0,0,0,0,0,0,0,0,0,0,0,0,0,0,0,0
-2,5/30/50,8:10,nan,nan,nan,0,0,0,0,0,0,0,0,0,0,0,0,0,0,0,0,0,0
-2,5/30/50,8:11,nan,nan,nan,0,0,0,0,0,0,0,0,0,0,0,0,0,0,0,0,0,0
-2,5/30/50,8:12,nan,nan,nan,0,0,0,0,0,0,0,0,0,0,0,0,0,0,0,0,2.28,0
-2,5/30/50,8:13,nan,nan,nan,0,0,0,0,0,0,0,0,0,0,0,0,0,0,0,0,95.045,0
-2,5/30/50,8:14,nan,nan,nan,0,0,0,0,0,0,0,0,0,0,0,0,0,0,0,0,70.788,0
-2,5/30/50,8:15,nan,nan,nan,0,0,0,0,0,0,0,0,0,0,0,0,0,0,0,0,0,0
-2,5/30/50,8:16,nan,nan,nan,0,0,0,0,0,0,0,0,0,0,0,0,0,0,0,0,0,0
-2,5/30/50,8:17,nan,nan,nan,0,0,0,0,0,0,0,0,0,0,0,0,0,0,0,0,0,0
-2,5/30/50,8:18,nan,nan,nan,0,0,0,23.285,0,0,0,0,0,0,0,0,0,0,0,0,0,0
-2,5/30/50,8:19,nan,nan,nan,0,0,0,0,0,0,0,0,0,0,0,0,0,0,0,0,0,0
-2,5/30/50,8:20,nan,nan,nan,0,0,0,0,0,0,0,0,0,0,0,0,0,0,0,0,0,0
-2,5/30/50,8:21,nan,nan,nan,0,0,0,0,0,0,0,0,0,0,0,0,0,0,0,0,0,0
-2,5/30/50,8:22,nan,nan,nan,0,0,0,0,0,0,0,0,0,0,0,0,0,0,0,0,0,0
-2,5/30/50,8:23,nan,nan,nan,0,0,0,0,0,0,0,0,0,0,0,0,0,0,0,0,0,0
-2,5/30/50,8:24,nan,nan,nan,0,0,0,0,0,0,0,0,0,0,0,0,0,0,0,0,0,0
-2,5/30/50,8:25,nan,nan,nan,26.268,0,0,0,0,0,0,0,0,0,0,0,0,0,0,0,0,0
-2,5/30/50,8:26,nan,nan,nan,0,0,0,0,0,0,0,0,0,0,0,0,0,0,0,0,0,0
-2,5/30/50,8:27,nan,nan,nan,129.103,0,0,0,0,0,0,0,0,0,0,0,0,0,0,0,0,0
-2,5/30/50,8:28,nan,nan,nan,114.55,0,0,0,0,0,0,0,0,0,0,0,0,0,0,0,0,0
-2,5/30/50,8:29,nan,nan,nan,84.9,0,0,0,0,0,0,0,0,0,0,0,0,0,0,0,0,0
-2,5/30/50,8:30,nan,nan,nan,0,0,0,0,0,0,0,0,0,0,0,0,0,0,0,0,0,0
-2,5/30/50,8:31,nan,nan,nan,14.652,0,0,0,0,0,0,0,0,0,0,0,0,0,0,0,0,0
-2,5/30/50,8:32,nan,nan,nan,0,0,0,0,0,0,0,0,0,0,0,0,0,0,0,0,0,0
-2,5/30/50,8:33,nan,nan,nan,0,0,0,0,0,0,0,0,0,0,0,0,0,0,0,0,0,0
-2,5/30/50,8:34,nan,nan,nan,0,0,0,0,0,0,0,0,0,0,0,0,0,0,0,0,0,0
-2,5/30/50,8:35,nan,nan,nan,0,0,0,0,0,0,0,0,0,0,0,0,0,0,0,0,0,0
-2,5/30/50,8:36,nan,nan,nan,0,0,0,0,0,0,0,0,0,0,0,0,0,0,0,0,0,0
-2,5/30/50,8:37,nan,nan,nan,0,0,0,0,0,0,0,0,0,0,0,0,0,0,0,0,0,0
-2,5/30/50,8:38,nan,nan,nan,0,0,0,0,0,0,0,0,0,0,0,0,0,0,0,0,0,0
-2,5/30/50,8:39,nan,nan,nan,0,0,0,0,0,0,0,0,0,0,0,0,0,0,0,0,0,0
-2,5/30/50,8:40,nan,nan,nan,0,0,0,0,0,0,0,0,0,0,73.538,0,0,0,0,0,0,0
-2,5/30/50,8:41,nan,nan,nan,0,0,0,0,0,0,0,0,0,0,88.966,0,0,0,0,0,0,0
-2,5/30/50,8:42,nan,nan,nan,0,0,0,0,0,0,0,0,0,0,48.514,0,0,0,0,0,0,0
-2,5/30/50,8:43,nan,nan,nan,0,0,0,0,0,0,0,0,0,0,66.827,0,0,0,0,0,0,0
-2,5/30/50,8:44,nan,nan,nan,0,0,0,0,0,0,0,0,0,0,122.826,0,0,0,0,0,0,0
-2,5/30/50,8:45,nan,nan,nan,0,0,0,0,0,0,0,0,0,0,67.48,0,0,0,0,0,0,0
-2,5/30/50,8:46,nan,nan,nan,0,0,0,0,0,0,0,0,0,0,124.601,0,0,0,0,0,0,0
-2,5/30/50,8:47,nan,nan,nan,0,0,0,0,0,0,0,0,0,0,0,0,0,0,0,0,0,0
-2,5/30/50,8:48,nan,nan,nan,0,0,0,0,0,0,0,0,0,0,57.133,0,0,0,0,0,0,0
-2,5/30/50,8:49,nan,nan,nan,0,0,0,0,0,0,0,0,0,0,236.892,0,0,0,0,0,0,0
-2,5/30/50,8:50,nan,nan,nan,0,0,0,0,0,0,0,0,0,0,0,166.854,0,0,0,0,0,0
-2,5/30/50,8:51,nan,nan,nan,0,0,0,0,0,0,0,0,0,0,0,41.563,0,0,0,0,0,0
-2,5/30/50,8:52,nan,nan,nan,0,0,0,0,0,0,0,0,0,0,0,0,0,0,0,0,0,0
-2,5/30/50,8:53,nan,nan,nan,0,0,0,0,0,0,0,0,0,0,0,0,0,0,0,0,0,0
-2,5/30/50,8:54,nan,nan,nan,0,0,0,0,0,0,36.142,0,0,0,0,96.241,0,0,0,0,0,0
-2,5/30/50,8:55,nan,nan,nan,0,0,0,0,0,0,11.171,0,0,0,0,101.388,0,0,0,0,0,0
-2,5/30/50,8:56,nan,nan,nan,0,0,0,0,0,0,14.218,0,0,0,0,27.72,0,0,0,0,0,0
-2,5/30/50,8:57,nan,nan,nan,0,0,0,0,0,0,8.175,0,0,0,0,0,0,0,0,0,0,0
-2,5/30/50,8:58,nan,nan,nan,0,0,0,0,0,0,10.701,0,0,0,0,70.306,0,0,0,0,0,0
-2,5/30/50,8:59,nan,nan,nan,0,0,0,0,0,0,10.757,0,0,60.308,0,147.799,0,0,61.286,0,0,0
-2,5/30/50,9:00,nan,nan,nan,0,137.31,82.108,0,0,0,9.978,0,0,144.158,0,55.001,0,0,83.262,0,0,0
-2,5/30/50,9:01,nan,nan,nan,0,109.114,54.227,0,0,0,12.783,62.679,0,82.116,0,117.346,0,0,4.39,0,0,0
-2,5/30/50,9:02,nan,nan,nan,0,132.251,86.639,0,0,0,51.652,149.446,0,19.763,0,186.453,29.244,0,157.015,0,0,0
-2,5/30/50,9:03,nan,nan,nan,0,179.845,0,0,0,0,48.759,22.076,0,0,0,231.794,86.675,0,118.206,0,0,0
-2,5/30/50,9:04,nan,nan,nan,0,35.24,0,0,0,0,13.094,0,0,0,0,242.307,95.441,0,67.195,0,0,0
-2,5/30/50,9:05,nan,nan,nan,0,126.208,0,0,0,0,47.922,0,0,0,0,285.915,111.541,0,0,0,0,0
-2,5/30/50,9:06,nan,nan,nan,0,112.781,0,0,0,0,0,0,0,0,0,96.99,175.369,0,80.66,0,0,0
-2,5/30/50,9:07,nan,nan,nan,0,156.998,0,0,0,0,0,0,0,0,0,160.666,124.191,0,0,0,0,0
-2,5/30/50,9:08,nan,nan,nan,0,73.346,0,0,0,0,0,0,0,0,0,116.088,95.729,0,0,0,0,0
-2,5/30/50,9:09,nan,nan,nan,0,177.764,0,0,0,0,0,0,0,0,0,105.726,220.858,0,0,0,0,0
-2,5/30/50,9:10,nan,nan,nan,0,102.914,0,0,0,0,0,0,0,0,0,33.649,79.051,0,0,0,0,0
-2,5/30/50,9:11,nan,nan,nan,0,32.563,0,0,0,0,0,0,0,0,0,186.688,0,0,0,0,0,0
-2,5/30/50,9:12,nan,nan,nan,0,163.582,0,0,0,0,0,0,0,0,0,174.172,0,0,0,0,0,0
-2,5/30/50,9:13,nan,nan,nan,0,187.166,0,0,0,0,0,0,0,0,0,152.266,32.675,0,0,0,0,0
-2,5/30/50,9:14,nan,nan,nan,0,0,0,0,0,0,0,0,0,0,0,59.303,18.389,0,0,0,0,0
-2,5/30/50,9:15,nan,nan,nan,0,0,0,0,0,0,0,0,0,0,0,38.584,0,0,0,0,0,0
-2,5/30/50,9:16,nan,nan,nan,0,0,0,0,0,0,0,0,0,0,0,0,0,0,0,0,0,0
-2,5/30/50,9:17,nan,nan,nan,0,0,0,0,0,0,0,0,0,0,0,66.452,0,0,0,0,0,0
-2,5/30/50,9:18,nan,nan,nan,0,0,0,0,0,0,0,0,0,0,0,249.218,0,0,0,0,0,0
-2,5/30/50,9:19,nan,nan,nan,0,0,0,0,0,0,0,0,0,0,0,69.736,0,0,0,0,0,0
-2,5/30/50,9:20,nan,nan,nan,0,0,0,0,0,0,0,0,0,0,0,0,0,0,0,0,0,0
-2,5/30/50,9:21,nan,nan,nan,0,0,0,0,0,0,0,0,0,0,0,0,0,0,0,0,0,0
-2,5/30/50,9:22,nan,nan,nan,0,0,0,0,0,0,0,0,0,0,0,0,0,0,0,0,0,0
-2,5/30/50,9:23,nan,nan,nan,0,0,0,0,0,0,0,0,0,0,0,0,0,0,0,0,0,0
-2,5/30/50,9:24,nan,nan,nan,0,0,0,0,0,0,0,0,0,0,0,0,0,0,0,0,0,0
-2,5/30/50,9:25,nan,nan,nan,0,0,0,0,0,0,0,0,0,0,0,0,0,0,0,0,0,0
-2,5/30/50,9:26,nan,nan,nan,0,0,0,0,0,0,0,0,0,0,0,0,0,0,0,0,0,0
-2,5/30/50,9:27,nan,nan,nan,0,0,0,0,0,0,0,0,0,0,0,0,0,0,0,0,0,0
-2,5/30/50,9:28,nan,nan,nan,0,0,0,0,0,0,0,0,0,0,0,0,0,0,0,0,0,0
-2,5/30/50,9:29,nan,nan,nan,0,0,0,0,0,0,0,0,0,0,0,0,0,0,0,0,0,0
-2,5/30/50,9:30,nan,nan,nan,0,0,0,0,0,0,0,0,0,0,0,0,0,0,0,0,0,0
-2,5/30/50,9:31,nan,nan,nan,0,0,0,0,0,0,0,0,0,0,0,0,0,0,0,0,0,0
-2,5/30/50,9:32,nan,nan,nan,0,0,0,0,0,0,0,0,0,0,0,0,0,0,0,0,0,0
-2,5/30/50,9:33,nan,nan,nan,0,0,0,0,0,0,0,0,0,0,0,0,0,0,0,0,49.445,0
-2,5/30/50,9:34,nan,nan,nan,0,0,0,0,0,0,0,0,0,0,0,0,0,0,0,0,173.217,0
-2,5/30/50,9:35,nan,nan,nan,0,0,0,0,0,0,0,0,0,0,0,0,0,0,0,0,53.156,0
-2,5/30/50,9:36,nan,nan,nan,0,0,0,0,0,0,0,0,0,0,0,0,0,0,0,0,0,0
-2,5/30/50,9:37,nan,nan,nan,0,0,0,0,0,0,0,0,0,0,0,0,0,0,0,0,0,0
-2,5/30/50,9:38,nan,nan,nan,0,0,0,0,0,0,0,0,0,0,0,0,0,0,0,0,0,0
-2,5/30/50,9:39,nan,nan,nan,0,0,0,0,0,0,0,0,0,0,0,0,0,0,0,0,0,0
-2,5/30/50,9:40,nan,nan,nan,0,0,0,0,0,0,0,0,0,0,0,0,0,0,0,0,0,0
-2,5/30/50,9:41,nan,nan,nan,0,0,0,0,0,0,0,0,0,0,0,0,0,0,0,0,0,0
-2,5/30/50,9:42,nan,nan,nan,0,0,0,0,0,0,0,0,0,0,0,0,0,0,0,0,0,0
-2,5/30/50,9:43,nan,nan,nan,0,0,0,63.372,0,0,0,0,0,0,0,0,0,0,0,0,0,0
-2,5/30/50,9:44,nan,nan,nan,0,0,0,22.373,0,0,0,0,0,0,0,0,0,0,0,0,0,0
-2,5/30/50,9:45,nan,nan,nan,0,0,0,19.512,0,0,0,0,0,0,0,0,0,0,0,0,0,0
-2,5/30/50,9:46,nan,nan,nan,0,0,0,31.877,0,0,0,0,0,0,0,0,0,0,0,0,0,0
-2,5/30/50,9:47,nan,nan,nan,0,0,0,26.857,0,0,0,0,0,0,0,0,0,0,0,0,0,0
-2,5/30/50,9:48,nan,nan,nan,0,0,0,123.355,0,0,0,0,0,0,0,0,0,0,0,0,0,0
-2,5/30/50,9:49,nan,nan,nan,0,0,0,31.229,0,0,0,0,0,0,0,0,0,0,0,0,0,0
-2,5/30/50,9:50,nan,nan,nan,0,0,0,98.615,0,0,0,0,162.431,0,0,0,0,0,0,0,0,0
-2,5/30/50,9:51,nan,nan,nan,0,0,0,62.53,0,0,0,0,101.079,0,0,0,0,0,0,0,0,0
-2,5/30/50,9:52,nan,nan,nan,0,0,0,56.818,0,0,0,0,28.081,0,0,0,0,0,0,0,0,0
-2,5/30/50,9:53,nan,nan,nan,0,0,0,0,0,0,0,0,22.197,0,0,0,0,0,0,0,0,0
-2,5/30/50,9:54,nan,nan,nan,0,0,0,21.792,0,0,0,0,23.278,0,0,0,0,0,0,0,0,0
-2,5/30/50,9:55,nan,nan,nan,0,0,0,179.345,0,0,0,0,149.864,0,0,0,0,0,0,0,0,0
-2,5/30/50,9:56,nan,nan,nan,0,0,0,203.629,0,0,0,0,38.704,0,0,0,0,0,0,0,0,0
-2,5/30/50,9:57,nan,nan,nan,0,0,0,94.034,0,0,0,0,121.694,0,0,0,0,0,0,0,46.807,0
-2,5/30/50,9:58,nan,nan,nan,0,0,0,154.431,0,0,0,0,70.282,0,0,0,0,0,0,0,106.683,0
-2,5/30/50,9:59,nan,nan,nan,0,0,0,110.396,0,0,0,0,0,0,0,0,0,34.846,0,0,84.059,0
-2,5/30/50,10:00,nan,nan,nan,0,0,0,176.789,0,0,0,0,0,0,0,0,0,39.201,0,0,86.872,0
-2,5/30/50,10:01,nan,nan,nan,0,0,0,262.425,0,0,0,0,78.564,0,0,0,0,180.265,0,0,69.946,0
-2,5/30/50,10:02,nan,nan,nan,0,0,0,142.827,0,0,0,0,0,0,50.754,0,0,5.572,0,0,78.743,0
-2,5/30/50,10:03,nan,nan,nan,0,0,0,94.293,0,0,0,0,0,0,168.95,0,0,10.262,0,0,0,0
-2,5/30/50,10:04,nan,nan,nan,0,0,0,22.362,0,0,0,0,0,0,0,0,0,0,0,0,0,0
-2,5/30/50,10:05,nan,nan,nan,0,0,0,20.874,0,0,0,0,0,0,0,0,0,127.98,0,0,0,0
-2,5/30/50,10:06,nan,nan,nan,0,0,0,24.232,0,0,0,0,0,0,0,0,0,163.621,0,0,0,0
-2,5/30/50,10:07,nan,nan,nan,0,0,0,0,0,0,0,0,0,0,0,0,0,200.817,0,0,0,0
-2,5/30/50,10:08,nan,nan,nan,0,0,0,0,0,0,0,0,0,0,0,0,0,70.471,0,0,0,0
-2,5/30/50,10:09,nan,nan,nan,0,0,0,0,0,0,0,0,0,0,0,0,0,0,0,0,0,0
-2,5/30/50,10:10,nan,nan,nan,0,0,0,0,0,0,0,0,0,0,0,0,0,52.824,0,0,0,0
-2,5/30/50,10:11,nan,nan,nan,0,0,0,12.109,0,0,0,0,0,0,0,0,0,49.633,0,0,0,0
-2,5/30/50,10:12,nan,nan,nan,0,0,0,49.139,0,0,0,0,0,0,0,0,0,25.281,0,0,0,0
-2,5/30/50,10:13,nan,nan,nan,0,0,0,17.387,0,0,0,0,0,0,0,0,0,189.001,0,0,0,0
-2,5/30/50,10:14,nan,nan,nan,0,0,0,107.102,0,0,0,0,0,0,0,0,0,139.927,0,0,0,0
-2,5/30/50,10:15,nan,nan,nan,0,0,0,74.903,0,0,0,0,0,0,0,0,0,235.398,0,0,0,0
-2,5/30/50,10:16,nan,nan,nan,0,0,0,0,0,0,0,0,0,0,0,0,0,184.499,0,0,0,0
-2,5/30/50,10:17,nan,nan,nan,0,0,0,5.026,0,0,0,0,0,0,0,0,0,0,0,0,0,0
-2,5/30/50,10:18,nan,nan,nan,0,0,0,155.796,0,0,0,0,0,0,0,0,0,80.161,0,0,0,0
-2,5/30/50,10:19,nan,nan,nan,0,0,0,0,0,0,0,0,0,0,0,0,0,194.959,74.718,0,0,0
-2,5/30/50,10:20,nan,nan,nan,0,0,0,0,0,0,0,0,0,0,0,0,0,246.656,0,0,0,0
-2,5/30/50,10:21,nan,nan,nan,0,0,0,0,0,0,0,0,0,0,0,0,0,231.876,0,0,0,0
-2,5/30/50,10:22,nan,nan,nan,0,0,0,0,0,0,0,0,0,0,0,0,0,17.126,0,0,0,0
-2,5/30/50,10:23,nan,nan,nan,0,0,0,0,0,0,0,0,0,0,0,0,0,0,0,0,0,0
-2,5/30/50,10:24,nan,nan,nan,0,0,0,0,0,0,0,0,0,0,0,0,0,0,0,0,0,0
-2,5/30/50,10:25,nan,nan,nan,0,0,0,0,0,0,0,0,0,0,0,0,0,50.583,0,0,0,0
-2,5/30/50,10:26,nan,nan,nan,0,0,0,0,0,0,0,0,0,0,0,0,0,177.262,0,0,0,0
-2,5/30/50,10:27,nan,nan,nan,0,0,0,0,0,0,0,0,0,0,0,0,0,172.031,0,0,0,0
-2,5/30/50,10:28,nan,nan,nan,0,0,0,0,0,0,0,0,0,0,0,0,0,63.653,0,0,0,0
-2,5/30/50,10:29,nan,nan,nan,0,0,0,0,0,0,0,0,0,0,0,0,0,0,0,0,0,0
-2,5/30/50,10:30,nan,nan,nan,0,0,0,0,0,0,0,0,0,0,0,0,0,0,0,0,0,0
-2,5/30/50,10:31,nan,nan,nan,0,0,0,0,0,0,0,0,0,0,0,0,0,0,0,0,0,0
-2,5/30/50,10:32,nan,nan,nan,0,0,0,0,0,0,0,0,0,0,0,0,0,0,0,0,0,0
-2,5/30/50,10:33,nan,nan,nan,0,0,0,0,0,0,0,0,0,0,0,0,0,0,0,0,0,0
-2,5/30/50,10:34,nan,nan,nan,0,0,0,0,0,0,0,0,0,0,0,0,0,0,0,0,0,0
-2,5/30/50,10:35,nan,nan,nan,0,0,0,0,0,0,0,0,0,0,0,0,0,0,0,0,0,0
-2,5/30/50,10:36,nan,nan,nan,0,0,0,0,0,0,0,0,0,0,0,0,0,0,0,0,0,0
-2,5/30/50,10:37,nan,nan,nan,0,0,0,0,0,0,0,0,0,0,0,0,0,0,0,0,0,0
-2,5/30/50,10:38,nan,nan,nan,0,0,0,0,0,0,0,0,0,0,0,0,0,0,0,0,0,0
-2,5/30/50,10:39,nan,nan,nan,0,0,0,0,0,0,0,0,0,0,0,0,0,0,0,0,0,0
-2,5/30/50,10:40,nan,nan,nan,0,0,0,0,0,0,0,0,0,0,0,0,0,0,0,0,0,0
-2,5/30/50,10:41,nan,nan,nan,0,0,0,0,0,0,0,0,0,0,0,0,0,0,0,0,0,0
-2,5/30/50,10:42,nan,nan,nan,0,0,0,0,0,0,0,0,0,0,0,0,0,0,0,0,0,0
-2,5/30/50,10:43,nan,nan,nan,0,0,0,0,0,0,0,0,0,0,0,0,0,0,0,32.213,0,0
-2,5/30/50,10:44,nan,nan,nan,0,0,0,0,0,0,0,0,0,0,0,0,0,0,0,97.941,0,0
-2,5/30/50,10:45,nan,nan,nan,0,0,0,0,0,0,0,0,0,0,0,0,0,0,0,48.306,0,0
-2,5/30/50,10:46,nan,nan,nan,0,0,0,0,0,0,0,0,0,0,0,0,131.566,0,0,15.81,0,0
-2,5/30/50,10:47,nan,nan,nan,0,0,20.748,0,0,0,0,0,0,0,0,0,168.474,0,0,49.966,0,0
-2,5/30/50,10:48,nan,nan,nan,0,0,120.455,0,0,0,0,0,0,0,0,0,102.937,0,0,0,0,0
-2,5/30/50,10:49,nan,nan,nan,0,0,53.429,0,0,0,0,0,0,0,0,0,35.022,0,0,0,0,0
-2,5/30/50,10:50,nan,nan,nan,0,0,134.983,0,0,0,0,0,0,0,0,0,0,0,0,0,0,0
-2,5/30/50,10:51,nan,nan,nan,0,0,0,0,0,0,0,0,0,0,0,0,0,0,0,9.29,0,0
-2,5/30/50,10:52,nan,nan,nan,0,0,31.369,0,0,0,0,0,0,0,0,0,0,0,0,61.843,0,0
-2,5/30/50,10:53,nan,nan,nan,0,0,60.749,0,0,0,0,0,0,0,0,0,89.38,0,0,27.641,0,0
-2,5/30/50,10:54,nan,nan,nan,0,0,47.666,0,0,0,0,0,0,0,0,0,55.471,0,0,31.337,0,0
-2,5/30/50,10:55,nan,nan,nan,0,0,33.103,0,0,0,0,0,0,0,0,0,0,0,0,82.801,0,0
-2,5/30/50,10:56,nan,nan,nan,0,0,0,0,0,0,0,0,0,0,nan,nan,nan,nan,0,129.866,0,0
-2,5/30/50,10:57,nan,nan,nan,0,0,0,0,0,0,0,0,0,0,nan,nan,nan,nan,0,138.872,0,0
-2,5/30/50,10:58,nan,nan,nan,0,0,0,0,0,0,0,0,0,0,nan,nan,nan,nan,0,105.268,0,0
-2,5/30/50,10:59,nan,nan,nan,0,0,0,0,0,0,0,0,0,0,nan,nan,nan,nan,0,105.312,0,0
-2,5/30/50,11:00,nan,nan,nan,0,0,0,0,0,0,0,3.095,0,0,nan,nan,nan,nan,0,0,0,0
-2,5/30/50,11:01,nan,nan,nan,0,0,0,0,0,0,0,28.19,0,0,nan,nan,nan,nan,0,28.824,0,0
-2,5/30/50,11:02,nan,nan,nan,0,0,0,0,0,0,0,118.599,0,0,nan,nan,nan,nan,0,104.562,0,0
-2,5/30/50,11:03,nan,nan,nan,0,0,0,0,0,0,0,4.824,0,0,nan,nan,nan,nan,0,153.474,0,0
-2,5/30/50,11:04,nan,nan,nan,0,0,0,0,0,0,0,61.409,0,0,nan,nan,nan,nan,0,109.101,0,0
-2,5/30/50,11:05,nan,nan,nan,0,0,0,0,0,0,0,20.665,0,0,nan,nan,nan,nan,0,37.786,0,0
-2,5/30/50,11:06,nan,nan,nan,151.111,0,0,0,0,0,0,82.43,0,0,nan,nan,nan,nan,0,13.461,0,0
-2,5/30/50,11:07,nan,nan,nan,25.429,0,0,0,0,0,0,94.225,0,0,nan,nan,nan,nan,0,50.047,0,0
-2,5/30/50,11:08,nan,nan,nan,0,0,0,0,0,0,0,27.963,0,0,nan,nan,nan,nan,0,58.957,0,0
-2,5/30/50,11:09,nan,nan,nan,0,0,0,0,0,0,0,76.249,0,0,nan,nan,nan,nan,0,0,0,0
-2,5/30/50,11:10,nan,nan,nan,0,0,0,0,0,0,0,33.202,0,0,nan,nan,nan,nan,0,0,0,0
-2,5/30/50,11:11,nan,nan,nan,0,0,0,0,0,0,0,18.022,0,0,nan,nan,nan,nan,0,0,0,0
-2,5/30/50,11:12,nan,nan,nan,0,0,0,0,0,0,0,90.771,0,0,nan,nan,nan,nan,0,0,0,0
-2,5/30/50,11:13,nan,nan,nan,0,0,0,0,0,0,0,109.051,0,0,nan,nan,nan,nan,0,0,0,0
-2,5/30/50,11:14,nan,nan,nan,0,0,0,0,0,0,0,31.585,0,0,nan,nan,nan,nan,0,0,0,0
-2,5/30/50,11:15,nan,nan,nan,0,0,0,0,10.022,0,0,91.869,0,0,nan,nan,nan,nan,0,0,0,0
-2,5/30/50,11:16,nan,nan,nan,0,0,0,0,60.092,0,0,64.805,0,34.879,nan,nan,nan,nan,0,0,0,0
-2,5/30/50,11:17,nan,nan,nan,0,0,0,0,0,0,0,207.318,0,135.717,nan,nan,nan,nan,0,0,0,0
-2,5/30/50,11:18,nan,nan,nan,0,0,0,0,0,0,0,211.277,0,63.928,nan,nan,nan,nan,0,0,0,0
-2,5/30/50,11:19,nan,nan,nan,0,0,0,0,0,0,0,48.694,0,142.452,nan,nan,nan,nan,0,0,0,0
-2,5/30/50,11:20,nan,nan,nan,0,0,0,0,0,0,0,51.784,0,0,nan,nan,nan,nan,0,0,0,0
-2,5/30/50,11:21,nan,nan,nan,0,0,0,0,0,0,0,81.625,0,0,nan,nan,nan,nan,0,0,0,0
-2,5/30/50,11:22,nan,nan,nan,0,0,0,0,0,0,0,150.287,0,0,nan,nan,nan,nan,0,0,0,0
-2,5/30/50,11:23,nan,nan,nan,0,0,0,0,0,0,29.501,15.499,0,0,nan,nan,nan,nan,0,0,0,0
-2,5/30/50,11:24,nan,nan,nan,0,0,0,0,0,0,67.583,12.327,0,0,nan,nan,nan,nan,0,0,0,0
-2,5/30/50,11:25,nan,nan,nan,0,0,0,0,0,0,9.696,34.774,0,0,nan,nan,nan,nan,0,0,0,0
-2,5/30/50,11:26,nan,nan,nan,0,0,0,0,0,0,12.589,135.575,0,0,nan,nan,nan,nan,0,0,0,0
-2,5/30/50,11:27,nan,nan,nan,0,0,0,0,0,0,14.316,201.53,0,104.265,nan,nan,nan,nan,0,0,0,0
-2,5/30/50,11:28,nan,nan,nan,0,0,0,0,0,0,118.157,57.342,0,145.244,nan,nan,nan,nan,0,0,0,0
-2,5/30/50,11:29,nan,nan,nan,0,0,0,0,0,0,150.993,0,0,89.216,nan,nan,nan,nan,0,0,0,0
-2,5/30/50,11:30,nan,nan,nan,0,0,0,0,0,0,85.052,0,0,0,0,0,122.564,164.11,0,0,0,0
-2,5/30/50,11:31,nan,nan,nan,0,0,0,0,0,0,154.209,0,0,0,0,0,0,293.725,0,0,0,0
-2,5/30/50,11:32,nan,nan,nan,0,0,0,0,0,0,13.152,0,0,0,0,0,118.901,210.398,0,0,0,0
-2,5/30/50,11:33,nan,nan,nan,0,0,0,0,0,0,0,0,0,62.687,0,0,170.526,130.066,0,0,0,0
-2,5/30/50,11:34,nan,nan,nan,0,0,0,0,0,0,0,0,0,119.107,0,0,96.722,55.847,0,0,0,0
-2,5/30/50,11:35,nan,nan,nan,0,0,0,0,0,0,0,0,0,69.031,0,0,107.88,196.512,0,0,0,0
-2,5/30/50,11:36,nan,nan,nan,0,0,0,0,0,0,0,0,0,26.353,0,0,120.56,249.421,0,0,0,0
-2,5/30/50,11:37,nan,nan,nan,0,0,0,0,0,0,29.765,0,0,0,0,0,0,81.312,0,0,0,0
-2,5/30/50,11:38,nan,nan,nan,0,0,0,0,0,0,11.827,0,0,0,nan,nan,nan,nan,0,0,0,0
-2,5/30/50,11:39,nan,nan,nan,0,0,0,0,0,0,14.007,0,0,0,0,0,0,227.798,0,0,0,0
-2,5/30/50,11:40,nan,nan,nan,0,0,0,0,0,0,10.473,0,0,0,0,0,0,255.958,0,0,0,0
-2,5/30/50,11:41,nan,nan,nan,0,0,0,0,0,0,35.483,0,0,0,0,0,0,285.858,0,0,0,0
-2,5/30/50,11:42,nan,nan,nan,0,0,0,0,0,0,0,0,0,0,0,0,0,313.629,0,0,0,0
-2,5/30/50,11:43,nan,nan,nan,0,0,0,0,0,0,0,0,0,0,0,0,0,323.448,0,0,0,0
-2,5/30/50,11:44,nan,nan,nan,0,0,0,0,0,0,0,0,0,0,0,0,0,231.458,0,0,0,0
-2,5/30/50,11:45,nan,nan,nan,0,0,0,0,0,0,0,0,0,0,0,0,0,262.768,0,0,0,0
-2,5/30/50,11:46,nan,nan,nan,0,0,0,0,0,0,0,0,0,0,0,0,0,143.426,0,0,0,0
-2,5/30/50,11:47,nan,nan,nan,0,0,0,0,0,0,0,0,0,0,0,0,0,247.471,0,0,0,0
-2,5/30/50,11:48,nan,nan,nan,0,0,0,0,0,0,0,0,0,0,0,0,0,234.955,0,0,0,0
-2,5/30/50,11:49,nan,nan,nan,0,0,0,0,0,0,0,0,0,0,0,0,0,265.539,0,0,0,0
-2,5/30/50,11:50,nan,nan,nan,0,0,0,0,0,0,0,0,0,0,0,0,0,303.743,0,0,0,0
-2,5/30/50,11:51,nan,nan,nan,0,0,0,0,0,0,0,0,0,0,0,0,0,84.966,0,0,0,0
-2,5/30/50,11:52,nan,nan,nan,0,100.189,25.872,0,0,0,0,0,0,0,0,0,0,216.453,0,0,0,0
-2,5/30/50,11:53,nan,nan,nan,0,143.115,0,0,0,0,0,0,0,0,0,0,0,275.202,0,0,0,0
-2,5/30/50,11:54,nan,nan,nan,0,137.151,0,0,0,0,0,0,0,0,0,0,0,265.632,0,0,0,0
-2,5/30/50,11:55,nan,nan,nan,0,138.127,110.302,0,0,0,0,0,0,0,0,0,0,218.887,0,0,0,0
-2,5/30/50,11:56,nan,nan,nan,0,128.889,0,0,0,0,0,0,0,0,0,0,0,235.582,0,0,0,0
-2,5/30/50,11:57,nan,nan,nan,0,146.09,0,1.463,0,0,0,0,0,0,0,0,0,44.663,0,0,0,0
-2,5/30/50,11:58,nan,nan,nan,0,126.176,0,0,0,0,0,0,0,0,0,0,0,194.136,0,0,0,0
-2,5/30/50,11:59,nan,nan,nan,0,96.651,0,0,0,0,0,0,0,0,0,0,0,109.093,0,0,0,0
-2,5/30/50,12:00,nan,nan,nan,0,102.673,0,0,0,0,0,0,0,0,0,0,0,204.798,0,0,0,0
-2,5/30/50,12:01,nan,nan,nan,0,140.806,0,0,0,0,0,0,0,0,0,0,0,266.983,0,0,0,0
-2,5/30/50,12:02,nan,nan,nan,0,45.202,0,0,0,0,0,0,0,0,0,0,0,42.668,0,0,0,0
-2,5/30/50,12:03,nan,nan,nan,0,0,0,0,0,0,0,0,0,0,0,0,0,42.262,0,0,0,0
-2,5/30/50,12:04,nan,nan,nan,0,0,0,0,0,0,0,0,0,0,0,0,0,0,0,0,0,0
-2,5/30/50,12:05,nan,nan,nan,0,0,0,0,0,0,0,0,0,0,0,0,0,0,0,0,0,0
-2,5/30/50,12:06,nan,nan,nan,0,0,0,0,0,0,0,0,0,0,0,0,0,0,0,0,0,0
-2,5/30/50,12:07,nan,nan,nan,0,0,0,0,0,0,0,0,0,0,0,0,0,0,0,0,0,0
-2,5/30/50,12:08,nan,nan,nan,0,0,0,0,0,0,0,0,0,0,0,0,0,0,0,0,0,0
-2,5/30/50,12:09,nan,nan,nan,0,0,0,0,0,0,0,0,0,0,0,0,0,0,0,0,0,0
-2,5/30/50,12:10,nan,nan,nan,0,0,0,0,0,0,0,0,0,0,0,0,0,0,0,0,0,0
-2,5/30/50,12:11,nan,nan,nan,0,0,0,0,0,0,0,0,0,0,0,0,0,0,0,0,0,0
-2,5/30/50,12:12,nan,nan,nan,0,0,0,0,0,0,0,0,0,0,0,0,0,0,0,0,0,0
-2,5/30/50,12:13,nan,nan,nan,0,0,0,0,0,0,0,0,0,0,0,0,0,0,0,0,0,0
-2,5/30/50,12:14,nan,nan,nan,0,0,0,0,0,0,0,0,0,0,0,0,0,0,0,0,0,0
-2,5/30/50,12:15,nan,nan,nan,0,0,0,0,0,0,0,0,0,0,0,0,0,0,0,0,0,0
-2,5/30/50,12:16,nan,nan,nan,0,0,0,0,0,0,0,0,0,0,0,0,0,0,0,0,0,0
-2,5/30/50,12:17,nan,nan,nan,0,0,0,0,0,0,0,0,0,0,0,0,0,0,0,0,0,0
-2,5/30/50,12:18,nan,nan,nan,0,0,0,0,0,0,0,0,0,0,0,0,0,0,0,0,0,0
-2,5/30/50,12:19,nan,nan,nan,0,0,0,0,0,0,0,0,0,0,0,0,0,0,0,0,0,0
-2,5/30/50,12:20,nan,nan,nan,0,0,0,0,0,0,0,0,0,0,0,0,0,0,0,0,0,0
-2,5/30/50,12:21,nan,nan,nan,0,0,0,0,0,0,0,0,0,0,0,0,0,0,0,0,0,0
-2,5/30/50,12:22,nan,nan,nan,0,0,0,0,0,0,0,0,0,0,0,0,0,0,0,0,0,0
-2,5/30/50,12:23,nan,nan,nan,0,0,0,0,0,0,0,0,0,0,0,0,0,0,0,0,0,0
-2,5/30/50,12:24,nan,nan,nan,0,0,0,0,0,0,0,0,0,0,0,0,0,0,0,0,0,0
-2,5/30/50,12:25,nan,nan,nan,0,0,0,0,0,0,0,0,0,0,0,0,0,0,0,0,0,0
-2,5/30/50,12:26,nan,nan,nan,0,0,0,0,0,0,0,0,0,0,0,0,0,0,0,0,0,0
-2,5/30/50,12:27,nan,nan,nan,0,0,0,0,0,0,0,0,0,0,0,0,0,0,0,0,0,0
-2,5/30/50,12:28,nan,nan,nan,0,0,0,0,0,0,0,0,0,0,0,0,0,0,0,0,0,0
-2,5/30/50,12:29,nan,nan,nan,0,0,0,0,0,0,0,0,0,0,0,0,0,0,0,0,0,0
-2,5/30/50,12:30,nan,nan,nan,0,0,0,0,0,53.978,0,0,0,0,0,0,0,0,0,0,0,0
-2,5/30/50,12:31,nan,nan,nan,0,0,0,0,0,31.296,0,0,0,0,0,0,0,0,0,0,0,0
-2,5/30/50,12:32,nan,nan,nan,0,0,0,0,0,0,0,0,0,0,0,0,0,0,0,0,0,0
-2,5/30/50,12:33,nan,nan,nan,0,0,0,0,0,0,0,0,0,0,0,0,0,0,0,0,0,0
-2,5/30/50,12:34,nan,nan,nan,0,0,0,0,0,15.294,0,0,0,0,0,0,0,0,0,0,0,0
-2,5/30/50,12:35,nan,nan,nan,0,0,0,0,0,0,0,0,0,0,0,0,0,0,0,0,72.479,0
-2,5/30/50,12:36,nan,nan,nan,0,0,0,0,0,49.819,0,0,0,0,0,0,0,0,0,0,118.915,0
-2,5/30/50,12:37,nan,nan,nan,0,0,0,0,0,29.575,0,0,0,0,0,0,0,0,0,0,20.229,0
-2,5/30/50,12:38,nan,nan,nan,0,0,0,0,0,96.876,0,0,0,0,0,0,0,0,0,0,50.432,0
-2,5/30/50,12:39,nan,nan,nan,0,0,0,0,0,0,0,0,0,0,0,0,0,0,0,0,114.261,0
-2,5/30/50,12:40,nan,nan,nan,0,0,0,0,0,0,0,0,0,0,0,0,0,0,0,0,0,0
-2,5/30/50,12:41,nan,nan,nan,0,0,0,0,0,66.51,0,0,76.937,0,30.518,0,0,0,0,0,67.076,0
-2,5/30/50,12:42,nan,nan,nan,0,0,0,0,0,71.895,0,0,0,0,123.589,0,0,0,0,0,33.857,0
-2,5/30/50,12:43,nan,nan,nan,0,0,0,0,0,185.679,0,0,0,0,113.849,0,0,0,0,0,0,0
-2,5/30/50,12:44,nan,nan,nan,0,0,0,0,0,55.91,0,0,0,0,179.369,0,0,0,0,0,0,0
-2,5/30/50,12:45,nan,nan,nan,0,0,0,0,0,0,0,0,0,0,113.608,0,0,0,0,0,0,0
-2,5/30/50,12:46,nan,nan,nan,0,0,0,0,0,0,0,0,0,0,126.83,0,0,0,0,0,0,0
-2,5/30/50,12:47,nan,nan,nan,0,0,0,0,0,0,0,0,0,0,133.819,0,0,0,0,0,0,0
-2,5/30/50,12:48,nan,nan,nan,0,0,0,0,0,22.981,0,0,0,0,127.442,0,0,0,0,0,0,0
-2,5/30/50,12:49,nan,nan,nan,0,0,0,0,0,298.18,0,0,0,0,178.712,0,0,0,0,0,0,0
-2,5/30/50,12:50,nan,nan,nan,0,0,0,0,0,336.9,0,0,0,0,69.944,0,0,0,0,0,0,0
-2,5/30/50,12:51,nan,nan,nan,0,0,0,0,0,326.252,0,0,0,0,140.719,0,0,0,0,0,0,0
-2,5/30/50,12:52,nan,nan,nan,0,0,0,0,0,326.955,0,0,0,0,104.115,0,0,0,0,0,0,0
-2,5/30/50,12:53,nan,nan,nan,0,0,0,0,0,467.594,0,0,0,0,235.376,0,0,0,0,0,0,0
-2,5/30/50,12:54,nan,nan,nan,0,0,0,0,0,18.402,0,0,0,0,222.714,0,0,0,0,0,0,0
-2,5/30/50,12:55,nan,nan,nan,0,0,0,0,0,95.168,0,0,0,0,149.818,0,0,0,0,0,0,0
-2,5/30/50,12:56,nan,nan,nan,0,0,0,0,0,252.89,0,0,0,0,114.573,0,0,0,0,0,0,0
-2,5/30/50,12:57,nan,nan,nan,0,0,0,0,0,55.797,0,0,0,0,139.18,0,0,0,0,0,0,0
-2,5/30/50,12:58,nan,nan,nan,0,0,0,0,0,0,0,0,0,0,65.513,0,0,0,0,0,0,0
-2,5/30/50,12:59,nan,nan,nan,0,0,0,0,0,0,0,0,0,0,139.751,0,0,0,0,0,0,0
-2,5/30/50,13:00,nan,nan,nan,0,0,0,0,0,26.888,0,0,0,0,141.114,0,0,0,0,0,0,0
-2,5/30/50,13:01,nan,nan,nan,0,0,0,0,0,29.396,0,0,0,0,131.488,0,0,0,0,0,0,0
-2,5/30/50,13:02,nan,nan,nan,0,0,0,0,0,238.554,0,0,0,0,130.897,0,0,0,0,0,0,0
-2,5/30/50,13:03,nan,nan,nan,0,0,0,0,0,148.686,0,0,0,0,104.256,0,0,0,0,0,0,0
-2,5/30/50,13:04,nan,nan,nan,0,0,0,0,0,318.915,0,0,0,0,0,0,0,0,0,0,0,0
-2,5/30/50,13:05,nan,nan,nan,0,0,0,0,0,357.11,0,0,0,0,0,0,0,0,0,0,0,0
-2,5/30/50,13:06,nan,nan,nan,0,0,0,0,0,39.676,0,0,0,0,46.748,0,0,0,0,0,0,0
-2,5/30/50,13:07,nan,nan,nan,0,0,0,0,0,0,0,0,0,0,0,0,0,0,0,0,0,0
-2,5/30/50,13:08,nan,nan,nan,0,0,0,0,0,38.029,0,0,0,0,0,0,0,0,0,0,0,0
-2,5/30/50,13:09,nan,nan,nan,0,0,0,0,0,30.256,0,0,0,0,0,0,0,0,0,0,0,0
-2,5/30/50,13:10,nan,nan,nan,0,0,0,0,0,0,0,0,0,0,0,0,0,0,0,0,0,0
-2,5/30/50,13:11,nan,nan,nan,0,0,0,0,0,0,0,0,0,0,0,0,0,0,0,0,0,0
-2,5/30/50,13:12,nan,nan,nan,0,0,0,0,0,0,0,0,0,0,0,0,0,0,0,0,0,0
-2,5/30/50,13:13,nan,nan,nan,0,0,0,0,0,27.93,0,0,0,0,0,0,0,0,0,0,0,0
-2,5/30/50,13:14,nan,nan,nan,0,0,0,0,0,28.746,0,0,0,0,0,0,0,0,0,0,0,0
-2,5/30/50,13:15,nan,nan,nan,0,0,0,0,0,140.157,0,0,0,0,0,0,0,0,0,0,0,0
-2,5/30/50,13:16,nan,nan,nan,0,0,0,0,0,208.019,0,0,0,0,0,0,0,0,0,0,0,0
-2,5/30/50,13:17,nan,nan,nan,0,0,0,0,0,83.78,0,0,0,0,0,0,0,0,0,0,0,0
-2,5/30/50,13:18,nan,nan,nan,0,0,0,0,0,4.474,0,0,0,0,0,0,21.358,0,0,0,0,0
-2,5/30/50,13:19,nan,nan,nan,0,0,0,0,0,0,0,0,0,0,0,0,169.333,0,0,0,0,0
-2,5/30/50,13:20,nan,nan,nan,0,0,0,0,0,0,0,0,0,0,0,0,142.95,0,0,0,0,0
-2,5/30/50,13:21,nan,nan,nan,0,0,0,0,0,0,0,0,0,0,0,0,152.362,0,0,0,0,0
-2,5/30/50,13:22,nan,nan,nan,0,0,0,0,0,0,0,0,0,0,0,0,115.236,0,0,0,0,0
-2,5/30/50,13:23,nan,nan,nan,0,0,0,0,0,0,0,0,0,0,0,0,158.928,0,0,0,0,0
-2,5/30/50,13:24,nan,nan,nan,0,0,0,0,0,0,0,0,0,0,0,0,184.65,0,0,0,0,0
-2,5/30/50,13:25,nan,nan,nan,0,0,0,0,0,0,0,0,0,0,0,0,159.047,0,0,0,0,0
-2,5/30/50,13:26,nan,nan,nan,0,0,0,0,0,0,0,0,0,0,0,0,186.899,0,0,0,0,0
-2,5/30/50,13:27,nan,nan,nan,0,0,0,0,0,0,0,0,0,0,0,0,31.832,0,0,0,0,0
-2,5/30/50,13:28,nan,nan,nan,0,0,0,0,0,0,0,0,0,0,0,0,219.658,0,0,0,0,0
-2,5/30/50,13:29,nan,nan,nan,0,0,0,0,0,0,0,0,0,0,0,0,196.573,0,0,0,0,0
-2,5/30/50,13:30,nan,nan,nan,0,33.425,0,0,0,0,0,0,0,0,0,0,77.135,0,0,0,0,0
-2,5/30/50,13:31,nan,nan,nan,0,68.977,0,0,0,0,0,0,0,0,0,75.201,19.338,0,0,0,0,0
-2,5/30/50,13:32,nan,nan,nan,0,155.778,0,0,0,0,0,0,0,0,0,8.807,88.166,0,0,0,0,0
-2,5/30/50,13:33,nan,nan,nan,0,48.198,0,0,0,0,0,0,0,0,0,38.566,0,0,0,0,0,0
-2,5/30/50,13:34,nan,nan,nan,0,136.222,0,0,0,0,0,0,0,0,0,127.343,0,0,0,0,0,0
-2,5/30/50,13:35,nan,nan,nan,0,118.948,0,0,0,0,0,0,0,0,0,161.78,0,0,0,0,0,0
-2,5/30/50,13:36,nan,nan,nan,0,75.707,0,0,0,0,0,0,0,0,0,157.228,0,0,0,0,0,0
-2,5/30/50,13:37,nan,nan,nan,0,70.95,0,0,0,0,0,0,0,0,0,71.409,0,0,0,0,0,0
-2,5/30/50,13:38,nan,nan,nan,0,133.173,0,0,0,0,0,0,0,0,0,26.405,0,0,0,0,0,0
-2,5/30/50,13:39,nan,nan,nan,0,0,0,0,0,0,0,0,0,0,0,91.575,0,0,0,0,0,0
-2,5/30/50,13:40,nan,nan,nan,0,20.472,0,0,0,0,0,0,0,0,0,147.292,0,0,0,0,0,0
-2,5/30/50,13:41,nan,nan,nan,0,90.643,0,0,0,0,0,0,0,0,0,66.141,0,0,0,0,0,0
-2,5/30/50,13:42,nan,nan,nan,0,0,0,0,0,0,0,0,0,0,0,173.798,0,0,0,0,0,0
-2,5/30/50,13:43,nan,nan,nan,0,0,0,0,0,0,0,0,0,0,0,166.217,0,0,0,0,0,0
-2,5/30/50,13:44,nan,nan,nan,0,0,0,0,0,0,0,0,0,0,0,150.866,0,0,0,0,0,0
-2,5/30/50,13:45,nan,nan,nan,nan,nan,nan,nan,0,0,0,0,0,0,0,37.922,0,0,0,0,0,0
-2,5/30/50,13:46,nan,nan,nan,nan,nan,nan,nan,0,0,0,0,0,0,0,56.41,0,0,0,0,0,0
-2,5/30/50,13:47,nan,nan,nan,nan,nan,nan,nan,0,0,0,0,0,0,0,91.733,0,0,0,0,0,0
-2,5/30/50,13:48,nan,nan,nan,nan,nan,nan,nan,0,0,0,0,0,0,0,71.048,0,0,0,0,0,0
-2,5/30/50,13:49,nan,nan,nan,nan,nan,nan,nan,0,0,0,0,0,0,0,43.359,0,0,0,0,0,0
-2,5/30/50,13:50,nan,nan,nan,nan,nan,nan,nan,0,0,0,0,0,0,0,97.278,0,0,0,0,0,0
-2,5/30/50,13:51,nan,nan,nan,nan,nan,nan,nan,0,0,0,0,0,0,0,116.353,0,0,0,0,0,0
-2,5/30/50,13:52,nan,nan,nan,nan,nan,nan,nan,0,0,0,0,0,0,0,0,0,0,0,0,0,0
-2,5/30/50,13:53,nan,nan,nan,nan,nan,nan,nan,0,0,0,0,0,0,0,0,0,0,0,0,0,0
-2,5/30/50,13:54,nan,nan,nan,nan,nan,nan,nan,0,0,0,0,0,0,0,0,0,0,0,0,0,0
-2,5/30/50,13:55,nan,nan,nan,nan,nan,nan,nan,0,0,0,0,0,0,0,0,0,43.507,0,0,0,0
-2,5/30/50,13:56,nan,nan,nan,nan,nan,nan,nan,0,0,0,0,0,0,0,0,0,102.839,0,0,0,0
-2,5/30/50,13:57,nan,nan,nan,nan,nan,nan,nan,0,0,0,0,0,0,0,0,0,135.886,0,0,0,0
-2,5/30/50,13:58,nan,nan,nan,nan,nan,nan,nan,0,0,0,0,0,0,0,0,0,123.673,0,0,0,0
-2,5/30/50,13:59,nan,nan,nan,nan,nan,nan,nan,0,0,0,0,0,0,0,0,0,149.731,0,0,0,0
-2,5/30/50,14:00,nan,nan,nan,nan,nan,nan,nan,0,0,0,0,0,0,0,0,0,163.73,0,0,0,0
-2,5/30/50,14:01,nan,nan,nan,nan,nan,nan,nan,0,0,0,0,0,0,0,0,0,149.778,0,0,0,0
-2,5/30/50,14:02,nan,nan,nan,nan,nan,nan,nan,0,0,0,0,0,0,0,0,0,254.725,0,0,0,0
-2,5/30/50,14:03,nan,nan,nan,nan,nan,nan,nan,0,0,0,0,0,0,0,0,0,140.573,0,0,0,0
-2,5/30/50,14:04,nan,nan,nan,nan,nan,nan,nan,0,0,0,0,0,0,0,0,0,44.389,0,0,0,0
-2,5/30/50,14:05,nan,nan,nan,nan,nan,nan,nan,0,0,0,0,0,0,0,0,0,102.36,0,0,0,0
-2,5/30/50,14:06,nan,nan,nan,nan,nan,nan,nan,0,0,0,0,0,0,0,0,0,169.151,0,0,0,0
-2,5/30/50,14:07,nan,nan,nan,nan,nan,nan,nan,0,0,0,0,0,0,0,0,0,237.741,0,0,0,0
-2,5/30/50,14:08,nan,nan,nan,nan,nan,nan,nan,0,0,0,0,0,0,0,0,0,223.274,0,0,1.641,0
-2,5/30/50,14:09,nan,nan,nan,nan,nan,nan,nan,0,0,0,0,0,0,0,0,0,239.843,0,0,32.86,0
-2,5/30/50,14:10,nan,nan,nan,nan,nan,nan,nan,0,0,0,0,0,0,0,0,0,255.287,0,0,64.034,0
-2,5/30/50,14:11,nan,nan,nan,nan,nan,nan,nan,0,0,0,0,0,0,0,0,0,155.394,nan,nan,nan,nan
-2,5/30/50,14:12,nan,nan,nan,nan,nan,nan,nan,0,0,0,0,0,0,0,0,0,110.005,nan,nan,nan,nan
-2,5/30/50,14:13,nan,nan,nan,nan,nan,nan,nan,0,0,0,0,0,0,0,0,0,267.729,nan,nan,nan,nan
-2,5/30/50,14:14,nan,nan,nan,0,0,0,0,0,0,0,0,0,0,0,0,0,41.306,nan,nan,nan,nan
-2,5/30/50,14:15,nan,nan,nan,0,0,0,0,0,0,0,0,0,0,0,0,0,92.341,nan,nan,nan,nan
-2,5/30/50,14:16,nan,nan,nan,0,0,0,0,nan,nan,nan,0,0,0,0,0,0,41.186,nan,nan,nan,nan
-2,5/30/50,14:17,nan,nan,nan,0,0,0,0,nan,nan,nan,0,0,0,0,0,0,93.011,nan,nan,nan,nan
-2,5/30/50,14:18,nan,nan,nan,0,0,0,0,nan,nan,nan,0,0,0,0,0,0,143.617,nan,nan,nan,nan
-2,5/30/50,14:19,nan,nan,nan,5.269,0,0,0,nan,nan,nan,0,0,0,0,0,0,77.775,nan,nan,nan,nan
-2,5/30/50,14:20,nan,nan,nan,42.056,0,0,0,nan,nan,nan,0,0,0,0,0,0,0,nan,nan,nan,nan
-2,5/30/50,14:21,nan,nan,nan,68.118,0,0,0,nan,nan,nan,0,0,0,0,0,0,0,nan,nan,nan,nan
-2,5/30/50,14:22,nan,nan,nan,113.471,0,0,0,nan,nan,nan,0,0,0,0,0,0,0,nan,nan,nan,nan
-2,5/30/50,14:23,nan,nan,nan,66.914,0,0,0,nan,nan,nan,0,0,0,0,0,0,0,nan,nan,nan,nan
-2,5/30/50,14:24,nan,nan,nan,126.638,0,0,0,nan,nan,nan,0,0,0,0,0,0,0,nan,nan,nan,nan
-2,5/30/50,14:25,nan,nan,nan,113.218,0,0,0,nan,nan,nan,0,0,0,0,0,0,0,nan,nan,nan,nan
-2,5/30/50,14:26,nan,nan,nan,105.014,0,0,0,nan,nan,nan,0,0,0,0,0,0,0,nan,nan,nan,nan
-2,5/30/50,14:27,nan,nan,nan,161.067,0,0,0,nan,nan,nan,0,0,0,0,0,0,0,nan,nan,nan,nan
-2,5/30/50,14:28,nan,nan,nan,114.808,0,0,0,nan,nan,nan,0,0,0,0,0,0,0,nan,nan,nan,nan
-2,5/30/50,14:29,nan,nan,nan,93.109,0,0,0,nan,nan,nan,0,0,0,0,0,0,0,nan,nan,nan,nan
-2,5/30/50,14:30,nan,nan,nan,210.415,0,0,0,nan,nan,nan,0,0,0,0,0,0,0,nan,nan,nan,nan
-2,5/30/50,14:31,nan,nan,nan,184.427,0,0,0,nan,nan,nan,0,0,0,0,0,0,0,nan,nan,nan,nan
-2,5/30/50,14:32,nan,nan,nan,167.059,0,0,0,nan,nan,nan,0,0,0,0,0,0,0,nan,nan,nan,nan
-2,5/30/50,14:33,nan,nan,nan,190.693,0,0,0,nan,nan,nan,0,0,0,0,0,0,0,nan,nan,nan,nan
-2,5/30/50,14:34,nan,nan,nan,155.474,0,0,0,nan,nan,nan,0,0,0,0,0,0,0,nan,nan,nan,nan
-2,5/30/50,14:35,nan,nan,nan,0,0,0,0,nan,nan,nan,0,0,0,0,0,0,0,nan,nan,nan,nan
-2,5/30/50,14:36,nan,nan,nan,19.44,0,0,0,nan,nan,nan,0,0,0,0,0,0,0,nan,nan,nan,nan
-2,5/30/50,14:37,nan,nan,nan,158.798,0,0,0,nan,nan,nan,0,0,0,0,0,0,0,nan,nan,nan,nan
-2,5/30/50,14:38,nan,nan,nan,120.738,0,0,0,nan,nan,nan,0,0,0,0,0,0,0,nan,nan,nan,nan
-2,5/30/50,14:39,nan,nan,nan,23.283,0,0,0,nan,nan,nan,0,0,0,0,0,0,0,nan,nan,nan,nan
-2,5/30/50,14:40,nan,nan,nan,185.849,0,0,0,nan,nan,nan,0,0,0,0,0,0,0,nan,nan,nan,nan
-2,5/30/50,14:41,nan,nan,nan,132.048,0,0,0,nan,nan,nan,0,0,0,0,0,0,0,nan,nan,nan,nan
-2,5/30/50,14:42,nan,nan,nan,157.583,0,0,0,nan,nan,nan,0,0,0,0,0,0,0,nan,nan,nan,nan
-2,5/30/50,14:43,nan,nan,nan,33.187,0,0,0,nan,nan,nan,0,0,0,0,0,0,0,nan,nan,nan,nan
-2,5/30/50,14:44,nan,nan,nan,23.996,0,0,0,nan,nan,nan,0,0,0,0,0,0,0,nan,nan,nan,nan
-2,5/30/50,14:45,nan,nan,nan,170.621,0,0,0,nan,nan,nan,0,0,0,0,0,0,0,nan,nan,nan,nan
-2,5/30/50,14:46,nan,nan,nan,137.734,0,0,0,nan,nan,nan,0,0,0,0,0,0,0,nan,nan,nan,nan
-2,5/30/50,14:47,nan,nan,nan,74.572,0,0,0,nan,nan,nan,0,0,0,0,0,0,0,nan,nan,nan,nan
-2,5/30/50,14:48,nan,nan,nan,172.778,0,0,0,nan,nan,nan,0,0,0,0,0,0,0,nan,nan,nan,nan
-2,5/30/50,14:49,nan,nan,nan,29.807,0,0,0,nan,nan,nan,0,0,0,0,0,0,0,nan,nan,nan,nan
-2,5/30/50,14:50,nan,nan,nan,117.404,0,0,0,nan,nan,nan,0,0,0,0,0,0,0,nan,nan,nan,nan
-2,5/30/50,14:51,nan,nan,nan,141.403,0,0,0,nan,nan,nan,0,0,0,0,0,0,0,nan,nan,nan,nan
-2,5/30/50,14:52,nan,nan,nan,136.696,0,0,0,nan,nan,nan,0,0,0,0,0,0,0,nan,nan,nan,nan
-2,5/30/50,14:53,nan,nan,nan,132.33,0,0,0,nan,nan,nan,0,0,0,0,0,0,0,nan,nan,nan,nan
-2,5/30/50,14:54,nan,nan,nan,45.856,0,0,0,nan,nan,nan,0,0,0,0,0,0,0,nan,nan,nan,nan
-2,5/30/50,14:55,nan,nan,nan,44.175,0,0,0,nan,nan,nan,0,0,0,0,0,0,0,nan,nan,nan,nan
-2,5/30/50,14:56,nan,nan,nan,140.309,0,0,0,nan,nan,nan,0,0,0,0,0,0,0,nan,nan,nan,nan
-2,5/30/50,14:57,nan,nan,nan,109.706,0,0,0,nan,nan,nan,0,0,0,0,0,0,0,nan,nan,nan,nan
-2,5/30/50,14:58,nan,nan,nan,14.086,0,0,0,nan,nan,nan,0,0,0,0,0,0,0,nan,nan,nan,nan
-2,5/30/50,14:59,nan,nan,nan,151.162,0,0,0,nan,nan,nan,0,0,0,0,0,0,0,nan,nan,nan,nan
-2,5/30/50,15:00,nan,nan,nan,61.527,0,0,0,nan,nan,nan,0,0,0,0,0,0,0,nan,nan,nan,nan
-2,5/30/50,15:01,nan,nan,nan,0,0,0,0,nan,nan,nan,0,0,0,0,0,0,0,nan,nan,nan,nan
-2,5/30/50,15:02,nan,nan,nan,0,0,0,0,nan,nan,nan,0,0,0,0,0,0,0,nan,nan,nan,nan
-2,5/30/50,15:03,nan,nan,nan,0,0,0,0,nan,nan,nan,0,0,0,0,0,0,0,nan,nan,nan,nan
-2,5/30/50,15:04,nan,nan,nan,0,0,0,0,nan,nan,nan,0,0,0,0,0,0,0,nan,nan,nan,nan
-2,5/30/50,15:05,nan,nan,nan,0,0,0,0,nan,nan,nan,0,0,0,0,0,0,0,0,0,0,0
-2,5/30/50,15:06,0,0,0,0,0,0,0,nan,nan,nan,0,0,0,0,0,0,0,0,0,0,0
-2,5/30/50,15:07,0,33.502,0,0,0,0,0,nan,nan,nan,0,0,0,0,0,0,0,0,0,0,0
-2,5/30/50,15:08,0,51.853,0,0,0,0,0,nan,nan,nan,0,0,0,0,0,0,0,0,0,0,0
-2,5/30/50,15:09,0,173.049,0,0,0,0,0,nan,nan,nan,0,0,0,0,0,0,0,0,0,0,0
-2,5/30/50,15:10,0,167.077,0,0,0,0,0,nan,nan,nan,0,0,0,0,0,0,0,0,0,0,0
-2,5/30/50,15:11,0,108.535,0,0,0,0,0,nan,nan,nan,0,0,0,0,0,0,0,0,0,0,0
-2,5/30/50,15:12,0,151.842,0,0,0,0,0,nan,nan,nan,0,0,0,0,0,0,0,0,0,0,0
-2,5/30/50,15:13,51.233,162.589,0,0,0,0,0,nan,nan,nan,0,0,0,0,0,0,0,0,0,0,0
-2,5/30/50,15:14,2.662,58.347,0,0,0,0,0,nan,nan,nan,0,0,0,0,0,0,0,0,0,0,0
-2,5/30/50,15:15,0,187.559,0,0,0,0,0,nan,nan,nan,0,0,0,0,0,0,0,0,0,0,0
-2,5/30/50,15:16,50.68,82.15,0,0,0,0,0,nan,nan,nan,0,0,0,0,0,0,0,0,0,0,0
-2,5/30/50,15:17,0,136.19,0,0,0,0,0,nan,nan,nan,0,0,0,0,0,0,0,0,0,0,0
-2,5/30/50,15:18,175.005,183.61,0,0,0,0,0,nan,nan,nan,0,0,0,0,0,0,0,0,0,0,0
-2,5/30/50,15:19,170.501,168.278,0,0,0,0,0,nan,nan,nan,0,0,0,0,0,0,0,0,0,0,0
-2,5/30/50,15:20,172.552,99.239,0,0,0,0,0,nan,nan,nan,0,0,0,0,0,0,0,0,0,0,0
-2,5/30/50,15:21,167.465,213.627,0,0,0,0,0,nan,nan,nan,0,0,0,0,0,0,0,0,0,0,0
-2,5/30/50,15:22,0,3.179,0,0,0,0,0,nan,nan,nan,0,0,0,0,0,0,0,0,0,0,0
-2,5/30/50,15:23,0,0,0,0,0,0,0,nan,nan,nan,0,0,0,25.814,0,0,0,0,0,0,0
-2,5/30/50,15:24,0,0,0,0,0,0,0,nan,nan,nan,0,0,0,23.053,0,0,0,0,0,0,0
-2,5/30/50,15:25,0,0,0,0,0,0,0,nan,nan,nan,0,0,0,201.746,0,0,0,0,0,0,0
-2,5/30/50,15:26,0,0,0,0,0,0,0,nan,nan,nan,0,0,0,149.676,0,0,0,0,0,0,0
-2,5/30/50,15:27,0,0,0,0,0,0,0,nan,nan,nan,0,0,0,13.33,0,0,0,0,0,0,0
-2,5/30/50,15:28,27.041,0,0,0,0,0,0,nan,nan,nan,0,0,0,39.708,0,0,0,0,0,0,0
-2,5/30/50,15:29,45.287,0,0,0,0,0,0,nan,nan,nan,0,0,0,88.051,0,0,0,0,0,0,0
-2,5/30/50,15:30,123.88,0,0,0,0,0,0,nan,nan,nan,0,0,0,10.669,0,0,0,0,0,0,0
-2,5/30/50,15:31,122.57,0,0,0,0,0,0,27.721,17.371,0,0,0,0,72.174,0,0,0,0,0,0,0
-2,5/30/50,15:32,0,0,0,0,0,0,0,0,20.107,0,0,0,0,101.178,0,0,0,0,0,0,0
-2,5/30/50,15:33,0,0,0,0,0,0,0,58.922,34.87,0,0,0,0,55.357,0,0,0,0,0,0,0
-2,5/30/50,15:34,0,0,0,0,0,0,0,142.44,120.282,0,0,0,0,45.395,0,0,0,0,0,0,0
-2,5/30/50,15:35,168.615,0,0,0,0,0,0,97.542,51.558,0,0,0,0,0,0,0,0,0,0,0,0
-2,5/30/50,15:36,81.467,0,0,0,0,0,0,182.27,13.265,0,0,0,0,0,0,0,0,0,0,0,0
-2,5/30/50,15:37,79.386,0,0,0,0,0,0,155.656,47.519,0,0,0,0,0,0,0,0,0,0,0,0
-2,5/30/50,15:38,66.926,0,0,0,0,0,0,45.908,13.703,0,nan,nan,nan,0,0,0,0,0,0,0,0
-2,5/30/50,15:39,90.958,0,0,0,0,0,0,144.96,84.111,0,nan,nan,nan,0,0,0,0,0,0,0,0
-2,5/30/50,15:40,113.933,0,0,0,0,0,0,111.525,16.755,0,nan,nan,nan,0,0,0,0,0,0,0,0
-2,5/30/50,15:41,78.939,0,0,0,0,0,0,152.905,57.738,0,nan,nan,nan,0,0,0,0,0,0,0,0
-2,5/30/50,15:42,0,0,0,0,0,0,0,0,38.603,0,nan,nan,nan,0,0,0,0,0,0,0,0
-2,5/30/50,15:43,82.704,0,0,0,0,0,0,0,33.096,0,nan,nan,nan,0,0,0,0,0,0,0,0
-2,5/30/50,15:44,133.987,0,0,0,0,0,0,0,110.472,0,nan,nan,nan,0,0,0,0,0,0,0,0
-2,5/30/50,15:45,211.694,0,0,0,0,0,0,0,80.552,0,nan,nan,nan,0,0,0,0,0,0,0,0
-2,5/30/50,15:46,167.617,0,0,0,112.739,0,0,0,67.297,0,nan,nan,nan,0,0,96.592,0,0,0,0,0
-2,5/30/50,15:47,0,0,0,0,170.713,0,0,0,38.618,0,nan,nan,nan,0,0,27.751,0,0,0,0,0
-2,5/30/50,15:48,0,0,0,0,35.481,0,0,0,44.396,0,nan,nan,nan,0,0,92.452,0,0,0,0,0
-2,5/30/50,15:49,0,0,0,0,0,0,0,0,0,0,nan,nan,nan,0,0,136.744,0,0,0,0,0
-2,5/30/50,15:50,0,0,0,0,123.856,0,0,0,0,0,nan,nan,nan,0,0,72.346,0,0,0,0,0
-2,5/30/50,15:51,0,0,0,0,173.525,0,0,0,0,0,nan,nan,nan,0,36.919,160.439,0,0,0,0,0
-2,5/30/50,15:52,0,0,0,0,162.174,0,0,0,0,0,nan,nan,nan,0,7.919,129.488,0,0,0,0,0
-2,5/30/50,15:53,0,0,0,0,53.671,0,0,0,0,0,nan,nan,nan,0,57.084,90.808,28.409,0,0,0,0
-2,5/30/50,15:54,0,0,0,0,162.875,0,0,0,0,0,nan,nan,nan,0,52.556,63.83,0,0,0,0,0
-2,5/30/50,15:55,0,0,0,0,72.636,0,0,0,0,0,nan,nan,nan,0,175.296,131.531,71.136,0,0,0,0
-2,5/30/50,15:56,0,0,0,0,38.564,0,0,0,0,0,nan,nan,nan,0,116.396,127.403,90.215,0,0,0,0
-2,5/30/50,15:57,0,0,0,0,110.273,0,0,0,0,0,nan,nan,nan,0,181.722,154.83,232.159,0,0,0,0
-2,5/30/50,15:58,0,0,0,0,69.407,0,56.797,0,0,0,nan,nan,nan,0,216.812,200.393,183.605,0,0,0,0
-2,5/30/50,15:59,0,0,0,0,207.793,0,159.989,0,0,0,nan,nan,nan,0,140.767,191.874,82.738,0,0,0,0
-2,5/30/50,16:00,0,0,0,0,208.269,0,181.148,0,0,0,nan,nan,nan,0,170.126,133.569,127.221,0,0,0,0
-2,5/30/50,16:01,0,0,17.13,0,47.475,0,176.247,0,0,0,nan,nan,nan,0,232.968,0,156.864,0,0,0,0
-2,5/30/50,16:02,0,0,167.886,0,113.328,0,102.558,0,0,0,nan,nan,nan,0,119.529,0,195.658,0,0,0,0
-2,5/30/50,16:03,0,0,132.046,0,40.352,0,70.305,0,0,0,0,0,0,0,155.995,0,36.909,0,0,0,0
-2,5/30/50,16:04,0,0,88.661,0,0,0,72.364,0,0,0,0,18.548,0,0,97.816,0,36.081,0,0,0,0
-2,5/30/50,16:05,0,0,40.779,0,0,0,28.33,0,0,0,0,94.913,0,0,187.345,0,163.73,0,0,0,0
-2,5/30/50,16:06,0,0,33.014,0,0,0,69.95,0,0,0,0,27.584,0,0,16.79,0,140.303,0,0,0,0
-2,5/30/50,16:07,0,0,97.933,0,0,0,92.779,0,0,0,0,0,0,0,94.567,0,57.448,0,0,0,0
-2,5/30/50,16:08,0,0,86.033,0,0,0,33.889,0,0,0,0,28.543,0,0,119.514,0,0,0,0,0,0
-2,5/30/50,16:09,0,0,88.26,0,0,0,95.066,0,0,0,0,0,0,0,192.938,0,0,0,0,0,0
-2,5/30/50,16:10,0,0,81.818,0,0,0,148.463,0,0,0,0,0,0,0,133.77,0,0,0,0,0,0
-2,5/30/50,16:11,0,0,106.322,0,0,0,31.979,0,0,0,0,60.284,0,0,100.162,0,0,0,0,0,0
-2,5/30/50,16:12,0,0,0,0,0,38.596,65.797,0,0,0,0,159.686,0,0,168.445,0,0,0,0,0,0
-2,5/30/50,16:13,0,0,80.593,0,0,166.397,44.232,0,0,0,0,58.589,0,0,40.888,0,0,0,0,0,0
-2,5/30/50,16:14,0,0,117.287,0,0,148.886,0,0,0,0,0,0,0,0,0,0,0,0,0,0,0
-2,5/30/50,16:15,0,0,23.794,0,0,100.316,0,0,0,0,0,0,0,0,24.034,0,0,0,0,0,0
-2,5/30/50,16:16,0,0,97.137,0,0,50.708,0,0,0,0,0,115.1,0,0,84.182,0,0,0,0,0,0
-2,5/30/50,16:17,0,0,59.582,0,0,46.357,0,0,0,0,0,44.787,0,0,233.322,0,0,0,0,0,0
-2,5/30/50,16:18,0,0,146.274,0,0,94.762,0,0,0,0,0,7.31,0,0,66.406,0,0,0,0,0,0
-2,5/30/50,16:19,0,0,160.023,0,0,60.889,0,0,0,0,0,0,0,0,39.243,0,0,0,0,0,0
-2,5/30/50,16:20,0,0,118.655,0,0,99.684,0,0,0,0,0,0,0,0,0,0,0,0,0,0,0
-2,5/30/50,16:21,0,0,39.23,0,0,79.626,0,0,0,0,0,0,0,0,0,0,0,0,0,0,0
-2,5/30/50,16:22,0,0,23.025,0,0,39.599,0,0,0,0,0,0,0,0,0,0,0,0,0,0,0
-2,5/30/50,16:23,0,0,172.295,0,0,62.594,0,0,0,0,0,0,0,0,0,0,0,0,0,0,0
-2,5/30/50,16:24,0,0,78.963,0,0,79.677,0,0,0,0,0,0,0,0,0,0,0,0,0,0,0
-2,5/30/50,16:25,0,0,91.96,0,0,62.726,0,0,0,0,0,0,0,0,0,0,0,0,0,0,0
-2,5/30/50,16:26,0,0,59.3,0,0,21.582,0,0,0,0,0,0,0,0,0,0,0,0,0,0,0
-2,5/30/50,16:27,0,0,140.341,0,0,50.948,0,0,0,0,0,0,0,0,0,0,0,0,0,0,0
-2,5/30/50,16:28,0,0,0,0,0,60.364,0,0,0,0,0,0,0,0,0,0,0,28.148,0,0,0
-2,5/30/50,16:29,0,0,0,0,0,40.397,0,0,0,0,0,0,0,0,0,0,0,112.055,0,0,0
-2,5/30/50,16:30,0,0,0,0,0,110.486,0,0,0,0,0,0,0,0,0,0,0,147.802,0,0,0
-2,5/30/50,16:31,0,0,43.438,0,0,103.582,0,0,0,0,0,0,0,0,0,0,0,33.366,0,0,0
-2,5/30/50,16:32,0,0,83.565,0,0,121.305,0,0,0,0,0,0,0,0,0,0,0,119.493,0,0,0
-2,5/30/50,16:33,0,0,160.323,0,0,29.513,0,0,0,0,0,0,0,0,0,0,0,39.071,0,0,0
-2,5/30/50,16:34,0,0,112.28,0,0,36.602,0,0,0,0,0,0,0,0,0,0,0,25.451,0,0,0
-2,5/30/50,16:35,0,0,160.392,0,0,20.788,0,0,0,0,0,0,0,0,0,0,0,94.263,0,0,0
-2,5/30/50,16:36,0,0,20.485,0,0,0,0,0,0,0,0,0,0,0,0,0,0,121.889,0,0,0
-2,5/30/50,16:37,0,0,24.551,0,0,0,0,0,0,0,0,0,0,0,0,0,0,96.941,0,0,0
-2,5/30/50,16:38,0,0,0,0,0,0,0,0,0,0,0,0,0,0,0,0,0,20.85,0,0,0
-2,5/30/50,16:39,0,0,40.603,25.638,0,28.41,0,0,0,0,0,0,0,0,0,0,0,97.352,0,0,0
-2,5/30/50,16:40,0,0,55.273,82.891,0,108.018,0,0,0,0,0,0,0,0,0,0,0,179.838,0,0,0
-2,5/30/50,16:41,0,0,66.14,21.157,0,58.777,0,0,0,0,0,0,0,0,0,0,0,155.143,0,0,0
-2,5/30/50,16:42,0,0,0,166.136,0,44.801,0,0,0,0,0,0,0,0,0,0,0,60.686,0,0,0
-2,5/30/50,16:43,0,0,16.557,150.311,0,50.589,0,0,0,0,0,0,0,0,0,0,0,37.455,0,0,0
-2,5/30/50,16:44,0,0,45.748,51.55,0,47.721,0,0,0,0,0,0,0,0,0,0,0,85.255,0,0,0
-2,5/30/50,16:45,0,0,24.983,65.726,0,20.339,0,0,0,0,0,0,0,0,0,0,0,111.944,0,0,0
-2,5/30/50,16:46,0,29.207,0,228.994,0,131.981,0,0,0,0,0,0,0,0,0,0,0,80.901,0,0,0
-2,5/30/50,16:47,0,177.836,43.723,48.864,0,45.467,0,0,0,0,0,0,0,0,0,0,0,87.272,0,0,0
-2,5/30/50,16:48,0,145.505,22.481,189.33,0,0,0,0,0,0,0,0,0,0,0,0,0,28.478,0,0,0
-2,5/30/50,16:49,0,197.198,0,192.73,0,53.98,0,0,0,0,0,0,0,0,0,0,0,98.577,0,0,0
-2,5/30/50,16:50,0,161.265,0,83.389,0,157.09,0,0,0,0,0,0,0,0,0,0,0,0,0,0,0
-2,5/30/50,16:51,0,206.457,0,213.166,0,0,0,0,0,0,0,0,0,0,0,0,0,70.855,0,0,0
-2,5/30/50,16:52,0,91.525,0,121.464,0,0,0,0,0,0,0,0,0,0,0,0,0,24.316,0,0,0
-2,5/30/50,16:53,0,211.092,0,205.932,0,0,0,0,0,0,0,0,0,0,0,0,0,22.182,0,0,0
-2,5/30/50,16:54,0,163.944,0,103.033,0,0,0,0,0,0,9.789,0,0,0,0,0,0,195.141,0,0,0
-2,5/30/50,16:55,0,234.677,0,131.531,0,77.086,0,0,0,0,146.292,0,0,0,0,0,0,4.552,0,0,0
-2,5/30/50,16:56,0,60.702,0,93.425,0,106.419,0,0,0,0,181.04,0,0,0,0,0,0,0,0,0,0
-2,5/30/50,16:57,0,112.276,0,68.079,0,0,0,0,0,0,80.851,0,0,0,0,0,0,54.26,0,0,0
-2,5/30/50,16:58,0,112.294,0,41.321,0,12.727,0,0,0,0,98.526,0,0,0,0,0,0,50.66,0,0,0
-2,5/30/50,16:59,0,116.765,0,37.414,0,49.165,0,0,0,0,175.209,0,0,0,0,0,0,17.985,0,0,0
-2,5/30/50,17:00,0,211.077,0,148.632,0,91.551,0,0,0,0,79.715,0,0,0,0,0,0,91.621,0,0,0
-2,5/30/50,17:01,0,164.829,0,78.344,0,0,0,0,0,0,43.896,0,0,0,0,0,0,56.11,0,0,0
-2,5/30/50,17:02,0,132.692,0,20.753,0,0,0,0,0,0,43.277,0,0,0,0,0,0,20.98,0,0,0
-2,5/30/50,17:03,0,0,0,19.482,0,0,0,0,0,0,97.283,0,0,0,0,0,0,0,0,0,0
-2,5/30/50,17:04,0,130.677,0,121.256,0,0,88.466,0,0,36.142,128.478,0,0,0,0,0,93.243,24.254,0,0,0
-2,5/30/50,17:05,0,121.646,0,0,0,0,0,0,0,49.181,76.571,0,0,0,0,0,17.367,0,0,0,0
-2,5/30/50,17:06,0,25.432,0,85.547,0,0,32.236,0,0,77.729,0,0,0,0,0,0,80.251,0,0,0,0
-2,5/30/50,17:07,0,51.473,0,0,0,0,41.798,0,0,110.916,187.913,0,0,0,0,0,156.374,5.297,0,0,0
-2,5/30/50,17:08,0,32.956,0,0,0,0,0,0,0,57.815,111.873,0,0,16.765,0,0,119.161,57.812,0,0,0
-2,5/30/50,17:09,0,134.954,0,0,93.936,0,131.349,0,0,111.453,70.845,0,0,68.717,0,0,142.494,109.662,92.263,0,0
-2,5/30/50,17:10,0,117.989,0,43.62,24.416,0,0,0,0,44.587,131.237,0,0,128.751,0,0,196.834,48.727,35.021,0,0
-2,5/30/50,17:11,0,4.163,0,0,105.54,0,0,0,0,80.086,249.518,0,0,36.732,0,0,157.46,45.606,130.455,0,0
-2,5/30/50,17:12,0,0,0,72.81,140.117,0,29.472,0,0,34.136,59.058,0,0,58.711,0,0,249.141,77.374,88.355,26.108,0
-2,5/30/50,17:13,0,0,0,165.116,122.852,0,49.673,0,0,85.016,0,0,0,141.38,0,0,228.803,0,45.697,153.067,0
-2,5/30/50,17:14,0,0,0,163.85,159.319,0,0,0,0,45.408,0,0,0,136.537,0,0,6.201,0,100.993,89.121,0
-2,5/30/50,17:15,22.093,0,0,256.649,155.252,0,0,0,0,51.491,0,0,0,168.096,0,0,115.352,0,128.417,132.591,0
-2,5/30/50,17:16,0,0,0,154.121,190.556,0,0,0,0,45.997,0,0,0,30.193,0,0,49.151,0,90.385,72.948,0
-2,5/30/50,17:17,154.892,0,0,68.494,131.8,0,0,0,0,13.171,0,0,0,99.96,0,0,65.842,0,59.149,108.903,0
-2,5/30/50,17:18,67.799,0,0,179.93,139.077,0,0,0,0,31.048,0,0,0,55.881,0,0,72.276,0,149.847,61.146,0
-2,5/30/50,17:19,104.957,0,0,114.143,231.392,0,0,0,0,21.889,0,0,0,92.558,0,0,168.757,0,35.753,24.978,0
-2,5/30/50,17:20,118.292,0,0,0,170.199,54.135,0,0,0,22.031,0,0,0,51.562,0,0,115.809,0,90.34,93.519,0
-2,5/30/50,17:21,118.849,0,0,0,169.407,16.711,0,0,0,22.269,0,0,0,0,0,0,20.114,0,145.696,34.178,0
-2,5/30/50,17:22,19.134,0,0,0,148.643,12.062,0,0,0,55.409,0,0,0,0,0,0,25.946,0,111.977,44.396,0
-2,5/30/50,17:23,50.046,0,0,0,149.973,13.174,0,0,0,33.561,0,0,0,0,0,0,0,0,55.476,74.183,0
-2,5/30/50,17:24,68.671,0,0,0,100.605,73.484,0,0,0,24.667,0,0,0,0,0,0,106.407,0,31.419,42.244,0
-2,5/30/50,17:25,166.19,0,0,0,106.059,58.736,0,0,0,0,0,0,0,0,0,0,60.42,0,0,26.229,0
-2,5/30/50,17:26,102.235,0,0,0,139.213,0,0,0,33.029,0,0,0,0,0,0,0,235.775,0,134.031,50.773,0
-2,5/30/50,17:27,199.531,0,0,0,192.27,60.038,0,0,43.097,0,0,0,0,0,0,29.394,185.752,0,69.668,64.72,0
-2,5/30/50,17:28,78.014,0,0,0,82.209,132.453,0,0,17.154,0,0,0,0,0,28.529,77.345,123.188,0,140.539,46.171,0
-2,5/30/50,17:29,0,0,0,0,115.625,99.573,0,0,62.142,0,0,0,0,0,0,122.558,153.063,0,84.55,0,0
-2,5/30/50,17:30,0,0,0,0,57.476,5.334,0,0,40.499,35.68,0,0,0,0,54.454,38.571,66.105,0,42.416,0,0
-2,5/30/50,17:31,0,0,0,0,32.863,37.308,0,0,81.599,35.689,0,37.791,0,0,0,34.271,90.01,0,137.527,36.405,0
-2,5/30/50,17:32,0,0,0,0,0,0,0,0,161.84,0,0,90.612,0,0,120.467,95.596,112.466,0,170.57,30.03,0
-2,5/30/50,17:33,0,0,0,0,0,34.715,0,0,0,0,0,21.846,0,0,0,50.12,189.58,0,4.265,41.015,0
-2,5/30/50,17:34,0,0,0,0,0,59.105,0,0,27.605,0,0,46.588,0,0,83.76,59.025,0,0,8.19,72.567,0
-2,5/30/50,17:35,0,0,0,0,0,0,0,0,2.425,0,0,21.532,0,0,200.103,0,0,0,39.21,39.018,0
-2,5/30/50,17:36,0,0,0,0,0,125.879,0,0,25.312,0,0,10.042,0,0,78.888,0,0,0,0,0,0
-2,5/30/50,17:37,0,0,0,0,0,0,0,0,51.457,0,0,68.594,0,0,100.79,0,0,0,0,0,0
-2,5/30/50,17:38,0,0,0,0,0,18.62,0,0,165.375,0,0,56.512,0,0,132.747,0,0,0,0,0,0
-2,5/30/50,17:39,0,0,0,0,0,99.653,0,0,108.263,0,0,25.44,0,0,59.997,0,0,0,0,0,0
-2,5/30/50,17:40,0,0,0,0,0,0,0,0,0,0,0,37.992,0,0,22.34,0,0,0,0,0,0
-2,5/30/50,17:41,0,0,0,0,0,12.099,0,0,35.664,0,0,43.597,0,0,0,0,0,0,0,0,45.077
-2,5/30/50,17:42,0,0,0,0,0,17.888,0,35.024,114.994,0,0,32.839,0,0,21.365,0,0,0,0,0,97.075
-2,5/30/50,17:43,0,0,0,0,0,0,0,51.353,0,0,0,0,0,0,27.71,0,0,0,0,0,33.845
-2,5/30/50,17:44,0,0,0,0,0,0,0,84.791,7.341,0,0,0,0,0,138.767,0,0,0,0,0,84.997
-2,5/30/50,17:45,0,0,0,0,0,0,0,131.246,27.249,0,0,32.223,0,0,81.823,0,0,0,0,0,103.231
-2,5/30/50,17:46,0,0,0,0,0,0,0,85.689,0,0,0,108.41,0,0,0,0,0,0,0,0,16.162
-2,5/30/50,17:47,0,0,0,0,0,0,0,101.465,0,0,37.286,90.217,0,0,0,0,0,0,0,0,94.21
-2,5/30/50,17:48,0,0,0,0,0,0,0,155.057,27.552,0,32.19,0,0,99.081,0,0,0,0,0,0,74.867
-2,5/30/50,17:49,0,0,0,0,0,0,0,151.564,26.097,0,18.885,0,0,86.413,0,0,0,0,0,0,50.074
-2,5/30/50,17:50,0,0,0,0,0,0,0,96.032,15.186,0,146.627,0,0,216.311,0,0,0,0,0,0,59.227
-2,5/30/50,17:51,0,0,0,0,0,0,0,120.26,71.51,0,147.772,0,0,41.553,0,0,0,0,0,0,124.471
-2,5/30/50,17:52,0,52.935,0,0,0,0,0,89.723,3.857,0,46.053,0,0,0,0,0,0,0,0,0,232.274
-2,5/30/50,17:53,0,227.539,0,0,0,24.863,27.174,115.391,22.04,0,169.28,0,0,0,0,0,0,0,0,0,115.839
-2,5/30/50,17:54,0,210.482,22.788,0,0,0,42.421,112.187,29.129,0,177.043,0,0,0,0,0,0,0,0,0,102.462
-2,5/30/50,17:55,0,195.445,0,0,0,49.904,34.873,90.433,40.051,0,29.89,0,0,0,0,0,0,0,0,0,73.191
-2,5/30/50,17:56,0,143.076,21.953,0,0,28.898,183.201,79.55,27.374,0,138.527,0,0,0,0,0,0,0,0,0,113.407
-2,5/30/50,17:57,0,161.593,21.464,0,0,6.569,162.289,91.551,0,0,87.146,0,0,0,0,0,0,0,0,0,111.855
-2,5/30/50,17:58,0,177.296,46.947,0,0,0,132.089,151.578,0,0,30.282,0,0,0,0,0,0,0,0,90.709,137.539
-2,5/30/50,17:59,0,36.016,0,0,0,0,0,87.446,0,0,21.335,0,0,0,0,0,0,0,0,85.854,79.98
-2,5/30/50,18:00,0,228.748,104.275,0,80.386,0,87.53,102.365,0,0,27.919,0,0,0,0,0,0,0,0,24.627,20.601
-2,5/30/50,18:01,0,81.332,39.137,0,141.361,40.393,70.628,78.885,0,0,0,0,0,0,0,0,0,0,0,70.412,226.713
-2,5/30/50,18:02,0,121.469,0,0,177.521,0,70.356,69.517,0,0,0,0,0,0,0,0,0,0,0,0,150.355
-2,5/30/50,18:03,0,33.179,23.908,0,211.695,58.88,37.872,69.278,0,0,0,0,20.031,0,0,0,0,0,0,82.125,112.624
-2,5/30/50,18:04,0,195.15,176.031,128.962,264.147,99.22,159.111,138.876,0,0,0,0,149.804,0,0,0,0,0,0,36.285,124.796
-2,5/30/50,18:05,0,204.277,200.403,92.386,151.573,250.743,171.246,143.474,0,0,0,0,113.467,0,0,0,0,0,0,28.776,98.164
-2,5/30/50,18:06,0,180.817,187.894,116.923,256.513,203.942,59.186,90.099,0,32.372,0,0,1.108,0,0,0,0,112.935,0,193.076,205.024
-2,5/30/50,18:07,193.827,93.069,146.72,256.96,258.011,114.733,46.268,0,0,103.547,0,0,146.769,0,0,0,0,272.026,0,185.241,287.15
-2,5/30/50,18:08,139.064,93.974,262.907,30.26,182.924,152.456,51.483,65.336,0,39.973,0,0,192.748,0,0,225.456,0,213.77,0,191.433,280.365
-2,5/30/50,18:09,156.233,84.963,258.206,17.25,152.466,209.019,45.198,177.782,0,75.073,0,0,223.832,0,0,140.58,119.222,231.546,0,120.348,100.339
-2,5/30/50,18:10,151.042,45.839,139.19,116.177,140.921,35.835,146.99,206.879,0,31.511,0,0,91.287,0,0,140.458,317.386,49.198,0,139.59,185.36
-2,5/30/50,18:11,58.36,48.807,156.877,155.834,203.935,180.369,135.459,196.83,0,53.286,0,0,95.781,0,0,150,206.542,122.08,0,105.378,295.659
-2,5/30/50,18:12,101.148,211.249,58.54,136.026,121.407,82.53,241.829,278.722,0,0,0,168.929,86.1,0,0,288.844,295.314,184.55,0,165.896,244.394
-2,5/30/50,18:13,67.867,133.455,141.832,217.16,98.609,79.611,24.757,370.71,0,0,0,119.086,0,97.143,0,264.746,267.473,0,0,125.995,294.612
-2,5/30/50,18:14,134.437,148.366,132.336,56.326,162.893,127.624,108.386,213.367,0,0,0,65.177,0,140.665,0,239.616,234.812,74.171,0,20.688,214.657
-2,5/30/50,18:15,192.055,135.875,38.542,0,92.228,64.502,78.959,202.407,0,0,0,0,125.221,140.657,35.154,279.054,279.471,160.482,0,41.911,277.353
-2,5/30/50,18:16,66.414,84.755,187.635,0,0,152.061,139.789,210.851,0,0,138.153,178.996,98.377,61.791,253.225,295.15,380.957,98.052,0,136.831,188.578
-2,5/30/50,18:17,181.531,192.029,146.627,27.443,0,122.074,89.486,133.8,0,0,237.146,156.616,168.938,138.136,121.229,273.043,292.67,233.837,0,258.109,153.048
-2,5/30/50,18:18,210.836,188.02,154.969,126.942,78.113,81.616,59.732,131.643,0,34.653,185.268,113.14,140.35,150.112,197.853,186.389,195.978,214.208,0,198.342,269.715
-2,5/30/50,18:19,47.978,122.133,0,77.468,173.375,0,247.439,117.807,0,60.307,191.855,67.168,0,151.171,187.692,320.219,143.444,0,54.411,204.76,179.486
-2,5/30/50,18:20,38.941,75.361,126.328,197.11,95.118,62.072,60.616,43.222,0,55.695,101.218,138.526,0,157.111,274.399,296.801,224.683,0,92.796,134.89,188.857
-2,5/30/50,18:21,99.321,130.915,0.734,87.208,129.509,109.304,133.071,211.596,0,66.24,67.962,105.707,112.234,174.551,106.642,80.324,277.184,180.883,71.861,74.429,106.385
-2,5/30/50,18:22,185.166,118.312,93.341,62.027,0,109.755,141.991,226.648,0,118.051,123.352,0,140.935,240.507,108.246,58.825,197.626,142.921,203.969,119.726,129.735
-2,5/30/50,18:23,140.145,144.806,207.379,135.917,0,14.764,137.506,104.574,0,76.28,74.315,58.832,78.203,217.726,149.722,161.944,187.134,142.519,137.644,98.488,195.475
-2,5/30/50,18:24,156.172,92.241,138.462,228.063,0,163.389,202.52,93.867,0,120.239,162.505,48.349,84.112,61.868,194.2,274.41,252.778,22.692,128.515,164.248,132.148
-2,5/30/50,18:25,71.559,247.966,159.372,107.713,0,44.66,234.26,76.696,81.348,52.91,32.487,94.959,30.061,163.444,134.157,130.833,228.773,32.514,140.147,65.194,0
-2,5/30/50,18:26,129.815,221.758,52.007,144.289,0,52.77,201.7,77.658,122.294,154.651,58.974,0,99.858,145.052,100.851,275.849,269.993,30.69,122.048,44.082,142.748
-2,5/30/50,18:27,158.659,154.541,0,16.954,16.14,16.594,136.473,4.274,60.627,100.959,132.223,57.485,118.421,93.947,148.837,224.915,134.337,34.467,7.267,56.517,234.853
-2,5/30/50,18:28,171.71,197.207,0,85.379,284.221,17.895,148.204,19.315,10.158,22.949,69.775,158.615,79.847,81.631,191.472,11.252,132.251,37.661,178.663,19.309,188.663
-2,5/30/50,18:29,216.232,219.599,0,113.464,166.458,13.694,30.657,8.659,29.058,0,130.608,0,185.593,127.138,231.151,87.273,143.86,29.437,134.215,86.446,0
-2,5/30/50,18:30,44.869,164.106,0,85.164,177.44,22.934,135.341,26.979,42.351,0,73.156,0,0,159.91,204.393,45.404,89.174,47.191,118.134,180.396,159.282
-2,5/30/50,18:31,2.716,199.55,160.722,5.669,168.581,21.646,119.426,8.722,45.297,0,61.357,0,0,51.474,187.183,206.144,96.951,239.12,161.521,85.722,174.585
-2,5/30/50,18:32,167.848,2.951,97.73,0,265.789,39.485,142.136,4.771,40.405,0,34.128,56.304,0,170.669,80.088,1.867,136.495,120.528,153.024,34.769,0
-2,5/30/50,18:33,164.012,69.314,112.704,0,133.374,33.181,76.949,8.451,38.111,0,85.023,173.89,0,144.239,229.594,44.858,292.863,138.566,167.636,122.549,0
-2,5/30/50,18:34,0,155.537,211.696,0,272.159,24.114,118.338,15.508,38.959,0,76.017,42.299,0,139.344,151.189,83.48,118.359,18.754,45.77,118.147,0
-2,5/30/50,18:35,14.928,237.196,177.443,0,128.141,37.374,153.752,0,149.031,0,68.284,26.579,0,180.138,71.453,5.828,119.141,193.573,97.355,140.974,0
-2,5/30/50,18:36,48.716,147.557,67.627,0,91.201,25.717,92.264,0,151.143,0,196.05,99.814,0,209.018,162.435,0,261.087,0,163.208,53.992,16.803
-2,5/30/50,18:37,36.816,216.222,0,0,65.911,0,111.872,0,66.287,0,117.974,151.746,0,179.248,72.726,141.668,234.357,0,103.27,0,26.106
-2,5/30/50,18:38,38.962,183.064,18.267,0,214.164,27.586,0,4.075,95.537,0,35.221,83.5,0,93.322,182.694,142.615,90.029,0,188.038,161.309,0
-2,5/30/50,18:39,35.004,210.971,68.146,63.498,99.169,0,0,0,54.531,0,113.949,102.129,108.265,46.029,176.932,141.878,24.682,0,152.613,103.168,115.607
-2,5/30/50,18:40,36.731,206.168,160.793,66.606,113.49,0,0,47.013,0,0,158.231,126.467,78.122,88.775,247.758,179.938,51.952,45.936,83.274,0,138.658
-2,5/30/50,18:41,48.632,146.657,85.59,96.931,115.974,0,0,65.864,0,18.063,112.779,0,79.189,55.011,132.251,232.616,54.079,185.62,64.536,55.214,211.47
-2,5/30/50,18:42,133.716,114.9,104.364,199.339,161.083,0,0,90.054,14.194,77.768,0,93.174,33.502,122.219,138.892,52.392,208.846,186.26,49.304,122.452,181.935
-2,5/30/50,18:43,156.674,163.442,82.51,224.166,140.046,148.125,0,0,45.267,30.831,38.518,137.734,62.324,162.678,95.446,0,215.341,0,35.986,0,194.418
-2,5/30/50,18:44,82.976,127.32,187.31,46.415,240.862,0,0,89.09,62.456,73.529,78.197,131.158,63.694,203.337,258.177,62.637,99.958,7.338,222.306,88.226,167.261
-2,5/30/50,18:45,115.543,51.713,18.087,150.498,172.581,111.309,0,83.045,61.501,71.556,64.088,16.436,92.149,145.048,82.29,165.52,162.229,86.379,16.931,61.444,177.351
-2,5/30/50,18:46,141.099,30.711,85.205,213.859,98.28,125.839,0,39.623,26.939,74.762,117.563,117.989,45.084,132.145,74.346,143.987,77.817,16.219,0,24.112,125.917
-2,5/30/50,18:47,155.43,51.12,105.16,68.672,209.122,90.25,0,84.459,129.647,107.898,167.529,52.008,181.121,88.959,61.272,81.131,174.92,103.209,142.384,130.716,106.16
-2,5/30/50,18:48,100.331,43.594,92.579,262.65,78.103,49.444,0,173.43,40.248,27.096,85.418,53.962,79.879,146.354,113.857,0,223.783,114.502,113.868,86.68,143.426
-2,5/30/50,18:49,145.217,52.079,115.491,76.468,33.821,50.935,0,116.156,0,0,87.772,114.851,91.852,181.803,217.411,0,150.818,140.002,52.389,117.064,257.43
-2,5/30/50,18:50,97.804,45.725,134.872,0,83.142,109.148,0,91.429,10.256,0,34.263,20.382,61.419,160.924,108.447,0,80.834,84.445,0,35.269,185.692
-2,5/30/50,18:51,0,217.882,30.592,95.735,201.996,131.846,0,0,53.544,0,34.778,65.308,73.938,89.763,142.088,73.118,90.2,86.725,0,60.739,205.607
-2,5/30/50,18:52,28.929,171.617,0,0,97.402,25.188,0,0,116.366,0,55.996,0,187.119,14.071,174.858,0,237.628,159.28,0,116.562,16.697
-2,5/30/50,18:53,32.815,250.221,89.61,0,81.751,0,0,0,0,0,49.302,0,92.826,91.923,184.312,90.797,223.381,133.134,0,5.399,149.061
-2,5/30/50,18:54,216.584,150.726,79.942,12.179,83.495,55.703,0,13.949,0,0,103.235,0,131.402,134.59,116.35,179.463,149.86,0,0,109.768,164.316
-2,5/30/50,18:55,215.848,94,164.257,227.483,137.214,92.359,0,95.219,0,0,58.839,0,98.402,102.943,75.72,197.184,88.84,0,0,104.993,170.611
-2,5/30/50,18:56,139.464,348.064,196.904,4.621,140.46,0,0,48.726,0,0,37.576,0,153.77,169.597,154.676,126.072,129.278,140.504,167.62,77.509,156.401
-2,5/30/50,18:57,155.762,267.865,0,128.617,37.45,0,0,0,0,0,162.958,0,65.637,102.067,145.238,72.891,91.948,0,57.02,14.364,120.025
-2,5/30/50,18:58,66.061,228.112,0,111.406,61.347,0,0,37.549,0,0,128.032,22.801,135.9,92.964,95.478,129.377,210.15,12.303,14.041,29.331,97.588
-2,5/30/50,18:59,36.6,157.625,17.56,50.958,199.216,0,0,91.904,0,0,0,2.241,224.119,25.096,173.798,105.052,129.407,54.622,73.293,153.283,0
-2,5/30/50,19:00,107.44,78.926,119.067,141.068,163.981,0,0,158.244,0,0,0,76.764,172.183,82.824,127.018,216.72,82.024,42.225,102.891,87.351,0
-2,5/30/50,19:01,101.867,204.801,61.861,32.865,24.46,0,0,93.941,0,0,62.92,148.135,162.493,0,174.925,199.407,182.654,175.239,104.629,42.934,0
-2,5/30/50,19:02,167.921,185.401,0,48.117,103.422,0,0,84.008,0,0,45.328,62.7,89.131,57.254,148.946,63.571,251.792,103.927,139.744,125.59,0
-2,5/30/50,19:03,119.313,175.278,41.857,84.125,156.61,0,0,82.174,0,0,79.86,40.134,129.285,97.48,123.26,20.49,208.402,55.469,11.826,20.227,76.605
-2,5/30/50,19:04,40.91,92.837,211.464,113.226,79.333,0,0,177.362,0,0,2.893,89.665,0,145.751,193.403,90.978,188.103,50.424,21.001,63.31,218.776
-2,5/30/50,19:05,82.794,225.069,51.224,67.775,42.96,0,0,136.165,0,0,0,96.425,0,131.795,191.588,118.499,176.346,77.859,78.061,95.21,30.228
-2,5/30/50,19:06,30.305,85.528,34.515,67.902,119.959,0,0,87.48,0,0,0,103.858,0,127.403,210.104,184.716,205.455,177.549,16.121,94.919,216.344
-2,5/30/50,19:07,214.941,166.929,0,145.409,99.324,0,0,108.281,0,0,42.803,66.491,0,103.673,122.865,104.852,106.869,34.278,78.195,155.07,54.26
-2,5/30/50,19:08,50.58,57.37,0,77.215,29.394,0,0,161.756,0,0,152.947,113.171,0,108.299,28.529,235.211,238.769,154.852,43.43,151.312,0
-2,5/30/50,19:09,37.553,64.747,0,113.809,86.219,0,0,86.025,0,0,114.768,11.216,0,170.678,119.573,78.883,182.085,114.351,150.337,92.06,139.362
-2,5/30/50,19:10,91.358,153.235,70.654,62.893,74.529,0,0,22.801,0,0,20.743,155.954,67.144,99.336,175.968,58.714,42.597,22.436,27.874,123.661,205.215
-2,5/30/50,19:11,158.609,168.727,84.85,0,52.427,0,38.455,114.615,0,0,89.133,75.846,132.767,111.844,161.413,177.682,26.373,12.423,51.343,142.144,181.945
-2,5/30/50,19:12,77.171,192.693,67.02,0,99.502,0,92.506,58.585,0,0,0,117.119,182.419,59.816,91.124,109.59,33.976,21.84,129.377,113.637,93.814
-2,5/30/50,19:13,39.937,265.944,101.506,0,42.573,0,83.402,66.305,0,0,44.424,121.588,152.242,133.008,42.788,214.163,29.205,106.61,60.989,96.955,83.451
-2,5/30/50,19:14,13.821,119.402,60.47,0,128.719,0,73.587,52.854,0,0,47.107,90.375,31.216,107.77,191.657,135.662,38.661,83.253,78.057,85.398,94.675
-2,5/30/50,19:15,92.928,103.046,86.311,0,79.978,39.205,106.128,175.628,0,0,0,161.526,75.288,78.012,170.5,0,214.503,109.415,248.979,0,63.175
-2,5/30/50,19:16,70.389,128.897,148.66,0,105.035,11.834,66.951,40.821,0,0,0,91.539,96.46,152.517,186.456,0,123.619,81.498,78.392,108.498,181.451
-2,5/30/50,19:17,166.04,0,67.503,0,139.396,0,48.824,69.653,0,0,60.586,8.367,107.3,89.038,113.81,0,172.775,0,2.973,110.314,122.194
-2,5/30/50,19:18,139.954,22.129,88.995,0,81.099,20.165,78.157,0,0,0,62.787,0,126.544,37.886,31.6,0,158.418,107.455,66.825,171.273,152.455
-2,5/30/50,19:19,39.304,50.294,145.455,0,0,125.008,119.631,0,0,0,81.918,52.175,30.571,24.237,33.078,40.069,169.044,23.92,58.911,138.468,99.81
-2,5/30/50,19:20,168.366,122.977,136.117,0,0,33.365,164.984,24.347,43.592,0,116.131,68.223,124.187,171.371,150.359,41.42,205.027,30.299,59.941,125.226,112.82
-2,5/30/50,19:21,0,247.507,128.923,0,0,64.323,29.862,45.738,28.504,15.757,101.923,45.487,195.119,166.825,145.58,81.65,224.423,44.004,60.393,10.201,122.816
-2,5/30/50,19:22,162.485,358.696,0,0,80.674,31.013,66.781,126.866,56.931,45.619,0,151.527,241.667,173.361,114.136,215.574,83.173,0,148.553,36.912,188.124
-2,5/30/50,19:23,171.618,245.22,0,0,80.036,28.734,130.29,68.809,0,69.194,34.697,121.033,113.729,150.947,152.773,249.522,258.359,33.858,107.97,66.791,127.447
-2,5/30/50,19:24,21.423,166.599,0,0,98.033,19.624,124.139,60.853,68.266,0,24.722,114.914,40.84,45.43,130.542,170.096,216.501,143.012,32.419,34.454,75.395
-2,5/30/50,19:25,46.379,37.482,0,0,148.14,68.59,69.754,56.565,0.334,0,34.051,85.497,124.282,15.098,81.607,162.963,226.324,54.135,193.049,115.603,19.49
-2,5/30/50,19:26,64.825,196.277,0,0,57.234,42.668,139.129,88.342,0,0,47.247,55.722,6.755,62.779,128.447,150.133,190.73,140.579,129.015,130.866,0
-2,5/30/50,19:27,99.174,69.276,0,0,21.71,72.171,108.79,119.303,0,32.889,96.975,144.78,57.206,18.331,203.853,50.278,176.188,95.766,37.362,4.113,0
-2,5/30/50,19:28,137.759,47.154,49.064,0,0,105.848,99.55,101.228,5.827,134.801,71.732,200.353,50.33,0,2.178,61.091,233.588,167.536,27.61,61.59,161.858
-2,5/30/50,19:29,147.513,145.762,24.586,0,0,97.995,125.418,0,114.086,143.75,108.314,32.743,15.27,0,82.469,138.227,255.513,42.64,38.444,94.504,70.451
-2,5/30/50,19:30,21.069,27.707,17.506,0,0,53.662,34.056,47.756,0,96.237,0,0,0,0,261.741,28.581,88.392,55.31,41.809,181.613,161.094
-2,5/30/50,19:31,116.132,23.184,118.745,0,0,101.874,252.931,109.557,81.376,210.448,180.304,0,0,0,76.895,113.499,232.858,57.011,0,130.016,183.488
-2,5/30/50,19:32,173.274,162.802,14.945,0,37.717,0,136.954,66.283,56.519,74.119,80.959,35.055,0,172.814,59.906,136.647,140.764,66.581,0,0,74.016
-2,5/30/50,19:33,62.06,164.341,9.246,0,83.444,0,189.444,83.055,126.057,108.692,127.167,41.092,0,76.062,48.893,51.234,138.219,47.872,0,50.691,204.468
-2,5/30/50,19:34,47.152,170.666,147.818,0,130.846,0,248.822,79.83,62.948,91.777,134.168,74.913,26.042,144.585,78.202,170.742,206.244,0,0,68.672,166.753
-2,5/30/50,19:35,80.548,249.833,48.304,0,161.805,0,138.345,68.98,33.058,20.617,53.425,56.417,30.414,38.958,106.233,81.528,196.844,152.662,88.565,28.406,179.355
-2,5/30/50,19:36,91.368,72.341,0,0,94.89,0,131.272,72.906,30.566,18.338,85.713,140.05,141.888,12.99,112.171,66.396,162.804,37.521,11.886,66.555,176.508
-2,5/30/50,19:37,134.941,56.079,0,0,0,0,14.809,193.044,0,19.873,153.909,33.423,60.059,8.152,165.317,23.765,37.849,16.75,2.584,163.121,60.795
-2,5/30/50,19:38,135.333,162.271,0,0,0,0,175.738,47.621,0,22.676,113.517,0,79.616,62.027,157.561,161.781,129.66,53.181,0,185.283,49.784
-2,5/30/50,19:39,25.658,72.573,0,0,0,0,32.231,113.564,14.585,18.474,0,39.996,65.657,36.478,0,146.201,172.706,128.235,0,73.437,2.342
-2,5/30/50,19:40,0,97.026,0,41.589,113.919,0,160.3,95.228,10.327,23.983,40.732,0,213.314,55.12,195.476,140.115,178.777,151.005,98.312,0,127.997
-2,5/30/50,19:41,0,118.587,0,155.304,205.319,0,103.051,106.284,43.722,15.661,52.929,0,96.153,98.624,236.319,139.185,178.789,73.989,106.154,132.647,74.898
-2,5/30/50,19:42,0,192.266,0,104.193,74.705,0,129.774,171.373,31.661,32.124,203.87,0,0,161.232,79.906,92.171,263.534,128.324,110.275,154.407,22.167
-2,5/30/50,19:43,0,152.546,0,75.357,103.116,0,139.642,192.227,106.333,74.907,83.574,0,195.33,34.958,83.424,175.304,325.627,0,50.884,81.604,85.618
-2,5/30/50,19:44,0,141.932,0,6.004,115.404,0,205.228,84.519,78.527,45.331,147.425,0,204.727,38.871,26.769,74.342,249.396,0,0,35.651,185.225
-2,5/30/50,19:45,0,134.036,0,60.942,42.96,0,75.041,165.505,0,52.438,43.058,0,104.188,143.033,9.935,131.528,85.979,0,71.159,40.22,179.963
-2,5/30/50,19:46,56.072,79.352,0,22.173,111.784,0,33.49,160.04,32.125,99.191,0,0,0,135.321,71.031,69.968,266.573,6.586,83.617,100.331,0
-2,5/30/50,19:47,0,80.718,0,206.656,105.858,0,157.137,32.474,3.301,157.421,0,0,0,125.766,0,165.25,202.768,0,158.195,192.724,51.253
-2,5/30/50,19:48,20.111,206.121,0,223.534,177.096,0,76.086,83.508,75.848,167.306,0,0,0,18.697,91.909,114.412,120.42,0,57.153,90.869,161.593
-2,5/30/50,19:49,148.761,309.001,0,120.011,161.949,0,128.879,50.953,87.221,91.848,0,0,0,164.774,0,0,61.462,0,130.514,158.644,230.878
-2,5/30/50,19:50,98.041,101.022,15.501,113.051,83.917,0,161.114,209.445,15.485,153.572,111.254,0,0,114.553,108.995,110.429,139.436,0,18.066,250.672,158.161
-2,5/30/50,19:51,69.328,13.144,50.091,145.025,72.375,0,98.569,144.856,51.079,37.119,168.628,0,0,63.982,53.8,50.027,259.684,0,51.46,62.751,82.641
-2,5/30/50,19:52,198.07,36.922,0,52.505,145.826,0,169.837,61.532,150.462,123.158,123.44,0,0,162.141,96.209,20.135,244.507,0,70.685,140.445,146.46
-2,5/30/50,19:53,5.793,61.781,0,61.773,118.556,0,201.31,0,18.936,109.998,95.474,0,44.729,224.961,125.2,77.93,111.924,0,100.202,73.627,156.214
-2,5/30/50,19:54,156.974,90.207,0,164.709,89.116,0,70.086,1.417,0,54.472,58.244,0,99.378,160.261,75.576,0,121.182,0,144.827,67.819,84.144
-2,5/30/50,19:55,25.358,153.16,0,46.656,79.298,0,124.664,0,0,80.154,73.162,0,200.019,108.538,91.422,96.726,30.229,0,173.996,109.38,73.99
-2,5/30/50,19:56,142.282,204.558,0,148.115,0,0,131.868,122.217,0,83.25,174.773,0,110.199,168.915,123.535,87.884,36.091,0,101.182,50.575,179.943
-2,5/30/50,19:57,0,243.394,26.309,85.99,0,0,98.081,115.821,9.222,76.726,103.21,0,61.852,80.211,119.318,65.149,244.121,0,20.68,195.246,126.109
-2,5/30/50,19:58,0,148.269,203.122,102.782,16.587,0,91.993,95.183,0,22.623,41.286,0,102.875,121.131,202.344,105.627,183.941,0,134.731,27.318,157.304
-2,5/30/50,19:59,0,152.045,136.145,193.722,119.26,0,128.911,46.82,38.564,137.031,0,0,131.822,86.435,184.285,1.732,202.899,0,97.726,79.96,105.604
-2,5/30/50,20:00,0,210.014,159.989,137.294,99.11,0,127.795,25.279,1.653,98.426,3.55,54.226,181.285,119.399,112.764,0,183.611,0,54.463,168.685,157.853
-2,5/30/50,20:01,0,269.723,172.206,139.628,98.937,0,0,17.429,80.675,142.133,17.198,34.905,232.465,38.326,150.821,0,174.123,0,98.718,49.038,206.812
-2,5/30/50,20:02,0,122.241,25.38,99.638,115.254,0,0,44.7,0,111.369,116.348,97.052,91.77,91.246,84.035,0,286.935,0,123.655,26.1,108.452
-2,5/30/50,20:03,0,152.612,56.752,46.573,153.752,0,0,16.498,45.841,136.689,118.468,0,90.549,86.961,0,32.591,245.02,0,88.001,27.315,149.471
-2,5/30/50,20:04,0,19.711,188.911,65.902,33.118,0,0,39.887,27.575,76.749,164.677,0,94.617,60.691,0,126.57,39.456,0,109.649,52.007,129.96
-2,5/30/50,20:05,0,36.253,52.469,36.828,93.677,27.674,0,45.517,35.94,141.811,100.459,57.044,111.695,94.43,87.639,175.055,25.861,0,61.905,48.148,206.574
-2,5/30/50,20:06,0,70.927,72.293,113.316,60.653,22.781,0,63.234,96.019,204.805,159.724,190.927,159.392,37.495,81.206,205.567,169.024,0,0,0,162.272
-2,5/30/50,20:07,0,34.014,142.302,129.698,100.382,21.86,0,37.94,32.758,109.145,100.211,147.545,166.818,167.832,0,211.375,210.763,0,68.788,110.374,174.119
-2,5/30/50,20:08,0,40.103,56.175,86.123,109.096,0,0,19.813,64.603,53.936,132.912,14.381,143.782,63.413,0,178.367,212.458,0,46.876,55.079,223.731
-2,5/30/50,20:09,0,226.119,30.999,238.441,54.628,25.508,0,65.703,38.333,87.731,79.92,19.93,140.629,111.34,0,36.807,230.377,0,114.091,122.554,226.949
-2,5/30/50,20:10,0,296.133,93.616,255.956,27.135,32.691,0,21.287,0,24.181,100.44,91.902,106.874,143.711,0,87.803,89.373,0,119.559,65.6,185.86
-2,5/30/50,20:11,0,169.366,132.45,104.867,179.603,39.695,0,0,37.043,17.657,120.88,31.899,37.102,150.773,0,165.499,0,0,17.928,0,221.23
-2,5/30/50,20:12,0,120.187,109.352,101.44,152.167,43.316,0,46.06,0,17.634,174.787,54.12,54.62,65.206,0,13.505,0,0,0,118.297,141.153
-2,5/30/50,20:13,0,76.79,217.754,123.053,163.308,24.161,0,87.709,0,17.41,74.172,124.359,56.454,43.372,0,0,0,0,0,69.47,165.773
-2,5/30/50,20:14,0,123.713,142.973,0,181.782,79.122,0,126.355,33.678,25.028,127.01,52.989,122.445,52.997,0,0,0,0,0,162.364,189.728
-2,5/30/50,20:15,0,0,37.594,16.868,207.964,30.641,0,23.708,0.275,15.583,65.126,56.461,79.609,125.122,0,0,0,0,0,78.575,100.26
-2,5/30/50,20:16,0,0,147.211,29.196,131.509,35.084,0,59.038,58.474,22.03,43.999,105.523,68.472,137.015,0,0,115.25,27.428,0,80.424,0
-2,5/30/50,20:17,0,0,164.172,210.66,225.774,15.77,0,79.358,61.914,19.932,107.999,73.173,65.084,131.603,0,0,79.164,18.091,0,168.977,0
-2,5/30/50,20:18,0,99.314,124.061,201.385,201.775,141.068,0,61.02,9.111,62.066,88.606,91.127,99.426,16.555,0,25.501,175.542,77.726,0,52.959,78.106
-2,5/30/50,20:19,0,179.382,22.092,170.241,57.628,176.219,0,97.855,27.684,68.564,76.146,36.285,47.007,63.513,0,101.421,210.389,24.503,0,151.265,144.475
-2,5/30/50,20:20,0,139.693,101.384,197.706,164.924,212.065,0,95.308,106.274,24.912,69.465,39.899,186.516,39.448,0,32.858,255.712,88.469,0,108.853,184.664
-2,5/30/50,20:21,0,57.344,81.588,109.061,67.04,141.027,0,157.417,55.132,70.324,109.187,133.757,198.982,0,0,132.476,226.021,114.446,0,69.862,207.686
-2,5/30/50,20:22,0,0,138.502,0,63.107,173.638,0,31.97,51.545,29.16,17.28,126.605,28.785,0,0,112.434,121.619,183.46,0,99.445,133.82
-2,5/30/50,20:23,0,0,85.482,57.464,109.638,42.685,0,0,0,48.975,157.061,35.343,122.783,0,0,114.428,52.833,34.674,0,163.282,138.061
-2,5/30/50,20:24,189.658,0,160.208,186.706,138.015,98.331,0,0,43.031,140.581,176.4,26.389,137.743,0,0,0.712,186.313,130.005,0,88.798,59.682
-2,5/30/50,20:25,34.19,0,58.292,66.467,191.773,132.319,0,51.088,31.765,92.698,124.931,90.98,75.542,0,0,0,126.467,66.679,0,124.759,57.643
-2,5/30/50,20:26,81.855,0,8.284,72.551,53.447,141.644,0,166.867,119.559,5.683,40.914,93.592,40.941,0,0,46.92,107.489,65.105,0,79.15,155.485
-2,5/30/50,20:27,169.657,0,185.387,108.387,175.387,86.353,0,155.333,77.984,85.229,75.986,81.342,46.06,0,0,28.206,0,137.058,0,11.103,170.572
-2,5/30/50,20:28,83.569,0,103,72.023,25.154,70.597,0,141.326,72.297,103.122,192.492,0,161.933,0,61.732,147.075,0,8.795,0,89.398,190.152
-2,5/30/50,20:29,39.461,0,151.875,72.339,93.433,79.614,0,22.922,27.529,62.824,93.496,0,75.454,0,131.706,71.958,0,0,0,120.707,0
-2,5/30/50,20:30,43.572,24.718,49.351,89.205,84.238,93.488,0,135.903,0,0,53.342,137.746,137.637,0,0,168.586,113.998,124.711,0,72.46,42.951
-2,5/30/50,20:31,54.324,108.801,26.878,71.135,127.95,39.193,0,155.439,0,65.165,101.929,105.828,110.838,0,0,78.71,157.202,130.343,0,0,60.944
-2,5/30/50,20:32,14.209,176.597,128.874,97.735,125.759,19.783,0,71.681,0,72.888,149.035,45.233,93.194,0,33.099,9.881,14.828,39.989,0,85.72,0
-2,5/30/50,20:33,126.419,156.146,105.527,23.84,76.62,15.911,0,0,0,5.64,127.225,56.17,66.042,0,67.391,0,150.898,1.042,0,11.608,0
-2,5/30/50,20:34,0,144.524,0,0,125.793,115.959,0,76.895,0,88.791,74.596,47.195,72.911,0,86.964,0,44.236,114.112,0,0,0
-2,5/30/50,20:35,110.598,194.503,135.102,0,49.443,108.69,0,246.894,0,97.038,11.272,0,101.261,0,178.243,0,121.968,80.968,0,0,0
-2,5/30/50,20:36,45.714,56.809,164.658,0,134.051,37.446,0,109.147,0,56.252,0,29.014,35.216,0,218.806,47.511,92.042,80.529,0,100.984,0
-2,5/30/50,20:37,91.676,52.825,118.686,0,199.842,118.723,0,179.427,0,218.503,0,151.557,0,0,218.059,49.665,182.01,57.5,0,86.506,0
-2,5/30/50,20:38,204.626,20.96,140.896,0,93.86,81.81,24.803,109.053,0,0,0,135.596,0,0,241.721,142.861,34.438,87.163,0,84.758,53.791
-2,5/30/50,20:39,29.566,34.789,146.695,0,118.65,88.012,126.327,116.721,0,0,0,61.687,0,0,183.969,82.658,205.062,98.902,0,195.18,123.255
-2,5/30/50,20:40,0,62.298,90.774,0,22.945,29.2,99.161,66.358,0,21.927,0,30.184,0,0,145.969,78.71,147.418,34.793,0,0,197.858
-2,5/30/50,20:41,84.063,123.439,0,0,133.548,32.79,138.318,0,0,78.243,0,42.488,0,0,52.041,0,205.785,42.718,0,14.752,229.625
-2,5/30/50,20:42,74.588,197.847,0,0,105.924,84.259,43.667,67.002,0,39.122,0,12.234,0,51.04,101.359,0,184.124,70.363,0,79.108,245.094
-2,5/30/50,20:43,9.755,215.315,0,0,83.528,94.415,86.283,56.745,0,105.924,0,3.442,0,102.496,129.778,107.659,30.897,49.365,0,136.142,173.057
-2,5/30/50,20:44,0,92.359,0,0,18.679,0,90.157,81.433,0,85.456,0,20.942,0,127.172,115.442,19.806,126.006,0,0,104.923,113.026
-2,5/30/50,20:45,63.616,50.007,0,0,104.554,0,129.669,97.234,0,33.058,0,58.151,41.411,43.816,75.894,0,209.562,86.823,0,53.662,119.979
-2,5/30/50,20:46,160.822,146.186,10.833,0,60.86,0,111.386,235.563,0,24.953,0,77.956,112.474,128.379,51.727,0,125.028,39.459,0,39.629,152.484
-2,5/30/50,20:47,99.487,194.7,111.262,0,87.628,0,140.032,108.976,0,21.165,0,109.008,81.803,186.881,142.46,0,39.775,79.156,0,46.145,75.838
-2,5/30/50,20:48,148.7,64.019,36.427,0,78.647,0,133.819,24.441,0,0,0,87.573,42.7,138.447,98.341,86.557,0,37.556,0,18.883,81.102
-2,5/30/50,20:49,144.462,35.6,82.193,0,45.567,0,124.871,51.748,0,0,0,0,124.044,62.286,145.539,26.105,0,121.718,0,108.41,87.373
-2,5/30/50,20:50,138.917,119.648,128.012,0,190.066,47.464,58.44,25.627,0,0,0,0,169.057,155.071,139.255,0,0,49.316,125.715,99.38,167.686
-2,5/30/50,20:51,139.513,224.473,203.139,0,112.402,52.789,127.976,25.715,0,0,0,0,5.989,109.153,219.54,88.971,0,0,78.231,115.227,119.121
-2,5/30/50,20:52,73.226,272.653,237.535,0,173.662,0,67.09,60.867,0,0,0,0,6.152,82.528,2.394,73.823,0,0,105.236,112.811,0
-2,5/30/50,20:53,159.509,157.803,37.832,0,56.778,0,0,145.342,0,0,0,0,85.681,132.742,91.253,109.434,0,0,107.197,69.986,117.911
-2,5/30/50,20:54,166.221,42.352,64.409,0,19.306,0,36.181,233.705,0,0,0,0,90.77,134.278,213.783,28.507,0,19.393,152.924,112.586,163.688
-2,5/30/50,20:55,6.526,116.439,96.752,0,0,0,46.309,247.89,0,0,0,0,0,72.939,74.09,91.488,0,80.584,32.594,44.39,62.578
-2,5/30/50,20:56,65.036,117.716,70.135,0,0,0,192.256,98.633,0,0,0,0,67.036,62.121,100.678,52.398,0,99.071,101.777,0,141.433
-2,5/30/50,20:57,101.514,90.967,159.937,35.201,0,0,218.65,115.751,0,0,0,0,60.116,148.18,119.241,120.176,0,187.513,146.924,0,128.679
-2,5/30/50,20:58,0,13.251,212.937,76.938,0,0,109.338,194.467,0,0,0,0,137.461,146.568,92.827,194.957,0,40.917,102.833,48.709,178.956
-2,5/30/50,20:59,139.11,170.658,220.633,158.871,0,0,160.051,231.149,0,0,0,0,112.837,126.586,114.272,203.716,0,66.851,83.595,162.599,181.474
-2,5/30/50,21:00,145.554,188.929,172.924,159.457,0,0,51.011,126.185,0,0,0,0,136.263,142.107,124.112,153.53,0,59.676,210.832,64.735,141.604
-2,5/30/50,21:01,23.897,113.528,177.664,112.133,0,0,212.415,211.011,0,0,0,0,149.173,123.736,48.803,26.66,0,106.433,0,63.714,136.186
-2,5/30/50,21:02,67.88,115.275,107.971,67.322,0,0,100.378,89.016,0,0.333,0,0,151.955,156.336,7.787,75.522,0,50.998,104.469,159.681,29.57
-2,5/30/50,21:03,52.976,24.349,0,103.341,0,0,113.764,0,0,68.876,0,0,0,45.387,186.444,0,0,41.578,51.475,28.034,27.514
-2,5/30/50,21:04,77.642,28.011,68.759,75.979,0,0,18.757,0,0,25.085,0,0,49.729,51.879,95.254,0,0,73.343,63.779,35.105,100.345
-2,5/30/50,21:05,120.367,64.281,152.17,196.958,0,0,105.955,115.213,0,22.914,35.468,0,101.09,95.899,111.913,0,0,29.97,59.186,158.836,123.346
-2,5/30/50,21:06,0,93.354,28.902,79.841,0,0,112.962,232.17,0,21.72,131.276,0,171.672,152.841,11.013,0,0,51.692,39.958,52.837,72.231
-2,5/30/50,21:07,73.607,102.365,121.241,35.706,0,0,125.025,174.312,0,65.576,65.715,0,154.08,66.215,34.21,0,0,86.592,70.772,30.491,0
-2,5/30/50,21:08,63.141,75.904,69.184,149.51,0,0,151.739,44.978,0,93.845,99.145,29.195,146.298,0,49.524,0,0,68.367,0,42.836,0
-2,5/30/50,21:09,195.323,80.387,22.599,126.321,0,0,157.593,75.545,0,30.491,154.857,2.03,158.751,106.28,2.256,0,0,41.466,0,54.95,0
-2,5/30/50,21:10,144.378,60.948,0,87.019,0,0,135.581,42.76,0,35.303,83.347,36.27,52.184,30.766,70.624,0,0,42.422,0,91.593,0
-2,5/30/50,21:11,119.916,123.28,287.751,0,18.684,0,138.461,145.581,0,62.134,152.938,124.211,103.082,36.027,82.17,0,0,0,0,39.635,0
-2,5/30/50,21:12,25.46,132.148,144.795,0,135.919,0,120.208,139.868,0,72.816,26.286,40.626,102.125,29.821,18.713,0,0,0,0,99.553,0
-2,5/30/50,21:13,0,173.286,139.615,25.568,197.57,0,142.864,158.421,0,116.085,93.291,0,44.826,148.948,0,147.153,0,0,0,42.141,0
-2,5/30/50,21:14,0,152.288,210.876,46.402,99.23,0,143.378,90.383,0,36.656,87.454,107.128,84.944,103.783,0,87.585,0,95.882,0,79.283,0
-2,5/30/50,21:15,0,163.668,112.219,53.002,180.778,0,66.851,294.52,0,80.803,94.432,20.154,177.524,37.508,130.716,18.99,0,148.008,0,105.642,0
-2,5/30/50,21:16,0,283.195,0,112.723,123.933,0,108.18,40.621,0,25.132,116.055,0,49.338,91.581,89.945,0,0,13.024,17.266,88.697,0
-2,5/30/50,21:17,0,139.315,0,159.012,208.909,0,158.771,174.3,0,0,82.234,0,107.168,178.065,68.02,0,0,49.749,35.836,65.961,78.074
-2,5/30/50,21:18,89.409,231.427,0,73.302,236.058,0,82.812,106.422,0,0,67.202,0,125.948,107.093,106.613,0,0,0,129.317,26.777,117.866
-2,5/30/50,21:19,70.54,115.482,0,48.426,164.004,44.297,122.154,102.662,0,0,76.868,0,177.597,141.857,71.133,0,0,48.435,103.427,44.815,180.558
-2,5/30/50,21:20,151.418,151.243,0,96.234,199.419,12.935,41.188,115.813,0,35.173,65.098,0,0,188.107,46.865,0,0,47.502,54.476,87.665,215.209
-2,5/30/50,21:21,0,54.761,0,37.245,154.587,50.407,91.282,31.614,0,47.786,131.012,0,21.983,95.135,52.206,0,0,70.642,63.251,133.977,159.092
-2,5/30/50,21:22,0,0,0,50.973,101.446,159.526,63.494,0,0,74.235,193.508,31.266,124.834,150.343,43.258,0,0,154.623,47.396,52.058,141.757
-2,5/30/50,21:23,103.743,0,0,39.472,152.566,33.663,0,20.33,0,0,90.084,0,151.99,105.844,0,0,0,0,42.243,70.109,207.049
-2,5/30/50,21:24,38.027,0,67.96,0,44.315,30.259,0,169.913,0,101.591,120.328,0,198.011,100.828,0,0,0,37.999,119.783,10.828,109.349
-2,5/30/50,21:25,67.416,0,24.548,0,172.077,30.32,0,162.102,0,56.578,114.86,72.21,140.889,117.987,22.175,0,0,75.682,79.504,48.783,58.748
-2,5/30/50,21:26,106.849,0,11.158,44.944,107.231,119.205,0,97.192,0,103.423,156.246,47.315,87.994,54.655,120.108,0,0,26.153,64.141,53.479,131.238
-2,5/30/50,21:27,0,0,61.532,106.911,55.257,52.001,0,154.334,0,16.035,180.217,78.041,0,94.512,151.849,0,0,110.044,39.691,98.644,55.348
-2,5/30/50,21:28,170.042,0,130.151,11.02,222.794,38.634,0,0,48.695,47.954,75.645,93.675,46.462,129.24,25.856,0,0,112.799,60.161,107.047,130.455
-2,5/30/50,21:29,106.972,33.973,98.021,78.945,118.114,110.048,0,0,4.023,47.641,106.011,99.461,71.112,109.566,10.805,0,0,120.841,44.464,56.682,127.246
-2,5/30/50,21:30,62.283,130.839,72.094,68.525,149.083,50.431,0,125.532,44.288,177.241,29.931,77.8,14.511,164.045,41.075,0,0,99.842,55.817,69.024,62.337
-2,5/30/50,21:31,130.781,107.881,40.482,39.766,89.896,29.426,0,122.226,13.904,33.046,49.484,57.73,169.159,129.784,58.021,0,0,51.05,107.409,49.881,117.751
-2,5/30/50,21:32,125.945,141.225,102.164,125.567,25.098,77.836,0,77.675,4.233,0,40.574,113.444,113.305,174.137,138.541,0,0,75.684,83.154,100.722,96.187
-2,5/30/50,21:33,219.458,112.996,60.534,30.744,119.913,173.54,0,163.502,34.006,0,115.86,0,139.322,181.465,76.622,0,0,90.413,43.891,58.254,114.38
-2,5/30/50,21:34,126.111,20.047,41.616,31.516,116.733,0,0,118.11,49.959,0,133.888,0,27.114,131.229,131.34,0,0,20.24,146.882,22.592,190.455
-2,5/30/50,21:35,158.734,18.692,93.252,171.555,14.602,0,0,133.517,0,0,72.582,39.871,63.531,191.076,79.92,27.714,0,85.471,56.791,121.584,148.48
-2,5/30/50,21:36,216.947,22.568,176.532,84.785,26.354,0,0,157.554,18.122,0,0,42.302,19.389,0,53.89,139.327,0,57.939,86.535,97.409,135.101
-2,5/30/50,21:37,133.458,219.119,113.421,111.857,154.386,0,0,164.407,12.75,0,104.195,37.669,129.521,0,60.762,123.87,0,0,86.468,144.458,68.252
-2,5/30/50,21:38,9.998,161.434,185.499,25.053,161.595,0,0,162.417,9.157,0,87.195,0,136.819,0,0.848,240.505,0,0,0,133.527,131.923
-2,5/30/50,21:39,102.627,152.859,102.585,133.643,96.32,104.786,0,80.064,10.603,0,14.177,27.135,60.349,0,98.076,140.304,0,0,0,91.752,111.735
-2,5/30/50,21:40,148.659,41.294,75.249,77.02,71.717,0,0,128.224,86.317,0,42.354,6.87,140.05,0,40.7,128.325,0,0,0,106.933,49.275
-2,5/30/50,21:41,95.813,31.528,55.749,0,207.834,66.175,0,227.949,4.871,0,28.451,24.088,49.005,0,29.923,166.902,0,0,0,35.178,157.036
-2,5/30/50,21:42,45.379,181.38,0,0,134.69,0,0,115.87,44.024,0,49.639,29.31,110.667,0,9.915,152.582,0,103.093,0,95.302,53.798
-2,5/30/50,21:43,0,219.671,0,0,149.548,0,0,153.063,28.325,0,75.292,149.127,137.45,0,61.505,142.082,0,0,0,53.715,73.92
-2,5/30/50,21:44,77.72,98.38,0,0,131.132,99.806,0,147.336,23.091,0,10.614,97.164,114.373,0,9.087,194.918,25.559,0,0,48.522,13.793
-2,5/30/50,21:45,0,179.066,41.109,66.225,61.715,0,0,148.276,20.222,0,63.284,74.629,186.98,0,187.246,0,152.639,0,29.024,9.309,111.247
-2,5/30/50,21:46,0,59.348,53.166,7.065,146.583,26.198,0,44.212,51.649,0,105.432,81.042,0,0,176.276,0,195.312,40.286,118.683,7.4,51.502
-2,5/30/50,21:47,0,60.558,93.673,55.778,125.873,0,53.834,69.737,17.569,0,123.354,30.699,87.662,0,169.333,106.854,229.377,12.322,129.098,0,139.863
-2,5/30/50,21:48,0,135.938,53.717,200.784,77.83,51.108,0,154.434,37.128,0,76.365,67.992,68.286,0,56.608,80.858,207.178,101.21,147.371,33.491,107.515
-2,5/30/50,21:49,0,179.199,42.549,43.06,118.148,165.228,0,102.307,16.136,0,93.781,111.386,108.448,32.343,95.339,109.641,237.649,26.429,0,46.459,111.352
-2,5/30/50,21:50,0,257.495,73.584,17.159,76.53,32.835,25.834,116.813,1.691,0,19.003,16.115,132.859,34.115,51.181,180.921,225.121,0,21.318,40.78,29.256
-2,5/30/50,21:51,0,30.94,188.037,18.328,91.342,43.786,10.76,25.918,54.301,0,97.69,56.146,120.885,136.43,11.697,82.604,229.417,131.043,47.215,63.356,4.418
-2,5/30/50,21:52,0,0,133.746,18.516,167.597,54.577,152.772,0,43.392,0,98.211,136.704,24.658,35.885,116.783,70.816,330.945,138.787,20.145,7.498,43.059
-2,5/30/50,21:53,0,0,131.028,18.466,0,79.622,47.533,0,58.536,39.611,56.709,16.957,0,38.273,32.148,175.84,281.269,87.462,51.599,11.389,177.539
-2,5/30/50,21:54,0,0,25.87,19.812,145.968,0,122.79,0,12.848,26.597,88.603,0,0,136.918,80.995,126.561,251.483,102.406,46.455,9.385,119.006
-2,5/30/50,21:55,0,0,93.982,55.768,58.882,0,0,0,0,24.675,51.812,0,25.913,125.643,17.151,121.475,204.077,86.67,47.545,7.671,156.251
-2,5/30/50,21:56,0,0,58.643,81.922,109.449,0,0,0,0,24.259,58.767,57.536,126.646,48.025,114.997,223.407,211.565,27.657,34.541,7.692,149.388
-2,5/30/50,21:57,0,0,168.758,45.863,2.597,0,42.717,74.67,79.098,0,62.992,20.015,71.3,98.866,140.795,140.194,220.407,13.405,0,80.283,72.123
-2,5/30/50,21:58,0,0,36.396,132.401,120.561,44.285,74.215,144.791,0,32.767,103.913,0,161.318,55.532,71.868,0,203.818,15.164,0,82.814,0
-2,5/30/50,21:59,0,0,0,168.26,83.801,35.292,31.983,37.399,0,22.525,112.969,0,156.922,0,34.711,37.338,324.976,45.073,44.023,168.838,0
-2,5/30/50,22:00,0,0,0,114.209,99.722,135.844,28.312,0,37.754,20.836,113.322,0,76.631,0,10.106,74.305,244.145,38.815,42.775,111.319,0
-2,5/30/50,22:01,0,0,0,42.607,139.502,14.054,46.795,61.009,34.195,39.369,66.227,0,28.114,0,0,4.734,85.106,0,8.712,166.536,0
-2,5/30/50,22:02,0,0,29.964,177.747,143.708,37.799,103.941,0,16.959,56.744,73.947,25.424,144.216,0,13.222,146.127,96.13,28.936,35.416,139.4,0
-2,5/30/50,22:03,0,0,222.655,141.055,138.921,28.556,116,0,49.052,17.739,60.364,13.882,204.467,0,90.837,94.799,175.889,58.662,152.495,153.728,0
-2,5/30/50,22:04,0,0,63.598,211.51,66.472,36.62,129.619,0,10.698,12.555,59.716,38.33,143.577,114.838,117.333,31.555,110.73,41.805,34.614,96.143,0
-2,5/30/50,22:05,0,0,0,101.644,90.462,83.579,131.47,0,54.938,14.632,120.854,77.088,152.161,58.759,99.118,72.36,280.181,0,125.188,79.68,0
-2,5/30/50,22:06,0,0,0,62.958,94.564,0,87.806,0,35.387,14.665,65.274,30.626,246.278,83.099,64.196,135.878,157.037,12.848,96.351,39.877,0
-2,5/30/50,22:07,0,0,0,34.816,145.026,0,92.173,38.962,21.055,34.645,76.688,24.242,74.653,92.563,24.153,133.505,0,56.725,75.083,92.546,0
-2,5/30/50,22:08,0,0,0,59.377,109.783,59.396,82.134,38.702,69.065,137.923,60.954,60.454,159.868,34.073,31.737,92.159,252.925,37.919,51.023,121.198,0
-2,5/30/50,22:09,0,0,0,74.172,140.809,14.39,151.234,0,44.984,39.987,92.501,0,213.83,182.772,32.873,79.341,182.142,80.879,91.171,110.819,0
-2,5/30/50,22:10,0,0,0,99.685,183.392,71.861,85.93,0,0,173.246,73.093,0,79.295,94.906,28.163,24.512,139.861,70.382,91.04,153.171,0
-2,5/30/50,22:11,0,0,0,149.747,109.11,61.751,82.701,0,0,16.656,105.782,0,74.356,151.726,26.736,110.231,230.487,75.049,72.781,64.855,0
-2,5/30/50,22:12,0,0,0,184.684,51.313,46.151,69.96,31.947,0,32.593,63.722,0,120.887,178.858,25.747,52.664,242.664,49.778,25.955,140.656,0
-2,5/30/50,22:13,0,0,0,120.168,66.796,85.997,121.296,63.433,0,133.85,19.248,0,194.537,135.603,96.4,169.012,176.28,95.698,39.645,124.967,0
-2,5/30/50,22:14,0,0,0,80.46,143.001,43.949,184.482,81.098,0,45.005,2.804,0,126.014,192.833,53.197,193.623,136.556,75.346,23.657,80.495,0
-2,5/30/50,22:15,0,0,0,131.339,102.671,127.487,94.515,121.613,0,3.996,0,32.472,152.27,121.987,132.023,176.73,170.954,14.797,47.265,118.547,0
-2,5/30/50,22:16,0,0,0,119.842,136.824,85.677,67.224,90.7,0,0,0,33.847,112.897,166.231,141.656,37.084,208.792,59.011,24.491,83.775,0
-2,5/30/50,22:17,0,0,0,166.37,18.603,25.886,208.146,69.268,0,34.395,8.693,90.26,141.064,38.786,109.638,136.1,244.488,0,5.38,17.58,0
-2,5/30/50,22:18,0,0,0,0,117.927,25.561,22.774,88.647,0,0,96.876,16.584,81.116,141.504,22.254,89.511,202.628,0,51.216,115.873,0
-2,5/30/50,22:19,0,0,0,0,108.599,30.194,82.454,80.406,0,0,0,12.698,190.628,134.416,9.283,0,145.204,0,55.45,129.382,0
-2,5/30/50,22:20,0,0,0,0,98.619,82.605,85.644,120.434,0,0,0,23.309,80.869,152.087,84.941,35.975,243.933,0,40.848,30.248,0
-2,5/30/50,22:21,0,0,0,0,94.17,88.768,125.201,90.914,0,0,0,55.637,54.265,194.874,69.541,141.509,132.819,0,86.345,159.583,0
-2,5/30/50,22:22,0,0,0,0,128.212,36.137,102.293,117.01,0,0,0,153.66,175.417,156.323,51.911,66.038,158.432,7.478,130.837,55.066,0
-2,5/30/50,22:23,0,0,0,0,198.14,10.162,66.603,17.5,0,0,0,170.82,209.679,130.152,0,49.282,101.373,95.388,25.952,43.786,0
-2,5/30/50,22:24,0,0,0,0,144.179,6.045,38.705,75.142,0,0,97.646,119.858,167.076,205.147,82.076,116.458,205.223,106.143,0,71.933,0
-2,5/30/50,22:25,0,0,0,0,257.545,12.887,97.274,42.253,0,0,43.619,76.819,10.342,118.577,94.829,69.447,110.861,94.835,0,24.049,0
-2,5/30/50,22:26,0,0,0,0,144.069,0,93.927,13.135,0,0,77.728,33.417,99.239,207.533,183.59,0,100.156,63.669,0,127.38,0
-2,5/30/50,22:27,0,0,0,0,82.733,0,145.874,11.098,0,0,5.249,45.004,194.465,212.487,78.884,75.89,142.394,54.058,53.759,99.808,0
-2,5/30/50,22:28,0,0,0,0,141.499,86.347,47.492,0,0,0,82.691,32.753,203.15,189.727,79.154,76.459,231.635,46.38,53.482,56.653,0
-2,5/30/50,22:29,0,0,0,0,114.995,109.121,47.915,36.414,0,0,60.046,53.508,191.074,303.629,140.286,135.431,87.153,40.734,11.462,23.397,0
-2,5/30/50,22:30,0,0,0,0,65.152,59.257,141.036,23.83,0,0,63.148,0,119.808,55.836,92.611,0,228.253,60.507,0,112.803,0
-2,5/30/50,22:31,0,0,0,0,30.185,0,88.672,107.182,0,0,32.672,55.619,229.74,79.74,37.196,159.004,266.568,79.682,36.293,118.459,0
-2,5/30/50,22:32,0,0,0,0,159.379,0,55.59,33.115,0,0,0,0,227.51,0,126.475,50.399,237.439,49.091,55.201,156.006,0
-2,5/30/50,22:33,0,0,0,0,166.702,0,122.136,133.685,0,0,0,45.329,91.319,201.733,167.067,59.563,172.578,22.781,37.07,155.211,0
-2,5/30/50,22:34,0,0,0,0,142.582,0,72.053,14.839,0,0,0,165.494,154.011,201.689,63.881,0,205.128,99.38,99.399,40.808,0
-2,5/30/50,22:35,0,0,0,0,159.185,0,94.915,0,0,0,0,50.288,190.973,155.734,33.755,0,118.118,20.485,109.606,60.496,0
-2,5/30/50,22:36,0,0,0,0,126.819,0,0,149.853,0,42.305,0,40.36,47.014,71.762,0,76.247,211.149,0,98.257,108.034,0
-2,5/30/50,22:37,0,0,0,0,173.524,0,70.458,137.258,0,73.746,0,67.731,234.422,50.545,75.736,3.221,195.616,0,45.685,171.883,0
-2,5/30/50,22:38,0,0,22.744,0,74.049,0,120.15,80.721,32.117,40.084,0,35.901,154.188,70.696,78.57,121.372,102.468,0,48.653,146.531,0
-2,5/30/50,22:39,0,0,91.935,0,57.92,0,83.432,20.503,15.876,18.789,0,42.728,141.402,39.532,93.948,129.285,112.41,0,0,43.456,0
-2,5/30/50,22:40,0,0,143.701,0,149.287,0,60.7,34.569,10.763,27.697,0,23.684,124.082,16.569,87.418,125.584,31.622,0,0,5.024,0
-2,5/30/50,22:41,0,0,0,0,124.356,0,102.786,115.77,50.728,36.05,0,18.619,150.656,98.988,101.276,134.38,213.279,0,0,0,0
-2,5/30/50,22:42,0,0,158.056,0,116.433,0,125.229,183.963,0,49.18,0,47.635,120.093,65.094,0,29.296,157.314,0,0,64.973,0
-2,5/30/50,22:43,0,0,34.416,0,165.181,0,165.917,34.999,0,115.356,0,77.465,228.477,85.575,0,133.045,104.583,0,0,87.204,13.923
-2,5/30/50,22:44,0,0,0,0,171.59,0,98.056,112.01,0,68.368,0,35.026,128.955,88.014,0,91.626,188.752,0,0,142.59,92.519
-2,5/30/50,22:45,0,0,0,0,194.225,0,49.256,85.463,51.92,18.172,0,16.494,245.625,81.807,0,65.203,153.199,0,0,121.839,54.363
-2,5/30/50,22:46,0,0,0,0,117.547,0,51.006,74.487,0,112.421,0,108.59,203.835,83.282,0,130.191,160.046,0,0,75.897,147.644
-2,5/30/50,22:47,0,0,0,0,140.072,0,88.064,85.672,27.232,43.747,42.867,162.088,86.016,55.663,0,25.186,0,0,0,13.783,167.398
-2,5/30/50,22:48,0,0,0,0,43.284,0,0,22.006,7.592,52.361,160.291,39.62,218.367,96.334,0,0,145.408,0,0,6.392,179.264
-2,5/30/50,22:49,0,30.954,0,0,76.666,0,60.863,38.532,0,68.304,5.536,143.886,208.287,22.892,0,104.339,157.333,0,0,23.996,155.872
-2,5/30/50,22:50,0,88.298,0,0,120.028,0,118.273,10.016,0,80.721,56.172,31.789,104.177,129.323,0,17.145,55.806,0,0,75.208,135.308
-2,5/30/50,22:51,0,81.707,0,0,107.884,0,94.886,86.013,0,35.095,168.617,133.193,114.923,87.578,0,0,182.461,0,0,60.098,85.637
-2,5/30/50,22:52,0,56.839,0,0,64.595,0,22.486,163.682,0,56.919,129.9,31.288,189.06,198.24,0,59.033,191.434,0,0,28.665,173.372
-2,5/30/50,22:53,0,185.103,52.64,23.556,172.948,0,0,36.881,0,83.667,83.12,37.806,125.205,89.05,0,33.367,176.643,0,0,165.97,144.628
-2,5/30/50,22:54,27.647,120.726,61.666,131.91,212.857,0,0,41.056,0,71.316,57.657,36.525,231.971,57.495,0,131.406,273.262,0,0,149.551,33.273
-2,5/30/50,22:55,97.617,72.786,45.749,118.862,157.804,0,0,62.747,0,111.891,56.606,78.488,150.188,121.181,0,143.575,150.225,0,0,71.575,79.31
-2,5/30/50,22:56,27.225,138.819,62.922,117.49,77.179,0,0,44.769,0,24.37,70.803,12.368,81.805,0,0,0,261.815,0,0,121.023,22.009
-2,5/30/50,22:57,129.339,29.249,108.43,168.059,158.618,0,0,87.474,17.048,0,99.153,37.934,130.162,57.565,0,0,125.221,0,0,74.522,75.711
-2,5/30/50,22:58,63.276,218.013,64.162,121.385,161.281,0,0,96.84,72.667,0,73.534,0,129.96,54.338,0,93.309,154.064,0,0,97.242,151.712
-2,5/30/50,22:59,29.104,146.547,38.792,111.272,162.279,0,0,127.174,59.398,74.711,74.49,28.62,74.936,0,0,12.368,125.948,0,0,136.995,111.722
-2,5/30/50,23:00,21.316,30.788,108.995,190.084,41.73,0,0,86.905,17.48,30.319,96.361,67.009,127.008,0,0,144.351,242.541,0,0,21.658,148.811
-2,5/30/50,23:01,43.172,33.864,70.798,150.391,0,0,0,35.912,0,69.885,87.802,108.162,119.653,0,0,135.382,112.796,0,0,18.632,68.468
-2,5/30/50,23:02,96.411,61.562,135.009,72.413,143.848,0,0,19.198,41.016,24.463,97.8,12.569,191.901,0,60.745,157.339,120.622,0,0,0,91.72
-2,5/30/50,23:03,40.355,140.29,42.229,33.401,134.315,0,0,113.856,75.387,12.556,8.37,16.366,59.582,16.594,0,124.392,0,0,0,73.523,91.106
-2,5/30/50,23:04,103.941,193.522,161.326,33.921,94.821,0,0,74.092,31.558,11.832,52.34,0,56.708,122.852,0,25.589,96.331,0,0,67.691,97.935
-2,5/30/50,23:05,174.406,184.487,89.692,84.421,259.8,0,0,0,37.033,11.346,98.359,0,173.752,21.825,0,124.42,182.05,0,0,16.995,115.484
-2,5/30/50,23:06,42.106,164.973,94.654,127.614,143.769,0,0,0,16.584,13.454,59.571,0,131.707,14.525,0,112.468,96.211,0,0,155.698,131.048
-2,5/30/50,23:07,25.982,150.208,142.905,100.242,135.737,0,0,44.443,13.026,11.613,0,68.481,184.26,64.589,0,102.109,3.807,0,0,91.792,64.746
-2,5/30/50,23:08,133.884,2.655,0,139.7,149.936,0,0,38.589,14.491,11.534,0,15.924,184.483,46.479,0,92.543,20.17,0,0,165.8,212.851
-2,5/30/50,23:09,105.078,147.562,0,51.106,125.335,0,0,20.432,14.729,10.504,25.105,0,151.764,79.838,0,123.722,161.614,0,0,110.555,126.065
-2,5/30/50,23:10,60.355,128.725,0,221.851,31.584,0,0,40.746,12.332,13.12,66.531,0,190.574,148.386,0,2.167,178.848,0,0,17.99,106.729
-2,5/30/50,23:11,128.497,201.227,0,85.986,96.803,31.26,0,9.092,17.985,10.191,143.805,0,33.54,63.765,0,0,170.991,0,0,120.698,19.052
-2,5/30/50,23:12,61.647,184.5,35.805,100.82,151.247,17.515,0,23.399,20.52,11.321,14.657,0,15.254,0,0,34.985,102.083,0,0,43.504,111.56
-2,5/30/50,23:13,116.333,147.726,0,61.654,43.281,23.52,0,69.073,32.41,11.421,97.165,0,126.849,0,0,67.078,249.68,0,0,65.374,39.444
-2,5/30/50,23:14,245.772,164.357,15.721,114.735,227.652,0,0,145.669,8.161,35.888,103.208,0,84.221,0,0,0,273.605,0,0,94.892,0
-2,5/30/50,23:15,147.192,57.427,151.511,47.61,0,0,0,95.056,16.628,89.17,60.727,0,82.427,0,0,0,300.481,0,0,10.242,48.588
-2,5/30/50,23:16,106.126,51.654,69.415,185.987,62.411,0,0,82.875,2.483,51.564,93.681,0,98.366,46.435,0,66.854,141.291,0.707,0,92.726,168.751
-2,5/30/50,23:17,56.627,51.616,49.823,118.199,39.111,0,0,55.413,4.812,10.417,45.455,0,185.262,94.559,0,70.308,202.277,18.942,0,80.991,97.916
-2,5/30/50,23:18,21.873,201.17,61.206,168.94,34.245,0,0,31.856,37.326,0,0,0,103.302,0,0,0,174.158,39.329,0,31.809,47.562
-2,5/30/50,23:19,0,89.621,189.524,151.821,90.105,0,0,61.749,31.423,35.064,0,0,87.833,117.487,0,57.427,131.888,0,0,86.776,0
-2,5/30/50,23:20,0,108.635,96.177,134.822,134.653,0,0,109.438,24.908,65.648,0,0,125.017,37.25,0,240.503,63.533,0,0,116.95,7.572
-2,5/30/50,23:21,0,59.715,64.464,202.259,207.862,72.36,0,98.312,44.551,107.44,5.957,0,92.516,30.109,0,101.746,154.763,0,0,120.926,132.247
-2,5/30/50,23:22,0,138.556,94.534,76.887,124.991,43.171,0,97.608,54.473,34.917,46.903,0,243.911,47.1,0,35.872,91.414,142.112,0,43.601,137.433
-2,5/30/50,23:23,0,77.059,53.544,145.385,83.365,58.762,0,110.923,18.002,7.157,198.273,0,74.572,77.657,0,149.248,55.837,34.674,0,39.969,121.599
-2,5/30/50,23:24,0,173.683,63.765,28.099,168.006,100.096,0,72.867,0,0,102.43,0,127.604,92.991,0,92.089,87.79,140.612,0,18.846,114.927
-2,5/30/50,23:25,0,97.378,124.968,26.007,59.653,101.11,0,0,0,20.358,109.172,0,72.853,53.737,0,167.802,69.778,117.809,0,87.694,126.22
-2,5/30/50,23:26,0,59.001,131.055,154.616,43.622,56.13,0,92.621,0,29.485,111.301,0,169.071,125.35,0,175.174,170.597,74.743,0,47.929,84.203
-2,5/30/50,23:27,0,81.786,113.491,121.779,121.766,115.292,0,170.558,0,48.7,90.734,0,183.616,102.503,0,223.325,26.42,0,0,110.911,67.659
-2,5/30/50,23:28,0,207.41,0,29.145,94.758,4.959,0,88.416,0,77.623,41.341,0,116.964,128.81,0,170.308,0,0,0,56.463,196.41
-2,5/30/50,23:29,0,135.494,0,20.484,105.121,0,0,0,0,50.825,98.292,0,117.051,59.824,0,38.677,114.125,0,0,80.473,106.081
-2,5/30/50,23:30,0,98.003,0,149.149,127.11,120.798,0,0,0,27.058,38.141,0,148.492,111.662,0,140.421,149.78,0,0,114.3,149.227
-2,5/30/50,23:31,0,109.738,43.039,121.782,112.218,67.89,0,0,0,67.323,135.698,0,116.727,0,0,79.661,226.08,0,0,144.971,105.753
-2,5/30/50,23:32,0,90.672,91.275,90.125,70.306,27.409,0,0,0,29.286,89.121,0,116.334,0,0,81.525,54.045,83.579,0,39.396,111.31
-2,5/30/50,23:33,0,79.563,54.189,136.388,143.964,64.025,0,24.148,0,4.39,75.074,0,125.624,92.818,0,185.115,0,135.675,0,29.835,92.377
-2,5/30/50,23:34,0,49.656,0,114.564,88.015,32.148,0,60.991,0,44.457,9.92,0,112.969,146.469,0,147.746,123.308,128.281,0,34.301,104.737
-2,5/30/50,23:35,0,50.806,104.212,64.684,144.026,54,0,71.113,0,111.252,8.992,0,154.515,70.567,0,58.066,24.375,0,0,21.365,130.22
-2,5/30/50,23:36,0,170.589,35.166,125.658,157.819,148.645,0,27.229,0,9.322,37.202,24.161,113.729,75.152,0,0,0,50.722,0,111.64,137.141
-2,5/30/50,23:37,0,81.347,0,109.409,124.012,9.716,0,88.058,0,95.266,67.798,138.23,104.379,124.445,0,0,0,16.938,31.767,25.134,121.824
-2,5/30/50,23:38,0,97.737,0,199.209,0,83.504,0,2.805,0,111.132,113.34,64.484,44.059,116.509,0,0,0,201.002,0,115.64,81.508
-2,5/30/50,23:39,0,80.869,0,107.199,117.144,52.242,0,0,0,116.63,112.197,94.798,0,73.514,0,0,0,68.126,0,73.208,39.072
-2,5/30/50,23:40,0,50.886,0,178.663,27.001,143.337,0,50.744,0,54.852,59.468,32.758,171.085,118.588,0,0,0,61.012,0,15.24,0
-2,5/30/50,23:41,0,167.731,0,0,112.965,54.739,0,73.409,0,60.373,64.614,161.367,63.644,126.276,0,0,18.035,0,0,0,0
-2,5/30/50,23:42,0,88.617,0,0,135.888,26.708,0,57.992,0,65.562,0,40.888,167.605,0,24.143,0,246.845,91.675,0,61.121,88.92
-2,5/30/50,23:43,0,54.386,0,0,134.763,45.391,0,89.739,0,73.152,0,0,171.419,0,153.414,0,95.269,89.745,0,80.771,166.728
-2,5/30/50,23:44,0,29.251,0,0,72.443,0,135.335,21.841,0,64.753,70.85,0,129.954,0,177.367,0,153.088,138.671,0,67.88,286.556
-2,5/30/50,23:45,0,156.35,0,100.881,166.135,0,114.455,0,0,72.689,54.734,0,189.319,38.981,154.292,0,73.11,123.175,0,116.661,107.641
-2,5/30/50,23:46,0,179.798,0,101.04,91.927,0,180.616,0,0,0,66.743,0,82.862,34.525,133.976,0,83.822,38.632,0,106.16,183.569
-2,5/30/50,23:47,0,141.834,0,79.236,0,0,122.298,0,0,0,44.355,24.773,140.767,2.109,72.003,0,79.92,51.874,0,0,240.714
-2,5/30/50,23:48,0,125.794,0,74.301,0,52.198,95.453,0,0,41.326,13.387,18.357,147.958,89.55,0,0,176.77,38.19,0,63.89,192.187
-2,5/30/50,23:49,0,169.174,0,18.014,0,80.235,118.808,0,0,23.745,8.506,20.254,172.003,116.806,0,0,71.38,24.975,0,109.245,234.159
-2,5/30/50,23:50,0,93.2,0,16.22,0,157.459,75.695,0,0,26.683,94.504,33.531,115.443,95.198,0,0,176.862,63.282,0,137.046,155.394
-2,5/30/50,23:51,0,128.901,0,16.15,0,56.75,77.263,0,0,13.257,31.737,57.852,118.125,68.686,91.63,0,201.411,71.458,0,45.022,192.205
-2,5/30/50,23:52,38.79,159.55,0,15.236,0,0,144.835,0,0,12.12,0,102.327,97.914,36.544,151.981,0,264.996,199.96,0,0,122.386
-2,5/30/50,23:53,24.357,146.505,0,28.319,0,0,49.47,0,0,10.935,0,54.684,191.126,4.421,82.746,0,99.516,52.703,35.474,0,146.844
-2,5/30/50,23:54,6.889,92.03,0,18.849,0,0,115.859,0,0,10.14,45.039,56.537,153.877,68.91,0,0,188.102,0,150.467,0,76.872
-2,5/30/50,23:55,53.149,26.342,0,0,0,0,121.79,0,0,10.273,83.417,135.577,112.17,114.904,0,0,154.301,105.603,59.492,0,144.842
-2,5/30/50,23:56,167.98,0,0,33.167,0,0,87.402,0,0,10.792,137.773,18.984,101.05,0,0,0,197.744,42.515,134.195,0,84.245
-2,5/30/50,23:57,148.976,0,0,97.067,0,0,210.321,0,0,12.257,43.204,43.567,83.612,0,24.133,0,108.777,53.254,60.171,0,113.997
-2,5/30/50,23:58,42.828,0,0,156.41,0,0,85.983,0,0,12.401,66.462,107.475,102.829,126.22,142.13,0,120.043,0,45.277,0,137.142
-2,5/30/50,23:59,167.041,0,0,116.031,0,0,148.236,0,0,38.735,143.92,130.697,169.336,103.908,53.545,0,38.504,0,57.108,0,186.593
-2,5/31/50,0:00,100.277,0,0,93.368,0,0,155.079,0,0,87.31,86.719,18.842,195.538,65.291,25.319,0,0,96.919,67.877,0,91.933
-2,5/31/50,0:01,52.388,0,0,64.163,0,0,145.571,0,0,8.847,43.563,0,154.934,157.462,80.045,0,0,0,25.582,0,138.604
-2,5/31/50,0:02,0,0,0,32.654,0,0,108.499,0,0,45.79,17.415,50.554,193.812,70.532,75.023,0,78.336,0,58.85,0,107.88
-2,5/31/50,0:03,97.723,0,0,70.332,0,0,57.709,0,0,0,6.945,66.558,174.283,0,105.612,0,78.793,0,73.456,0,129.503
-2,5/31/50,0:04,246.851,0,0,88.421,0,0,76.957,0,0,0,3.76,56.651,103.395,0,86.422,0,0,0,0,0,184.391
-2,5/31/50,0:05,9.008,153.665,0,152.667,0,0,65.967,0,0,0,6.484,16.905,115.661,0,155.16,0,0,0,0,0,210.469
-2,5/31/50,0:06,79.061,52.02,0,152.028,0,0,70.485,107.785,0,0,48.393,61.88,59.735,0,57.284,0,0,0,113.537,0,173.538
-2,5/31/50,0:07,35.596,83.998,23.315,72.805,0,0,88.948,51.885,0,0,89.605,0,94.364,0,13.948,56.804,0,0,109.042,0,62.747
-2,5/31/50,0:08,57.365,0,119.354,37.007,0,0,173.307,174.383,0,0,81.314,46.903,114.605,0,119.446,0,0,97.367,75.303,0,160.217
-2,5/31/50,0:09,182.702,0,138.059,52.342,0,0,138.347,41.207,0,0,81.337,0,163.558,0,21.926,54.365,0,72.57,74.059,0,135.956
-2,5/31/50,0:10,116.105,0,193.648,173.06,0,0,84.453,58.321,0,0,0,64.091,158.768,0,0,159.147,0,144.548,31.585,0,195.508
-2,5/31/50,0:11,54.084,0,159.988,138.759,0,0,53.275,99.9,0,0,0,0,56.985,0,30.556,174.305,0,33.076,96.505,0,143.206
-2,5/31/50,0:12,109.164,0,81.99,75.861,0,0,1.543,60.4,0,0,0,11.481,159.479,0,0,48.692,0,52.397,85.442,0,15.088
-2,5/31/50,0:13,125.023,0,103.987,91.833,0,0,0,100.799,0,0,0,61.762,199.161,0,38.368,180.852,0,92.154,107.958,0,121.978
-2,5/31/50,0:14,158.102,0,109.518,43.961,0,0,0,91.476,0,0,0,58.281,241.601,0,0,96.359,0,0,112.699,0,199.448
-2,5/31/50,0:15,0,0,23.268,133.451,0,0,0,97.53,0,0,0,133.914,187.08,0,51.188,0,0,104.305,86.519,0,93.676
-2,5/31/50,0:16,103.688,0,25.992,135.933,0,0,0,116.822,0,0,0,133.474,117.044,0,33.085,0,0,27.342,128.649,0,85.526
-2,5/31/50,0:17,125.916,0,84.866,32.111,0,0,0,100.033,0,0,0,178.212,104.914,0,30.1,0,0,57.911,89.679,0,17.75
-2,5/31/50,0:18,216.035,0,72.027,0,0,0,0,82.095,0,0,0,113.635,101.907,0,116.297,132.032,0,32.08,61.144,0,60.467
-2,5/31/50,0:19,22.027,0,165.006,0,0,0,0,96.458,0,0,0,149.108,31.186,21.17,0,114.284,0,0,66.953,0,126.896
-2,5/31/50,0:20,0,0,64.197,0,0,0,0,97.255,0,0,0,40.494,0,64.592,0,78.405,0,0,101.615,91.738,44.724
-2,5/31/50,0:21,0,0,93.94,0,0,0,0,26.008,0,0,0,126.658,168.546,107.307,0,133.446,0,0,104.516,76.319,85.73
-2,5/31/50,0:22,0,0,76.873,0,0,0,0,0,0,17.403,24.709,35.265,145.28,57.667,0,107.119,0,0,69.793,64.219,85.027
-2,5/31/50,0:23,53.07,0,106.869,0,0,0,0,36.981,0,17.43,108.191,0,118.348,83.729,0,182.538,0,0,155.617,138.384,231.588
-2,5/31/50,0:24,90.384,0,99.938,0,0,0,0,61.98,0,63.052,56.409,0,89.674,121.223,0,122.74,0,0,60.187,162.034,92.695
-2,5/31/50,0:25,65.59,0,22.749,0,0,0,0,142.307,0,31.506,110.803,0,119.136,221.569,0,73.763,0,0,54.851,120.329,172.215
-2,5/31/50,0:26,86.968,0,31.543,0,0,50.022,0,78.5,0,72.614,68.422,0,41.514,171.328,0,176.089,0,0,43.541,22.073,118.696
-2,5/31/50,0:27,115.434,0,142.722,0,0,70.417,0,87.212,0,80.064,69.532,0,126.447,90.975,0,132.336,0,0,71.17,175.062,243.699
-2,5/31/50,0:28,112.357,0,48.752,0,0,111.009,0,78.408,0,85.051,57.902,0,99.874,113.783,0,210.238,0,0,12.105,181.757,118.79
-2,5/31/50,0:29,0,0,43.885,0,0,117.073,0,59.298,0,0,0,0,43.356,47.367,0,168.382,0,0,13.774,100.311,0
-2,5/31/50,0:30,0,0,124.641,0,120.273,15.563,0,73.957,0,0,38.904,0,91.9,0,38.58,83.601,0,0,12.298,14.821,110.738
-2,5/31/50,0:31,0,0,190.421,0,110.085,14.639,0,23.254,0,0,65.005,0,136.002,0,0,60.622,0,0,11.251,44.079,0
-2,5/31/50,0:32,0,0,139.642,0,206.685,19.829,0,94.676,0,0,95.95,0,119.776,32.577,20.268,52.097,0,0,14.288,104.338,0
-2,5/31/50,0:33,0,0,126.013,0,171.277,100.341,0,98.829,0,0,0,0,90.646,0,80.315,97.411,0,0,16.244,83.838,0
-2,5/31/50,0:34,24.356,0,101.11,0,120.073,89.574,0,129.555,0,0,0,0,35.37,0,14.182,130.707,0,0,42.234,148,0
-2,5/31/50,0:35,0,0,109.207,0,150.117,108.118,0,77.332,0,0,0,0,151.936,0,89.005,67.164,0,0,60.722,163.376,0
-2,5/31/50,0:36,52.433,0,149.864,0,151.88,98.972,0,108.497,0,0,0,0,0,0,45.05,167.391,0,0,26.802,123.11,0
-2,5/31/50,0:37,8.634,0,221.106,0,90.316,154.33,0,89.139,0,0,0,0,0,0,177.24,128.001,0,0,53.214,0,0
-2,5/31/50,0:38,78.893,0,44.961,0,120.324,95.598,0,294.352,0,0,0,0,0,0,78.246,144.199,0,0,65.087,0,0
-2,5/31/50,0:39,23.931,0,72.855,0,142.589,83.568,0,113.171,0,0,0,0,101.138,0,39.08,141.148,0,0,70.503,127.453,0
-2,5/31/50,0:40,0,0,153.488,0,39.882,142.933,0,60.182,0,0,0,0,155.66,0,0,69.046,0,0,108.033,152.484,0
-2,5/31/50,0:41,0,0,44.774,0,165.218,9.654,0,69.962,0,0,0,0,64.534,0,0,18.344,0,0,178.787,79.379,0
-2,5/31/50,0:42,0,0,29.384,0,210.457,25.588,0,19.08,0,0,0,0,130.001,0,61.525,0,0,0,26.784,56.71,0
-2,5/31/50,0:43,0,0,37.703,0,128.912,87.009,0,70.111,0,0,0,0,225.229,0,24.524,68.248,0,0,71.764,71.919,0
-2,5/31/50,0:44,0,0,26.912,0,67.526,121.406,0,70.785,0,0,0,0,155.283,0,105.406,20.754,0,0,0,43.696,0
-2,5/31/50,0:45,0,0,153.669,0,144.58,134.453,0,93.809,0,0,0,0,252.343,0,52.5,89.99,0,0,0,8.783,0
-2,5/31/50,0:46,0,0,39.584,0,112.863,108.977,0,87.806,0,0,0,34.275,159.167,0,0,196.935,0,0,0,0,0
-2,5/31/50,0:47,0,0,207.461,0,105.343,27.534,0,65.471,51.731,0,0,76.979,210.041,0,0,58.188,0,0,0,67.017,0
-2,5/31/50,0:48,0,0,53.744,0,0,25.205,0,67.022,67.902,0,0,59.886,118.032,0,0,130.323,0,0,84.797,75.152,0
-2,5/31/50,0:49,0,0,34.846,0,0,66.33,0,40.109,38.024,0,0,13.12,86.265,0,0,24.968,0,0,106.327,136.216,0
-2,5/31/50,0:50,0,0,67.259,0,0,92.061,0,105.307,0,0,0,0,151.827,0,0,0,0,0,27.874,83.102,0
-2,5/31/50,0:51,0,0,76.539,0,0,94.198,0,44.329,22.049,0,0,104.998,197.815,0,0,0,0,0,48.929,9.245,0
-2,5/31/50,0:52,0,0,142.751,0,0,42.053,7.278,92.031,28.742,0,0,15.486,145.534,0,0,0,0,0,141.595,37.043,125.054
-2,5/31/50,0:53,0,0,66.428,0,0,46.003,32.777,111.685,57.063,0,0,78.229,195.264,0,0,0,0,0,38.611,49.656,40.909
-2,5/31/50,0:54,0,0,57.027,0,0,0,0,77.585,69.473,0,0,183.106,217.473,0,0,0,0,0,0,85.152,76.386
-2,5/31/50,0:55,0,0,79.855,0,117.319,49.522,82.723,31.365,19.211,0,0,21.587,135.598,0,0,0,0,0,0,75.476,208.35
-2,5/31/50,0:56,0,0,139.347,0,110.242,84.161,113.118,0,14.119,0,0,29.799,74.194,0,0,0,0,0,0,37.42,147.965
-2,5/31/50,0:57,0,0,75.235,0,81,53.696,170.174,57.41,13.737,0,0,155.897,164.554,0,0,0,0,0,0,115.438,237.126
-2,5/31/50,0:58,0,0,0,0,27.958,145.906,143.705,94.604,12.757,0,0,58.44,220.524,0,0,0,0,0,0,30.092,234.302
-2,5/31/50,0:59,0,0,24.262,0,0,63.196,73.317,127.932,0,0,0,155.197,165.588,24.621,0,116.266,0,0,0,48.938,274.959
-2,5/31/50,1:00,0,0,162.517,0,0,0,95.686,109.239,56.058,0,0,162.071,76.551,67.571,0,103.599,0,0,0,54.984,239.072
-2,5/31/50,1:01,0,0,0,0,0,0,73.309,172.731,61.901,0,0,120.132,179.551,45.7,0,0,0,0,0,77.474,277.246
-2,5/31/50,1:02,0,0,0,0,0,42.207,89.805,84.656,65.184,0,0,61.91,55.065,72.701,0,0,0,0,0,86.065,182.496
-2,5/31/50,1:03,0,0,0,0,0,0,157.386,140.642,39.419,0,0,43.798,14.503,128.795,0,45.251,0,0,0,65.98,128.25
-2,5/31/50,1:04,0,0,0,0,0,0,53.568,43.858,40.644,0,0,0,128.444,157.556,0,120.058,0,0,66.569,55.4,105.338
-2,5/31/50,1:05,0,0,0,0,0,0,87.139,172.089,51.255,0,0,29.328,85.215,58.834,0,35.616,0,0,43.079,10.016,79.774
-2,5/31/50,1:06,0,0,0,0,0,0,27.471,158.4,72.684,0,0,22.806,73.941,34.178,0,0,0,0,109.431,26.411,42.156
-2,5/31/50,1:07,0,0,0,0,0,0,118.417,47.278,63.727,0,0,31.12,0,63.964,0,0,0,0,12.969,63.616,0
-2,5/31/50,1:08,0,0,0,0,0,0,182.022,59.093,58.226,0,0,49.557,109.921,44.479,0,0,0,0,48.499,76.048,0
-2,5/31/50,1:09,0,0,0,0,0,0,82.202,118.176,37.697,0,0,61.78,93.934,131.551,0,0,0,0,156.474,28.942,96.411
-2,5/31/50,1:10,0,0,0,0,56.647,0,106.462,133.965,33.656,0,0,34.297,8.888,154.341,0,0,0,0,51.099,30.521,118.998
-2,5/31/50,1:11,0,0,0,0,138.043,0,36.941,36.176,31.863,0,0,98.537,25.227,0,0,0,0,0,52.85,63.139,25.828
-2,5/31/50,1:12,0,0,0,0,127.481,0,34.059,142.981,0,0,0,25.143,93.709,0,0,0,0,0,52.852,109.014,99.525
-2,5/31/50,1:13,44.108,0,0,0,131.942,0,112.601,132.574,45.091,0,0,0,176.734,6.655,0,0,0,0,86.21,77.248,58.562
-2,5/31/50,1:14,11.566,0,0,0,141.605,0,0,14.629,69.658,0,0,0,198.78,146.125,0,0,0,0,71.463,67.584,88.779
-2,5/31/50,1:15,0,0,0,0,193.767,0,0,72.564,19.466,0,0,0,197.558,156.118,0,0,0,0,134.046,45.673,210.401
-2,5/31/50,1:16,0,0,0,0,0,0,0,67.492,0,0,0,0,173.315,122.099,0,0,0,0,85.418,54.512,54.698
-2,5/31/50,1:17,0,0,0,0,0,0,0,26.244,60.197,0,0,0,198.575,89.493,0,0,0,0,124.332,36.631,119.892
-2,5/31/50,1:18,0,0,0,132.034,0,0,0,32.553,81.7,0,0,0,174.012,26.375,0,0,0,0,95.822,86.732,0
-2,5/31/50,1:19,0,0,0,94.669,75.859,0,0,84.66,44.345,0,0,0,145.054,7.559,0,0,0,0,12.997,116.76,4.315
-2,5/31/50,1:20,0,0,0,42.484,179.308,0,0,174.01,71.531,0,0,0,174.604,31.789,0,0,0,0,58.538,52.89,92.03
-2,5/31/50,1:21,0,0,0,112.055,139.506,0,0,74.59,0,0,0,0,122.391,147.36,0,0,0,0,121.817,24.878,77.034
-2,5/31/50,1:22,0,0,0,108.216,120.819,0,0,119.447,0,0,0,0,136.305,74.375,0,0,0,0,36.044,68.038,0
-2,5/31/50,1:23,0,0,0,112.657,0,0,0,58.393,0,0,0,18.952,110.657,74.879,0,0,0,0,66.913,38.371,0
-2,5/31/50,1:24,0,0,0,209.805,0,0,0,41.666,14.997,0,0,71.356,85.004,4.108,0,0,0,0,34.161,0,0
-2,5/31/50,1:25,0,0,0,88.2,0,0,0,10.308,72.342,0,0,0,140.96,70.782,0,0,0,0,23.468,0,0
-2,5/31/50,1:26,0,0,0,0,56.232,0,0,0,0,0,9.455,0,0,85.898,0,0,0,0,22.332,0,0
-2,5/31/50,1:27,0,0,0,13.386,55.699,0,0,0,18.703,0,122.001,0,0,52.549,0,0,0,0,27.872,0,0
-2,5/31/50,1:28,0,0,0,45.977,108.385,0,0,0,0,0,16.762,0,0,0,0,0,0,0,17.613,0,0
-2,5/31/50,1:29,0,0,0,48.404,86.08,0,0,60.76,101.468,0,11.152,0,0,0,0,0,0,0,35.132,16.245,0
-2,5/31/50,1:30,0,0,0,36.127,73.999,0,0,93.088,32.901,0,14.17,0,0,0,0,0,0,0,98.892,125.751,0
-2,5/31/50,1:31,0,0,0,207.573,124.322,0,0,68.37,0,0,24.698,0,0,0,0,103.296,0,0,118.269,64.022,0
-2,5/31/50,1:32,0,0,0,42.646,142.085,0,0,100.877,0,0,45.585,0,0,93.095,0,0,0,0,207.425,39.745,0
-2,5/31/50,1:33,0,0,0,132.393,83.407,0,0,125.514,78.384,0,0,0,0,190.225,0,0,0,0,0,133.452,0
-2,5/31/50,1:34,0,0,0,114.686,35.297,0,0,128.304,150.191,0,0,0,0,153.906,0,0,0,0,103.605,103.374,0
-2,5/31/50,1:35,0,0,0,109.478,0,0,0,0,30.644,0,0,0,0,108.676,0,0,0,0,75.225,147.564,0
-2,5/31/50,1:36,0,0,0,175.666,0,0,0,0,112.209,0,0,0,0,47.335,0,0,0,0,115.354,171.218,0
-2,5/31/50,1:37,0,0,0,114.47,0,0,0,63.99,54.702,0,0,0,0,94.497,0,0,0,0,156.695,58.207,0
-2,5/31/50,1:38,0,0,0,35.244,0,0,0,39.943,0,40.762,45.765,0,0,121.414,0,0,0,0,94.993,0,0
-2,5/31/50,1:39,0,0,0,0,0,0,0,0,0,71.305,40.365,0,0,120.864,0,0,0,0,63.092,0,0
-2,5/31/50,1:40,0,0,0,0,0,0,0,0,0,29.718,0,0,0,68.67,0,0,0,0,31.119,0,0
-2,5/31/50,1:41,0,0,0,0,0,0,0,0,0,95.232,22.849,0,0,118.774,0,0,0,45.714,43.985,0,0
-2,5/31/50,1:42,0,0,0,40.15,0,0,0,0,0,35.554,87.292,0,0,18.361,0,0,0,139.155,39.143,0,0
-2,5/31/50,1:43,0,0,0,137.565,0,0,0,0,0,101.584,7.91,0,0,100.346,0,0,0,183.228,123.487,0,0
-2,5/31/50,1:44,0,0,0,0,0,0,0,0,0,9.342,59.977,0,0,0,0,0,0,45.949,115.095,0,0
-2,5/31/50,1:45,0,0,0,0,0,0,0,0,0,0.465,89.046,0,0,12.404,0,0,0,38.658,73.964,0,0
-2,5/31/50,1:46,0,0,0,0,0,0,0,0,0,97.809,73.963,0,0,116.262,0,0,0,181.109,86.118,0,0
-2,5/31/50,1:47,0,0,0,0,0,0,0,0,0,89.943,143.894,0,0,3.046,0,0,0,160.638,65.254,0,0
-2,5/31/50,1:48,0,0,0,0,0,0,0,0,0,73.696,66.392,0,0,85.941,0,0,0,108.687,84.915,0,0
-2,5/31/50,1:49,0,0,0,0,0,0,0,0,0,37.291,36.829,0,0,125.616,0,0,0,29.556,16.867,0,0
-2,5/31/50,1:50,0,0,0,0,0,0,0,0,0,122.928,62.283,0,0,29.149,0,0,0,32.011,0,0,0
-2,5/31/50,1:51,0,25.899,0,0,0,0,0,0,0,58.675,83.551,0,0,0,0,0,0,68.886,0,0,0
-2,5/31/50,1:52,0,113.302,0,0,0,0,0,0,0,94.124,62.481,0,0,0,0,0,0,0,0,0,0
-2,5/31/50,1:53,0,68.434,0,0,0,0,0,0,0,128.607,10.629,0,0,0,0,0,27.539,95.995,0,0,0
-2,5/31/50,1:54,0,178.431,0,0,0,0,0,0,0,0,9.824,0,0,0,0,0,114.045,123.128,0,0,0
-2,5/31/50,1:55,0,70.253,0,0,0,0,0,0,0,42.536,39.073,0,0,0,0,0,0,99.233,0,0,0
-2,5/31/50,1:56,0,80.887,0,0,0,0,0,0,0,67.667,66.753,0,0,0,0,0,0,154.791,0,0,0
-2,5/31/50,1:57,0,72.316,0,0,0,0,0,0,0,21.423,172.226,0,0,0,24.606,0,0,0,0,0,0
-2,5/31/50,1:58,0,7.667,0,0,0,0,4.106,0,0,38.362,48.723,0,0,0,50.411,0,0,87.767,0,0,0
-2,5/31/50,1:59,0,112.246,0,0,0,0,162.123,0,0,127.221,94.461,0,0,0,21.132,0,0,27.48,0,0,0
-2,5/31/50,2:00,0,146.916,0,74.207,0,0,90.837,0,0,54.973,53.927,0,0,0,0,0,0,110.522,0,0,0
-2,5/31/50,2:01,0,77.179,0,0,0,0,92.6,0,0,37.596,0,0,0,0,0,0,0,58.421,0,0,0
-2,5/31/50,2:02,0,83.982,0,0,0,0,73.54,0,0,92.743,0,0,114.804,0,0,0,0,147.035,0,0,0
-2,5/31/50,2:03,0,144.634,0,0,0,0,29.234,0,0,74.358,0,0,0,0,0,0,0,80.702,0,0,0
-2,5/31/50,2:04,0,70.871,0,0,0,0,105.508,0,0,78.346,0,0,0,0,0,0,0,74.112,0,0,0
-2,5/31/50,2:05,0,160.728,0,0,0,0,121.178,0,0,17.154,0,0,0,0,0,0,98.159,36.023,0,0,0
-2,5/31/50,2:06,0,87.088,0,0,0,0,97.905,0,0,29.439,0,0,0,0,0,0,229.274,31.06,0,0,0
-2,5/31/50,2:07,0,184.298,0,0,0,0,104.387,0,0,64.492,0,0,0,0,0,46.66,181.501,99.048,0,0,0
-2,5/31/50,2:08,0,209.131,0,0,0,0,71.986,0,0,83.381,55.356,0,0,0,0,111.401,208.649,55.284,0,0,0
-2,5/31/50,2:09,0,181.258,0,0,0,0,64.263,0,0,37.787,9.682,0,0,0,0,124.869,270.265,123.221,0,0,0
-2,5/31/50,2:10,0,17.517,0,0,0,0,4.378,0,0,61.488,0.318,0,0,0,0,134.834,124.826,0,0,0,0
-2,5/31/50,2:11,0,89.118,0,0,0,0,89.604,67.316,0,34.848,0,0,0,0,0,154.549,209.285,39.315,0,0,0
-2,5/31/50,2:12,0,56.482,0,0,0,0,110.212,103.084,0,0,0,0,0,0,0,83.59,88.069,102.203,0,0,0
-2,5/31/50,2:13,0,156.069,0,0,0,0,32.837,103.368,0,0,0,0,0,0,0,62.093,51.9,51.274,0,0,0
-2,5/31/50,2:14,0,0,0,0,0,0,139.272,32.902,0,74.636,23.964,0,0,0,25.061,24.007,213.282,71.051,0,0,0
-2,5/31/50,2:15,0,60.318,0,0,0,0,95.833,104.958,0,25.992,73.884,0,0,0,142.911,81.289,0,40.637,0,0,0
-2,5/31/50,2:16,0,17.179,0,0,0,0,83.896,87.417,0,0,136.305,0,0,0,108.965,48.233,196.796,54.505,0,0,0
-2,5/31/50,2:17,0,120.591,0,0,0,0,114.936,99.045,0,0.312,121.069,0,0,0,20.687,82.291,192.437,33.926,0,0,0
-2,5/31/50,2:18,0,159.481,0,0,0,0,107.782,73.528,0,176.452,86.018,0,0,0,93.815,196.504,211.054,40.383,0,0,0
-2,5/31/50,2:19,0,90.371,0,0,0,0,84.614,83.839,0,23.884,18.572,0,0,0,28.569,196.415,188.3,25.518,0,0,0
-2,5/31/50,2:20,0,61.598,0,0,0,0,77.014,41.211,0,0,90.284,0,0,0,105.52,137.753,210.522,42.131,0,0,0
-2,5/31/50,2:21,0,142.831,0,0,0,0,157.28,0,0,0,41.03,0,0,0,0,231.012,234.299,3.074,0,77.243,0
-2,5/31/50,2:22,0,116.361,0,0,0,0,93.597,0,0,0,43.398,0,0,0,0,176.382,134.667,67.763,0,81.687,85.535
-2,5/31/50,2:23,0,76.777,0,0,0,0,87.418,0,0,0,35.204,0,0,0,30.303,70.356,284.902,0,0,105.327,82.533
-2,5/31/50,2:24,0,0,0,0,0,0,90.688,0,0,0,10.317,0,0,0,29.11,62.108,251.243,34.322,0,116.025,122.765
-2,5/31/50,2:25,0,0,0,0,0,0,18.037,0,0,0,85.534,0,0,0,18.433,72.211,22.053,28.652,0,111.212,0
-2,5/31/50,2:26,0,0,0,0,0,0,0,0,0,0,71.259,0,0,0,18.977,29.398,227.21,52.767,0,121.444,0
-2,5/31/50,2:27,0,0,0,0,0,0,0,0,0,0,39.562,0,0,0,38.51,0,71.081,133.012,0,133.526,0
-2,5/31/50,2:28,20.548,0,0,0,0,0,0,0,0,0,115.395,0,0,0,115.386,77.558,188.816,90.384,0,182.242,0
-2,5/31/50,2:29,158.229,0,0,0,0,0,0,0,0,0,67.502,0,0,0,178.893,105.536,189.977,96.111,0,96.681,0
-2,5/31/50,2:30,0,0,0,0,0,0,0,0,0,0,74.672,0,0,0,142.533,57.796,0,82.233,0,0,0
-2,5/31/50,2:31,143.981,0,0,0,0,0,0,0,0,0,80.898,0,0,0,193.403,69.909,42.13,38.022,0,0,0
-2,5/31/50,2:32,71.601,0,0,0,0,0,0,0,0,0,67.952,0,0,0,91.795,53.921,138.151,167.111,0,0,0
-2,5/31/50,2:33,27.998,0,0,0,0,0,28.119,0,0,47.732,56.468,0,0,0,67.009,0,199.937,66.72,0,0,0
-2,5/31/50,2:34,105.865,0,0,0,0,0,28.981,0,0,77.732,0,0,0,0,102.634,0,77.676,65.836,0,0,0
-2,5/31/50,2:35,174.134,0,0,0,0,0,0,0,0,42.207,0,29.507,0,0,175.572,0,231.804,107.203,0,0,0
-2,5/31/50,2:36,13.98,43.811,0,0,0,0,0,0,0,0,12.448,113.456,0,0,38.074,69.3,70.266,123.536,0,0,0
-2,5/31/50,2:37,19.954,200.514,0,0,0,23.441,0,0,0,0,34.379,42.075,0,0,37.157,68.825,89.46,35.333,0,0,0
-2,5/31/50,2:38,0,135.76,0,0,0,41.28,0,0,0,0,50.747,52.498,0,0,52.187,155.135,127.033,0,0,0,0
-2,5/31/50,2:39,120.784,88.494,0,0,0,147.521,0,0,0,0,98.916,47.148,0,0,51.133,117.513,160.386,24.137,0,0,0
-2,5/31/50,2:40,85.6,44.508,56.414,0,0,96.561,0,0,0,0,25.858,50.765,0,0,0,118.775,153.9,96.117,0,0,0
-2,5/31/50,2:41,127.503,0,127.374,0,0,63.891,0,0,0,0,33.634,60.093,0,0,66.665,66.92,166.184,22.571,0,0,0
-2,5/31/50,2:42,111.415,0,170.468,0,0,93.333,0,0,0,0,55.334,18.372,0,0,100.538,105.886,16.082,25.371,0,0,0
-2,5/31/50,2:43,55.088,0,168.72,0,0,19.056,0,0,0,0,134.892,21.212,0,0,0,137.901,97.592,68.619,0,0,0
-2,5/31/50,2:44,0,80.557,99.528,0,0,15.006,0,0,0,0,46.992,116.937,0,0,29.678,135.53,184.737,22.743,0,0,0
-2,5/31/50,2:45,0,318.826,43.219,0,0,36.205,0,0,0,0,0,51.203,0,0,0,106.285,59.483,24.858,0,0,0
-2,5/31/50,2:46,0,86.633,218.055,0,126.094,3.266,0,0,0,0,5.628,71.204,0,0,25.074,54.805,113.569,65.523,0,0,0
-2,5/31/50,2:47,0,66.161,42.324,0,162.957,34.557,0,0,0,0,90.986,170.18,0,38.79,0,0,190.053,62.288,0,0,0
-2,5/31/50,2:48,0,0,93.39,0,157.028,55.611,0,0,0,0,127.867,15.009,0,139.671,128.603,0,60.258,21.026,0,0,119.614
-2,5/31/50,2:49,0,0,125.735,0,175.256,0,0,0,0,0,85.23,76.995,0,25.206,92.122,0,74.81,124.488,0,0,185.706
-2,5/31/50,2:50,0,0,38.011,142.263,89.542,0,0,0,0,0,0,110.305,0,0,44.543,0,0,0,0,0,68.231
-2,5/31/50,2:51,0,0,168.083,0,64.265,0,0,0,0,0,0,53.13,0,0,0,0,0,101.991,0,0,160.005
-2,5/31/50,2:52,0,0,35.464,0,123.612,0,0,0,0,0,0,60.085,0,0,0,0,0,0,0,0,183.861
-2,5/31/50,2:53,0,0,116.296,0,204.917,0,0,0,0,0,0,26.406,0,28.931,0,18.372,0,0,0,0,229.847
-2,5/31/50,2:54,0,0,38.701,0,129.813,0,0,0,0,0,0,28.538,0,91.041,0,157.398,0,0,0,0,160.226
-2,5/31/50,2:55,0,0,146.465,0,166.53,0,0,0,0,0,0,43.214,0,41.444,0,68.557,0,0,0,0,218.988
-2,5/31/50,2:56,0,0,146.566,0,0,65.6,0,0,0,0,0,63.139,122.338,92.906,0,0,0,0,0,0,108.915
-2,5/31/50,2:57,0,0,119.166,0,53.388,119.505,0,0,0,0,0,21.824,146.46,132.074,0,17.49,0,0,0,0,116.368
-2,5/31/50,2:58,0,0,270.319,0,141.482,94.869,0,0,0,0,0,44.529,151.34,89.854,0,122.882,0,0,0,0,24.198
-2,5/31/50,2:59,0,0,65.704,0,125.132,31.766,0,0,0,0,0,142.953,212.549,61.387,0,149.427,0,0,0,0,0
-2,5/31/50,3:00,0,0,148.274,0,90.835,21.498,0,0,0,0,0,87.361,86.221,0,0,0,0,0,0,0,17.297
-2,5/31/50,3:01,0,0,0,103.348,141.119,36.505,0,0,0,0,0,61.907,46.663,0,0,0,0,0,0,0,0
-2,5/31/50,3:02,0,0,0,193.322,92.035,26.308,0,0,0,0,0,44.019,139.116,110.424,0,0,0,0,0,0,18.911
-2,5/31/50,3:03,0,0,0,40.044,178.832,79.046,0,0,0,0,0,34.567,82.41,33.705,0,0,0,0,0,0,189.17
-2,5/31/50,3:04,0,0,0,165.82,107.154,62.114,0,0,0,0,0,28.888,78.422,43.547,0,0,0,0,0,0,89.791
-2,5/31/50,3:05,0,0,0,158.436,159.749,64.568,0,0,0,0,0,60.134,126.975,88.931,0,0,0,0,0,0,143.746
-2,5/31/50,3:06,0,0,0,107.53,148.46,2.648,0,0,0,0,0,56.601,68.312,103.523,0,0,0,0,0,0,100.286
-2,5/31/50,3:07,0,0,0,157.065,0,36.091,0,0,0,0,0,11.076,118.31,154.507,0,0,0,0,0,0,135.732
-2,5/31/50,3:08,0,0,0,28.645,0,57.307,0,0,0,0,0,40.581,145.546,66.863,0,0,0,0,0,0,83.088
-2,5/31/50,3:09,0,0,0,130.109,0,15.426,0,0,0,0,0,73.151,236.136,78.12,0,0,0,0,0,0,0
-2,5/31/50,3:10,0,0,0,36.279,0,51.406,0,0,0,0,0,43.116,148.491,108.258,0,0,0,0,0,0,36.779
-2,5/31/50,3:11,0,0,0,41.934,0,25.229,0,0,0,0,0,89.338,113.154,0,0,0,0,0,0,0,82.857
-2,5/31/50,3:12,0,0,0,34.042,0,43.238,46.764,0,0,0,0,0,126.04,0,0,0,0,0,0,0,92.866
-2,5/31/50,3:13,0,0,0,29.082,0,0,39.133,0,0,0,0,0,181.934,95.63,0,0,0,0,116.512,0,66.465
-2,5/31/50,3:14,0,0,0,23.116,0,63.658,136.711,0,0,0,0,0,53.923,168.352,0,0,0,0,122.554,0,62.725
-2,5/31/50,3:15,0,0,0,48.93,0,31.763,41.527,0,0,0,0,0,68.659,131.96,0,0,0,0,73.245,0,39.794
-2,5/31/50,3:16,0,0,0,139.997,0,64.228,118.846,0,0,0,0,0,157.386,0,0,0,0,0,0,0,129.323
-2,5/31/50,3:17,0,0,0,71.088,0,44.872,164.02,0,0,0,0,0,29.568,44.788,0,0,0,0,0,0,101.796
-2,5/31/50,3:18,0,0,0,31.484,0,48.432,71.975,0,0,0,0,0,120.126,44.529,0,0,0,0,43.498,0,30.862
-2,5/31/50,3:19,0,0,0,103.685,0,35.265,117.556,0,0,0,0,0,168.7,29.992,0,0,0,0,63.733,0,0
-2,5/31/50,3:20,0,0,0,66.251,85.412,21.237,146.7,0,0,0,0,0,109.881,126.824,0,0,0,0,155.388,0,35.583
-2,5/31/50,3:21,0,0,0,125.412,75.328,78.704,110.249,0,0,0,0,0,149.612,127.287,0,0,0,0,58.435,0,86.334
-2,5/31/50,3:22,0,0,0,21.913,56.729,80.25,135.866,0,0,0,0,0,99.724,52.817,0,0,0,0,49.276,77.282,98.875
-2,5/31/50,3:23,0,0,0,146.202,0,27.885,71.052,0,0,0,0,0,219.127,0,0,0,0,0,147.649,44.992,122.142
-2,5/31/50,3:24,0,0,0,66.849,0,0,107.382,0,0,0,0,0,77.873,0,0,0,0,0,0,149.607,148.699
-2,5/31/50,3:25,0,0,0,0,0,9.938,60.705,0,0,0,0,0,72.032,0,0,0,0,0,0,109.395,125.296
-2,5/31/50,3:26,0,0,0,0,0,123.908,118.376,0,0,0,0,0,109.953,0,0,0,0,0,114.138,99.381,160.896
-2,5/31/50,3:27,0,0,0,0,0,109.163,136.399,0,0,0,0,0,67.353,0,0,0,0,0,72.107,54.424,235.492
-2,5/31/50,3:28,0,0,0,0,28.643,37.052,81.52,0,0,0,0,0,188.583,0,0,0,0,0,85.147,62.201,111.037
-2,5/31/50,3:29,0,0,0,0,49.873,0,117.897,0,0,0,0,0,74.85,0,0,0,0,0,29.315,130.815,133.71
-2,5/31/50,3:30,0,0,0,0,0,0,51.729,0,0,0,0,0,130.869,0,0,0,0,0,0,80.345,146.224
-2,5/31/50,3:31,0,0,0,0,0,0,40.169,0,0,0,0,0,90.629,20.883,0,0,0,0,0,52.871,103.582
-2,5/31/50,3:32,0,0,0,0,0,0,100.796,0,0,0,0,0,170.872,0,0,0,0,0,0,102.837,129.956
-2,5/31/50,3:33,0,0,0,0,0,0,36.902,0,0,0,0,0,88.804,0,0,0,0,0,20.216,74.069,154.585
-2,5/31/50,3:34,0,0,0,0,0,0,107.936,0,0,0,0,0,37.138,0,0,0,0,0,105.123,54.384,138.754
-2,5/31/50,3:35,0,0,0,0,0,0,38.814,0,0,0,0,0,68.462,0,0,0,0,0,83.274,13.078,95.386
-2,5/31/50,3:36,0,0,0,0,0,0,0,0,0,0,0,0,85.342,0,0,0,0,0,49.105,57.549,147.976
-2,5/31/50,3:37,0,93.569,0,0,0,0,0,0,0,0,0,0,97.057,0,0,0,0,0,87.686,164.038,163.147
-2,5/31/50,3:38,35.531,137.599,0,0,0,0,0,0,0,0,0,0,106.52,0,0,0,0,0,0,41.169,62.353
-2,5/31/50,3:39,27.253,65.652,0,0,0,0,0,0,0,0,0,0,0,0,0,0,0,0,0,17.955,195.544
-2,5/31/50,3:40,108.284,68.028,0,0,0,0,0,0,0,0,0,0,94.814,0,0,0,0,0,0,56.291,90.333
-2,5/31/50,3:41,27.196,142.345,0,0,0,0,0,0,0,0,0,0,151.126,0,0,0,0,0,20.828,0,104.444
-2,5/31/50,3:42,20.109,68.169,0,0,0,0,0,102.7,47.866,0,0,0,60.357,0,0,0,0,0,93.987,35.479,59.412
-2,5/31/50,3:43,124.675,73.746,0,0,0,0,0,124.854,51.67,0,0,0,31.136,0,0,0,0,0,60.245,135.388,53.459
-2,5/31/50,3:44,0,14.1,0,0,0,0,0,14.886,0,0,0,0,103.954,0,0,0,0,0,30.234,110.054,76.799
-2,5/31/50,3:45,0,0,0,0,0,0,0,74.629,0,22.886,0,0,93.025,0,0,0,0,0,75.182,18.845,7.227
-2,5/31/50,3:46,0,97.804,0,0,0,0,0,0,41.309,16.84,0,0,159.142,0,0,0,0,0,33.022,73.801,87.154
-2,5/31/50,3:47,56.23,11.177,0,0,0,0,0,0,10.663,39.345,0,0,74.798,0,0,0,0,0,128.354,36.139,160.04
-2,5/31/50,3:48,34.454,40.918,0,0,0,0,0,0,50.363,11.898,0,0,38.945,0,0,0,0,0,60.574,52.165,65.585
-2,5/31/50,3:49,75.069,53.659,0,0,0,0,0,0,0,39.997,0,0,39.506,0,0,0,0,37.832,61.088,105.122,0
-2,5/31/50,3:50,195.178,63.798,0,0,0,0,0,0,101.031,93.223,0,0,62.56,0,0,0,0,55.395,69.447,117.567,0
-2,5/31/50,3:51,28.077,92.292,0,0,0,0,0,0,42.583,127.242,0,0,79.455,0,0,0,0,45.255,108.987,44.171,68.744
-2,5/31/50,3:52,125.856,183.25,0,0,0,0,0,0,71.719,130.849,0,0,77.393,0,0,0,0,136.123,0,125.573,111.068
-2,5/31/50,3:53,77.307,122.542,0,0,0,0,0,0,33.465,7.142,0,0,75.124,0,0,0,0,54.176,0,13.635,142.48
-2,5/31/50,3:54,132.816,48.902,0,0,0,0,0,147.266,44.838,39.666,0,0,157.095,0,0,0,0,56.368,30.228,26.6,179.633
-2,5/31/50,3:55,94.079,49.44,0,0,0,0,0,65.373,12.068,146.366,0,0,121.78,0,0,0,0,94.987,33.907,49.058,42.988
-2,5/31/50,3:56,47.003,0,0,0,0,0,0,87.046,51.387,32.226,0,0,92.139,0,0,0,0,79.184,37.444,106.012,0
-2,5/31/50,3:57,129.799,0,0,0,0,0,0,86.291,58.203,72.004,0,0,43.288,0,0,0,0,66.863,22.584,94.37,0
-2,5/31/50,3:58,70.126,0,0,0,0,0,0,65.488,12.476,93.821,0,0,70.731,0,0,0,0,111.691,87.981,122.011,0
-2,5/31/50,3:59,32.146,106.511,0,0,0,0,0,36.788,21.631,12.736,0,0,51.196,0,0,0,0,27.125,45.96,49.942,0
-2,5/31/50,4:00,29.869,235.66,0,0,0,0,0,100.886,55.993,108.175,0,0,130.01,0,0,0,0,95.278,38.039,50.026,0
-2,5/31/50,4:01,50.128,95.488,0,0,0,0,0,2.104,34.785,87.393,0,0,73.866,0,0,0,0,14.525,69.827,60.31,0
-2,5/31/50,4:02,149.302,85.31,0,0,0,0,0,0,70.296,0,0,0,167.368,0,0,0,0,79.262,66.836,0,0
-2,5/31/50,4:03,60.622,115.266,0,0,0,0,0,0,40.41,26.481,0.004,0,150.118,0,0,0,0,47.086,50.066,69.673,0
-2,5/31/50,4:04,36.577,106.423,0,0,0,0,0,0,28.73,86.152,0,0,111.742,0,0,0,0,74.49,41.844,139.112,0
-2,5/31/50,4:05,18.634,108.32,0,0,0,0,0,31.923,54.671,141.888,0,0,190.029,0,0,0,0,193.894,78.249,21.153,0
-2,5/31/50,4:06,163.567,147.746,0,0,0,0,0,14.239,0,49.359,0,0,111.001,0,0,0,0,62.26,15.928,42.681,0
-2,5/31/50,4:07,33.519,150.149,0,0,0,0,0,106.532,0,133.472,0,0,45.545,0,0,0,0,17.073,23.647,83.21,0
-2,5/31/50,4:08,182.332,54.22,0,0,0,0,0,51.132,0,90.937,0,0,104.011,0,0,0,0,0,0,68.672,0
-2,5/31/50,4:09,81.722,99.222,0,0,0,0,0,79.553,0,24.693,0,0,91.211,0,0,0,0,0,39.393,68.992,0
-2,5/31/50,4:10,61.706,189.755,0,0,0,0,0,130.156,0,35.122,0,0,19.917,0,0,0,0,0,30.874,76.82,0
-2,5/31/50,4:11,13.851,254.529,0,0,0,0,0,65.373,0,87.877,0,0,93.075,0,0,0,0,0,85.753,0,0
-2,5/31/50,4:12,22.798,61.302,0,0,0,0,0,167.92,0,32.86,0,0,63.542,0,0,0,23.293,0,147.309,0,0
-2,5/31/50,4:13,27.334,50.69,0,0,0,0,0,28.679,0,9.675,0,0,86.834,0,0,0,161.618,100.068,26.541,0,0
-2,5/31/50,4:14,33.609,16.34,26.407,0,0,0,0,135.065,0,50.527,0,0,54.886,0,0,0,68.977,42.703,65.608,0,0
-2,5/31/50,4:15,69.642,47.787,67.481,0,0,0,0,108.761,0,23.35,0,0,136.657,0,0,0,172.275,110.677,49.45,0,0
-2,5/31/50,4:16,169.707,179.737,19.831,0,0,0,0,53.492,0,32.346,0,0,69.896,0,0,0,134.061,0,35.383,0,0
-2,5/31/50,4:17,150.005,257.817,90.712,0,0,0,0,56.569,0,41.935,0,0,111.18,0,96.977,0,107.924,0,95.036,0,0
-2,5/31/50,4:18,116.614,125.399,44.743,0,0,0,0,30.68,0,40.794,0,0,88.279,0,203.716,0,109.722,0,78.647,0,0
-2,5/31/50,4:19,45.393,0,179.983,0,0,0,0,99.63,0,83.021,0,0,107.894,0,132.609,0,221.547,0,0,0,0
-2,5/31/50,4:20,8.042,107.961,212.249,0,0,0,0,21.827,0,0,0,0,101.41,0,221.545,0,136.021,0,27.232,0,0
-2,5/31/50,4:21,82.208,55.409,99.703,0,0,0,0,0,0,52.379,0,0,140.079,0,54.898,0,208.434,0,77.611,0,0
-2,5/31/50,4:22,19.91,162.171,119.777,0,0,0,0,18.49,0,17.387,0,0,125.931,0,73.405,0,45.727,0,52.841,0,0
-2,5/31/50,4:23,11.977,300.588,121.789,0,0,0,0,9.818,0,0,0,0,23.06,0,153.949,0,237.564,0,108.212,0,0
-2,5/31/50,4:24,0,135.005,131.929,0,30.384,0,0,95.878,0,0,0,0,52.601,0,48.325,0,128.616,0,64.586,0,0
-2,5/31/50,4:25,31.576,0,52.519,0,215.213,0,0,87.949,0,34.326,0,0,86.925,0,73.489,0,53.822,0,0,0,0
-2,5/31/50,4:26,183.511,88.413,117.452,0,306.775,0,0,67.108,0,29.167,0,36.215,71.159,0,0,0,32.129,0,0,0,0
-2,5/31/50,4:27,129.012,126.351,73.31,0,149.006,0,0,0,0,15.001,0,138.433,80.086,0,0,0,136.231,0,0,0,0
-2,5/31/50,4:28,233.924,137.614,141.464,0,195.699,0,0,0,0,15.081,0,102.822,0,0,0,0,0,0,10.304,0,0
-2,5/31/50,4:29,33.384,153.625,48.486,0,149.963,0,0,0,0,15.646,0,43.761,0,0,35.604,0,60.888,0,69.625,0,174.423
-2,5/31/50,4:30,23.086,180.248,81.961,0,174.376,0,0,0,0,15.974,0,8.18,39.848,1.783,9.368,0,201.191,0,99.292,0,0
-2,5/31/50,4:31,43.322,59.93,95.395,0,51.745,0,0,0,0,16.211,0,0,70.734,40.853,42.179,0,95.993,0,100.127,0,0
-2,5/31/50,4:32,42.778,48.048,77.57,0,120.911,0,67.025,0,0,14.257,0,36.999,0,34.368,16.34,0,150.558,0,137.477,0,0
-2,5/31/50,4:33,159.935,17.747,157.255,0,190.082,18.655,107.541,0,0,19.027,1.334,17.241,0,159.709,187.205,0,144.32,0,31.078,0,0
-2,5/31/50,4:34,100.664,36.079,144.958,0,205.722,95.222,176.315,0,0,50.146,147.57,136.252,0,43.662,131.842,0,168.895,0,29.805,0,0
-2,5/31/50,4:35,10.292,66.793,56.688,0,91.189,80.921,56.781,0,0,31.232,88.766,105.279,0,205.174,5.073,0,45.738,0,11.643,0,0
-2,5/31/50,4:36,13.882,134.417,0,0,124.924,29.592,48.448,0,0,55.497,29.741,207.008,0,155.809,27.758,0,140.911,0,76.41,0,0
-2,5/31/50,4:37,19.647,26.708,0,29.219,230.643,23.513,96.59,0,0,55.543,0.319,126.539,0,63.793,65.886,0,60.639,0,22.864,0,0
-2,5/31/50,4:38,91.06,39.49,0,123.035,119.644,54.845,157.78,0,0,69.766,0,161.068,0,51.519,60.251,0,193.125,0,42.124,0,0
-2,5/31/50,4:39,79.448,28.693,0,112.163,166.142,0,130.6,0,0,135.6,15.794,55.719,0,47.434,0,0,58.728,0,0,0,141.108
-2,5/31/50,4:40,121.96,100.252,0,122.483,99.39,0,94.783,0,0,33.072,61.517,174.526,0,90.314,0,0,128.365,0,0,0,92.267
-2,5/31/50,4:41,106.96,0,0,0,52.176,0,143.717,0,0,32.929,0,98.148,0,0,0,0,97.667,0,0,0,147.79
-2,5/31/50,4:42,112.931,0,0,0,134.487,0,112.725,0,0,61.317,0,100.352,0,48.659,0,0,99.642,0,0,0,121.399
-2,5/31/50,4:43,96.6,0,47.383,100.493,20.542,0,139.514,0,0,41.461,0,0,0,106.722,19.919,0,225.901,0,0,0,215.449
-2,5/31/50,4:44,213.761,0,24.4,103.895,80.597,0.845,116.772,0,0,31.459,0,0,0,134.772,8.805,0,191.505,0,0,0,106.205
-2,5/31/50,4:45,2.363,0,27.555,0,103.986,30.233,148.916,0,0,26.591,0,26.679,0,0,83.077,78.64,251.195,51.365,0,0,86.5
-2,5/31/50,4:46,39.554,0,26.459,13.063,177.518,24.228,51.674,0,0,16.599,59.897,37.009,0,0,176.731,60.779,176.389,164.249,0,0,152.136
-2,5/31/50,4:47,2.896,0,136.979,132.055,106.589,64.081,132.082,0,0,51.397,72.07,56.564,0,54.127,110.756,116.062,195.278,96.477,0,0,0
-2,5/31/50,4:48,160.494,41.261,54.196,93.499,16.323,99.558,202.212,0,0,0,47.236,8.845,0,155.261,147.097,173.628,142.298,86.441,0,0,102.574
-2,5/31/50,4:49,89.113,37.403,87.16,130.657,98.236,19.17,46.061,0,0,48.451,129.099,0,0,68.361,68.251,241.458,0,42.144,0,0,163.019
-2,5/31/50,4:50,174.257,99.848,199.823,23.547,177.049,28.195,121.554,0,0,0,93.619,0,0,70.851,0,121.89,9.518,120.492,0,0,0
-2,5/31/50,4:51,97.29,47.002,108.203,0,94.347,39.845,82.915,0,0,0,163.454,45.392,0,75.033,77.697,114.869,167.828,201.287,0,0,0
-2,5/31/50,4:52,223.645,0,43.845,33.598,171.816,48.009,117.018,0,0,0,76.114,77.953,0,0,0,52.116,192.933,156.855,0,0,87.947
-2,5/31/50,4:53,43.623,0,0,56.66,79.59,73.648,138.331,0,0,63.343,109.837,171.969,0,0,0,0,214.514,135.024,0,0,60.463
-2,5/31/50,4:54,39.468,0,0,129.796,105.75,50.272,53.52,0,0,0.452,53.04,47.074,0,0,77.224,0,106.566,154.084,0,0,171.941
-2,5/31/50,4:55,13.484,0,0,32.81,131.018,37.049,82.498,0,0,58.097,37.986,13.008,0,0,0,42.367,39.931,147.914,0,0,163.855
-2,5/31/50,4:56,36.441,0,0,55.874,36.093,35.863,203.13,0,0,74.486,0,19.372,0,0,0,163.075,31.747,78.272,0,0,97.113
-2,5/31/50,4:57,26.092,0,0,123.157,18.222,145.615,156.515,0,0,26.857,125.366,71.901,0,0,0,94.74,50.293,33.429,0,0,134.313
-2,5/31/50,4:58,145.827,0,0,25.445,25.853,4.964,154.669,0,0,47.936,68.08,33.981,0,0,0,62.984,77.708,83.454,0,0,182.816
-2,5/31/50,4:59,162.856,0,0,0,111.642,0,86.621,0,0,69.932,57.302,86.364,0,0,0,152.112,75.093,0,0,0,54.892
-2,5/31/50,5:00,54.476,0,0,58.172,67.549,27.08,15.619,0,0,4.366,67.363,56.901,0,0,0,71.03,65.608,76.037,0,0,107.961
-2,5/31/50,5:01,91.191,0,0,118.796,0,31.597,0,0,0,58.937,56.827,0,0,0,0,59.651,105.5,0,0,0,142.9
-2,5/31/50,5:02,155.092,0,0,23.777,0,80.781,0,0,0,0,68.135,0,0,0,0,0,110.425,32.712,0,0,165.698
-2,5/31/50,5:03,143.123,0,0,21.267,0,0,0,0,0,0,9.201,21.762,0,0,0,15.717,200.063,24.334,0,0,142.947
-2,5/31/50,5:04,188.648,0,0,27.28,0,120.252,0,0,0,0,66.052,118.691,0,0,0,79.145,121.516,3.317,0,0,93.719
-2,5/31/50,5:05,83.631,0,0,31.244,0,23.291,0,0,0,0,72.89,51.095,0,0,0,37.145,98.031,0,0,0,104.739
-2,5/31/50,5:06,120.211,0,0,33.254,0,0,0,0,0,0,117.965,119.489,0,0,0,98.277,17.32,12.889,0,0,63.983
-2,5/31/50,5:07,31.503,0,0,41.487,0,27.794,0,0,0,0,67.355,66.419,0,0,0,126.844,102.906,55.739,0,0,91.513
-2,5/31/50,5:08,107.778,0,0,36.559,0,0,0,24.3,0,0,103.44,24.874,0,0,0,99.642,117.992,32.691,0,131.972,0
-2,5/31/50,5:09,33.782,0,0,75.334,0,0,0,132.544,0,0,7.017,0,0,0,0,21.797,174.191,157.386,0,136.959,15.715
-2,5/31/50,5:10,31.659,0,0,114.265,0,96.709,0,50.196,0,0,82.134,45.888,0,0,0,89.273,180.629,71.083,0,138.811,64.937
-2,5/31/50,5:11,108.096,0,0,0,0,78.283,0,0,0,0,31.88,91.237,0,0,0,141.991,140.265,68.667,0,83.358,179.904
-2,5/31/50,5:12,176.957,0,0,0,0,58.093,0,53.532,0,0,0,80.313,0,0,0,88.031,85.431,39.977,0,116.953,45.098
-2,5/31/50,5:13,112.22,0,0,0,0,0,0,60.028,0,0,0,0,0,0,0,39.673,144.668,61.606,0,143.298,20.339
-2,5/31/50,5:14,55.136,0,0,0,0,0,0,168.453,0,0,0,25.841,0,0,0,46.693,91.079,113.782,0,42.025,79.326
-2,5/31/50,5:15,131.573,0,0,0,0,0,0,133.963,0,0,0,94.816,0,0,0,0,119.787,108.251,0,97.068,117.292
-2,5/31/50,5:16,0,0,0,0,0,0,0,5.884,0,0,0,0,0,0,0,0,213.398,168.717,0,220.079,111.267
-2,5/31/50,5:17,41.105,0,0,0,0,0,0,15.13,0,0,0,0,0,0,0,0,102.169,91.557,0,91.045,26.431
-2,5/31/50,5:18,193.061,0,0,0,0,0,0,94.384,0,0,0,0,0,0,0,0,185.659,124.781,0,10.47,35.023
-2,5/31/50,5:19,75.061,0,0,0,0,0,0,104,0,0,0,0,0,0,0,74.725,82.955,145.1,0,157.216,0
-2,5/31/50,5:20,65.295,0,0,0,0,0,0,58.181,0,0,0,58.442,0,0,0,48.246,0,0,0,66.632,73.403
-2,5/31/50,5:21,0,0,0,0,0,0,0,116.485,0,0,0,40.104,0,0,0,28.679,0,22.536,30.442,183.826,73.751
-2,5/31/50,5:22,0,0,0,0,0,0,0,125.15,0,0,0,29.542,0,0,0,0,0,64.038,19.202,91.332,0
-2,5/31/50,5:23,0,0,0,0,0,0,0,66.775,0,0,0,197.643,0,0,0,0,0,61.32,174.555,3.487,55.823
-2,5/31/50,5:24,0,0,0,0,0,0,0,65.949,0,0,0,125.17,0,0,0,0,0,0,92.646,105.077,72.125
-2,5/31/50,5:25,0,0,45.861,0,0,0,0,126.124,0,0,0,55.909,0,0,0,0,0,0,162.851,129.878,0
-2,5/31/50,5:26,70.849,0,77.685,0,0,0,0,103.86,0,55.159,0,82.717,0,0,0,0,0,125.544,53.656,142.836,74.028
-2,5/31/50,5:27,80.404,0,117.992,0,0,0,0,82.112,35.469,24.129,0,76.735,0,0,0,0,0,91.091,117.597,0,134.377
-2,5/31/50,5:28,0,0,78.135,0,0,0,0,106.463,95.018,108.874,0,165.216,0,0,0,0,0,59.568,89.685,0,51.545
-2,5/31/50,5:29,67.467,0,174.675,0,0,0,0,14.257,38.02,22.455,0,169.405,0,0,0,0,0,0,22.862,0,130.067
-2,5/31/50,5:30,179.851,0,90.939,0,0,0,0,51.103,21.586,11.848,0,147.938,0,0,0,0,0,50.145,40.289,103.017,22.836
-2,5/31/50,5:31,216.106,0,94.37,0,0,0,0,52.275,19.13,44.367,0,128.378,0,0,0,0,0,50.596,0,75.846,18.554
-2,5/31/50,5:32,67.876,0,30.648,0,0,0,0,61.294,60.826,38.508,0,62.721,0,0,0,0,0,34.742,8.669,91.701,65.4
-2,5/31/50,5:33,164.077,0,79.679,0,0,0,0,79.952,12.065,69.19,0,62.989,0,0,0,0,0,64.452,10.462,56.766,177.037
-2,5/31/50,5:34,46.161,0,27.627,0,0,0,0,50.685,83.74,76.431,0,0,0,0,0,0,0,59.01,11.426,75.266,83.446
-2,5/31/50,5:35,31.467,0,49.492,0,0,0,0,28.984,57.722,48.36,0,0,13.608,0,0,0,0,44.801,100.74,33.546,0
-2,5/31/50,5:36,42.845,0,5.824,0,0,0,0,0,63.206,92.488,0,0,152.557,0,0,0,0,15.487,77.898,129.311,0
-2,5/31/50,5:37,66.586,0,122.596,0,0,0,0,0,87.628,58.577,0,0,159.01,0,0,0,0,137.191,58.354,9.37,0
-2,5/31/50,5:38,199.413,0,149.119,0,0,0,0,32.784,31.825,84.142,0,0,128.294,0,0,0,0,23.517,169.48,161.07,0
-2,5/31/50,5:39,58.07,0,113.291,0,0,0,0,41.055,65.639,95.649,0,0,22.402,0,0,0,0,45.188,138.947,0,0
-2,5/31/50,5:40,204.637,0,20.078,0,0,0,0,51.525,4.064,87.88,0,0,76.334,0,0,0,0,108.989,37.233,13.398,0
-2,5/31/50,5:41,96.747,0,109.927,0,0,0,0,62.502,12.374,133.592,0,0,100.729,0,0,0,0,96.499,0,90.299,0
-2,5/31/50,5:42,155.539,0,70.492,0,0,0,0,80.682,22.885,42.454,0,0,143.088,0,0,0,0,63.817,0,78.398,0
-2,5/31/50,5:43,24.099,0,39.597,0,0,0,0,62.563,25.561,143.936,0,0,159.649,0,0,0,0,102.148,0,0,0
-2,5/31/50,5:44,88.129,0,124.073,0,114.749,0,10.051,102.738,72.309,152.628,0,0,208.433,0,0,0,0,126.165,0,33.782,0
-2,5/31/50,5:45,84.768,0,135.19,0,207.336,0,155.682,156.978,22.098,58.345,0,0,94.57,0,0,0,0,162.858,86.924,58.186,0
-2,5/31/50,5:46,28.988,0,168.163,0,194.202,0,133.542,44.32,49.245,70.365,0,0,130.564,0,0,0,0,53.206,105.153,34.397,0
-2,5/31/50,5:47,44.217,0,108.061,0,165.813,0,93.33,130.155,37.157,0,0,0,0,0,0,0,0,104.257,56.761,155.662,0
-2,5/31/50,5:48,61.191,0,48.222,0,99.224,0,140.094,23.762,0,22.823,0,0,175.941,0,0,0,0,6.417,48.857,117.036,0
-2,5/31/50,5:49,53.315,0,61.69,0,88.569,0,126.76,16.924,9.502,64.846,0,0,0,0,0,0,0,9.389,25.647,93.018,0
-2,5/31/50,5:50,205.26,0,0,0,157.826,0,58.503,7.537,38.575,22.278,0,0,124.928,0,5.96,0,0,75.55,243.451,65.205,0
-2,5/31/50,5:51,138.725,0,0,0,80.25,0,119.809,9.707,36.316,113.542,0,0,105.627,0,98.706,0,0,125.449,173.654,138.86,0
-2,5/31/50,5:52,42.84,0,0,0,80.768,0,202.87,20.457,103.541,74.916,0,0,184.943,0,165.883,0,0,0,120.414,82.533,0
-2,5/31/50,5:53,105.86,0,0,0,81.348,0,11.567,2.076,22.349,57.468,0,0,194.284,0,171.825,0,0,37.946,63.397,42.981,0
-2,5/31/50,5:54,81.847,0,57.203,0,103.527,0,65.544,14.117,60.277,0,0,0,112.75,0,148.252,0,0,161.627,117.216,89.934,0
-2,5/31/50,5:55,91.759,0,30.402,0,128.306,0,23.465,82.356,39.254,0,0,0,91.728,0,140.908,0,0,0,99.044,102.799,0
-2,5/31/50,5:56,91.329,0,47.997,0,66.545,0,62.268,156.017,28.444,0,0,0,172.478,0,34.756,0,0,0,48.617,89.124,0
-2,5/31/50,5:57,0,0,77.559,0,0,0,174.464,129.742,37.729,0,0,0,93.392,0,144.827,0,0,0,128.097,36.705,0
-2,5/31/50,5:58,0,0,58.019,0,0,0,155.698,183.388,22.258,0,0,0,94.893,0,140.816,0,0,0,15.808,73.39,0
-2,5/31/50,5:59,30.6,0,79.591,0,0,0,138.339,145.88,0,0,0,0,27.454,0,45.574,0,0,0,73.277,59.994,0
-1,5/31/50,6:00,211.739,0,140.509,0,0,0,102.991,124.732,0,0,0,0,56.83,0,68.383,0,0,0,64.154,121.496,0
-1,5/31/50,6:01,65.969,0,135.688,0,0,0,41.101,117.848,0,0,0,0,30.127,0,121.157,0,0,0,89.047,157.859,0
-1,5/31/50,6:02,28.345,0,158.442,0,0,0,58.581,95.244,0,0,0,0,86.31,0,211.657,0,0,0,46.004,193.226,0
-1,5/31/50,6:03,118.014,0,176.579,0,0,0,74.213,75.639,0.275,0,0,0,22.547,0,48.123,0,0,0,172.206,18.27,0
-1,5/31/50,6:04,239.368,0,105.123,0,93.773,0,28.427,0,0,0,0,0,128.284,0,11.523,0,0,0,38.475,128.064,0
-1,5/31/50,6:05,83.442,145.268,50.236,0,75.226,0,51.113,53.399,0,0,0,0,109.798,0,118.999,0,0,0,19.262,72.848,0
-1,5/31/50,6:06,81.788,114.154,14.631,0,0,0,137.081,2.766,18.765,0,0,0,33.927,0,143.08,0,0,0,34.317,13.909,0
-1,5/31/50,6:07,79.132,85.48,61.377,0,0,0,0,73.019,0,0,0,0,79.968,0,0,0,0,0,0,0,0
-1,5/31/50,6:08,0,202.432,0,0,0,0,60.041,0,0,0,0,0,54.629,24.21,0,0,0,0,0,0,0
-1,5/31/50,6:09,0,72.88,0,0,0,0,29.729,0,0,0,0,0,45.04,0,0,105.11,0,0,0,0,0
-1,5/31/50,6:10,3.602,65.188,0,0,0,0,125.468,0,0,0,0,0,117.456,2.571,12.641,116.803,0,0,0,0,0
-1,5/31/50,6:11,89.617,78.44,0,0,0,26.486,0,0,0,0,32.841,0,141.094,59.702,51.98,130.691,0,0,0,0,0
-1,5/31/50,6:12,23.93,54.771,0,0,0,66.979,0,0,0,0,52.895,0,19.03,0,29.945,84.937,0,0,0,0,0
-1,5/31/50,6:13,43.602,232.288,0,0,0,0,0,0,0,0,32.936,0,24.141,73.836,20.991,135.49,0,0,0,0,0
-1,5/31/50,6:14,10.888,82.902,0,0,0,48.884,67.947,0,0,0,62.704,0,121.451,127.916,101.707,178.159,0,0,0,0,0
-1,5/31/50,6:15,114.075,141.818,0,0,0,54.171,21.409,0,0,0,21.708,0,98.869,52.674,47.14,183.628,0,0,0,0,0
-1,5/31/50,6:16,0,55.24,0,0,0,117.44,0,0,0,0,43.085,0,119.818,0,0,89.284,0,0,0,0,0
-1,5/31/50,6:17,0,94.413,0,0,0,73.722,0,0,0,0,81.215,0,0,0,0,0,0,0,0,0,0
-1,5/31/50,6:18,0,93.204,0,0,0,18.278,0,0,0,0,94.668,0,0,0,0,0,0,0,0,0,0
-1,5/31/50,6:19,0,131.048,0,0,0,0,0,0,0,0,39.918,0,0,0,0,0,0,0,0,0,0
-1,5/31/50,6:20,0,77.43,0,0,0,49.126,0,0,0,0,79.46,0,0,41.527,0,0,0,0,0,0,0
-1,5/31/50,6:21,0,21.743,0,0,0,28.544,0,0,0,0,0,0,0,84.106,0,0,0,0,0,0,0
-1,5/31/50,6:22,0,60.337,0,0,0,0,0,0,0,0,0,0,0,7.328,0,0,0,0,0,0,0
-1,5/31/50,6:23,0,30.6,0,0,0,11.441,0,0,0,0,0,0,0,45.134,0,0,0,0,0,0,0
-1,5/31/50,6:24,0,149.236,0,0,0,42.516,0,0,0,0,68.715,0,0,55.679,0,0,0,0,0,0,0
-1,5/31/50,6:25,0,25.353,0,0,0,20.764,0,0,0,0,43.272,0,0,44.088,0,0,0,0,0,0,0
-1,5/31/50,6:26,0,39.333,0,0,0,21.362,0,0,0,0,28.99,0,0,90.49,0,16.355,0,0,0,0,0
-1,5/31/50,6:27,0,46.574,0,0,0,35.556,0,0,0,0,71.602,0,0,112.269,0,91.049,0,0,0,0,0
-1,5/31/50,6:28,0,35.847,0,0,0,26.147,0,0,0,0,62.37,0,0,22.494,0,115.857,0,0,0,0,0
-1,5/31/50,6:29,0,78.058,0,0,0,37.407,0,0,0,0,86.496,0,0,23.671,0,136.521,0,0,0,0,0
-1,5/31/50,6:30,0,202.561,0,0,0,41.875,0,0,0,0,0,0,0,158.753,0,75.067,0,0,0,0,0
-1,5/31/50,6:31,0,200.395,0,0,0,36.843,0,0,0,0,0,0,0,42.81,0,75.447,0,0,0,0,0
-1,5/31/50,6:32,0,137.986,0,0,0,30.566,0,0,0,0,0,0,0,0,0,18.824,141.466,0,0,0,0
-1,5/31/50,6:33,0,78.23,0,0,0,49.092,0,0,0,0,0,0,0,0,0,18.9,58.01,0,0,0,0
-1,5/31/50,6:34,0,97.202,0,0,0,117.428,0,0,0,0,33.22,0,0,2.377,0,17.215,177.114,0,0,0,0
-1,5/31/50,6:35,0,154.06,0,0,0,28.894,0,0,0,0,5.365,0,0,139.905,0,119.53,2.703,0,0,0,0
-1,5/31/50,6:36,0,164.568,0,0,0,24.396,0,0,0,0,39.411,0,0,77.426,0,107.074,171.963,0,0,0,0
-1,5/31/50,6:37,0,201.929,0,0,0,13.445,0,0,0,0,67.332,0,0,16.049,0,92.92,34.387,0,0,0,0
-1,5/31/50,6:38,0,214.301,0,0,0,18.374,0,0,0,0,58.017,0,0,0,0,189.289,108.512,0,0,0,0
-1,5/31/50,6:39,0,132.6,0,0,0,16.85,0,0,0,0,139.372,0,0,11.004,0,93.372,88.177,0,0,0,0
-1,5/31/50,6:40,0,149.675,0,0,0,18.173,0,0,0,0,81.188,0,0,11.865,0,43.699,147.83,0,0,0,0
-1,5/31/50,6:41,0,54.378,0,0,0,17.723,0,0,0,0,0,40.713,0,58.746,0,9.469,47.359,0,0,0,0
-1,5/31/50,6:42,0,86.176,0,0,0,84.849,0,0,0,0,0,104.3,0,0,0,31.38,299.585,0,0,0,0
-1,5/31/50,6:43,0,64.512,0,0,0,159.978,0,0,0,0,0,9.996,0,0,0,0,154.544,0,0,0,0
-1,5/31/50,6:44,0,55.981,0,0,0,57.539,0,0,0,0,0,0,0,0,0,0,209.293,0,0,0,0
-1,5/31/50,6:45,0,186.226,0,0,0,0,0,0,0,0,0,0,0,0,0,0,107.006,0,0,0,0
-1,5/31/50,6:46,0,69.645,0,0,0,68.815,0,0,0,0,0,20.502,0,0,0,0,188.002,0,0,59.78,0
-1,5/31/50,6:47,0,58.564,0,0,0,0,0,0,0,0,0,99.886,0,0,0,0,290.45,0,0,35.851,0
-1,5/31/50,6:48,0,0,0,0,57.712,40.287,0,0,0,0,0,25.438,0,0,0,0,131.193,0,0,0,0
-1,5/31/50,6:49,0,15.673,0,0,0,38.433,0,0,0,0,0,26.424,0,0,0,0,178.012,0,0,157.464,0
-1,5/31/50,6:50,0,68.451,0,0,0,64.547,0,0,0,0,0,34.811,0,0,0,0,111.325,0,0,33.176,0
-1,5/31/50,6:51,0,168.458,0,0,0,48.373,0,0,0,0,0,91.412,0,0,0,0,45.142,0,0,80.632,0
-1,5/31/50,6:52,0,174.893,0,0,0,41.881,0,0,0,0,0,102.664,0,0,0,0,147.594,0,0,28.334,0
-1,5/31/50,6:53,0,0,0,0,0,46.4,0,0,0,0,0,97.443,0,0,0,0,116.369,0,0,54.498,0
-1,5/31/50,6:54,0,0,0,0,0,0,0,0,0,0,0,56.876,0,0,0,0,120.563,0,0,33.332,0
-1,5/31/50,6:55,0,56.608,0,0,0,0,0,0,0,0,0,129.454,0,0,0,0,78.024,0,0,27.045,0
-1,5/31/50,6:56,0,79.383,0,0,0,0,0,0,0,0,0,11.519,0,0,0,0,33.372,0,0,100.745,0
-1,5/31/50,6:57,0,0,0,0,0,0,0,0,0,0,0,100.429,0,0,0,0,28.087,0,0,26.034,0
-1,5/31/50,6:58,0,0,0,0,0,0,0,0,0,0,0,133.203,0,0,0,0,45.627,0,0,64.991,0
-1,5/31/50,6:59,0,0,0,0,0,0,0,0,0,0,0,36.35,0,0,0,0,144.587,0,0,14.676,0
-1,5/31/50,7:00,0,0,0,0,0,0,0,0,0,0,0,22.136,0,0,0,0,108.342,56.111,0,24.634,0
-1,5/31/50,7:01,0,0,0,0,0,0,0,0,0,0,0,100.969,0,0,0,0,152.653,149.81,0,0,0
-1,5/31/50,7:02,0,0,0,0,0,0,0,1.959,0,0,0,31.267,0,0,0,0,55.399,101.262,0,0,0
-1,5/31/50,7:03,0,0,0,0,0,0,0,78.797,0,0,0,50.315,0,0,0,0,144.825,86.255,0,0,0
-1,5/31/50,7:04,0,0,0,0,0,0,31.205,44.032,0,0,0,0,0,0,0,0,84.514,0,0,0,0
-1,5/31/50,7:05,0,0,0,0,0,0,28.2,67.372,0,0,0,88.085,0,0,0,0,182.065,45.422,0,0,0
-1,5/31/50,7:06,0,0,0,30.169,0,0,0,50.699,0,0,0,18.132,0,0,0,0,153.005,22.981,0,62.027,0
-1,5/31/50,7:07,0,0,0,140.291,0,0,0,128.646,0,0,0,48.717,0,0,0,0,66.635,36.069,0,63.063,0
-1,5/31/50,7:08,0,0,0,61.598,0,0,0,21.047,0,0,0,110.644,0,0,0,0,28.489,66.244,0,130.154,0
-1,5/31/50,7:09,0,0,0,96.045,0,0,0,0,0,0,0,214.438,0,0,0,0,83.183,74.641,0,66.297,0
-1,5/31/50,7:10,0,0,0,94.585,0,0,0,0,0,0,0,112.012,0,0,0,0,0,67.004,0,0,0
-1,5/31/50,7:11,0,0,0,91.6,0,0,0,0,0,0,0,83.047,0,0,0,0,0,54.834,0,0,0
-1,5/31/50,7:12,0,0,0,23.663,0,0,0,0,0,0,0,133.953,0,0,0,0,65.849,0,0,0,0
-1,5/31/50,7:13,0,0,0,122.199,0,0,0,0,0,0,0,157.137,0,0,0,0,101.871,0,0,0,0
-1,5/31/50,7:14,0,0,0,36.733,0,0,0,0,0,0,0,38.696,0,0,0,0,26.575,44.554,0,0,0
-1,5/31/50,7:15,0,0,0,134.035,0,0,0,0,0,0,0,0,0,0,0,0,61.526,0,0,0,0
-1,5/31/50,7:16,0,0,0,66.397,0,0,48.264,0,0,0,0,0,0,0,0,0,112.319,0,0,0,0
-1,5/31/50,7:17,0,0,0,137.836,0,0,19.826,0,0,0,0,0,0,0,0,0,122.825,0,0,0,0
-1,5/31/50,7:18,0,0,0,26.846,0,0,34.081,0,0,0,0,0,0,0,0,0,115.273,0,0,0,0
-1,5/31/50,7:19,0,0,0,36.565,0,0,102.245,0,0,0,0,0,0,0,0,0,123.551,0,0,0,0
-1,5/31/50,7:20,0,0,0,79.364,0,0,83.85,0,0,22.462,0,0,0,0,0,0,0,0,0,0,0
-1,5/31/50,7:21,0,0,0,165.837,0,0,91.89,0,0,54.094,0,0,0,0,0,0,0,0,0,0,0
-1,5/31/50,7:22,0,0,0,54.866,0,0,59.713,0,0,14.591,0,0,0,0,0,0,0,0,0,0,0
-1,5/31/50,7:23,0,0,0,125.922,0,0,28.74,0,0,49.07,0,0,0,0,0,0,0,0,0,0,0
-1,5/31/50,7:24,0,0,0,0,0,0,126.221,0,0,20.348,0,0,0,0,0,0,82.32,0,0,0,0
-1,5/31/50,7:25,0,0,0,0,0,0,84.269,0,0,10.537,0,0,0,0,0,0,139.706,0,0,0,0
-1,5/31/50,7:26,0,0,0,0,0,0,85.482,0,0,93.817,0,0,0,0,0,0,213.661,0,0,0,0
-1,5/31/50,7:27,0,0,0,0,0,0,30.31,0,0,0,0,0,0,0,0,0,252.789,0,0,0,0
-1,5/31/50,7:28,0,0,0,0,0,0,22.689,0,0,90.184,0,0,0,0,0,0,251.262,0,0,0,0
-1,5/31/50,7:29,0,0,0,0,0,0,0,0,0,60.517,0,0,0,0,0,0,195.081,0,0,0,0
-1,5/31/50,7:30,0,0,0,0,0,0,0,0,0,32.693,0,0,0,0,0,0,162.294,0,0,0,0
-1,5/31/50,7:31,0,0,0,0,0,0,0,0,0,0,0,0,0,0,0,0,139.272,0,0,0,0
-1,5/31/50,7:32,0,0,0,0,0,0,0,0,0,0,0,0,0,0,0,0,65.1,0,0,0,0
-1,5/31/50,7:33,0,0,0,0,0,0,0,0,0,0,0,0,0,0,0,0,77.247,0,0,0,0
-1,5/31/50,7:34,0,0,0,0,0,0,0,0,0,0,40.499,0,0,0,0,0,66.707,0,0,0,0
-1,5/31/50,7:35,0,0,0,0,0,0,0,0,0,0,99.499,0,0,0,0,0,87.428,0,0,0,0
-1,5/31/50,7:36,0,0,0,0,0,0,0,0,0,0,40.057,0,0,0,0,0,130.003,0,0,0,0
-1,5/31/50,7:37,0,0,0,0,0,0,0,0,0,20.973,13.515,1.005,0,0,0,0,211.255,0,0,0,0
-1,5/31/50,7:38,0,0,0,0,0,0,0,0,0,42.983,50.596,141.108,66.475,0,0,23.95,95.756,0,0,0,0
-1,5/31/50,7:39,0,0,0,0,0,0,0,0,0,0,72.216,163.647,47.69,0,0,25.578,112.832,0,0,0,0
-1,5/31/50,7:40,0,0,0,0,0,0,0,0,0,0,51.036,22.448,159.451,0,0,28.936,185.564,0,0,0,0
-1,5/31/50,7:41,0,0,0,0,0,0,0,0,0,0,10.429,0,84.443,0,0,0,88.963,0,0,0,0
-1,5/31/50,7:42,0,0,0,0,0,0,0,0,0,0,12.342,0,115.818,0,0,0,91.459,0,0,0,0
-1,5/31/50,7:43,0,0,0,0,0,0,0,0,0,0,9.541,0,115.884,0,0,9.332,0,0,0,0,0
-1,5/31/50,7:44,0,0,0,0,0,0,0,0,0,0,10.291,0,136.569,0,0,14.712,0,0,0,0,0
-1,5/31/50,7:45,0,0,0,0,0,0,0,0,0,0,21.127,0,33.516,0,0,0,0,0,0,0,0
-1,5/31/50,7:46,0,0,0,0,0,0,0,0,0,0,59.063,0,102.267,0,0,0,0,0,0,0,0
-1,5/31/50,7:47,0,0,0,0,0,48.058,0,0,0,0,61.946,0,91.914,0,0,0,0,0,0,0,0
-1,5/31/50,7:48,0,0,0,0,0,22.03,0,0,0,0,0,0,67.752,0,64.776,0,0,0,0,0,0
-1,5/31/50,7:49,0,21.178,0,0,0,60.784,0,0,0,27.712,62.213,0,114.534,0,117.646,0,0,0,0,0,0
-1,5/31/50,7:50,0,123.415,0,0,0,17.473,0,0,0,14.323,58.24,0,23.269,0,100.007,0,0,0,0,0,0
-1,5/31/50,7:51,0,0,0,0,0,95.666,0,0,0,18.094,91.058,0,15.699,0,33.078,0,0,0,0,0,0
-1,5/31/50,7:52,0,47.861,0,0,0,137.981,0,0,0,14.57,22.647,0,127.098,0,70.068,0,0,0,0,0,0
-1,5/31/50,7:53,0,74.487,0,0,0,93.253,0,0,0,14.319,66.535,0,52.546,0,38.523,0,0,0,0,0,0
-1,5/31/50,7:54,0,63.48,0,0,0,0,0,0,0,45.547,0,0,41.45,0,33.221,0,0,0,0,0,0
-1,5/31/50,7:55,0,78.004,0,0,0,54.375,0,0,0,30.234,68.36,0,100.605,0,51.403,0,0,0,0,0,0
-1,5/31/50,7:56,0,54.151,0,0,0,21.245,0,0,0,52.518,0,0,52.491,0,57.756,0,0,0,0,0,0
-1,5/31/50,7:57,0,169.908,0,0,0,59.75,0,0,0,23.338,0,0,79.769,0,0,0,0,0,0,0,0
-1,5/31/50,7:58,0,0,0,0,0,18.467,0,0,0,0,0,0,86.452,0,0,0,0,0,0,0,0
-1,5/31/50,7:59,0,0,0,0,0,21.633,0,0,0,0,0,0,62.171,0,0,0,0,0,0,0,0
-1,5/31/50,8:00,0,65.736,0,0,0,70.419,0,0,0,0,0,0,0,0,0,0,0,0,0,0,0
-1,5/31/50,8:01,0,11.082,0,0,0,44.358,0,0,0,0,0,0,34.142,0,0,0,0,0,0,0,0
-1,5/31/50,8:02,0,15.72,0,0,72.42,0,0,0,0,0,0,0,35.212,0,0,0,0,0,0,0,0
-1,5/31/50,8:03,0,150.361,0,0,133.941,0,0,0,0,0,0,0,0,0,0,0,0,0,0,0,0
-1,5/31/50,8:04,0,182.984,0,0,150.496,63.413,0,0,0,0,0,0,0,0,0,0,0,0,0,0,0
-1,5/31/50,8:05,0,106.931,0,0,222.981,3.973,0,0,0,0,0,0,0,0,0,0,0,0,0,0,0
-1,5/31/50,8:06,0,45.514,0,0,199.73,0,0,0,0,0,0,0,0,0,0,0,0,0,0,0,0
-1,5/31/50,8:07,0,0,0,0,91.706,80.508,0,0,0,0,0,0,0,0,0,0,0,0,0,0,0
-1,5/31/50,8:08,0,0,0,0,73.959,105.252,0,0,0,0,0,0,0,0,0,0,0,0,0,0,0
-1,5/31/50,8:09,43.289,0,0,0,147.53,33.39,0,0,0,0,0,0,0,0,0,0,0,0,0,0,0
-1,5/31/50,8:10,179.541,0,0,0,108.356,46.994,0,0,0,0,0,0,0,0,0,0,0,0,43.923,0,0
-1,5/31/50,8:11,104.215,0,0,0,77.075,38.986,0,0,0,0,0,0,0,0,0,0,0,0,15.808,0,0
-1,5/31/50,8:12,0,0,0,0,26.262,45.199,0,0,0,18.082,0,0,0,0,0,0,0,0,0,0,0
-1,5/31/50,8:13,0,0,0,44.272,0,95.029,65.321,0,0,15.857,0,0,0,0,0,28.205,0,0,26.089,0,0
-1,5/31/50,8:14,40.352,0,0,57.776,0,18.429,0,0,0,10.108,0,0,0,0,0,20.312,0,0,0,0,0
-1,5/31/50,8:15,0,0,0,69.901,0,0,0,0,0,13.508,0,0,0,0,0,64.658,0,0,0,0,0
-1,5/31/50,8:16,36.967,0,0,156.33,0,0,0,0,0,67.708,0,0,0,0,0,134.377,0,0,0,0,0
-1,5/31/50,8:17,0,0,0,139.097,0,0,0,0,0,96.7,0,0,0,0,0,149.07,0,0,22.449,0,0
-1,5/31/50,8:18,44.923,0,0,27.592,0,0,0,0,0,59.833,0,0,0,0,0,145.857,0,0,26.577,0,0
-1,5/31/50,8:19,82.427,0,0,191.26,0,0,0,0,0,15.582,0,0,0,0,0,163,0,0,26.113,0,0
-1,5/31/50,8:20,93.124,0,0,26.903,0,0,0,0,0,0,0,0,0,22.842,0,166.891,0,0,106.672,0,0
-1,5/31/50,8:21,0,0,0,0,0,0,0,0,0,0,0,0,0,89.015,0,133.696,0,0,21.285,0,0
-1,5/31/50,8:22,0,0,0,0,0,0,0,0,0,0,0,0,0,85.55,0,155.99,0,0,38.318,0,0
-1,5/31/50,8:23,0,0,0,99.876,0,0,0,0,0,0,0,0,0,78.141,0,224.256,0,0,132.287,0,0
-1,5/31/50,8:24,0,0,0,131.841,0,0,79.032,0,0,0,0,0,0,42.518,0,100.607,0,0,28.127,0,0
-1,5/31/50,8:25,0,0,0,25.617,0,0,133.076,0,0,0,0,0,0,162.818,0,36.18,0,0,29.61,0,0
-1,5/31/50,8:26,0,0,0,19.282,0,0,23.033,0,0,0,0,0,0,75.374,0,0,0,0,44.197,0,0
-1,5/31/50,8:27,0,0,0,26.187,0,0,115.936,0,0,0,0,0,0,182.264,0,0,0,0,0,0,0
-1,5/31/50,8:28,0,0,0,56.325,0,0,68.882,0,0,0,0,0,0,78.834,0,0,0,0,0,0,0
-1,5/31/50,8:29,0,0,0,19.649,0,0,27.378,0,0,0,0,0,0,0,0,0,0,0,0,0,0
-1,5/31/50,8:30,0,0,0,31.697,0,0,0,0,0,0,0,0,0,108.843,0,0,0,0,0,0,0
-1,5/31/50,8:31,0,0,0,18.439,0,0,0,0,0,0,0,0,0,0,0,0,0,0,0,0,0
-1,5/31/50,8:32,0,0,0,15.179,0,0,0,0,0,0,0,0,0,0,0,0,0,0,0,0,0
-1,5/31/50,8:33,0,0,0,23.052,0,0,0,0,0,0,0,0,0,0,0,0,0,0,0,0,0
-1,5/31/50,8:34,0,0,0,33.097,0,0,0,0,0,0,0,0,0,0,0,0,0,0,0,0,0
-1,5/31/50,8:35,0,0,0,0,0,0,0,0,0,0,0,0,0,0,0,0,0,0,0,0,0
-1,5/31/50,8:36,0,0,0,0,0,0,0,0,0,0,0,0,0,0,0,0,0,0,0,0,0
-1,5/31/50,8:37,0,0,0,0,0,0,0,0,0,0,0,0,0,0,0,0,0,0,0,0,0
-1,5/31/50,8:38,0,0,0,0,0,0,0,0,0,0,0,0,0,0,0,0,0,0,0,0,0
-1,5/31/50,8:39,0,0,0,13.966,0,0,0,0,0,0,0,0,0,0,0,0,0,0,0,0,0
-1,5/31/50,8:40,0,0,0,96.587,0,0,0,0,0,0,0,0,0,0,0,0,0,0,0,0,0
-1,5/31/50,8:41,0,0,0,0,0,0,0,0,0,0,0,0,0,0,0,0,0,0,0,0,0
-1,5/31/50,8:42,0,0,0,0,0,0,0,0,0,0,0,0,0,0,0,0,0,0,0,0,0
-1,5/31/50,8:43,0,0,0,0,0,0,0,0,0,0,0,0,0,0,0,0,0,0,0,0,0
-1,5/31/50,8:44,0,0,0,0,0,0,0,0,0,0,0,0,0,0,0,0,0,0,0,0,0
-1,5/31/50,8:45,0,0,0,0,0,0,0,0,0,0,0,0,0,0,0,0,0,0,0,2.913,0
-1,5/31/50,8:46,0,0,0,0,0,0,0,0,0,0,0,0,0,0,0,0,0,0,0,56.185,0
-1,5/31/50,8:47,0,0,0,0,0,0,0,0,0,0,0,43.486,0,0,0,0,0,0,0,27.66,0
-1,5/31/50,8:48,0,0,0,0,0,0,0,0,0,0,0,161.046,0,0,0,0,0,0,0,55.273,0
-1,5/31/50,8:49,0,0,0,0,0,0,0,0,0,0,0,30.545,0,0,0,0,0,0,0,99.479,0
-1,5/31/50,8:50,0,0,0,0,0,0,0,0,0,0,0,156.767,0,0,0,0,0,0,0,55.87,0
-1,5/31/50,8:51,0,0,0,0,0,0,0,0,0,0,0,76.198,0,0,0,0,0,0,0,77.68,0
-1,5/31/50,8:52,0,0,0,0,0,0,0,0,0,0,0,148.506,0,0,0,0,0,0,0,146.065,0
-1,5/31/50,8:53,0,0,0,0,0,0,0,0,0,0,0,41.359,0,0,0,0,0,0,0,41.072,0
-1,5/31/50,8:54,0,0,0,0,0,0,0,0,0,0,0,105.516,0,0,0,0,0,20.573,0,70.885,0
-1,5/31/50,8:55,0,0,0,0,0,0,0,0,0,0,0,45.771,0,0,25.258,0,0,175.898,0,16.4,0
-1,5/31/50,8:56,0,0,0,0,0,0,0,0,0,0,0,117.199,0,0,29.143,0,0,29.625,0,50.178,0
-1,5/31/50,8:57,0,0,0,0,0,0,0,0,0,0,0,0,0,0,49.533,0,0,137.258,0,49.382,0
-1,5/31/50,8:58,0,0,0,0,0,0,0,0,0,0,0,0,0,0,31.957,0,0,57.188,0,69.217,0
-1,5/31/50,8:59,0,0,0,0,0,0,0,0,0,0,0,0,0,0,133.449,0,0,58.093,0,75.81,0
-1,5/31/50,9:00,0,0,0,0,0,0,0,0,0,0,0,0,0,0,15.707,0,0,37.969,0,59.497,0
-1,5/31/50,9:01,0,0,0,0,0,0,0,0,0,0,0,0,0,0,94.62,0,0,108.025,0,0,0
-1,5/31/50,9:02,0,0,0,0,0,0,0,0,0,0,0,0,0,0,177.413,0,0,95.503,0,0,0
-1,5/31/50,9:03,0,0,0,0,0,0,0,0,0,0,0,0,0,0,62.241,0,0,150.059,0,0,0
-1,5/31/50,9:04,0,0,0,0,0,0,0,0,0,0,0,0,0,0,114.599,0,0,34.145,0,0,0
-1,5/31/50,9:05,0,0,0,0,0,0,0,0,0,0,0,0,0,0,203.082,0,0,0,0,0,0
-1,5/31/50,9:06,0,0,0,0,0,0,0,0,0,0,0,0,0,0,85.91,0,0,0,0,0,0
-1,5/31/50,9:07,0,0,0,0,0,0,0,0,0,0,0,0,0,0,55.329,0,0,0,0,0,0
-1,5/31/50,9:08,0,0,6.375,0,0,0,0,0,0,0,0,0,0,0,47.417,0,0,0,0,0,0
-1,5/31/50,9:09,0,0,52.376,0,0,0,0,0,0,0,0,0,0,0,169.751,0,0,0,0,0,0
-1,5/31/50,9:10,0,0,87.817,0,0,0,0,0,0,0,0,0,0,0,125.374,0,11.688,0,0,0,0
-1,5/31/50,9:11,0,0,0,0,0,0,0,0,0,0,0,0,0,0,156.254,0,44.961,0,0,0,0
-1,5/31/50,9:12,0,0,84.105,0,0,0,0,0,0,0,0,0,0,0,66.8,0,120.192,0,0,0,0
-1,5/31/50,9:13,0,0,110.056,0,0,0,0,0,0,0,0,0,0,0,0,0,48.82,0,0,0,0
-1,5/31/50,9:14,0,0,103.467,0,0,0,0,0,0,0,0,0,0,0,69.807,0,69.215,0,0,0,0
-1,5/31/50,9:15,0,0,156.066,0,0,0,0,0,0,0,0,0,25.699,0,0,0,137.721,0,0,0,0
-1,5/31/50,9:16,0,0,1.915,0,0,0,0,0,0,0,0,0,37.019,0,3.97,0,91.537,0,0,0,0
-1,5/31/50,9:17,0,85.025,78.312,0,0,0,0,0,0,0,0,0,51.808,0,11.386,0,203.241,0,0,0,0
-1,5/31/50,9:18,0,109.576,13.403,0,0,0,0,27.698,0,0,0,0,129.045,0,88.997,0,161.135,0,0,0,0
-1,5/31/50,9:19,0,184.849,32.751,0,0,0,0,41.816,0,0,0,0,28.657,0,85.109,0,154.24,0,0,0,0
-1,5/31/50,9:20,0,122.492,0,0,0,0,0,35.652,0,27.921,23.832,0,94.473,31.641,23.983,0,14.195,0,0,0,0
-1,5/31/50,9:21,0,154.743,22.54,0,0,0,0,0,0,20.151,22.751,0,36.36,99.443,0,0,88.005,0,0,0,0
-1,5/31/50,9:22,0,80.005,0,0,0,37.382,0,101.609,0,19.511,68.112,0,0,57.301,0,0,95.868,0,0,0,0
-1,5/31/50,9:23,0,35.541,0,0,0,69.6,0,24.023,0,85.557,126.156,0,0,45.745,0,0,99.729,0,0,0,0
-1,5/31/50,9:24,0,0,0,0,0,45.156,0,0,0,125.574,91.873,0,0,64.941,0,0,87.501,0,0,0,0
-1,5/31/50,9:25,0,0,0,0,0,111.115,0,0,0,104.393,118.317,0,0,78.238,0,0,144.412,0,0,0,0
-1,5/31/50,9:26,0,0,0,0,0,12.569,0,0,0,36.037,48.629,0,0,118.923,0,0,185.991,0,0,0,0
-1,5/31/50,9:27,0,0,0,0,0,69.951,0,0,0,0,53.057,0,0,152.999,0,0,6.317,0,0,0,0
-1,5/31/50,9:28,0,0,0,0,0,24.675,0,0,0,0,0,0,0,0,0,0,0,0,0,0,0
-1,5/31/50,9:29,0,0,0,0,0,47.193,0,0,0,0,0,0,0,0,0,0,0,0,0,0,0
-1,5/31/50,9:30,0,0,0,0,0,18.937,0,0,0,0,0,0,0,54.885,0,0,0,0,0,0,0
-1,5/31/50,9:31,0,0,0,0,0,31.516,0,0,0,0,0,0,0,43.091,0,0,35.522,0,0,0,0
-1,5/31/50,9:32,0,0,0,0,179.325,35.843,0,0,0,73.139,0,0,0,0,0,172.767,112.733,0,0,0,0
-1,5/31/50,9:33,0,0,0,0,152.035,69.108,0,0,0,0,0,0,0,0,0,108.14,32.754,0,0,0,0
-1,5/31/50,9:34,0,0,0,0,22.341,0,0,0,0,0,0,0,0,83.688,0,75.996,0,0,0,0,0
-1,5/31/50,9:35,0,0,0,0,91.14,18.939,0,0,0,0,0,0,0,61.946,0,53.434,0,0,0,0,0
-1,5/31/50,9:36,0,0,0,0,153.261,32.91,0,0,0,0,0,0,0,24.745,0,23.103,0,0,0,0,0
-1,5/31/50,9:37,0,0,0,0,31.501,0,0,0,0,0,0,0,0,4.76,0,81.447,123.124,0,0,0,0
-1,5/31/50,9:38,0,0,0,0,4.263,0,0,0,0,0,0,0,0,86.122,0,86.629,71.939,0,0,0,0
-1,5/31/50,9:39,0,0,0,0,133.712,0,0,0,0,0,0,0,0,108.869,0,158.581,0,0,0,0,0
-1,5/31/50,9:40,0,0,0,0,23.007,0,0,0,0,0,0,0,0,18.457,0,111.693,0,0,0,0,0
-1,5/31/50,9:41,0,0,0,0,0,0,0,0,0,0,0,0,0,0,0,44.033,0,0,0,0,0
-1,5/31/50,9:42,0,0,0,0,0,0,0,0,0,0,0,0,0,0,0,28.699,0,0,0,0,0
-1,5/31/50,9:43,0,0,0,0,0,0,0,0,0,0,0,0,0,0,0,82.294,0,0,0,0,0
-1,5/31/50,9:44,0,0,0,0,0,0,0,0,0,0,0,0,0,0,0,43.415,0,0,0,0,0
-1,5/31/50,9:45,86.393,0,0,0,0,0,0,0,0,0,0,0,0,0,0,0,0,0,0,0,0
-1,5/31/50,9:46,170.185,0,0,0,0,0,0,0,0,0,0,0,0,0,0,58.589,0,0,0,0,0
-1,5/31/50,9:47,114.938,0,0,0,0,0,0,0,0,0,0,0,0,0,0,118.216,0,0,0,0,0
-1,5/31/50,9:48,64.953,0,0,0,0,0,0,0,0,0,0,0,0,0,0,214.883,0,0,0,0,0
-1,5/31/50,9:49,27.172,0,0,0,0,0,0,0,0,0,0,0,0,0,0,101.662,0,0,0,0,0
-1,5/31/50,9:50,0,0,0,0,0,0,0,0,0,0,0,0,0,0,0,122.927,0,0,0,0,0
-1,5/31/50,9:51,0,0,0,0,0,0,0,0,0,0,0,0,0,0,0,0,0,0,0,0,0
-1,5/31/50,9:52,0,0,0,0,0,0,0,0,0,0,0,0,0,0,0,0,0,0,0,0,0
-1,5/31/50,9:53,0,0,0,0,0,0,0,0,0,0,0,0,0,0,0,0,0,0,0,0,0
-1,5/31/50,9:54,0,0,0,0,0,0,0,0,0,0,0,0,0,0,0,0,0,0,0,0,0
-1,5/31/50,9:55,51.354,0,0,0,0,0,0,0,0,0,0,0,0,0,0,0,0,0,0,0,0
-1,5/31/50,9:56,13.214,0,0,0,0,0,39.723,0,0,0,0,0,0,0,0,40.453,0,0,0,0,0
-1,5/31/50,9:57,104.955,0,0,0,0,0,61.903,0,0,0,0,0,0,0,0,0,0,0,0,0,0
-1,5/31/50,9:58,124.347,0,0,0,0,0,69.627,0,0,0,0,0,0,0,0,0,0,0,0,0,0
-1,5/31/50,9:59,16.237,0,0,0,0,0,113.285,0,0,0,0,0,0,0,0,0,0,0,0,0,0
-1,5/31/50,10:00,15.582,0,0,0,0,0,113.332,0,0,0,0,0,0,0,0,0,0,0,0,0,0
-1,5/31/50,10:01,0,0,0,0,0,0,83.128,0,0,0,0,0,0,0,0,0,0,0,0,0,0
-1,5/31/50,10:02,24.198,0,0,0,0,0,24.422,0,0,0,0,0,0,0,0,0,0,0,0,0,0
-1,5/31/50,10:03,35.467,0,0,0,0,0,0,0,0,0,0,0,0,0,0,0,0,0,0,0,0
-1,5/31/50,10:04,0,0,0,0,0,0,0,0,0,0,0,0,0,0,0,0,0,0,0,0,0
-1,5/31/50,10:05,68.257,0,0,0,0,0,0,0,0,0,0,0,0,0,0,0,0,0,0,0,0
-1,5/31/50,10:06,81.045,0,0,0,0,0,0,0,0,0,0,0,0,0,0,0,0,0,0,0,0
-1,5/31/50,10:07,104.739,0,0,0,0,0,0,0,0,0,0,0,0,0,0,0,0,0,0,0,0
-1,5/31/50,10:08,68.526,0,0,0,0,0,0,0,0,0,0,0,0,0,0,0,0,0,0,0,0
-1,5/31/50,10:09,0,0,0,0,0,0,0,0,0,0,0,0,0,0,0,0,0,0,0,0,0
-1,5/31/50,10:10,0,0,0,0,0,0,0,0,0,0,87.404,0,0,0,0,0,0,0,0,0,0
-1,5/31/50,10:11,0,0,0,0,0,0,0,0,0,0,27.489,0,0,0,0,0,0,0,0,0,0
-1,5/31/50,10:12,66.272,0,0,0,0,0,0,0,0,0,106.654,0,0,0,0,0,0,0,0,0,0
-1,5/31/50,10:13,104.255,0,0,0,0,0,0,0,0,0,87.432,0,0,0,0,0,0,0,0,0,0
-1,5/31/50,10:14,167.248,0,0,0,0,0,0,0,0,0,52.985,0,0,0,0,0,0,0,21.239,0,0
-1,5/31/50,10:15,260.466,0,0,144.5,0,0,0,0,0,0,8.474,0,0,0,0,0,0,0,87.765,0,0
-1,5/31/50,10:16,34.029,0,0,28.595,0,0,0,0,0,0,8.353,0,0,0,0,0,0,0,16.89,0,0
-1,5/31/50,10:17,0,0,0,48.413,0,0,0,0,0,0,0,0,0,0,0,0,0,0,22.67,0,0
-1,5/31/50,10:18,0,0,0,0,0,0,0,0,0,0,97.874,0,0,0,0,0,0,0,64.906,0,0
-1,5/31/50,10:19,0,0,0,0,0,0,0,0,0,0,0,0,0,0,0,0,0,0,97.16,0,0
-1,5/31/50,10:20,0,0,0,0,0,0,0,0,0,0,1.432,0,0,0,0,0,0,0,22.785,0,0
-1,5/31/50,10:21,0,0,0,0,0,0,0,0,0,0,52.844,0,0,0,0,0,0,0,84.75,0,0
-1,5/31/50,10:22,0,0,0,0,0,0,0,0,0,0,0,0,0,0,0,0,0,0,42.66,0,0
-1,5/31/50,10:23,0,0,0,0,0,0,0,0,0,0,0,0,0,0,0,0,0,0,17.193,0,0
-1,5/31/50,10:24,0,0,0,0,0,0,0,0,0,0,0,0,0,0,23.78,0,0,0,163.486,0,0
-1,5/31/50,10:25,0,0,0,0,0,0,0,0,0,0,0,0,0,0,49.839,0,0,0,22.357,0,0
-1,5/31/50,10:26,0,0,0,0,0,0,0,0,0,0,0,0,0,0,24.03,0,0,0,110.049,0,0
-1,5/31/50,10:27,0,0,0,0,0,0,0,0,0,0,0,0,0,0,67.031,0,0,0,39.162,0,0
-1,5/31/50,10:28,0,0,0,0,0,0,0,0,0,0,0,0,0,0,118.779,0,0,0,81.816,4.371,0
-1,5/31/50,10:29,0,0,0,0,0,0,0,0,0,0,0,0,0,0,139.309,0,0,0,91.745,47.414,0
-1,5/31/50,10:30,0,0,0,0,0,0,0,0,0,0,0,0,0,0,0,0,0,0,0,98.245,32.815
-1,5/31/50,10:31,0,0,0,0,0,0,0,0,0,0,0,0,0,0,0,0,0,0,69.814,51.072,0
-1,5/31/50,10:32,0,0,0,0,0,0,0,0,0,0,0,0,0,0,0,0,0,0,96.259,0,97.543
-1,5/31/50,10:33,0,0,0,0,0,0,0,0,0,0,0,0,0,0,0,0,0,0,62.521,47.941,163.852
-1,5/31/50,10:34,0,0,0,nan,nan,nan,nan,0,0,0,0,0,0,0,0,0,0,0,55.173,0,87.448
-1,5/31/50,10:35,0,0,0,0,0,0,0,0,0,0,0,0,0,0,0,0,0,0,51.731,49.29,55.891
-1,5/31/50,10:36,0,0,0,0,0,0,0,0,0,0,0,0,0,0,0,0,0,0,4.932,51.487,126.297
-1,5/31/50,10:37,0,0,0,0,0,0,0,0,0,0,0,0,0,0,0,0,0,0,38.795,14.811,47.229
-1,5/31/50,10:38,0,0,0,0,0,0,0,0,0,0,0,0,0,0,0,0,0,0,0,112.263,47.604
-1,5/31/50,10:39,0,0,0,0,0,0,0,0,0,0,0,0,0,0,0,0,0,0,0,82.745,95.823
-1,5/31/50,10:40,0,0,0,0,0,0,0,0,0,0,0,0,0,nan,nan,nan,nan,0,0,0,114.979
-1,5/31/50,10:41,0,0,0,0,39.752,0,0,0,0,0,0,0,0,nan,nan,nan,nan,0,0,0,7.697
-1,5/31/50,10:42,0,30.882,0,0,130.875,0,0,0,0,0,0,0,0,nan,nan,nan,nan,0,0,0,194.784
-1,5/31/50,10:43,0,117.257,0,0,146.811,0,0,0,0,0,0,0,0,nan,nan,nan,nan,0,0,0,23.153
-1,5/31/50,10:44,0,0,0,0,146.397,0,0,0,0,0,0,0,0,0,0,0,0,0,0,0,0
-1,5/31/50,10:45,0,101.926,0,0,0,0,0,0,0,0,0,0,0,0,0,0,0,0,0,0,0
-1,5/31/50,10:46,0,146.362,0,0,0,0,0,0,0,0,0,0,0,0,0,0,0,0,0,0,0
-1,5/31/50,10:47,0,79.241,0,0,0,0,0,0,0,0,0,0,0,0,0,0,0,0,0,0,0
-1,5/31/50,10:48,0,199.071,0,0,0,0,0,0,0,0,0,0,0,0,0,0,0,0,0,0,47.718
-1,5/31/50,10:49,0,105.65,0,0,0,0,0,0,0,0,0,0,0,0,0,0,0,0,0,0,69.793
-1,5/31/50,10:50,0,180.741,0,0,0,0,0,0,0,0,0,0,0,0,0,0,0,0,0,0,132.343
-1,5/31/50,10:51,0,109.077,0,0,0,0,0,0,0,0,0,0,0,0,0,0,0,4.037,0,0,212.013
-1,5/31/50,10:52,0,193.859,0,0,0,0,0,0,0,0,0,0,0,0,0,0,0,131.918,0,0,79.017
-1,5/31/50,10:53,0,62.66,0,0,0,0,0,0,0,0,0,0,0,0,0,0,0,76.512,0,0,104.995
-1,5/31/50,10:54,0,123.526,0,0,0,0,0,0,0,0,0,0,0,0,0,0,0,59.843,0,0,57.205
-1,5/31/50,10:55,0,140.378,0,0,0,0,0,0,0,0,0,0,0,0,0,0,0,37.739,0,0,59.816
-1,5/31/50,10:56,0,8.783,0,0,0,0,0,0,0,0,nan,nan,nan,0,0,0,0,73.714,0,0,143.101
-1,5/31/50,10:57,0,103.964,0,0,0,0,0,0,0,0,nan,nan,nan,0,0,0,0,45.399,0,0,46.114
-1,5/31/50,10:58,0,129.514,0,0,0,0,0,0,0,0,nan,nan,nan,0,0,0,0,94.745,0,0,0
-1,5/31/50,10:59,0,0,0,0,0,0,0,0,0,0,nan,nan,nan,0,0,0,0,86.013,0,0,0
-1,5/31/50,11:00,0,33.423,0,0,0,0,0,0,0,0,nan,nan,nan,0,0,0,0,90.848,0,0,142.932
-1,5/31/50,11:01,0,94.997,0,0,0,0,0,0,0,0,nan,nan,nan,0,0,0,0,103.626,0,0,134.609
-1,5/31/50,11:02,0,0,0,0,0,0,0,0,0,0,nan,nan,nan,0,0,0,0,89.528,0,0,245.779
-1,5/31/50,11:03,0,0,0,0,0,0,0,0,0,0,nan,nan,nan,0,0,0,0,128.17,0,0,245.217
-1,5/31/50,11:04,0,0,0,0,0,0,0,0,0,0,nan,nan,nan,0,0,0,0,121.942,0,0,111.958
-1,5/31/50,11:05,0,0,0,0,0,0,0,0,0,0,nan,nan,nan,0,0,0,0,89.956,0,0,110.136
-1,5/31/50,11:06,0,0,0,0,0,0,0,0,0,0,nan,nan,nan,0,0,0,0,119.437,0,0,145.083
-1,5/31/50,11:07,0,0,0,0,0,0,0,0,0,0,nan,nan,nan,0,0,0,0,25.072,0,0,85.631
-1,5/31/50,11:08,0,0,0,0,0,0,0,0,0,0,nan,nan,nan,0,0,0,0,0,0,0,167.884
-1,5/31/50,11:09,0,0,0,0,0,0,0,0,0,0,nan,nan,nan,0,0,0,0,42.698,0,0,162.949
-1,5/31/50,11:10,0,0,0,0,0,0,0,0,0,0,nan,nan,nan,0,0,0,0,24.23,0,0,101.109
-1,5/31/50,11:11,0,0,0,0,0,0,0,0,0,0,nan,nan,nan,0,0,0,0,147.478,0,0,111.537
-1,5/31/50,11:12,0,0,0,0,0,0,0,0,0,0,nan,nan,nan,0,0,0,0,76.079,0,0,9.545
-1,5/31/50,11:13,0,0,0,0,0,0,0,0,0,0,nan,nan,nan,0,0,0,0,111.371,0,0,0
-1,5/31/50,11:14,0,0,0,0,0,0,0,0,0,0,nan,nan,nan,0,0,0,0,147.582,0,0,0
-1,5/31/50,11:15,0,0,0,0,0,0,0,0,0,0,nan,nan,nan,0,0,0,0,142.218,0,0,0
-1,5/31/50,11:16,0,0,0,0,0,0,0,0,0,0,nan,nan,nan,0,0,0,0,0,0,0,0
-1,5/31/50,11:17,0,0,0,0,0,0,0,0,0,0,nan,nan,nan,0,0,0,0,0,0,0,0
-1,5/31/50,11:18,0,0,0,0,0,0,0,0,0,0,nan,nan,nan,0,0,0,0,0,0,0,0
-1,5/31/50,11:19,0,0,0,0,0,0,0,0,0,0,nan,nan,nan,0,0,0,0,0,0,0,0
-1,5/31/50,11:20,0,0,0,0,0,0,29.056,0,0,0,nan,nan,nan,0,0,0,0,0,0,0,0
-1,5/31/50,11:21,0,0,0,0,0,0,62.675,0,0,0,nan,nan,nan,0,0,0,36.337,0,0,0,0
-1,5/31/50,11:22,0,0,0,0,0,0,0,0,0,0,nan,nan,nan,0,0,0,114.404,0,0,0,0
-1,5/31/50,11:23,0,0,0,0,0,0,0,0,0,0,nan,nan,nan,0,0,0,55.721,0,0,0,0
-1,5/31/50,11:24,0,0,0,0,0,0,0,0,0,0,nan,nan,nan,0,0,0,138.646,0,0,0,0
-1,5/31/50,11:25,0,0,0,0,0,0,0,0,0,0,nan,nan,nan,0,0,0,76.816,0,0,0,0
-1,5/31/50,11:26,0,0,22.974,0,0,0,0,0,0,0,nan,nan,nan,0,0,0,57.262,0,0,0,0
-1,5/31/50,11:27,0,0,106.846,0,0,0,0,0,0,0,nan,nan,nan,0,0,0,68.681,0,0,0,0
-1,5/31/50,11:28,0,0,80.499,0,0,0,0,0,0,0,nan,nan,nan,0,0,0,96.082,0,0,0,0
-1,5/31/50,11:29,0,0,42.028,0,0,0,0,0,0,0,nan,nan,nan,0,0,0,0,0,0,0,0
-1,5/31/50,11:30,0,0,131.778,0,0,0,0,0,0,0,nan,nan,nan,0,0,0,0,0,0,0,0
-1,5/31/50,11:31,0,0,69.577,0,0,0,0,0,0,0,nan,nan,nan,0,0,0,0,0,0,0,0
-1,5/31/50,11:32,0,0,0,0,0,0,0,0,0,0,nan,nan,nan,0,0,0,0,0,0,0,0
-1,5/31/50,11:33,0,0,59.987,0,0,0,0,0,0,0,nan,nan,nan,0,0,0,0,0,0,0,0
-1,5/31/50,11:34,0,0,69.939,0,0,0,0,0,0,0,nan,nan,nan,0,0,0,0,nan,nan,nan,nan
-1,5/31/50,11:35,0,0,16.652,0,0,0,0,0,0,0,nan,nan,nan,0,0,0,0,nan,nan,nan,nan
-1,5/31/50,11:36,0,0,34.026,0,0,0,0,0,0,0,nan,nan,nan,0,0,0,0,nan,nan,nan,nan
-1,5/31/50,11:37,0,0,0,0,0,36.247,0,0,0,0,nan,nan,nan,0,0,0,0,nan,nan,nan,nan
-1,5/31/50,11:38,0,0,0,0,0,23.351,0,0,0,0,nan,nan,nan,0,0,0,0,nan,nan,nan,nan
-1,5/31/50,11:39,0,0,0,0,0,22.515,0,0,0,0,nan,nan,nan,0,0,0,0,nan,nan,nan,nan
-1,5/31/50,11:40,0,0,0,0,0,25.339,0,0,0,0,nan,nan,nan,0,0,0,0,nan,nan,nan,nan
-1,5/31/50,11:41,0,0,0,0,0,27.536,0,0,0,0,nan,nan,nan,0,0,0,0,nan,nan,nan,nan
-1,5/31/50,11:42,0,0,0,0,0,66.948,0,0,0,0,nan,nan,nan,0,0,0,0,nan,nan,nan,nan
-1,5/31/50,11:43,0,0,0,0,0,65.081,0,0,0,0,nan,nan,nan,0,0,0,0,0,0,0,0
-1,5/31/50,11:44,0,0,0,0,0,0,0,0,0,0,nan,nan,nan,0,0,32.97,0,0,0,0,0
-1,5/31/50,11:45,0,0,0,0,0,0,0,0,0,0,nan,nan,nan,0,0,46.155,0,0,0,0,0
-1,5/31/50,11:46,0,0,0,0,0,0,0,0,0,0,nan,nan,nan,0,0,153.305,0,0,0,0,0
-1,5/31/50,11:47,0,0,0,0,0,103.933,0,0,0,0,nan,nan,nan,0,0,89.748,0,0,0,7.755,0
-1,5/31/50,11:48,0,0,0,0,0,0,0,0,0,0,nan,nan,nan,0,0,77.192,0,0,0,91.138,0
-1,5/31/50,11:49,0,0,0,0,0,0,0,0,0,0,0,0,0,0,23.702,82.518,0,0,0,53.097,0
-1,5/31/50,11:50,0,0,0,0,0,0,0,0,0,0,nan,nan,nan,0,64.333,0,0,0,0,86.285,0
-1,5/31/50,11:51,0,0,0,0,0,0,0,0,0,0,0,0,0,0,133.706,82.743,0,0,0,56.935,0
-1,5/31/50,11:52,0,0,0,0,0,0,0,0,0,0,0,0,0,0,37.717,42.984,0,0,0,105.876,0
-1,5/31/50,11:53,0,0,0,0,0,0,0,0,0,0,0,0,0,0,0,0,0,0,0,94.239,0
-1,5/31/50,11:54,0,0,0,0,0,0,0,0,0,10.299,0,0,0,0,36.564,0,0,0,0,90.798,0
-1,5/31/50,11:55,0,0,0,0,0,0,0,0,0,32.143,0,0,0,0,0,0,0,0,0,39.829,0
-1,5/31/50,11:56,0,0,0,0,0,0,0,0,0,55.844,0,0,0,0,0,0,0,0,0,135.571,0
-1,5/31/50,11:57,0,0,0,0,0,0,0,0,0,0,0,0,0,0,0,0,0,0,0,31.409,0
-1,5/31/50,11:58,0,0,0,0,0,0,0,0,0,0,0,0,0,0,0,0,0,0,0,69.551,0
-1,5/31/50,11:59,0,0,0,0,0,0,0,0,0,0,0,0,0,0,0,0,0,0,0,52.483,0
-1,5/31/50,12:00,0,0,0,0,0,0,0,0,0,39.75,0,0,0,0,0,0,0,0,40.069,141.019,0
-1,5/31/50,12:01,0,0,0,0,0,0,0,0,0,31.45,0,0,0,0,0,0,0,0,39.675,37.266,0
-1,5/31/50,12:02,0,0,0,0,0,0,0,0,0,0,0,0,0,0,0,0,0,0,48.572,0,0
-1,5/31/50,12:03,0,0,0,0,0,0,0,0,0,66.82,0,0,0,0,0,0,0,0,29.605,0,0
-1,5/31/50,12:04,0,0,0,0,0,0,0,0,0,13.15,0,0,0,0,0,0,0,0,22.179,0,0
-1,5/31/50,12:05,0,0,0,0,0,0,0,0,0,33.63,0,0,0,0,0,0,0,0,0,0,0
-1,5/31/50,12:06,0,0,0,0,0,0,0,0,0,22.033,0,0,0,0,0,0,0,0,0,0,0
-1,5/31/50,12:07,0,0,0,0,0,0,0,0,0,55.966,0,0,0,0,0,0,0,0,0,0,0
-1,5/31/50,12:08,0,0,0,0,0,0,0,0,0,89.286,0,0,0,0,0,0,0,0,0,0,0
-1,5/31/50,12:09,0,0,0,0,0,0,0,0,0,10.827,0,0,0,0,0,0,0,0,0,0,0
-1,5/31/50,12:10,0,0,0,0,0,0,0,0,0,126.266,0,0,0,0,0,0,0,0,0,0,0
-1,5/31/50,12:11,0,0,0,0,0,0,0,0,0,0,0,0,0,0,0,0,0,0,0,0,0
-1,5/31/50,12:12,0,0,0,0,0,0,0,0,0,0,0,0,0,0,0,0,0,0,0,0,0
-1,5/31/50,12:13,0,0,0,0,0,0,0,0,0,0,0,0,0,0,0,0,0,0,0,0,0
-1,5/31/50,12:14,0,0,0,0,0,0,0,0,0,0,0,0,0,0,0,0,0,0,0,0,0
-1,5/31/50,12:15,0,0,0,0,0,0,0,0,0,0,0,0,0,0,0,0,0,0,0,0,0
-1,5/31/50,12:16,0,0,0,0,0,0,0,0,0,0,0,0,0,0,0,0,0,0,0,0,0
-1,5/31/50,12:17,0,0,0,0,0,0,0,0,0,0,0,0,0,0,0,0,0,0,0,0,0
-1,5/31/50,12:18,0,0,0,0,0,0,0,0,0,0,0,0,0,0,0,0,0,0,0,0,0
-1,5/31/50,12:19,0,0,0,0,0,0,0,0,0,0,0,0,0,0,0,0,0,0,0,0,0
-1,5/31/50,12:20,0,0,0,18.499,0,0,0,0,0,0,0,0,0,0,0,0,0,0,0,0,0
-1,5/31/50,12:21,0,0,0,81.18,0,0,0,0,57.275,0,0,0,0,0,0,0,0,0,0,0,0
-1,5/31/50,12:22,0,0,0,0,0,0,0,0,46.699,0,0,0,0,0,0,0,0,0,0,0,0
-1,5/31/50,12:23,0,0,0,43.368,0,0,0,0,39.045,0,0,0,0,0,0,0,0,0,0,0,0
-1,5/31/50,12:24,0,0,0,31.51,0,0,0,0,0,0,0,0,0,0,0,0,0,0,0,0,0
-1,5/31/50,12:25,0,0,0,72.326,135.885,0,0,0,14.694,0,0,0,0,0,0,0,0,0,0,0,0
-1,5/31/50,12:26,0,0,0,17.073,104.732,0,0,0,32.887,0,0,0,0,0,0,0,0,0,0,0,0
-1,5/31/50,12:27,0,0,0,0,75.52,0,0,0,0,0,0,0,0,0,0,0,0,0,0,0,0
-1,5/31/50,12:28,0,0,0,0,61.495,0,0,0,0,0,0,0,0,0,0,0,0,0,0,0,0
-1,5/31/50,12:29,0,0,0,21.323,45.502,45.37,0,0,0,0,nan,nan,nan,21.526,0,0,0,0,0,0,0
-1,5/31/50,12:30,0,0,0,57.419,0,43.956,0,0,23.467,0,0,0,0,44.948,0,0,0,0,0,0,0
-1,5/31/50,12:31,0,0,0,67.957,7.32,33.823,0,0,91.028,0,0,0,0,71.417,0,0,0,0,0,0,0
-1,5/31/50,12:32,0,0,0,60.612,0,0,0,0,18.944,0,43.669,0,0,104.273,0,0,0,0,0,0,0
-1,5/31/50,12:33,0,0,0,154.051,0,0,0,0,0,0,45.906,0,0,69.837,0,0,0,0,0,0,0
-1,5/31/50,12:34,0,0,0,237.206,0,0,0,0,0,0,33.216,0,0,2.709,0,0,0,0,0,0,0
-1,5/31/50,12:35,0,0,0,42.356,0,0,0,0,0,0,63.732,0,0,15.064,0,0,0,0,0,0,0
-1,5/31/50,12:36,0,0,0,29.868,0,0,0,nan,nan,nan,114.015,0,0,0,0,0,0,0,0,0,0
-1,5/31/50,12:37,0,0,0,43.842,0,0,0,nan,nan,nan,93.681,0,0,20.021,0,0,0,0,0,0,0
-1,5/31/50,12:38,0,0,0,0,0,0,0,nan,nan,nan,11.351,0,0,0,0,0,0,0,0,0,0
-1,5/31/50,12:39,68.378,0,0,0,0,0,0,nan,nan,nan,9.066,0,0,0,0,0,0,0,0,0,0
-1,5/31/50,12:40,3.009,0,0,0,0,0,0,nan,nan,nan,7.862,0,0,51.928,0,0,0,0,0,0,0
-1,5/31/50,12:41,62.489,0,0,0,0,0,0,0,0,0,23.454,0,43.523,31.344,0,0,0,0,0,0,0
-1,5/31/50,12:42,86.627,0,0,0,0,0,0,0,0,0,0,0,117.868,0,0,0,0,0,0,0,0
-1,5/31/50,12:43,80.558,0,0,0,0,0,0,0,0,0,30.245,0,31.614,0,0,0,0,0,0,0,0
-1,5/31/50,12:44,40.936,0,0,0,0,0,0,0,0,0,16.524,0,108.598,0,0,0,0,0,0,0,0
-1,5/31/50,12:45,0,0,0,0,0,0,0,0,0,0,62.23,0,30.753,0,0,0,0,0,0,0,0
-1,5/31/50,12:46,0,0,0,0,0,0,0,0,0,0,61.897,0,20.855,0,0,0,0,0,0,0,0
-1,5/31/50,12:47,0,0,0,0,0,0,0,0,0,0,0,0,75.604,0,0,0,0,0,0,0,0
-1,5/31/50,12:48,0,0,0,0,0,0,0,0,0,0,0,0,37.281,0,0,0,0,0,0,0,0
-1,5/31/50,12:49,0,0,0,0,0,0,0,0,0,0,0,0,19.262,0,0,0,0,0,0,0,0
-1,5/31/50,12:50,0,0,0,0,0,0,0,0,0,0,0,0,49.936,0,0,0,0,0,0,0,0
-1,5/31/50,12:51,46.242,0,0,0,0,0,0,0,0,0,0,0,50.251,0,0,0,0,0,0,0,0
-1,5/31/50,12:52,15.456,0,0,0,0,0,0,0,0,0,0,0,59.461,0,0,0,0,0,0,0,0
-1,5/31/50,12:53,30.178,0,0,0,0,0,0,0,0,0,0,0,0,0,0,0,0,0,0,0,0
-1,5/31/50,12:54,0,0,0,0,0,0,0,0,0,0,0,0,0,0,0,0,0,0,0,0,0
-1,5/31/50,12:55,0,0,0,0,0,0,0,0,0,0,0,0,62.111,0,0,0,0,0,0,0,0
-1,5/31/50,12:56,0,0,0,0,0,0,0,0,0,0,0,0,0,0,0,0,0,0,0,0,0
-1,5/31/50,12:57,0,0,0,0,0,0,0,0,0,0,0,0,0,0,0,0,100.436,0,0,0,0
-1,5/31/50,12:58,0,0,0,0,0,0,0,0,0,0,0,0,0,0,0,0,62.303,0,0,0,0
-1,5/31/50,12:59,0,0,0,0,0,0,0,0,0,0,0,0,0,0,0,0,0,0,0,0,0
-1,5/31/50,13:00,0,0,0,0,0,0,0,0,0,0,0,0,0,0,0,0,142.398,0,0,0,0
-1,5/31/50,13:01,0,0,0,0,0,0,0,0,0,0,0,0,0,0,0,0,152.247,0,0,0,0
-1,5/31/50,13:02,0,0,0,0,0,0,0,0,0,0,0,0,0,0,0,0,0,0,0,0,0
-1,5/31/50,13:03,0,0,0,0,0,0,0,nan,nan,nan,0,0,0,0,0,45.43,72.913,0,0,0,0
-1,5/31/50,13:04,0,0,0,0,0,0,0,nan,nan,nan,0,0,0,0,0,18.764,49.838,0,0,0,0
-1,5/31/50,13:05,0,0,0,0,0,0,0,nan,nan,nan,0,0,0,0,0,0,0,0,0,0,0
-1,5/31/50,13:06,0,0,0,0,0,0,62.613,nan,nan,nan,0,0,0,0,0,0,0,0,0,0,0
-1,5/31/50,13:07,0,0,0,0,0,0,0,nan,nan,nan,0,0,0,0,0,0,0,0,0,0,0
-1,5/31/50,13:08,0,0,0,0,0,0,0,nan,nan,nan,0,0,0,0,0,0,124.608,0,0,0,0
-1,5/31/50,13:09,0,0,0,0,0,0,0,nan,nan,nan,0,0,0,0,0,0,40.145,0,0,0,0
-1,5/31/50,13:10,0,0,0,0,0,0,0,nan,nan,nan,0,0,0,0,0,0,0,0,0,0,0
-1,5/31/50,13:11,0,0,0,0,0,0,0,nan,nan,nan,0,0,0,0,0,0,1.94,0,0,0,0
-1,5/31/50,13:12,0,0,0,0,0,0,0,nan,nan,nan,nan,nan,nan,0,0,0,90.589,0,0,0,0
-1,5/31/50,13:13,0,0,0,0,0,0,0,nan,nan,nan,0,0,0,0,0,0,69.423,0,0,0,0
-1,5/31/50,13:14,0,0,0,0,0,0,0,nan,nan,nan,0,0,0,0,0,0,151.669,0,0,0,0
-1,5/31/50,13:15,0,0,0,0,0,0,0,nan,nan,nan,nan,nan,nan,0,0,33.126,156.815,0,0,0,0
-1,5/31/50,13:16,0,0,0,0,0,0,0,nan,nan,nan,nan,nan,nan,0,0,31.041,165.557,0,0,0,0
-1,5/31/50,13:17,0,25.511,0,0,0,0,0,nan,nan,nan,nan,nan,nan,0,0,90.414,180.7,0,0,0,0
-1,5/31/50,13:18,0,81.604,0,0,0,0,45.337,nan,nan,nan,0,0,0,0,0,120.451,161.036,0,0,0,0
-1,5/31/50,13:19,0,158.789,0,0,0,0,31.929,nan,nan,nan,0,0,0,0,0,227.6,126.528,0,0,0,0
-1,5/31/50,13:20,0,25.735,0,0,0,0,60.02,nan,nan,nan,0,0,0,0,0,176.093,115.658,0,0,0,0
-1,5/31/50,13:21,0,0,0,0,0,0,61.02,nan,nan,nan,0,0,0,0,0,134.657,93.431,0,0,0,0
-1,5/31/50,13:22,0,18.108,0,0,0,0,46.563,nan,nan,nan,0,0,0,0,0,0,0,0,0,0,0
-1,5/31/50,13:23,55.466,0,0,0,0,0,23.385,nan,nan,nan,0,0,0,0,0,49.228,140.612,0,0,0,0
-1,5/31/50,13:24,69.544,100.26,0,0,0,0,0,nan,nan,nan,0,0,0,83.683,0,114.44,0,0,0,0,0
-1,5/31/50,13:25,0,29.975,0,0,0,0,0,nan,nan,nan,0,0,0,121.752,0,148.935,0,0,0,0,0
-1,5/31/50,13:26,0,155.111,0,0,0,0,0,nan,nan,nan,0,0,0,81.259,0,59.747,0,0,0,0,0
-1,5/31/50,13:27,80.564,124.387,0,0,0,0,0,nan,nan,nan,0,0,0,154.178,0,67.554,0,0,0,0,0
-1,5/31/50,13:28,153.297,65.521,0,0,0,24.343,0,nan,nan,nan,0,0,0,159.062,0,137.621,0,0,0,0,0
-1,5/31/50,13:29,120.687,220.598,0,0,0,71.744,0,nan,nan,nan,0,0,0,174.143,0,64.079,0,0,0,0,0
-1,5/31/50,13:30,69.977,171.253,0,0,0,0,0,nan,nan,nan,0,0,0,177.086,0,81.044,0,0,0,0,0
-1,5/31/50,13:31,34.558,63.694,0,0,0,0,0,nan,nan,nan,0,0,0,51.936,0,0,0,0,0,0,0
-1,5/31/50,13:32,0,0,0,0,0,0,0,nan,nan,nan,0,0,0,177.751,0,0,0,0,0,0,0
-1,5/31/50,13:33,0,0,0,0,0,0,0,nan,nan,nan,0,0,0,83.027,0,0,0,0,0,0,0
-1,5/31/50,13:34,58.363,26.304,0,0,0,0,0,nan,nan,nan,0,0,0,69.429,0,0,0,0,0,0,0
-1,5/31/50,13:35,0,20.587,0,0,0,0,0,nan,nan,nan,0,0,0,94.398,0,0,0,0,0,0,0
-1,5/31/50,13:36,0,0,0,0,0,0,0,nan,nan,nan,0,0,0,0,0,0,0,0,0,0,0
-1,5/31/50,13:37,0,0,0,0,0,0,0,nan,nan,nan,0,0,0,0,0,0,0,0,0,0,0
-1,5/31/50,13:38,0,0,0,0,0,0,0,nan,nan,nan,0,0,0,0,0,0,0,0,0,0,0
-1,5/31/50,13:39,0,0,0,0,0,0,0,nan,nan,nan,0,0,0,34.358,0,0,0,0,0,0,0
-1,5/31/50,13:40,0,0,0,0,0,0,0,nan,nan,nan,0,0,0,0,0,0,0,0,0,0,0
-1,5/31/50,13:41,0,0,0,0,0,0,0,nan,nan,nan,0,0,0,0,0,0,0,0,0,147.213,0
-1,5/31/50,13:42,0,0,0,0,0,0,0,nan,nan,nan,0,0,0,0,0,0,0,0,0,43.265,0
-1,5/31/50,13:43,0,33.648,0,0,0,0,0,nan,nan,nan,0,0,0,0,0,0,0,0,0,36.405,0
-1,5/31/50,13:44,0,128.986,0,0,0,0,0,nan,nan,nan,0,0,0,0,0,0,0,0,0,0,0
-1,5/31/50,13:45,0,110.639,0,0,0,0,0,nan,nan,nan,0,0,0,0,0,0,0,0,0,0,0
-1,5/31/50,13:46,0,59.633,0,0,0,0,0,nan,nan,nan,0,0,0,0,0,0,0,0,0,0,0
-1,5/31/50,13:47,0,0,0,0,0,0,0,nan,nan,nan,0,0,0,0,0,0,0,0,0,0,0
-1,5/31/50,13:48,0,0,0,0,0,0,0,0,0,0,nan,nan,nan,0,0,0,0,0,0,0,0
-1,5/31/50,13:49,0,0,0,0,0,0,0,0,0,0,nan,nan,nan,0,0,0,0,0,42.484,0,0
-1,5/31/50,13:50,0,0,0,0,0,0,0,0,0,0,nan,nan,nan,0,0,0,0,0,24.004,0,0
-1,5/31/50,13:51,0,0,0,0,0,0,0,0,0,0,nan,nan,nan,0,0,0,0,0,21.506,0,0
-1,5/31/50,13:52,0,0,0,0,0,0,0,0,0,0,nan,nan,nan,0,0,0,0,0,37.127,0,0
-1,5/31/50,13:53,0,0,0,0,0,0,0,0,0,0,nan,nan,nan,0,0,0,0,0,51.936,0,0
-1,5/31/50,13:54,0,0,0,0,0,0,0,0,0,0,nan,nan,nan,0,0,0,0,0,53.864,0,0
-1,5/31/50,13:55,0,0,0,0,0,0,0,0,0,0,nan,nan,nan,0,0,0,0,0,31.727,0,0
-1,5/31/50,13:56,0,0,0,0,0,0,0,0,0,0,nan,nan,nan,0,0,0,0,0,0,0,0
-1,5/31/50,13:57,0,0,0,0,0,0,0,0,0,0,nan,nan,nan,0,0,0,0,0,0,0,0
-1,5/31/50,13:58,0,0,0,0,0,0,0,0,0,0,nan,nan,nan,0,0,0,0,0,0,0,0
-1,5/31/50,13:59,0,0,0,0,0,0,0,0,0,0,0,0,0,0,0,0,0,0,0,0,0
-1,5/31/50,14:00,0,0,0,0,0,0,0,0,0,0,0,0,0,0,0,0,0,0,0,0,54.105
-1,5/31/50,14:01,0,0.384,0,0,0,0,0,0,0,0,0,0,0,0,0,0,0,0,0,0,0
-1,5/31/50,14:02,0,21.942,0,0,0,0,0,0,0,0,0,0,0,0,0,0,0,0,0,0,0
-1,5/31/50,14:03,nan,nan,nan,0,0,0,0,0,0,0,0,0,0,0,0,0,0,0,0,0,0
-1,5/31/50,14:04,nan,nan,nan,0,0,0,0,0,0,0,0,0,0,0,25.641,0,0,0,0,0,0
-1,5/31/50,14:05,nan,nan,nan,0,0,0,0,0,0,0,0,0,0,0,65.392,0,0,0,0,0,0
-1,5/31/50,14:06,nan,nan,nan,0,0,0,0,0,0,0,0,0,0,0,7.465,0,0,0,0,0,0
-1,5/31/50,14:07,nan,nan,nan,0,0,0,0,0,0,0,0,0,0,0,170.423,0,0,0,0,0,0
-1,5/31/50,14:08,nan,nan,nan,42.623,0,0,0,0,0,0,0,0,0,0,70.164,0,0,0,0,0,0
-1,5/31/50,14:09,nan,nan,nan,27.197,0,0,0,0,0,0,0,0,0,0,75.292,0,0,0,0,0,0
-1,5/31/50,14:10,nan,nan,nan,0,0,0,0,0,0,0,0,0,0,0,29.719,0,0,0,0,0,0
-1,5/31/50,14:11,nan,nan,nan,0,0,0,0,0,0,0,0,0,0,0,126.718,0,0,0,0,0,0
-1,5/31/50,14:12,nan,nan,nan,0,0,0,0,0,0,0,0,0,0,0,36.853,0,0,0,0,0,0
-1,5/31/50,14:13,nan,nan,nan,0,0,0,0,0,0,0,0,0,0,0,44.849,0,0,0,0,0,0
-1,5/31/50,14:14,nan,nan,nan,0,0,0,0,0,0,0,0,0,0,0,8.283,0,0,0,0,0,0
-1,5/31/50,14:15,nan,nan,nan,0,0,0,0,0,0,0,0,0,0,0,76.621,0,0,0,0,0,0
-1,5/31/50,14:16,nan,nan,nan,0,0,0,0,0,0,0,0,0,0,0,114.848,0,0,0,0,0,0
-1,5/31/50,14:17,nan,nan,nan,0,0,0,0,0,0,0,0,0,0,0,122.71,0,0,0,0,0,0
-1,5/31/50,14:18,nan,nan,nan,0,0,0,0,0,0,0,0,0,0,0,0,0,0,0,0,0,0
-1,5/31/50,14:19,nan,nan,nan,0,0,0,0,0,0,0,71.423,0,0,0,0,0,0,0,0,0,0
-1,5/31/50,14:20,nan,nan,nan,0,0,0,0,0,0,0,37.468,0,0,0,58.835,0,0,0,0,0,0
-1,5/31/50,14:21,nan,nan,nan,0,0,0,0,0,0,0,153.044,0,0,0,69.471,0,0,0,0,0,0
-1,5/31/50,14:22,nan,nan,nan,0,0,0,0,0,0,0,127.308,0,0,0,0,0,0,0,0,0,0
-1,5/31/50,14:23,nan,nan,nan,0,26.567,0,0,0,0,0,46.737,0,0,0,0,0,0,0,0,0,0
-1,5/31/50,14:24,nan,nan,nan,0,139.927,0,0,0,0,0,44.612,0,0,0,0,0,0,0,0,0,0
-1,5/31/50,14:25,0,0,0,0,127.55,0,0,0,0,0,0,0,0,0,0,0,0,0,0,0,0
-1,5/31/50,14:26,0,0,0,0,106.677,0,0,0,0,0,0,0,0,0,0,0,0,0,0,0,0
-1,5/31/50,14:27,0,0,0,0,44.61,0,0,0,0,0,0,0,0,0,0,0,0,0,0,0,0
-1,5/31/50,14:28,0,0,0,0,70.685,0,0,0,31.585,0,0,0,0,0,0,0,0,0,0,0,0
-1,5/31/50,14:29,0,0,0,0,52.973,0,0,0,49.07,0,0,0,0,0,0,0,0,0,0,0,0
-1,5/31/50,14:30,0,0,0,0,103.811,0,0,0,25.72,0,0,0,0,0,0,0,0,0,0,0,0
-1,5/31/50,14:31,0,0,0,0,137.636,0,0,0,47.626,0,0,0,0,0,0,0,0,0,0,0,0
-1,5/31/50,14:32,0,0,0,0,190.11,0,0,0,19.033,0,0,0,0,0,0,0,0,0,0,0,0
-1,5/31/50,14:33,0,0,0,0,35.649,0,0,0,35.272,0,0,0,0,0,0,0,0,0,0,0,0
-1,5/31/50,14:34,0,0,0,0,99.396,0,0,0,131.992,0,0,26.411,0,0,0,35.949,0,0,0,0,0
-1,5/31/50,14:35,0,0,0,0,167.883,0,0,0,61.025,0,0,53.87,0,0,0,38.496,0,0,0,0,0
-1,5/31/50,14:36,0,0,0,0,86.587,0,0,0,13.994,0,0,48.566,0,0,0,85.239,0,0,0,0,0
-1,5/31/50,14:37,0,0,0,0,0,0,0,0,16.709,0,0,48.788,0,0,0,0,0,0,0,0,0
-1,5/31/50,14:38,0,0,0,0,0,0,0,0,0,0,0,0,0,0,0,0,0,0,0,0,0
-1,5/31/50,14:39,0,0,0,0,0,0,0,0,2.185,53.86,0,0,0,0,0,0,0,0,0,0,0
-1,5/31/50,14:40,0,0,0,0,0,0,0,0,30.396,21.672,0,0,0,0,0,0,0,0,0,0,0
-1,5/31/50,14:41,0,0,0,0,0,0,0,0,61.253,41.645,0,0,0,0,0,0,0,0,0,0,0
-1,5/31/50,14:42,0,0,0,0,0,0,0,0,29.223,62.201,0,0,0,0,0,0,0,0,0,0,0
-1,5/31/50,14:43,0,0,0,0,0,0,0,0,0,21.879,0,0,0,0,0,0,0,0,0,0,0
-1,5/31/50,14:44,0,0,0,0,0,0,0,0,0,32.789,0,91.259,0,0,0,0,0,0,0,0,0
-1,5/31/50,14:45,0,0,0,0,0,0,0,0,0,15.987,0,36.079,0,0,0,0,0,0,0,0,0
-1,5/31/50,14:46,0,0,0,0,0,0,0,0,0,22.572,0,28.921,0,0,0,0,0,0,0,0,0
-1,5/31/50,14:47,0,0,0,0,0,0,0,0,84.937,32.391,0,21.852,0,0,0,0,0,0,0,0,0
-1,5/31/50,14:48,0,0,0,0,0,0,0,0,121.836,30.567,0,50.12,0,0,0,0,0,0,0,0,0
-1,5/31/50,14:49,0,0,0,0,0,0,0,0,50.537,0,0,124.299,0,47.394,0,0,0,0,0,0,0
-1,5/31/50,14:50,0,0,0,0,0,0,0,0,162.618,48.39,0,10.325,0,24.464,0,0,0,0,0,0,0
-1,5/31/50,14:51,0,0,0,0,0,0,0,0,2.303,0.271,0,36.439,0,0,0,0,0,0,0,0,0
-1,5/31/50,14:52,0,0,0,0,0,0,0,0,71.676,0,0,0,0,0,0,0,0,0,0,0,0
-1,5/31/50,14:53,0,0,0,0,0,0,0,0,188.195,121.374,0,0,0,0,0,0,0,0,0,0,0
-1,5/31/50,14:54,0,0,0,0,0,0,0,0,60.139,15.157,0,0,0,0,0,0,0,0,0,0,0
-1,5/31/50,14:55,0,0,0,0,0,0,0,0,57.199,52.468,0,0,0,0,0,0,0,0,0,0,0
-1,5/31/50,14:56,0,0,0,0,0,0,0,0,15.045,45.564,0,0,0,0,0,0,0,0,0,0,0
-1,5/31/50,14:57,0,0,0,0,0,0,0,0,58.774,22.527,0,0,0,0,0,0,0,0,0,0,0
-1,5/31/50,14:58,0,0,0,0,0,0,0,0,79.387,0,0,0,0,0,0,0,0,0,0,0,0
-1,5/31/50,14:59,0,0,0,0,0,0,0,0,0,0,0,0,0,0,0,0,0,0,0,0,0
-1,5/31/50,15:00,0,0,0,0,0,0,0,0,0,0,0,0,0,0,0,0,0,0,0,0,0
-1,5/31/50,15:01,0,0,0,24.287,0,0,0,0,0,0,0,0,0,0,0,0,0,0,0,0,0
-1,5/31/50,15:02,0,0,0,15.617,0,0,0,0,0,0,0,0,0,0,0,0,0,0,0,0,0
-1,5/31/50,15:03,0,0,0,113.137,0,0,0,0,0,0,0,0,0,0,0,0,0,0,0,0,0
-1,5/31/50,15:04,0,0,0,66.292,0,0,0,0,0,0,0,0,0,0,0,0,0,0,0,0,0
-1,5/31/50,15:05,0,0,0,0,0,0,0,0,0,0.904,0,0,0,0,0,0,0,0,0,0,0
-1,5/31/50,15:06,0,0,0,0,0,0,0,0,0,31.895,0,0,0,0,0,0,0,0,0,0,0
-1,5/31/50,15:07,0,0,0,0,0,0,0,0,0,14.38,0,0,0,0,0,0,0,0,0,0,0
-1,5/31/50,15:08,0,0,0,0,0,0,0,0,0,8.566,0,0,0,0,0,0,0,0,0,0,0
-1,5/31/50,15:09,0,0,0,0,0,0,0,0,0,26.097,0,0,0,0,0,0,0,0,0,0,0
-1,5/31/50,15:10,0,0,0,0,0,0,0,0,0,0,0,0,0,0,0,0,0,0,0,0,0
-1,5/31/50,15:11,0,0,0,0,0,0,0,0,0,0,0,0,0,0,0,0,0,0,0,0,0
-1,5/31/50,15:12,0,0,0,0,0,0,0,0,0,0,0,0,0,0,0,0,0,0,0,0,0
-1,5/31/50,15:13,0,0,0,0,0,0,0,0,0,0,0,0,34.29,0,0,0,0,0,0,0,0
-1,5/31/50,15:14,0,0,0,0,0,0,0,0,0,0,0,0,24.396,0,0,0,0,0,0,0,0
-1,5/31/50,15:15,0,0,0,0,0,0,0,0,0,0,0,0,0,0,0,0,0,26.512,0,0,0
-1,5/31/50,15:16,0,0,0,0,0,0,0,0,0,0,0,0,41.913,0,0,0,0,117.06,0,0,0
-1,5/31/50,15:17,0,0,0,0,0,0,0,0,0,0,0,0,71.607,0,0,0,0,75.471,0,0,0
-1,5/31/50,15:18,0,0,0,0,0,0,0,0,0,0,0,0,29.663,0,0,0,0,57.388,0,0,0
-1,5/31/50,15:19,0,0,0,0,0,0,0,0,0,0,0,0,35.087,0,0,0,0,47.746,0,0,0
-1,5/31/50,15:20,0,0,0,0,0,26.967,0,0,0,0,0,0,76.479,0,0,0,0,48.425,0,0,0
-1,5/31/50,15:21,0,0,0,0,0,20.717,0,0,0,0,0,0,51.095,0,0,0,0,32.425,0,0,0
-1,5/31/50,15:22,0,0,0,0,0,11.773,74.349,0,0,0,0,0,129.448,0,0,0,0,63.067,0,0,0
-1,5/31/50,15:23,0,0,0,0,0,38.636,0,0,0,0,0,0,43.151,0,0,0,0,0,0,0,0
-1,5/31/50,15:24,0,0,0,0,0,17.652,0,0,0,0,0,0,38.448,0,0,0,0,0,0,0,0
-1,5/31/50,15:25,0,0,0,0,0,36.005,0,0,0,0,0,0,0,0,0,0,0,0,0,0,0
-1,5/31/50,15:26,0,0,0,0,0,0,0,0,0,0,0,0,0,0,0,0,0,0,0,0,0
-1,5/31/50,15:27,0,0,0,0,0,0,0,0,0,0,0,0,0,0,0,0,0,0,0,0,0
-1,5/31/50,15:28,0,0,0,0,0,0,0,0,0,0,0,0,0,0,0,0,0,0,0,0,0
-1,5/31/50,15:29,0,0,0,0,0,0,0,0,0,0,0,0,0,0,0,0,0,0,0,0,0
-1,5/31/50,15:30,0,0,0,0,0,0,0,0,0,0,0,0,0,0,0,0,0,0,0,0,0
-1,5/31/50,15:31,0,0,0,0,0,0,0,0,0,0,0,0,0,0,0,0,0,0,0,0,0
-1,5/31/50,15:32,0,0,0,0,0,0,0,0,0,0,0,0,0,0,0,0,0,0,0,0,0
-1,5/31/50,15:33,0,0,0,0,0,0,0,0,0,0,0,0,0,0,0,0,0,0,0,0,0
-1,5/31/50,15:34,0,0,0,0,0,0,0,0,0,0,0,0,0,0,0,0,0,0,0,0,0
-1,5/31/50,15:35,0,0,0,0,0,0,0,0,0,0,0,0,0,0,0,0,0,0,0,0,0
-1,5/31/50,15:36,0,0,0,0,0,0,0,0,0,0,0,0,0,0,0,0,0,0,0,0,0
-1,5/31/50,15:37,0,0,0,0,0,0,0,0,0,0,0,0,0,0,0,0,0,0,0,0,0
-1,5/31/50,15:38,0,0,0,0,0,0,0,0,0,0,0,0,0,0,0,0,0,0,0,0,0
-1,5/31/50,15:39,0,0,44.944,0,0,0,0,0,0,0,0,0,0,0,0,55.896,0,0,0,0,12.25
-1,5/31/50,15:40,0,0,61.032,0,0,0,0,0,0,0,0,0,0,0,0,0,0,0,0,0,86.892
-1,5/31/50,15:41,0,0,62.256,0,0,0,0,0,0,0,0,0,0,0,0,0,0,0,0,0,134.191
-1,5/31/50,15:42,0,0,40.444,0,0,0,0,0,0,0,0,0,0,0,0,0,0,0,0,0,38.191
-1,5/31/50,15:43,0,0,0,0,0,0,0,0,0,0,0,0,0,0,0,0,0,0,0,0,120.896
-1,5/31/50,15:44,0,0,0,0,0,0,0,0,0,0,0,0,0,0,0,0,0,0,0,0,97.4
-1,5/31/50,15:45,0,0,0,0,0,0,0,0,0,0,0,0,0,0,0,0,0,0,0,0,97.289
-1,5/31/50,15:46,0,0,0,0,0,0,0,0,0,0,0,0,0,0,0,0,0,0,0,0,0
-1,5/31/50,15:47,0,0,22.264,0,0,0,0,0,0,0,0,0,0,0,0,0,0,0,0,0,17.785
-1,5/31/50,15:48,0,0,159.673,0,0,0,0,0,0,0,0,0,0,0,0,0,0,0,0,0,72.558
-1,5/31/50,15:49,0,0,49.009,0,0,0,0,0,0,0,0,0,0,0,0,0,155.501,0,0,0,53.014
-1,5/31/50,15:50,0,0,26.744,0,0,0,0,0,0,0,0,0,0,0,0,0,8.762,0,0,0,111.951
-1,5/31/50,15:51,0,0,62.581,0,0,0,0,0,0,0,0,0,0,0,0,0,145.918,0,0,0,158.693
-1,5/31/50,15:52,0,0,80.141,0,0,0,0,0,0,0,0,0,0,0,0,0,157.924,0,0,0,0
-1,5/31/50,15:53,0,0,82.698,0,0,0,0,0,0,0,0,0,0,0,0,0,108.744,0,0,0,0
-1,5/31/50,15:54,0,0,137.691,0,0,0,0,23.827,0,0,0,0,0,0,0,0,114.017,0,0,0,0
-1,5/31/50,15:55,0,0,84.798,0,0,0,0,52.948,0,0,0,0,0,0,0,0,10.288,0,0,0,0
-1,5/31/50,15:56,0,0,26.735,0,0,0,0,23.391,0,0,0,0,0,0,0,0,86.29,0,45.634,0,0
-1,5/31/50,15:57,0,0,20.096,0,0,0,0,98.822,0,0,0,0,0,0,0,0,121.925,0,50.799,0,0
-1,5/31/50,15:58,0,0,6.604,0,0,0,0,99.704,0,0,73.618,0,0,0,0,0,62.504,0,59.542,0,0
-1,5/31/50,15:59,0,0,178.725,0,0,0,0,45.868,0,0,115.385,0,0,0,0,0,55.966,0,59.222,0,0
-1,5/31/50,16:00,0,12.274,74.991,0,0,0,0,0,0,0,92.292,0,0,0,0,0,92.757,0,54.808,0,0
-1,5/31/50,16:01,0,138.36,192.716,0,0,0,0,0,0,0,12.744,0,0,0,0,0,59.848,0,46.58,0,0
-1,5/31/50,16:02,0,54.326,197.12,0,0,0,0,0,0,0,100.396,0,0,0,0,0,0,0,50.544,0,0
-1,5/31/50,16:03,0,201.577,142.121,0,0,0,0,0,0,0,57.843,0,0,0,0,0,133.728,0,0,0,0
-1,5/31/50,16:04,0,93.848,0,0,0,0,0,68.042,0,0,0,0,0,0,0,0,118.127,0,0,0,0
-1,5/31/50,16:05,0,84.338,77.14,0,0,0,63.431,23.959,0,0,0,0,0,0,0,0,0,0,0,0,0
-1,5/31/50,16:06,0,99.704,94.722,0,0,0,0,41.855,0,0,0,0,0,0,0,0,0,0,0,0,0
-1,5/31/50,16:07,0,59.969,104.661,0,0,0,0,45.096,0,0,0,0,0,0,0,0,0,0,0,0,0
-1,5/31/50,16:08,0,122.089,148.215,0,0,0,27.474,0,0,0,0,0,0,0,0,0,0,0,0,0,0
-1,5/31/50,16:09,0,197.718,51.01,0,0,0,28.496,0,0,0,0,0,0,0,0,0,0,0,0,0,0
-1,5/31/50,16:10,0,58.913,57.162,0,0,0,53.248,0,0,0,0,0,0,0,0,0,0,0,0,0,0
-1,5/31/50,16:11,0,22.655,43.846,0,0,0,0,36.438,0,0,0,0,0,0,25.599,0,0,0,0,0,0
-1,5/31/50,16:12,0,16.717,35.999,0,0,0,0,127.398,0,0,0,0,0,24.408,84.953,0,0,0,0,0,0
-1,5/31/50,16:13,0,14.194,38.44,0,0,0,0,0,0,0,0,0,0,62.397,0,0,0,0,0,0,0
-1,5/31/50,16:14,0,17.484,123.016,0,0,0,0,0,0,0,0,0,0,0,0,0,0,0,0,0,0
-1,5/31/50,16:15,0,53.726,93.911,0,0,0,0,0,0,0,0,0,0,0,0,0,0,0,0,0,0
-1,5/31/50,16:16,0,0,64.086,0,0,0,0,0,0,0,0,0,0,0,0,0,0,0,0,0,0
-1,5/31/50,16:17,0,0,44.491,0,0,0,0,0,0,0,0,0,0,0,0,0,0,0,0,0,0
-1,5/31/50,16:18,0,0,62.873,0,0,0,0,0,0,0,0,0,0,0,0,0,0,0,0,0,0
-1,5/31/50,16:19,0,0,0,0,0,0,0,0,0,0,0,0,0,0,0,0,0,0,0,0,0
-1,5/31/50,16:20,0,0,0,0,0,0,0,0,0,0,0,0,0,0,0,0,0,0,0,0,0
-1,5/31/50,16:21,0,0,0,0,0,0,0,0,0,0,0,0,0,0,0,0,0,0,0,0,0
-1,5/31/50,16:22,0,0,0,0,0,0,0,0,0,0,0,0,0,0,0,0,0,0,0,0,0
-1,5/31/50,16:23,0,0,0,79.463,0,29.649,0,0,0,0,0,0,0,0,0,0,0,0,0,0,0
-1,5/31/50,16:24,0,0,0,90.228,0,46.25,0,0,0,0,0,0,0,0,0,0,0,0,0,0,0
-1,5/31/50,16:25,0,0,0,56.571,0,102.423,0,0,0,0,0,0,0,0,0,0,0,0,0,0,0
-1,5/31/50,16:26,0,0,0,78.919,0,54.379,0,0,0,0,0,0,0,0,0,0,0,0,0,0,0
-1,5/31/50,16:27,0,0,0,73.139,0,39.223,0,0,0,0,0,0,0,0,0,0,0,0,0,0,0
-1,5/31/50,16:28,0,0,0,143.313,0,76.268,0,0,0,0,0,0,0,0,0,0,0,0,0,0,0
-1,5/31/50,16:29,0,0,0,24.414,39.146,45.247,0,0,0,0,0,0,0,0,0,0,0,0,0,0,0
-1,5/31/50,16:30,0,0,0,28.174,57.612,0,0,0,0,0,0,0,0,0,0,34.329,0,0,0,0,0
-1,5/31/50,16:31,0,0,0,23.628,171.542,0,0,0,0,0,0,0,0,0,0,89.156,0,0,0,0,0
-1,5/31/50,16:32,0,0,0,17.51,119.181,0,0,0,0,0,0,0,0,0,0,0,0,0,0,0,0
-1,5/31/50,16:33,0,0,0,30.227,152.589,0,0,0,78.813,0,0,0,0,0,0,0,0,0,0,0,0
-1,5/31/50,16:34,0,0,0,22.166,80.547,0,0,0,84.791,0,0,0,0,0,0,107.115,0,0,0,0,0
-1,5/31/50,16:35,0,0,0,2.846,101.401,0,0,0,23.948,0,0,0,0,0,0,146.35,0,0,0,0,0
-1,5/31/50,16:36,0,0,0,114.901,17.171,0,0,0,56.175,29.314,0,0,0,0,0,128.872,0,0,0,77.178,0
-1,5/31/50,16:37,0,0,0,13.729,63.958,0,0,0,41.197,9.962,0,0,0,0,0,166.178,0,0,0,55.962,0
-1,5/31/50,16:38,0,0,0,77.742,54.487,0,0,0,49.698,35.315,0,0,0,0,0,0,0,0,0,26.946,0
-1,5/31/50,16:39,0,0,0,27.017,138.526,0,0,0,42.4,0,0,30.739,0,0,0,0,0,0,0,64.753,0
-1,5/31/50,16:40,0,0,0,39.347,0,0,0,0,35.121,0,0,5.252,0,0,0,0,0,0,0,0,0
-1,5/31/50,16:41,0,0,0,26.005,0,0,0,0,35.084,0,0,10.219,0,0,0,0,0,0,0,126.597,0
-1,5/31/50,16:42,0,0,0,0,0,0,0,0,121.592,0,0,19.71,0,0,0,0,0,0,0,63.284,0
-1,5/31/50,16:43,0,0,0,0,0,0,0,0,142.538,0,0,26.445,0,0,0,0,0,0,0,52.836,0
-1,5/31/50,16:44,118.343,0,0,0,0,0,0,0,117.307,0,0,32.148,0,0,0,0,0,0,0,0,0
-1,5/31/50,16:45,137.246,0,0,0,0,0,0,0,24.381,0,0,33.685,0,0,0,0,0,0,0,64.719,0
-1,5/31/50,16:46,54.016,0,0,0,0,0,0,0,89.832,0,0,11.944,0,0,0,0,0,0,0,12.845,0
-1,5/31/50,16:47,133.891,0,0,0,0,0,0,0,60.576,0,0,50.351,0,0,0,0,0,0,0,60.15,0
-1,5/31/50,16:48,14.305,0,0,0,0,0,0,0,39.08,0,0,38.347,0,0,0,0,0,0,0,34.231,0
-1,5/31/50,16:49,66.415,0,0,0,0,0,0,0,5.058,0,0,24.242,0,0,0,0,0,0,0,17.061,0
-1,5/31/50,16:50,74.158,0,0,0,0,0,0,0,45.823,0,0,0,0,0,0,0,0,0,0,32.865,0
-1,5/31/50,16:51,34,0,0,0,0,0,0,0,39.342,0,0,0,0,0,0,0,0,0,0,0,0
-1,5/31/50,16:52,23.357,0,0,0,0,0,0,0,0,0,0,0,51.261,0,0,0,0,0,0,0,0
-1,5/31/50,16:53,115.087,0,0,0,0,0,0,0,0,0,0,0,66.569,0,0,0,0,0,0,0,0
-1,5/31/50,16:54,66.83,0,0,0,0,0,0,0,15.289,0,0,0,114.384,0,0,0,0,0,0,0,0
-1,5/31/50,16:55,179.944,0,0,0,0,0,0,0,98.072,0,0,0,34.144,0,0,0,0,0,0,0,0
-1,5/31/50,16:56,138.813,0,0,0,0,0,0,0,50.223,0,0,0,57.234,0,0,0,0,0,0,0,0
-1,5/31/50,16:57,170.036,0,0,0,0,0,0,0,28.677,0,61.106,0,105.174,0,0,0,0,0,0,0,0
-1,5/31/50,16:58,67.974,0,0,0,0,0,0,0,35.44,0,88.063,0,0,0,0,0,0,0,0,0,0
-1,5/31/50,16:59,172.49,0,0,0,0,0,0,0,54.459,0,63.967,0,0,0,0,0,0,0,0,0,0
-1,5/31/50,17:00,89.925,0,0,0,0,0,0,0,45.102,0,0,0,0,0,0,0,0,0,0,0,0
-1,5/31/50,17:01,91.537,134.343,0,0,0,0,0,0,6.785,0,0,0,0,0,0,0,0,0,0,0,0
-1,5/31/50,17:02,247.225,239.934,0,0,0,0,0,0,0,0,0,0,0,0,0,0,0,0,0,0,0
-1,5/31/50,17:03,37.252,99.869,0,0,0,0,0,0,0,0,0,0,0,0,0,0,110.982,0,0,0,0
-1,5/31/50,17:04,0,71.472,0,0,0,0,0,0,0,0,0,0,0,0,0,0,68.71,0,0,0,0
-1,5/31/50,17:05,0,50.592,0,0,0,0,0,0,0,0,0,0,0,0,0,0,85.82,0,0,0,0
-1,5/31/50,17:06,0,185.645,0,0,0,25.363,0,0,0,0,0,0,0,0,30.505,0,77.3,0,0,0,0
-1,5/31/50,17:07,0,72.251,0,0,0,62.045,0,0,0,0,0,0,0,0,23.933,0,0,0,0,0,0
-1,5/31/50,17:08,0,124.052,0,0,0,41.147,0,0,0,0,0,0,0,0,0,0,0,0,0,0,0
-1,5/31/50,17:09,0,73.754,0,0,0,76.457,0,0,0,0,0,0,0,0,111.114,0,0,0,0,0,0
-1,5/31/50,17:10,0,57.204,0,0,0,12.219,0,0,0,0,0,0,0,0,60.275,0,0,0,0,0,0
-1,5/31/50,17:11,0,147.557,0,0,0,18.439,0,0,0,0,0,0,0,0,111.702,0,0,0,0,0,0
-1,5/31/50,17:12,0,67.362,0,0,0,47.032,0,0,0,0,0,0,0,0,79.136,0,0,0,0,0,0
-1,5/31/50,17:13,0,203.207,0,0,0,27.445,0,0,0,0,0,0,0,0,0,0,0,24.122,0,0,0
-1,5/31/50,17:14,0,64.501,0,0,0,19.708,0,0,0,0,0,0,0,0,0,0,0,100.559,0,0,0
-1,5/31/50,17:15,0,240.457,0,0,0,22.233,0,0,0,0,0,0,0,0,0,0,0,75.613,0,0,0
-1,5/31/50,17:16,0,156.187,0,0,0,31.402,0,0,0,79.057,0,0,0,108.452,0,0,0,76.429,0,0,0
-1,5/31/50,17:17,0,94.984,0,0,0,32.87,0,0,0,106.526,0,0,0,145.563,0,0,0,69.187,0,0,0
-1,5/31/50,17:18,0,60.761,0,0,0,32.212,0,39.642,0,72.935,0,0,0,79.894,0,0,0,95.597,0,0,0
-1,5/31/50,17:19,0,0,0,0,0,26.218,60.148,23.955,0,93.814,0,0,0,0,0,0,0,0,0,0,0
-1,5/31/50,17:20,0,0,0,0,0,31.789,125.289,73.618,0,33.592,0,0,0,0,0,0,0,0,0,39.321,0
-1,5/31/50,17:21,0,0,0,0,0,36.228,43.242,18.811,0,37.973,0,0,0,0,0,0,0,0,0,0,0
-1,5/31/50,17:22,0,0,0,0,0,39.969,49.649,24.114,0,0,0,0,0,0,0,0,0,0,0,0,0
-1,5/31/50,17:23,0,0,0,0,0,65.098,74.499,0,0,0,0,0,0,0,0,0,0,0,0,0,0
-1,5/31/50,17:24,0,0,0,0,0,127.321,103.152,0,0,0,0,0,0,0,0,0,0,0,0,0,0
-1,5/31/50,17:25,0,0,0,0,66.054,79.608,36.608,0,0,0,0,0,0,0,0,0,0,0,0,0,0
-1,5/31/50,17:26,0,0,0,0,124.233,83.15,29.609,0,0,0,0,0,0,0,0,0,0,0,0,0,0
-1,5/31/50,17:27,0,0,0,0,110.189,46.393,40.043,0,0,0,0,0,0,0,0,0,0,0,0,0,0
-1,5/31/50,17:28,0,0,0,0,192.661,64.036,25.326,0,0,0,109.995,0,0,0,0,0,0,0,0,0,58.617
-1,5/31/50,17:29,0,0,0,0,36.446,69.656,29.389,0,0,0,56.511,0,0,0,0,0,0,0,0,0,47.486
-1,5/31/50,17:30,0,0,0,0,146.531,31.3,39.497,0,0,0,40.288,0,0,0,0,0,0,0,0,0,0
-1,5/31/50,17:31,0,0,0,0,105.07,0,28.298,0,0,0,28.543,0,0,0,0,0,0,0,0,0,0
-1,5/31/50,17:32,0,0,0,0,80.103,0,100.892,0,0,0,91.081,0,0,0,0,0,0,0,0,0,0
-1,5/31/50,17:33,0,0,23.564,0,74.004,0,21.632,0,0,0,198.797,0,0,0,0,0,0,0,0,0,0
-1,5/31/50,17:34,0,0,24.27,0,137.529,0,24.416,0,0,0,67.716,0,0,0,0,0,0,0,0,0,0
-1,5/31/50,17:35,0,0,0,0,76.967,0,0,0,0,0,0,0,0,0,0,0,0,0,0,0,0
-1,5/31/50,17:36,0,0,31.865,0,0,0,0,0,0,0,0,0,0,0,0,0,0,0,0,0,0
-1,5/31/50,17:37,0,0,22.961,0,0,0,0,0,0,0,0,0,0,0,0,0,0,0,0,0,0
-1,5/31/50,17:38,0,0,125.365,69.872,0,0,0,0,0,0,0,0,0,0,0,0,0,0,0,0,0
-1,5/31/50,17:39,0,0,0,0,0,0,0,0,0,0,0,0,0,0,0,0,0,0,0,0,0
-1,5/31/50,17:40,0,0,0,0,0,0,0,0,0,0,0,0,0,0,0,27.141,0,0,0,0,0
-1,5/31/50,17:41,0,0,0,0,0,0,0,0,0,0,0,0,0,0,0,64.433,0,0,0,0,0
-1,5/31/50,17:42,0,0,0,0,0,0,0,0,0,0,0,0,0,0,0,24.816,0,0,66.65,0,0
-1,5/31/50,17:43,0,0,0,0,0,0,0,0,0,0,0,0,0,0,0,84.096,0,0,37.273,0,0
-1,5/31/50,17:44,0,0,0,0,0,0,0,0,0,0,0,0,0,0,0,20.185,0,0,61.274,0,0
-1,5/31/50,17:45,0,0,0,0,0,0,0,0,0,0,0,0,0,0,0,169.793,0,0,33.819,0,0
-1,5/31/50,17:46,0,0,0,0,0,0,0,0,0,0,0,0,0,0,0,78.929,0,0,0,0,0
-1,5/31/50,17:47,0,0,0,0,0,0,0,0,0,0,0,0,0,0,0,66.727,0,0,76.094,0,0
-1,5/31/50,17:48,0,0,0,0,0,0,0,0,0,0,0,0,0,0,0,113.867,0,0,0,0,0
-1,5/31/50,17:49,0,0,0,0,0,0,0,0,0,0,0,0,0,0,0,49.242,34.871,0,0,0,0
-1,5/31/50,17:50,0,0,0,0,0,0,0,66.561,0,0,0,0,0,0,0,138.593,67.187,0,0,0,0
-1,5/31/50,17:51,0,0,0,0,0,0,0,124.438,0,0,0,0,33.692,0,0,0,119.542,0,0,0,0
-1,5/31/50,17:52,0,0,0,29.709,0,0,0,114.721,0,0,0,42.241,42.007,0,0,0,141.784,0,0,0,0
-1,5/31/50,17:53,0,0,0,21.03,0,0,0,72.975,0,0,0,34.413,58.056,32.641,0,0,132.678,0,0,0,0
-1,5/31/50,17:54,0,0,0,47.776,0,0,0,106.361,0,99.454,0,59.55,128.145,47.037,0,0,219.92,0,0,0,36.739
-1,5/31/50,17:55,0,41.887,46.982,3.446,0,0,0,86.231,0,70.1,0,89.252,109.634,61.609,0,0,210.812,0,0,0,88.016
-1,5/31/50,17:56,29.763,120.629,13.704,46.884,0,0,0,0,0,144.23,0,3.765,76.063,113.911,0,0,87.582,0,0,0,90.477
-1,5/31/50,17:57,16.207,100.893,6.578,154.546,0,0,0,0,0,35.737,0,203.646,86.438,79.452,0,0,73.803,0,0,0,60.859
-1,5/31/50,17:58,20.773,54.95,110.544,83.335,0,0,0,0,0,0,0,98.519,146.205,110.471,0,0,202.595,40.841,0,0,28.226
-1,5/31/50,17:59,35.534,167.961,25.801,104.22,0,0,0,0,0,0,0,13.017,64.531,88.378,0,0,198.678,41.368,0,0,69.375
-1,5/31/50,18:00,51.666,85.194,31.608,78.241,0,0,0,0,0,0,0,120.626,58.064,0,52.061,0,195.585,24.485,0,0,172.532
-1,5/31/50,18:01,21.101,183.742,11.412,144.07,0,0,0,0,0,0,0,81.982,76.059,0,9.148,0,156.552,34.192,0,23.162,166.504
-1,5/31/50,18:02,43.208,0,46.523,26.46,0,0,0,0,52.596,0,0,0,25.458,0,0,0,185.501,34.805,0,39.971,0
-1,5/31/50,18:03,65.674,0,128.091,37.866,0,0,0,0,21.837,0,0,0,27.059,0,29.182,0,0,0,0,0,59.637
-1,5/31/50,18:04,289.82,115.103,169.302,158.635,49.238,0,0,0,59.161,0,0,0,70.226,0,24.644,0,0,0,0,0,79.037
-1,5/31/50,18:05,283.277,153.549,150.776,49.778,175.383,100.899,0,0,75.045,0,0,0,139.278,0,129.152,0,0,0,0,0,137.703
-1,5/31/50,18:06,209.151,121.415,131.865,0,203.287,122.519,0,0,140.902,54.872,0,0,128.343,84.967,128.684,0,0,0,0,45.742,226.14
-1,5/31/50,18:07,111.823,186.992,124.289,0,140.695,82.588,0,68.359,109.544,56.471,0,0,10.851,189.425,128.26,0,0,0,0,95.587,171.085
-1,5/31/50,18:08,169.66,150.976,128.391,0,190.309,28.03,0,32.244,177.528,152.715,0,0,96.707,169.609,124.625,0,126.726,0,0,56.589,222.749
-1,5/31/50,18:09,112.823,186.016,145.585,0,59.932,21.726,0,89.565,62.576,123.731,60.552,0,97.781,108.167,200.013,0,239.681,0,0,176.078,145.901
-1,5/31/50,18:10,154.485,109.413,95.777,0,0,88.291,0,166.378,69.677,74.609,145.982,0,191.476,174.058,173.927,0,30.27,0,0,118.085,107.769
-1,5/31/50,18:11,193.203,216.376,191.765,0,0,155.233,108.392,119.31,57.603,14.059,215.597,0,83.578,107.484,78.477,0,106.14,0,0,204.339,177.11
-1,5/31/50,18:12,181.282,175.761,176.307,29.532,0,104.345,152.876,39.289,48.866,97.831,124.771,0,143.604,215.526,0,0,105.964,0,0,46.648,165.8
-1,5/31/50,18:13,97.037,139.504,56.812,86.76,0,24.864,106.541,136.19,58.085,116.802,97.661,0,84.514,78.505,48.596,0,187.909,0,0,68.061,147.731
-1,5/31/50,18:14,172.197,205.48,0,36.07,1.3,20.782,126.048,84.662,129.271,52.408,126.341,0,152.443,120.584,0,0,168.034,0,0,122.18,184.306
-1,5/31/50,18:15,92.899,86.417,86.818,0,287.238,77.118,165.323,105.619,32.697,66.467,43.53,0,27.337,128.766,58.692,0,117.932,0,0,141.427,122.711
-1,5/31/50,18:16,113.798,111.184,128.679,0,184.284,71.473,104.858,50.553,35.385,35.902,63.54,0,55.754,80.503,127.422,0,143.055,0,0,195.697,140.05
-1,5/31/50,18:17,199.085,196.555,166.573,0,111.806,112.985,155.901,101.981,43.674,123.731,0,0,97.697,159.47,134.519,0,98.216,0,38.289,176.493,95.922
-1,5/31/50,18:18,57.707,110.911,142.113,0,178.683,108.171,69.695,48.906,52.498,51.75,97.001,0,173.853,0,23.002,0,85.259,0,129.585,44.22,56.167
-1,5/31/50,18:19,43.958,76.777,36.307,0,107.814,96.655,108.803,21.49,21.509,25.177,145.026,0,97.245,0,96.224,110.514,137.353,0,203.445,32.196,0
-1,5/31/50,18:20,58.211,3.671,0,0,142.993,72.299,27.566,14.555,0,114.893,77.415,0,125.13,0,0,206.216,55.19,0,125.794,58.204,0
-1,5/31/50,18:21,163.317,146.637,0,0,189.786,49.384,0,29.104,0,243.394,126.637,40.93,66.81,201.957,0,95.617,0,0,157.459,60.752,15.417
-1,5/31/50,18:22,76.722,188.483,0,0,122.48,98.194,0,48.7,0,63.465,70.24,139.623,13.247,37.608,0,201.76,83.284,136.995,82.703,64.362,137.482
-1,5/31/50,18:23,172.08,388.834,150.718,0,27.395,119.693,0,42.504,0,135.676,49.024,159.359,50.26,53.879,29.34,231.3,43.059,126.044,222.066,110.718,129.794
-1,5/31/50,18:24,75.05,183.195,98.002,0,0,155.73,0,98.596,0,48.763,92.871,83.427,95.697,156.397,17.298,0,189.801,104.572,171.738,100.995,177.354
-1,5/31/50,18:25,38.117,82.335,152.793,0,0,56.978,0,107.202,0,132.604,86.255,203.832,190.887,93.754,97.594,66.221,108.759,146.381,67.25,120.726,48.856
-1,5/31/50,18:26,170.679,219.931,79.151,55.914,0,29.817,65.794,104.175,0,90.919,74.873,19.085,15.406,81.237,80.924,70.144,24.793,96.581,77.881,91.593,0
-1,5/31/50,18:27,90.151,4.145,0,71.421,0,36.457,172.935,94.292,0,0,44.795,200.261,16.398,86.789,43.822,138.618,25.953,219.029,84.919,85.321,0
-1,5/31/50,18:28,180.8,2.481,0,0,139.061,0,98.833,56.184,34.228,0,51.756,156.719,15.508,20.248,148.539,129.073,160.294,99.657,53.397,28.371,0
-1,5/31/50,18:29,156.681,0,52.294,0,68.535,0,127.037,0,72.79,0,6.929,287.586,50.446,36.138,166.778,1.728,97.521,75.263,123.128,38.322,0
-1,5/31/50,18:30,148.14,1.88,73.164,41.557,112.853,0,80.691,0,48.298,0,53.359,146.935,78.896,99.272,168.687,0,195.374,86.008,143.093,58.95,0
-1,5/31/50,18:31,179.584,139.653,96.536,103.906,243.03,0,95.538,0,48.734,0,46.795,161.321,45.896,82.536,114.773,45.916,224.173,85.631,122.843,160.948,0
-1,5/31/50,18:32,122.192,77.994,43.621,93.525,219.972,0,85.172,0,81.841,0,37.937,104.371,24.876,121.629,86.192,193.376,155.972,88.569,156.531,82.078,0
-1,5/31/50,18:33,129.141,51.238,0,118.091,199.579,0,97.943,0,15.977,0,83.522,135.881,19.321,57.397,0,185.32,67.181,0,99.276,74.778,0
-1,5/31/50,18:34,131.53,201.175,88.25,93.834,106.391,0,68.636,0,16.038,0,42.541,97.218,57.55,35.558,0,38.32,0,0,27.105,55.048,0
-1,5/31/50,18:35,80.778,203.207,155.891,72.335,109.51,0,81.331,0,17.366,0,92.18,0,166.292,34.347,0,0,66.804,108.164,15.386,59.48,0
-1,5/31/50,18:36,60.896,264.961,92.271,73.477,111.25,0,118.454,0,42.068,0,0,110.601,53.562,125.461,0,170.362,98.181,43.753,24.069,70.163,0
-1,5/31/50,18:37,133.536,132.693,0,69.778,109.568,0,99.88,0,63.554,78.772,0,76.278,81.532,101.147,0,20.174,52.55,64.607,35.696,51.854,0
-1,5/31/50,18:38,126.551,255.494,0,47.91,58.303,0,126.609,0,34.547,103.041,0,13.183,131.051,93.311,0,16.688,155.118,60.238,29.483,118.725,0
-1,5/31/50,18:39,108.769,119.741,0,89.211,163.499,0,111.915,0,61.985,116.527,0,82.891,59.626,14.371,0,50.967,66.149,41.055,67.925,120.848,0
-1,5/31/50,18:40,185.123,65.683,0,115.37,134.375,0,74.603,73.992,105.859,120.982,0,148.314,33.434,15.491,0,157.76,63.645,176.828,209.217,54.812,0
-1,5/31/50,18:41,97.889,125.565,0,55.889,181.34,0,81.548,156.531,25.96,37.52,0,0,66.275,11.708,0,43.634,211.992,74.553,66.634,90.688,0
-1,5/31/50,18:42,60.794,197.031,0,56.641,26.582,0,50.866,116.952,46.488,78.482,0,0,167.314,10.391,0,91.097,88.919,75.547,52.085,67.244,0
-1,5/31/50,18:43,63.139,150.915,41.488,101.629,103.187,0,53.544,129.541,22.958,41.845,0,0,142.058,9.383,0,116.02,134.124,144.922,16.222,29.492,0
-1,5/31/50,18:44,123.708,137.696,67.531,30.186,207.782,0,55.479,113.015,67.207,0.434,0,0,29.203,13.999,0,24.009,79.23,146.726,13.037,14.806,0
-1,5/31/50,18:45,148.156,123.291,137.54,99.824,113.559,0,116.384,58.105,40.023,50.839,0,0,91.73,23.499,0,12.865,47.229,69.557,133.721,31.472,0
-1,5/31/50,18:46,59.746,154.467,115.663,26.318,31.927,0,62.435,4.95,49.801,71.326,0,0,68.327,58.152,0,12.902,68.893,15.253,84.752,67.858,0
-1,5/31/50,18:47,42.431,101.04,195.884,83.604,133.129,0,61.02,32.823,145.96,154.622,0,0,125.908,34.155,0,54.791,114.349,68.726,74.232,100.214,0
-1,5/31/50,18:48,38.663,262.776,59.842,15.949,109.27,0,64.025,182.362,62.486,105.165,0,0,91.956,28.692,0,18.562,126.655,0,157.228,112.028,0
-1,5/31/50,18:49,70.476,225.288,134.207,50.887,104.986,0,161.98,148.613,1.603,36.33,0,0,144.13,38.434,0,136.191,224.414,0,1.306,41.713,0
-1,5/31/50,18:50,139.142,145.573,121.313,62.882,109.833,0,80.885,53.687,0,33.704,0,0,73.141,79.081,0,2.376,202.892,0,114.831,91.382,0
-1,5/31/50,18:51,52.939,0,161.703,82.528,132.598,0,106.037,20.957,28.308,0,0,0,189.366,82.595,0,0,74.708,0,80.558,100.147,0
-1,5/31/50,18:52,72.943,107.501,71.868,75.218,73.381,47.881,41.578,125.106,12.939,0,0,0,130.035,187.568,0,182.273,133.479,0,0,111.118,0
-1,5/31/50,18:53,177.696,123.678,122.062,0,71.744,31.209,37.486,141.642,35.323,0,0,0,183.908,70.666,10.517,168.944,77.065,0,33.651,43.948,0
-1,5/31/50,18:54,85.406,158.118,114.815,0,81.548,56.181,102.692,57.734,79.212,0,0,0,185.783,71.389,35.746,9.118,85.874,0,51.965,55.244,0
-1,5/31/50,18:55,100.352,190.73,90.236,0,153.931,64.209,122.096,167.127,0,0,0,92.095,51.704,0,161.226,57.947,202.043,0,122.235,19.817,0
-1,5/31/50,18:56,174.724,129.402,132.609,0,99.317,48.167,78.762,121.776,0,0,0,21.245,52.356,12.971,145.649,105.231,237.94,0,20.322,28.34,0
-1,5/31/50,18:57,72.666,123.112,153.424,0,108.517,31.486,80.849,78.642,0,0,119.371,115.38,96.287,105.293,95.459,39.833,134.118,0,49.457,46.715,0
-1,5/31/50,18:58,118.722,0.606,89.537,32.706,168.415,37.801,0,60.555,0,0,142.153,56.372,120.662,175.118,0,110.09,108.366,0,71.458,81.277,0
-1,5/31/50,18:59,72.157,63.049,176.519,81.108,171.031,26.038,87.611,70.486,0,0,102.515,0,0,111.9,27.483,202.886,51.572,0,40.605,88.37,0
-1,5/31/50,19:00,162.758,128.038,141.281,59.65,72.086,75.305,89.803,218.808,0,0,0,0,0,78.424,122.74,117.065,57.899,0,141.37,31.633,0
-1,5/31/50,19:01,96.581,173.5,84.204,106.061,124.706,129.864,22.261,101.695,0,0,0,0,33.182,256.416,106.7,24.826,138.826,0,179.211,83.709,0
-1,5/31/50,19:02,106.317,121.975,123.871,51.703,56.471,0,112.355,57.981,0,0,0,51.447,105.21,89.128,84.807,142.995,0,0,0,7.016,51.836
-1,5/31/50,19:03,91.396,131.39,109.959,91.01,133.706,0,39.228,151.706,0,0,0,152.626,109.779,41.906,116.295,196.089,0,0,48.764,38.195,181.884
-1,5/31/50,19:04,103.086,162.137,19.132,79.988,34.12,0,31.042,0,0,0,89.264,23.497,27.081,23.913,32.879,27.071,0,0,57.116,45.617,235.182
-1,5/31/50,19:05,120.675,133.719,78.156,86.442,152.02,0.259,87.824,9.997,0,0,69.198,21.839,35.296,114.362,138.025,65.582,0,0,18.204,155.326,122.681
-1,5/31/50,19:06,47.311,249.105,110.21,56.534,53.439,102.888,101.408,60.681,0,0,28.259,0,72.596,125.939,118.544,0,0,0,74.707,118.834,172.59
-1,5/31/50,19:07,126.875,119.681,129.233,140.95,0,31.527,141.32,0,0,78.499,85.413,0,125.788,0,89.199,22.86,0,0,38.792,102.824,105.433
-1,5/31/50,19:08,105.718,88.862,23.517,107.038,0,30.08,114.886,0,0,67.085,79.612,0,62.354,66.992,61.175,84.417,124.88,0,31.043,30.933,164.011
-1,5/31/50,19:09,154.874,153.745,0,98.645,0,0,81.771,0,0,0,170.348,0,109.25,103.573,115.884,0.609,181.638,0,37.194,57.105,138.706
-1,5/31/50,19:10,42.437,129.845,0,111.48,0,0,67.781,0,0,0,100.984,0,92.03,63.811,16.424,44.86,93.605,29.101,31.27,15.212,110.654
-1,5/31/50,19:11,31.505,131.975,0,76.171,0,0,0,0,0,34.374,100.897,0,53.218,32.703,99.516,131.368,176.304,67.053,55.876,44.307,9.889
-1,5/31/50,19:12,35.528,252.846,0,27.849,0,0,0,0,0,14.267,0,0,131.694,81.187,188.257,114.776,130.388,40.088,106.828,42.469,159.77
-1,5/31/50,19:13,36.626,167.05,0,121.221,0,0,0,0,0,11.812,0,0,141.085,47.351,104.161,29.286,76.032,114.554,0,37.643,156.132
-1,5/31/50,19:14,42.167,177.97,0,104.319,0,0,0,0,0,8.059,80.982,0,82.823,129.733,131.438,17.482,175.548,54.748,0,78.659,196.96
-1,5/31/50,19:15,72.619,203.242,0,143.755,0,0,0,0,0,11.404,65.601,0,52.507,83.331,27.359,41.878,116.697,73.362,0,60.031,171.08
-1,5/31/50,19:16,141.4,50.79,0,80.274,0,0,0,0,0,150.133,100.673,42.146,46.775,177.901,58.364,87.445,111.321,57.18,0,32.708,189.937
-1,5/31/50,19:17,137.518,0,0,131.206,0,0,0,39.069,0,153.3,85.692,52.45,39.386,76.66,51.445,18.991,104.213,93.307,0,56.943,132.539
-1,5/31/50,19:18,70.48,75.687,0,127.303,0,0,0,135.886,0,129.119,41.465,36.6,25.901,13.983,23.307,15.02,0,91.27,0,47.116,181.661
-1,5/31/50,19:19,148.325,144.514,51.846,27.596,0,0,0,95.399,0,77.992,136.798,31.271,69.112,11.911,42.987,14.026,25.747,0,0,11.648,39.612
-1,5/31/50,19:20,155.195,104.323,160.947,187.562,0,0,0,68.968,0,62.382,27.275,0,100.222,6.801,185.456,70.15,96.18,0,0,27.913,104.027
-1,5/31/50,19:21,57.401,141.351,77.639,96.665,0,0,0,90.31,0,0,0,0,82.462,17.972,99.591,0,76.478,0,0,0,163.52
-1,5/31/50,19:22,149.523,223.086,170.348,89.631,0,0,0,119.749,0,0,0,0,108.428,47.248,166.997,91.807,141.439,0,0,106.302,143.243
-1,5/31/50,19:23,79.05,163.418,88.882,0,0,0,0,116.568,0,63.827,0,0,96.999,38.242,84.137,31.209,106.299,76.746,0,29.673,87.841
-1,5/31/50,19:24,78.13,131.481,53.352,0,0,0,0,0,0,18.149,0,73.743,117.296,100.235,101.138,81.126,25.593,102.6,0,60.339,232.457
-1,5/31/50,19:25,123.593,149.264,58.456,0,0,0,0,0,0,49.968,0,71.041,24.027,107.411,41.365,66.16,0,47.524,0,75.281,112.436
-1,5/31/50,19:26,158.494,158.105,81.241,0,0,0,0,24.83,0,10.899,0,132.163,10.487,112.776,139.727,16.139,0,27.6,0,17.372,39.355
-1,5/31/50,19:27,65.836,138.99,128.306,0,0,0,0,90.325,0,95.186,0,16.647,8.183,8.879,83.515,205.627,0,65.449,0,66.801,111.742
-1,5/31/50,19:28,60.772,183.762,70.601,0,0,0,0,26.887,0,75.739,0,40.635,98.769,33.485,138.384,204.151,0,29.09,0,74.966,0
-1,5/31/50,19:29,100.932,113.006,0,0,0,0,0,63.913,0,29.91,0,25.339,16.839,185.105,32.255,156.34,0,115.344,0,173.561,0
-1,5/31/50,19:30,146.399,339.06,0,0,0,0,0,68.362,0,53.299,0,43.605,31.865,61.83,0,123.757,60.471,49.429,0,42.783,0
-1,5/31/50,19:31,53.655,272.574,0,0,0,0,0,50.578,0,50.463,0,0,128.921,12.649,0,121.832,141.321,33.107,0,50.444,0
-1,5/31/50,19:32,120.655,122.328,49.53,0,0,0,0,78.918,0,72.618,0,54.476,137.975,12.507,15.635,221.975,115.988,64.204,0,0,0
-1,5/31/50,19:33,74.325,186.62,115.164,0,74.047,33.997,0,90.635,0,151.412,0,20.249,2.817,22.899,11.375,149.488,68.717,47.8,0,0,0
-1,5/31/50,19:34,77.741,79.838,29.125,0,179.565,67.503,0,125.693,0,134.202,0,152.19,25.012,85.16,58.742,18.674,114.266,25.788,0,0,0
-1,5/31/50,19:35,48.905,143.392,45.956,0,230.104,39.657,0,179.825,52.69,108.479,0,0,135.517,18.722,0,66.086,59.961,84.666,0,0,0
-1,5/31/50,19:36,0,119.101,149.125,0,144.966,102.239,0,100.032,68.276,32.204,0,0,74.944,0,55.158,121.937,94.665,89.61,0,0,0
-1,5/31/50,19:37,0,183.766,78.503,0,155.266,106.294,0,145.6,44.161,77.885,0,0,67.758,37.826,54.149,2.661,57.573,45.024,0,0,0
-1,5/31/50,19:38,0,145.856,109.826,0,74.37,52.548,0,134.366,48.367,71.038,0,52.492,0,132.454,0,0,59.065,28.543,0,0,0
-1,5/31/50,19:39,0,306.743,101.611,0,39.368,128.049,0,21.454,63.26,142.62,0,41.025,0,90.678,0,34.814,132.022,75.498,0,0,0
-1,5/31/50,19:40,0,173.598,71.961,0,157.965,44.574,0,0,62.967,61.076,0,26.192,0,60.074,0,151.322,0,38.566,0,0,0
-1,5/31/50,19:41,0,100.125,0,0,190.884,92.717,0,0,40.696,122.739,0,27.86,0,144.319,0,130.726,0,34.715,0,0,0
-1,5/31/50,19:42,0,119.858,82.219,0,133.975,99.402,0,0,47.331,12.974,0,0,0,74.737,0,26.843,0,19.61,0,0,0
-1,5/31/50,19:43,0,19.94,115.627,0,66.999,31.376,0,0,89.914,14.18,0,0,0,13.658,0,69.989,0,46.91,0,0,0
-1,5/31/50,19:44,58.73,64.919,135.968,0,157.651,0,0,0,0,76.569,25.865,0,0,15.733,0,118.302,0,39.606,0,0,0
-1,5/31/50,19:45,43.568,271.833,128.126,0,116.488,39.966,0,0,27.415,123.556,113.785,0,0,9.177,0,137.453,0,43.489,0,0,0
-1,5/31/50,19:46,52.567,114.816,78.647,0,124.097,46.541,0,0,0,61.393,154.894,0,0,12.795,0,34.683,0,0,0,0,0
-1,5/31/50,19:47,118.374,196.389,138.006,0,147.57,13.93,0,0,28.636,98.129,109.882,0,0,11.826,0,57.399,0,0,0,0,0
-1,5/31/50,19:48,0,145.238,69.355,0,124.192,16.813,0,0,27.193,93.77,106.306,0,0,53.736,0,58.426,0,11.901,0,0,0
-1,5/31/50,19:49,0,180.874,67.463,0,108.721,13.155,0,0,0,21.543,50.493,0,0,71.055,0,0,0,57.711,0,0,0
-1,5/31/50,19:50,0,101.473,159.937,0,103.89,18.167,0,0,46.16,12.098,0,0,0,87.969,0,17.281,0,54.139,0,0,0
-1,5/31/50,19:51,0,106.496,39.886,0,135.359,67.906,0,0,45.611,9.213,0,0,0,73.11,0,77.05,0,55.365,0,0,0
-1,5/31/50,19:52,16.057,164.888,66.15,0,192.301,39.018,0,0,47.096,7.715,0,0,0,96.288,0,0,0,0,0,0,0
-1,5/31/50,19:53,36.531,145.453,71.857,0,140.164,40.726,0,0,29.647,85.956,0,0,0,39.526,0,0,0,104.634,21.231,0,0
-1,5/31/50,19:54,65.266,106.444,74.874,0,100.815,0,0,0,37.92,87.834,0,0,0,45.211,0,59.045,0,51.553,23.529,0,0
-1,5/31/50,19:55,28.167,140.8,128.415,28.33,117.624,0,0,0,80.291,26.194,0,0,0,42.404,0,102.537,0,28.785,160.58,0,0
-1,5/31/50,19:56,32.565,77.463,180.509,101.039,113.511,0,0,0,45.665,32.007,36.336,0,0,137.779,0,91.869,0,57.453,48.906,0,0
-1,5/31/50,19:57,0,168.439,117.899,98.434,144.579,0,0,29.586,36.362,0,96.675,0,0,76.352,0,18.891,0,38.642,114.476,0,0
-1,5/31/50,19:58,0,211.077,91.181,89.842,108.456,0,22.191,33.16,9.6,39.891,86.666,0,0,0,0,13.593,0,32.611,74.591,0,0
-1,5/31/50,19:59,0,134.752,22.832,106.849,111.611,0,80.068,4.207,16.801,61.159,93.369,0,0,0,0,3.748,0,0,81.602,0,0
-1,5/31/50,20:00,0,112.11,92.856,42.018,185.969,0,101.074,141.613,80.478,40.608,54.086,0,0,131.05,0,0,0,0,21.678,0,0
-1,5/31/50,20:01,0,7.102,183.137,119.209,54.457,0,169.77,0,36.175,0,170.337,0,0,52.362,0,60.076,0,0,95.233,0,0
-1,5/31/50,20:02,0,249.476,146.826,55.875,201.181,0,104.371,48.677,0,0,36.948,0,0,59.673,0,0,0,0,72.237,0,0
-1,5/31/50,20:03,0,154.817,88.913,42.977,169.063,0,83.982,0,0,0,39.738,0,0,116.32,0,73.438,0,0,168.351,0,0
-1,5/31/50,20:04,0,178.421,146.464,104.171,87.492,0,99.098,0,0,0,89.1,0,0,33.916,0,134.213,0,0,59.416,0,0
-1,5/31/50,20:05,0,143.363,177.022,35.252,58.109,0,94.446,0,14.399,0,142.486,0,0,10.918,0,151.663,0,0,109.752,0,0
-1,5/31/50,20:06,0,93.946,179.015,95.953,105.8,0,94.62,0,6.88,0,53.18,0,0,17.988,0,78.022,0,0,40.495,0,0
-1,5/31/50,20:07,0,159.558,177.958,102.518,100.173,0,36.478,46.619,39.2,0,0,0,0,9.454,0,20.395,0,0,39.724,0,0
-1,5/31/50,20:08,0,223.745,176.549,8.051,228.06,0,115.888,53.979,22.103,0,0,0,0,9.987,48.802,132.047,0,0,47.842,0,0
-1,5/31/50,20:09,0,107.409,114.59,78.514,177.817,0,104.189,10.662,3.758,0,0,0,0,6.214,37.763,91.081,0,0,74.555,0,0
-1,5/31/50,20:10,0,115.562,166.995,74.794,166.199,0,137.085,0,3.926,0,0,0,0,53.232,0,178.133,0,0,64.936,0,0
-1,5/31/50,20:11,0,124.297,93.317,149.48,110.79,0,74.355,18.786,33.43,0,0,0,0,24.541,0,87.76,0,0,55.39,0,63.176
-1,5/31/50,20:12,0,94.936,0,79.312,59.321,0,27.253,80.865,39.393,0,0,0,0,0,0,108.319,0,0,148.451,0,117.886
-1,5/31/50,20:13,0,12.826,0,168.75,16.248,37.226,167.291,80.336,31.408,0,0,0,0,0,0,46.616,0,0,110,0,203.118
-1,5/31/50,20:14,0,81.936,14.853,60.521,27.828,106.998,150.64,86.032,24.675,0,0,0,0,0,0,80.529,0,0,67.174,0,133.814
-1,5/31/50,20:15,0,167.282,53.447,17.862,42.66,31.98,70.135,83.993,49.485,0,0,0,0,19.558,0,8.295,0,0,99.643,0,165.246
-1,5/31/50,20:16,0,149.785,102.79,0,142.078,0,38.461,48.947,29.226,39.896,0,0,0,50.923,0,55.159,0,0,61.264,0,190.23
-1,5/31/50,20:17,0,80.51,0,0,86.716,0,107.698,7.981,31.41,0,0,0,33.286,139.724,0,18.873,0,0,95.824,0,157.488
-1,5/31/50,20:18,0,102.14,0,0,161.481,0,120.099,78.869,0,0,0,0,177.157,121.978,0,0,0,0,80.688,0,184.318
-1,5/31/50,20:19,0,58.026,0,0,106.722,0,161.295,90.623,0,0,0,0,148.466,50.775,0,0,0,0,179.099,0,156.826
-1,5/31/50,20:20,0,118.461,0,0,128.242,0,130.654,36.286,0,0,0,41.006,176.097,129.538,0,0,0,0,83.602,21.811,121.19
-1,5/31/50,20:21,0,200.231,24.501,0,56.057,0,111.197,64.423,0,0,0,38.237,130.414,63.419,0,0,0,0,82.799,89.99,113.7
-1,5/31/50,20:22,0,194.308,123.85,0,187.152,0,127.501,76.942,0,0,0,12.049,163.839,120.613,0,0,0,0,37.434,106.805,197.855
-1,5/31/50,20:23,0,181.592,30.592,0,110.667,33.875,139.467,53.16,0,0,0,185.748,41.046,83.13,0,0,0,0,23.22,178.346,78.823
-1,5/31/50,20:24,0,123.292,16.135,0,69.069,125.731,93.31,36.077,0,0,0,16.497,140.449,19.292,0,0,0,0,21.221,132.024,169.74
-1,5/31/50,20:25,0,113.764,155.474,62.653,91.832,66.704,111.843,55.53,0,0,0,58.185,118.72,39.278,0,0,0,0,15.912,201.755,103.893
-1,5/31/50,20:26,0,109.699,53.864,70.804,41.389,58.234,122.331,0,0,0,0,78.767,156.226,11.562,0,0,0,0,22.996,104.939,134.822
-1,5/31/50,20:27,0,161.292,0,125.457,133.892,50.394,123.427,60.319,0,0,0,61.276,158.795,0,0,0,0,0,22.44,63.973,221.43
-1,5/31/50,20:28,0,77.245,0,74.837,87.448,56.102,161.673,0,0,0,0,97.958,111.767,0,0,0,0,0,40.991,62.847,105.267
-1,5/31/50,20:29,0,63.346,0,93.049,154.147,44.672,129.674,0,0,0,0,111.713,92.852,72.246,0,0,0,0,33.108,98.185,144.958
-1,5/31/50,20:30,0,190.512,0,45.472,60.291,41.458,114.254,36.077,0,0,0,90.099,69.641,17.438,0,0,0,0,55.141,18.842,106.169
-1,5/31/50,20:31,0,167.048,0,104.555,49.089,26.154,55.101,101.38,0,0,0,94.802,20.454,0,0,0,0,0,57.407,93.314,92.518
-1,5/31/50,20:32,0,121.6,109.932,68.932,102,30.713,86.806,127.959,0,0,0,55.014,15.709,0,0,0,0,0,76.416,0,157.807
-1,5/31/50,20:33,0,157.664,24.259,150.874,184.093,96.671,174.639,85.614,0,0,0,54.468,155.403,0,0,0,0,0,0,0,142.574
-1,5/31/50,20:34,0,125.578,32.328,96.001,61.03,68.666,45.423,35.031,0,0,26.135,169.89,78.702,0,0,0,0,0,39.045,129.187,111.677
-1,5/31/50,20:35,104.813,55.16,163.81,28.437,80.145,81.516,125.405,43.393,0,0,137.855,16,129.029,0,0,0,0,0,62.869,63.753,78.629
-1,5/31/50,20:36,217.377,108.188,133.733,125.645,151.444,0,27.226,59.518,0,0,104.837,0,146.316,0,0,0,0,0,88.577,156.205,220.682
-1,5/31/50,20:37,188.912,101.314,0,0,139.322,0,48.141,0,0,0,103.246,31.163,118.757,0,0,0,0,0,31.973,104.718,163.242
-1,5/31/50,20:38,160.337,120.113,37.172,0,159.042,0,89.433,97.97,0,0,24.388,0,60.738,0,0,0,0,0,38.328,117.476,167.812
-1,5/31/50,20:39,63.879,108.379,0,0,131.033,42.157,90.319,143.537,0,81.075,9.272,9.049,177.641,0,0,0,0,0,0,46,153.138
-1,5/31/50,20:40,180.745,0,0,0,137.657,31.454,103.443,86.025,0,78.523,11.417,83.372,63.254,0,0,0,0,0,0,10.458,184.96
-1,5/31/50,20:41,54.227,162.416,0,0,99.644,44.181,54.698,56.984,0,90.18,11.33,95.87,0,0,0,0,50.294,0,0,83.932,208.478
-1,5/31/50,20:42,101.496,203.034,0,0,197.248,108.014,39.708,90.846,0,80.592,110.954,113.649,135.274,0,0,0,172.35,75.714,0,117.578,85.062
-1,5/31/50,20:43,71.987,32.909,0,0,137.133,19.063,58.409,81.304,0,45.871,80.414,84.212,107.896,0,0,0,43.364,109.487,0,95.956,156.247
-1,5/31/50,20:44,177.894,196.257,0,0,144.232,111.437,119.783,102.468,0,68.246,106.214,56.254,100.478,0,0,0,91.462,126.725,0,175.007,164.105
-1,5/31/50,20:45,73.143,75.862,0,0,26.608,21.365,123.933,62.129,0,45.59,37.537,27.034,60.259,0,0,0,93.659,0,0,107.327,61.482
-1,5/31/50,20:46,50.945,151.954,0,0,37.746,50.293,82.433,37.741,0,16.72,55.564,121.068,128.217,0,0,0,142.979,0,0,44.427,212.614
-1,5/31/50,20:47,143.955,131.521,0,0,31.588,101.839,133.332,89.213,0,60.083,114.786,88.928,113.627,0,0,0,164.197,0,0,0,46.314
-1,5/31/50,20:48,67.115,113.539,0,0,48.741,90.308,151.096,79.037,0,35.698,138.933,70.05,86.137,0,26.391,0,309.594,0,0,20.365,80.093
-1,5/31/50,20:49,99.068,66.361,0,0,24.389,67.48,100.81,80.384,0,69.243,20.77,126.107,42.789,0,141.916,0,226.169,0,0,170.755,160.584
-1,5/31/50,20:50,165.241,0,0,0,122.407,69.464,92.882,72.593,0,66.298,98.049,147.156,81.876,24.035,45.376,0,316.475,0,0,139.338,81.453
-1,5/31/50,20:51,72.67,0,0,0,171.419,45.563,58.499,89.498,0,124.412,100.838,123.808,28.691,93.148,209.553,0,139.673,0,0,18.967,21.981
-1,5/31/50,20:52,87.361,0,0,0,51.64,45.138,40.21,168.256,0,0,73.416,114.738,27.126,140.024,131.264,0,180.346,0,0,142.511,131.821
-1,5/31/50,20:53,219.11,0,0,0,117.292,74.597,57.915,45.847,0,0,146.749,90.604,140.593,72.326,129.128,117.718,236.443,0,0,136.688,0
-1,5/31/50,20:54,88.675,0,0,0,97.694,0,64.975,39.376,0,0,73.786,58.439,135.401,0,183.807,112.24,103.445,0,0,110.549,0
-1,5/31/50,20:55,103.592,0,0,0,170.665,0,79.868,100.021,0,0,44.087,59.695,161.458,0,136.215,0,144.628,0,0,191.079,0
-1,5/31/50,20:56,13.797,0,0,0,184.995,0,21.911,145.179,0,46.851,142.284,11.607,51.384,0,95.846,20.809,67.974,0,0,123.186,0
-1,5/31/50,20:57,144.889,173.513,0,0,219.948,0,25.069,40.462,0,63.497,27.312,136.893,109.905,0,118.591,161.977,170.998,0,0,141.535,0
-1,5/31/50,20:58,97.721,265.688,0,0,106.786,0,94.196,29.894,0,112.859,0,69.715,51.535,39.473,165.201,196.785,175.406,0,0,131.373,0
-1,5/31/50,20:59,112.941,141.525,0,0,53.525,0,97.715,26.282,0,1.364,0,46.746,144.447,33.959,132.806,113.505,216.874,3.08,0,12.276,0
-1,5/31/50,21:00,77.867,44.013,0,0,72.331,0,90.008,14.024,0,26.129,0,98.064,34.399,106.767,94.827,38.887,267.312,56.575,0,9.847,70.795
-1,5/31/50,21:01,59.91,148.702,0,0,143.749,0,44.06,0,0,98.686,0,117.557,111.599,122.113,16.703,82.44,170.947,109.48,0,0,167.037
-1,5/31/50,21:02,0,65.54,0,58.994,73.32,0,34.365,0,0,47.152,0,52.087,71.987,28.281,48.863,295.084,176.238,77.72,0,0,108.983
-1,5/31/50,21:03,41.52,53.759,0,127.805,44.443,0,74.997,0,0,12.976,80.827,92.241,107.884,138.533,108.296,134.556,133.927,43.323,0,24.662,86.439
-1,5/31/50,21:04,39.283,111.616,0,63.515,81.706,0,0,0,0,93.918,75.679,21.174,0,125.326,107.944,128.067,197.35,53.713,0,166.918,0
-1,5/31/50,21:05,127.432,196.349,0,65.298,146.866,0,44.745,3.514,0,16.817,51.536,51.238,0,61.339,105.591,66.656,274.613,21.878,0,165.48,0
-1,5/31/50,21:06,149.008,148.735,0,92.794,197.202,0,72.189,145.028,0,63.544,109.568,58.308,0,42.65,90.817,143.039,171.543,31.636,0,44.048,0
-1,5/31/50,21:07,161.899,119.345,0,77.723,129.711,0,94.044,162.143,0,138.747,119.114,30.298,0,48.708,97.58,17.789,318.627,24.184,0,63.829,0
-1,5/31/50,21:08,212.771,96.236,0,100.16,86.519,0,0,51.347,0,45.739,132.772,51.693,0,204.349,109.264,99.003,113.215,53.894,0,68.835,0
-1,5/31/50,21:09,114.031,106.248,0,137.819,107.776,0,0,160.033,0,41.139,68.826,81.778,0,86.727,91.632,7.874,67.969,28.86,0,77.219,0
-1,5/31/50,21:10,221.814,108.084,0,38.826,155.657,0,0,0,0,0,116.329,11.021,0,5.288,113.493,10.394,172.227,25.047,0,100.249,0
-1,5/31/50,21:11,122.34,116.408,0,80.15,106.355,0,0,31.262,0,95.741,35.195,90.895,0,127.446,145.085,128.042,17.551,95.628,0,8.061,0
-1,5/31/50,21:12,43.14,72.02,0,83.214,134.79,0,0,34.208,0,71.518,0,96.401,0,154.706,125.362,188.452,172.604,48.494,0,63.532,0
-1,5/31/50,21:13,58.046,45.096,0,76.423,154.458,0,0,178.794,0,45.653,0,51.345,0,22.836,130.691,256.09,161.751,33.457,0,121.345,0
-1,5/31/50,21:14,135.726,50.417,0,94.41,89.675,0,0,12.067,0,0,0,87.192,0,14.27,127.344,155.588,189.422,39.702,0,62.485,0
-1,5/31/50,21:15,107.377,152.824,0,145.36,99.161,0,0,115.683,0,62.199,0,130.34,0,9.286,77.993,61.607,163.626,103.719,0,73.104,0
-1,5/31/50,21:16,191.241,201.743,0,47.614,64.241,0,0,0.094,0,44.921,0,62.642,0,8.73,65.888,132.893,135.392,81.989,0,0,0
-1,5/31/50,21:17,104.057,186.113,0,19.407,63.467,0,0,0,0,65.922,0,74.672,0,7.875,0,144.978,134.136,78.352,0,69.257,0
-1,5/31/50,21:18,17.423,38.042,0,0,92.63,0,0,49.942,0,72.344,0,150.96,0,7.512,54.76,6.687,111.696,159.67,0,137.752,0
-1,5/31/50,21:19,20.832,188.908,0,0,66.417,0,0,62.157,0,159.811,0,43.861,0,6.778,80.902,46.069,232.973,111.667,0,91.91,0
-1,5/31/50,21:20,103.823,61.995,0,0,26.506,0,0,127.348,0,57.295,0,0,0,71.148,81.73,77.293,84.6,52.462,0,125.39,0
-1,5/31/50,21:21,102.986,180.618,0,91.642,165.44,0.869,0,43.001,0,54.836,0,0,0,36.747,0.854,102.817,179.853,43.231,0,80.745,0
-1,5/31/50,21:22,230.878,92.057,0,96.915,67.661,45.249,0,53.127,0,142.426,0,0,0,44.929,14.563,193.495,169.658,21.431,0,88.982,0
-1,5/31/50,21:23,25.059,51.421,0,149.569,128.431,59.248,0,82.986,0,2.036,0,0,0,74.106,67.511,68.138,102.935,21.739,0,36.793,0
-1,5/31/50,21:24,73.659,128.036,0,97.848,142.943,27.313,0,81.714,0,42.757,0,0,0,144.159,62.772,31.726,182.505,100.378,0,125.171,0
-1,5/31/50,21:25,258.336,127.257,0,108.32,99.215,0,0,26.321,0,106.879,0,0,0,43.133,74.42,155.759,115.902,42.452,0,62.91,0
-1,5/31/50,21:26,119.199,209.78,0,147.564,30.819,0,0,108.506,0,27.794,0,0,0,107.036,107.131,41.394,228.034,68.53,0,157.245,0
-1,5/31/50,21:27,110.233,189.277,0,152.186,17.846,0,0,49.45,0,66.339,0,38.31,0,94.104,73.093,101.893,151.492,79.914,176.556,68.106,0
-1,5/31/50,21:28,131.334,155.909,0,94.859,26.689,0,0,45.722,0,28.968,0,29.813,0,118.687,20.906,191.955,145.794,104.417,0,34.11,0
-1,5/31/50,21:29,55.539,118.385,0,60.157,109.465,0,0,18.134,0,51.943,0,56.486,0,127.605,79.316,34.934,219.607,65.577,0,0.133,0
-1,5/31/50,21:30,141.892,141.002,0,65.31,82.048,0,0,116.458,0,31.622,0,94.008,0,112.523,34.7,27.543,118.295,63.012,0,65.015,0
-1,5/31/50,21:31,0,170.339,0,111.161,100.238,0,0,80.996,0,1.929,0,97.362,0,169.184,134.961,93.341,52.175,19.842,49.975,24.982,0
-1,5/31/50,21:32,76.685,96.512,36.484,100.964,201.921,0,0,36.089,0,86.297,0,32.034,0,110.571,88.972,142.028,77.964,71.282,61.839,106.687,0
-1,5/31/50,21:33,135.719,148.311,95.19,18.106,14.944,0,0,12.281,0,54.062,0,0,0,144.682,33.564,85.916,154.306,80.181,108.24,128.673,0
-1,5/31/50,21:34,146.536,11.713,52.51,0,184.511,0,0,7.11,0,0,0,0,0,17.676,55.639,114.956,54.158,55.362,107.293,108.454,0
-1,5/31/50,21:35,109.273,132.639,81.139,0,116.439,0,0,71.778,0,69.798,0,0,0,60.517,90.26,75.655,173.458,70.684,81.94,102.517,0
-1,5/31/50,21:36,104.083,35.978,163.115,0,116.515,0,0,62.007,0,100.818,0,0,0,38.966,111.683,52.699,76.245,86.114,131.959,53.736,0
-1,5/31/50,21:37,45.717,88.657,172.794,0,24.703,0,0,45.272,0,140.25,0,0,0,0,71.258,85.496,113.493,46.576,74.808,70.704,0
-1,5/31/50,21:38,95.486,106.549,143.149,0,98.338,0,0,70.988,0,84.81,131.371,0,0,0,97.454,158.238,149.493,39.179,64.362,24.21,0
-1,5/31/50,21:39,145.555,48.125,134.818,0,137.725,0,0,3.427,0,146.5,151.834,0,0,0,43.504,44.616,130.572,0,122.652,25.954,0
-1,5/31/50,21:40,157.989,206.126,27.254,0,94.343,0,0,0,0,95.372,102.737,0,0,0,44.907,82.834,70.95,0,126.668,0,0
-1,5/31/50,21:41,196.505,86.279,138.485,0,88.584,0,0,0,0,41.285,125.346,0,0,43.646,75.231,0,66.726,0,90.361,51.225,0
-1,5/31/50,21:42,253.638,76.971,101.626,0,153.67,0,0,0,0,0,77.021,0,0,0,82.039,131.37,0,0,0,38.784,0
-1,5/31/50,21:43,175.558,91.102,86.253,0,126.154,0,0,36.707,0,0,94.265,36.992,0,79.656,48.009,39.703,0,0,26.651,0,0
-1,5/31/50,21:44,137.817,28.554,157.129,0,0,0,0,132.055,0,0,84.568,34.982,0,61.344,20.566,0,0,0,95.462,0,0
-1,5/31/50,21:45,101.685,46.616,113.287,0,36.684,0,0,20.068,0,0,103.788,44.851,192.819,68.788,5.286,0,0,0,76.922,53.879,0
-1,5/31/50,21:46,172.322,96.811,136.629,0,48.378,0,0,22.823,0,0,36.315,47.93,136.01,137.818,17.975,83.067,0,0,55.329,169.369,0
-1,5/31/50,21:47,32.005,174.731,210.871,0,72.07,27.42,0,29.937,0,0,0,91.162,211.191,64.621,7.92,22.78,0,0,90.817,47.615,0
-1,5/31/50,21:48,62.971,82.672,132.451,0,52.209,50.431,0,10.596,0,0,94.737,30.695,89.967,39.852,74.338,41.664,0,0,33.244,10.275,0
-1,5/31/50,21:49,0,80.199,110.525,0,150.719,0,0,0,0,31.601,188.876,0,181.508,15.504,46.279,5.217,0,0,105.611,0,0
-1,5/31/50,21:50,0,152.535,177.592,0,109.142,0,0,7.054,0,109.407,34.991,70.043,25.545,135.002,76.619,0,181.383,0,136.737,0,109.784
-1,5/31/50,21:51,0,76.629,107.481,16.834,89.718,0,87.143,115.942,0,108.24,39.536,122.001,127.914,113.589,158.769,83.096,134.859,0,104.594,56.819,173.267
-1,5/31/50,21:52,0,0,118.086,90.855,160.987,0,143.276,216.843,36.065,26.564,68.388,112.106,109.61,38.611,135.888,86.852,125.733,0,62.031,54.373,216.332
-1,5/31/50,21:53,0,0,117.651,53.123,74.531,0,121.337,139.219,77.508,0,31.588,87.924,151.703,47.419,45.212,113.19,160.886,0,85.411,80.834,224.9
-1,5/31/50,21:54,0,0,16.98,0,123.783,0,70.399,81.794,111.951,44.859,161.85,127.673,148.809,0,123.688,213.973,46.941,0,46.948,69.097,126.956
-1,5/31/50,21:55,0,0,117.329,0,45.121,0,65.365,63.117,26.011,8.155,89.53,16.047,73.221,119.863,130.965,167.856,184.993,0,30.528,90.47,205.943
-1,5/31/50,21:56,0,0,47.286,120.623,72.081,0,84.752,116.738,46.476,0,39.24,119.387,11.551,49.095,34.929,4.239,102.805,0,38.679,61.794,325.083
-1,5/31/50,21:57,0,0,127.528,88.956,88.704,0,37.877,67.877,0,0,42.679,96.697,0,98.198,76.295,9.542,187.94,0,0,28.952,215.433
-1,5/31/50,21:58,0,105.211,141.404,86.252,122.413,0,166.118,0,36.094,0,66.001,138.961,0,125.037,122.383,61.647,47.754,0,0,20.656,63.89
-1,5/31/50,21:59,0,18.073,90.371,45.352,60.458,0,111.396,6.991,16.402,0,74.605,143.676,22.964,114.356,6.596,100.266,28.234,0,0,51.443,200.315
-1,5/31/50,22:00,0,0,150.301,84.521,95.182,0,82.668,66.155,98.524,0,121.275,142.095,0,54.286,12.428,0,64.243,0,85.275,60.45,107.401
-1,5/31/50,22:01,0,0,95.745,123.683,132.475,0,100.818,155.785,39.748,0,0,33.359,30.061,0,103.448,0,148.286,0,15.036,17.826,143.016
-1,5/31/50,22:02,0,0,90.071,126.161,120.855,0,13.98,115.262,47.431,0,0,28.104,61.033,0,30.302,108.065,0,0,59.538,75.52,98.32
-1,5/31/50,22:03,0,0,241.239,135.504,8.071,0,0,117.52,17.542,0,0,14.176,122.303,0,137.642,69.156,65.783,0,34.717,136.082,64.201
-1,5/31/50,22:04,0,0,120.448,143.711,60.226,0,0,25.759,37.551,0,64.014,14.35,203.825,52.838,41.226,24.277,60.848,0,96.514,95.587,130.664
-1,5/31/50,22:05,0,0,25.123,84.092,152.014,0,0,48.357,78.714,0,31.064,24.615,131.188,58.734,107.802,19.606,86.877,0,52.949,66.955,126.761
-1,5/31/50,22:06,0,0,15.176,112.777,21.655,0,63.841,61.916,34.413,0,51.234,37.028,65.552,82.018,25.164,53.317,140.559,0,0,24.779,187.019
-1,5/31/50,22:07,0,0,30.579,31.394,21.119,0,88.07,0,46.038,0,84.61,66.361,190.643,0,56.878,27.538,147.037,0,55.545,31.323,270.849
-1,5/31/50,22:08,0,0,211.417,99.911,53.87,0,132.371,50.499,56.063,0,42.84,174.388,96.169,0,101.981,19.611,143.055,0,68.768,82.399,95.757
-1,5/31/50,22:09,0,0,122.919,69.885,145.213,0,157.807,116.745,60.75,0,91.512,13.28,113.918,94.827,0,3.934,14.587,0,157.561,48.748,150.107
-1,5/31/50,22:10,0,0,50.513,23.836,63.29,0,90.201,106.328,77.633,0,106.461,34.262,100.339,131.166,16.674,94.755,22.284,0,64.666,48.208,157.153
-1,5/31/50,22:11,0,0,62.026,73.77,79.489,0,87.442,58.013,6.704,0,67.376,51.447,164.741,122.916,102.312,98.412,104.929,0,57.369,97.713,178.889
-1,5/31/50,22:12,0,0,119.19,174.092,180.304,0,0,45.398,0,0,64.629,13.621,86.729,47.936,26.243,0.832,117.795,0,32.209,79.059,204.605
-1,5/31/50,22:13,0,0,119.04,162.266,80.321,0,0,21.66,0,0,37.164,48.979,22.913,61.273,0,27.121,180.61,0,38.909,44.821,90.419
-1,5/31/50,22:14,0,0,25.768,79.124,120.164,0,0,58.218,23.378,0,67.512,31.696,113.205,8.765,22.207,80.889,98.451,0,67.949,56.099,60.712
-1,5/31/50,22:15,0,0,34.711,171.7,41.513,25.905,0,0,34.463,0,10.698,51.684,82.795,137.319,0,207.596,208.172,0,19.185,127.172,0
-1,5/31/50,22:16,0,0,35.811,29.473,90.712,90.234,0,0,49.388,0,9.103,118.657,128.725,21.97,13.581,105.821,152.959,0,25.432,16.21,0
-1,5/31/50,22:17,0,0,90.184,0,0,83.894,0,0,40.581,0,12.621,116.787,75.158,10.576,46.269,80.963,131.324,43.362,17.23,60.647,0
-1,5/31/50,22:18,0,0,115.708,0,58.23,163.687,0,0,47.098,0,49.372,68.408,68.187,37.284,46.627,276.09,242.053,116.885,18.167,50.241,0
-1,5/31/50,22:19,101.828,0,181.581,0,71.422,0,0,0,44.766,0,91.155,103.298,95.343,35.809,0,95.286,165.174,176.389,11.761,59.429,115.545
-1,5/31/50,22:20,101.622,0,149.312,0,94.97,0,0,0,0,0,33.208,110.04,81.479,43.215,47.174,134.011,153.101,47.766,0,127.859,154.084
-1,5/31/50,22:21,32.266,0,26.843,0,159.081,7.778,88.088,0,0,0,68.166,62.582,129.667,58.354,27.519,57.234,241.299,0,1.574,35.118,79.654
-1,5/31/50,22:22,15.554,0,177.591,40.681,96.388,84.907,86.064,0,0,0,61.564,86.589,107.658,98.785,26.389,0,283.345,0,0,147.419,204.981
-1,5/31/50,22:23,33.7,0,74.311,205.229,102.209,26.767,76.109,0,0,0,0,54.262,113.455,53.074,19.836,98.684,194.504,0,0,9.409,76.543
-1,5/31/50,22:24,25.436,0,138.291,54.218,85.941,52.081,107.765,0,0,0,72.547,69.296,85.404,84.315,46.978,92.457,139.624,0,11.181,13.221,141.281
-1,5/31/50,22:25,31.972,0,59.736,70.116,80.766,145.607,113.881,0,0,0,69.773,86.356,110.62,4.142,0,56.876,112.209,0,80.189,41.693,158.498
-1,5/31/50,22:26,0,0,82.579,3.399,69.058,49.827,74.295,0,0,0,54.818,89.739,69.418,173.762,0,63.353,14.541,0,141.541,0.263,174.577
-1,5/31/50,22:27,0,0,145.044,34.719,80.712,37.733,84.006,0,0,0,0,123.536,79.195,137.004,0,120.268,222.656,83.155,69.751,170.347,194.269
-1,5/31/50,22:28,0,0,101.465,83.14,38.006,95.623,56.095,0,0,0,8.898,59.054,74.126,0,0,88.046,185.527,161.382,154.71,0,182.047
-1,5/31/50,22:29,0,0,75.714,138.403,18.92,35.047,101.956,0,0,0,86.371,125.506,100.483,54.925,0,72.97,146.017,100.115,62.677,19.747,111.561
-1,5/31/50,22:30,0,0,22.16,168.345,84.306,25.63,62.479,0,0,0,111.112,84.762,111.696,83.345,0,26.389,27.327,28.6,97.807,55.967,121.518
-1,5/31/50,22:31,23.41,0,0,72.072,112.89,18.781,48.856,0,0,0,41.78,45.05,49.781,15.438,0,57.035,0,51.388,59.924,77.996,94.071
-1,5/31/50,22:32,128.204,0,0,0,70.73,85.029,54.772,0,0,0,22.293,33.881,132.299,6.756,0,73.339,0,39.781,116.948,89.289,63.516
-1,5/31/50,22:33,142.107,0,0,28.086,153.384,68.217,0,0,0,0,78.457,74.567,104.967,59.889,0,60.728,0,121.021,29.989,0,126.975
-1,5/31/50,22:34,136.035,0,0,23.436,94.171,117.898,0,0,0,0,68.995,115.03,49.697,7.522,0,0,0,19.336,73.115,0,62.879
-1,5/31/50,22:35,111.808,67.16,0,62.901,43.148,53.828,0,0,0,0,104.125,14.374,19.852,0,0,0,0,100.131,106.228,0,51.191
-1,5/31/50,22:36,84.556,106.642,0,81.507,102.296,86.654,0,0,0,0,42.655,57.004,20.548,87.329,0,0,0,29.07,54.104,0,90.227
-1,5/31/50,22:37,182.375,38.193,0,76.593,194.981,40.942,0,0,0,0,51.824,55.202,17.35,0,0,33.611,0,50.046,24.976,0,151.475
-1,5/31/50,22:38,82.392,41.524,0,117.82,53.755,0,0,0,0,0,12.733,59.657,86.675,64.102,0,77.675,0,69.923,161.489,0,172.761
-1,5/31/50,22:39,16.414,32.473,0,51.569,35.977,22.107,0,0,0,0,20.066,82.139,87.611,75.393,0,136.26,0,81.383,23.489,0,244.3
-1,5/31/50,22:40,0,135.696,0,133.875,24.834,64.872,49.704,0,0,0,65.187,99.405,55.884,26.461,0,94.814,0,60.57,157.184,0,113.128
-1,5/31/50,22:41,0,0,0,87.598,28.165,38.542,79.449,0,0,0,48.354,120.479,94.947,12.226,0,51.142,3.864,58.351,64.311,0,88.876
-1,5/31/50,22:42,0,0,0,36.19,69.784,75.695,47.878,0,0,0,105.144,35.905,23.55,82.06,0,29.671,130.31,94.076,59.036,0,235.911
-1,5/31/50,22:43,0,0,0,0,108.448,36.561,35.468,0,0,0,66.366,58.529,90.673,68.236,0,0,128.296,78.568,110.859,0,72.848
-1,5/31/50,22:44,0,0,0,0,151.458,41.307,86.395,0,0,0,28.23,87.885,103.375,147.887,0,86.875,27.623,0,25.871,0,123.155
-1,5/31/50,22:45,0,0,0,0,43.93,149.836,45.228,0,0,0,0,112.706,22.737,56.126,0,79.527,88.356,0,15.146,0,3.745
-1,5/31/50,22:46,0,0,0,0,40.936,72.237,21.247,0,0,0,0,76.901,67.16,102.346,0,59.252,94.9,9.415,29.329,0,149.058
-1,5/31/50,22:47,0,0,0,0,0,0,0,0,0,0,0,120.738,75.005,92.158,0,0,105.834,63.444,21.376,0,94.753
-1,5/31/50,22:48,0,0,0,0,83.938,29.338,0,0,0,0,0,62.016,62.894,63.869,0,75.655,35.781,71.446,32.769,0,47.754
-1,5/31/50,22:49,0,0,0,0,86.483,24.434,0,0,0,0,0,23.152,69.379,139.566,0,160.044,181.015,17.72,95.933,0,157.573
-1,5/31/50,22:50,0,0,0,0,0,88.076,0,0,0,0,0,0,165.954,148.795,0,79.442,90.333,38.575,18.972,0,180.236
-1,5/31/50,22:51,0,0,0,0,44.215,124.694,0,0,0,0,0,71.413,0,91.493,0,1.961,160.622,113.718,90.573,0,71.499
-1,5/31/50,22:52,0,0,0,0,87.383,69.596,0,0,0,0,0,41.772,0,140.557,0,15.347,55.778,44.666,111.193,0,181.073
-1,5/31/50,22:53,0,0,0,0,115.105,75.255,0,0,0,0,0,31.216,91.887,99.83,0,35.626,97.816,59.96,18.619,0,108.784
-1,5/31/50,22:54,0,0,0,0,69.127,89.484,0,0,0,0,0,39.607,83.778,0,0,0,146.775,36.195,53.316,0,117.843
-1,5/31/50,22:55,0,0,0,0,52.139,75.991,0,0,0,0,0,17.244,29.868,0,0,0,85.223,18.709,14.389,0,246.745
-1,5/31/50,22:56,0,0,0,0,77.338,0,0,0,0,0,0,62.854,56.159,0,0,0,0,62.465,59.89,0,133.591
-1,5/31/50,22:57,0,0,0,0,136.917,0,43.622,0,0,0,0,172.255,73,58.362,0,0,0,10.122,117.801,0,177.277
-1,5/31/50,22:58,0,0,0,0,125.823,24.415,0,0,0,0,0,164.902,116.672,113.126,0,0,0,22.585,93.762,0,110.535
-1,5/31/50,22:59,0,0,0,0,0,41.518,0,0,0,0,0,173.809,170.286,110.999,0,0,0,58.68,85.352,0,92.74
-1,5/31/50,23:00,0,0,0,0,29.14,33.408,0,0,0,0,0,143.167,81.552,98.091,0,0,0,113.716,30.976,0,158.039
-1,5/31/50,23:01,0,0,0,0,30.064,35.031,0,0,0,0,0,145.521,133.219,138.946,0,0,0,32.235,53.583,0,74.799
-1,5/31/50,23:02,0,0,0,0,111.465,38.95,6.79,0,0,0,0,78.42,79.322,55.669,0,0,0,127.993,0,0,0
-1,5/31/50,23:03,0,0,0,0,105.32,65.698,92.807,0,0,0,0,154.948,81.285,65.152,0,0,0,68.431,0,0,101.454
-1,5/31/50,23:04,0,0,0,0,73.217,0,54.806,0,0,0,0,183.466,0,41.854,0,0,0,0,0,0,0
-1,5/31/50,23:05,0,97.62,0,0,92.523,0,86.962,0,0,41.01,0,42.614,0,99.482,0,0,0,24.231,0,0,0
-1,5/31/50,23:06,0,102.364,0,0,51.846,0,46.413,0,0,16.833,0,32.598,0,24.347,0,0,0,63.95,0,0,0
-1,5/31/50,23:07,0,0,0,0,162.577,0,43.004,0,0,97.359,0,28.151,0,68.659,0,0,0,11.36,0,0,0
-1,5/31/50,23:08,0,0,0,0,99.738,0,0,0,0,113.795,0,32.441,0,154.379,0,0,0,70.498,0,0,108.353
-1,5/31/50,23:09,0,0,0,61.662,99.002,0,0,0,0,103.855,0,55.583,0,23.209,0,0,0,96.423,0,0,108.641
-1,5/31/50,23:10,0,0,0,61.381,16.905,0,0,0,0,79.603,0,120.071,0,26.207,0,0,0,0,0,0,64.646
-1,5/31/50,23:11,0,0,0,142.106,10.352,0,0,0,0,149.864,0,149.194,0,68.286,0,0,0,0,0,0,84.816
-1,5/31/50,23:12,0,0,0,86.106,74.704,0,0,0,0,16.997,0,31.376,0,41.935,0,0,0,0,0,0,106.258
-1,5/31/50,23:13,0,0,0,81.599,110.631,0,0,0,0,124.295,0,1.181,0,98.847,0,0,0,10.8,0,0,53.228
-1,5/31/50,23:14,0,0,0,178.679,128.824,0,0,0,0,88.225,0,63.153,0,35.908,0,0,0,31.145,0,0,42.387
-1,5/31/50,23:15,0,0,0,78.98,171.934,0,0,0,0,0,0,72.817,0,1.056,0,0,0,35.627,0,0,0
-1,5/31/50,23:16,0,5.031,0,100.756,120.667,0,0,0,0,0,0,0,0,60.734,0,0,0,109.666,0,0,17.704
-1,5/31/50,23:17,0,166.449,0,55.612,0,0,0,0,0,0,0,0,0,65.223,0,0,0,30.649,0,0,12.746
-1,5/31/50,23:18,0,93.235,0,61.689,0,0,0,0,0,0,0,0,0,79.37,0,0,0,39.957,0,0,129.272
-1,5/31/50,23:19,0,204.33,0,80.439,0,0,0,0,0,15.424,0,0,0,47.753,0,0,0,52.869,0,0,166.304
-1,5/31/50,23:20,0,155.847,0,39.477,0,0,0,0,0,24.467,0,0,0,112.185,0,0,0,31.193,0,0,73.449
-1,5/31/50,23:21,0,101.173,0,139.737,0,0,0,0,0,13.863,0,0,0,67.281,47.853,0,0,0,0,34.82,134.029
-1,5/31/50,23:22,0,105.513,0,124.803,0,0,0,0,0,14.208,0,0,0,26.074,0,0,0,74.767,0,78.934,36.835
-1,5/31/50,23:23,0,56.153,0,90.301,0,0,0,0,0,15.294,0,0,0,66.873,0,0,0,49.713,0,186.645,171.602
-1,5/31/50,23:24,0,189.192,0,47.787,0,0,0,0,0,11.023,0,0,0,34.112,0,0,0,36.637,0,152.449,197.649
-1,5/31/50,23:25,0,13.641,0,138.515,0,0,0,0,0,11.92,0,0,0,42.053,0,0,0,57.338,0,111.725,37.259
-1,5/31/50,23:26,0,16.89,0,98.671,0,0,0,0,0,11.148,0,0,0,40.537,0,0,0,72.146,0,71.071,0
-1,5/31/50,23:27,119.086,97.662,0,61.412,0,0,0,0,0,13.481,0,0,0,94.581,0,0,0,115.554,0,98.878,0
-1,5/31/50,23:28,82.126,148.887,0,133.045,0,0,0,0,0,73.646,0,0,0,48.618,0,0,0,88.572,0,119.983,0
-1,5/31/50,23:29,72.73,128.248,0,129.462,0,0,0,0,0,173.809,0,0,0,53.222,0,0,0,76.386,0,16.323,0
-1,5/31/50,23:30,18.055,108.982,0,140.216,0,0,0,0,0,33.254,0,0,104.029,83.505,0,0,0,118.123,0,50.559,0
-1,5/31/50,23:31,26.891,98.725,0,68.195,0,0,0,0,6.375,20.29,0,0,101.096,0,0,0,0,61.487,0,16.8,0
-1,5/31/50,23:32,124.31,108.647,0,44.262,0,0,0,0,59.02,0,0,0,70.768,0,0,0,0,87.41,0,29.567,0
-1,5/31/50,23:33,98.152,83.631,0,85.723,0,0,0,0,49.204,23.879,0,0,47.029,0,0,0,0,11.813,0,127.923,0
-1,5/31/50,23:34,38.084,187.134,42.338,106.708,0,0,0,0,23.968,30.077,0,0,113.745,0,0,0,0,36.411,0,50.736,0
-1,5/31/50,23:35,195.515,91.488,34.4,86.652,0,0,0,0,53.049,59.79,0,0,55.745,48.83,0,0,0,86,0,15.563,0
-1,5/31/50,23:36,244.859,80.164,87.129,30.538,0,0,0,0,24.291,0,0,0,83.563,0,0,0,0,83.587,0,18.182,0
-1,5/31/50,23:37,154.373,206.923,29.505,115.517,0,0,0,0,0,0,0,0,56.677,0,0,0,0,45.912,0,127.862,0
-1,5/31/50,23:38,96.029,83.004,30.992,93.587,0,0,0,0,21.061,0,0,0,144.206,0,0,0,0,25.87,0,85.747,0
-1,5/31/50,23:39,73.192,271.65,79.117,165.945,0,0,0,0,0,44.924,0,0,124.199,0,0,0,0,40.464,0,136.761,0
-1,5/31/50,23:40,157.703,238.999,134.646,170.555,0,0,0,0,23.083,26.278,0,0,61.194,0,0,0,0,87.101,0,106.451,0
-1,5/31/50,23:41,141.189,79.646,35.216,98.572,0,21.658,0,0,29.19,61.083,0,0,136.83,0,0,0,0,25.246,0,33.496,0
-1,5/31/50,23:42,132.44,22.391,148.746,125.922,0,53.081,0,0,21.207,73.737,36.125,0,49.748,0,0,0,0,0,0,78.445,0
-1,5/31/50,23:43,91.152,127.157,166.519,59.125,0,0,92.112,0,43.701,18.583,147.672,0,15.351,0,0,0,0,0,0,37.235,0
-1,5/31/50,23:44,131.031,33.158,12.766,130.663,0,0,105.211,0,36.755,60.329,111.959,0,91.915,0,0,0,0,0,0,38.683,0
-1,5/31/50,23:45,38.53,166.61,0,28.67,0,0,79.438,0,0.912,57.11,160.689,0,76.341,0,0,0,0,0,0,63.505,0
-1,5/31/50,23:46,73.418,108.943,0,22.06,0,0,0,0,72.916,104.856,25.573,0,25.658,0,0,0,0,0,0,134.97,0
-1,5/31/50,23:47,181.66,125.347,0,29.65,0,3.746,0,0,50.03,129.415,0,0,85.228,0,0,0,0,44.889,0,40.825,0
-1,5/31/50,23:48,214.877,188.694,0,63.86,0,39.767,0,0,0,38.531,0,0,0,0,0,0,0,143.019,0,111.515,0
-1,5/31/50,23:49,108.628,223.238,0,80.208,0,85.304,0,0,29.971,82.051,0,0,51.914,0,0,0,0,95.011,0,153.012,0
-1,5/31/50,23:50,141.355,172.325,7.647,125.521,0,67.763,0,0,26.045,0,0,0,135.858,0,0,0,0,7.9,0,79.044,0
-1,5/31/50,23:51,125.726,125.632,117.056,118.798,0,122.344,0,0,38.768,0,0,0,65.826,0,0,0,0,50.876,0,53.882,0
-1,5/31/50,23:52,78.322,0,170.867,124.828,0,102.448,0,0,5.487,0,138.823,0,60.024,0,0,0,0,44.34,0,52.197,0
-1,5/31/50,23:53,131.402,0,131.235,0,0,117.778,0,0,69.961,0,90.254,0,148.756,0,0,0,0,25.493,0,103.747,0
-1,5/31/50,23:54,19.652,0,111.19,50.616,0,35.911,0,0,34.384,0,146.714,0,134.801,0,0,0,0,100.416,0,47.542,0
-1,5/31/50,23:55,79.937,0,41.022,135.205,0,110.673,0,0,28.332,0,150.957,0,123.755,0,0,0,0,121.827,0,59.26,0
-1,5/31/50,23:56,108.968,0,163.333,96.163,0,37.637,0,0,0,0,117.088,0,151.098,0,0,0,0,32.698,59.483,74.093,0
-1,5/31/50,23:57,119.557,0,123.774,65.598,25.785,42.061,0,0,0,0,36.791,0,101.494,64.425,0,0,0,47.695,0,0,0
-1,5/31/50,23:58,158.129,46.159,118.05,121.316,217.583,68.687,0,0,0,0,58.522,0,132.175,135.282,0,0,0,0,0,104.685,0
-1,5/31/50,23:59,218.762,64.352,100.063,0,68.858,79.15,0,0,0,0,36.955,0,84.028,96.079,0,0,0,53.498,135.367,78.504,0
-1,6/1/50,0:00,32.856,159.908,137.648,57.172,0,39.421,0,0,0,0,51.331,0,92.554,119.526,0,0,0,0,58.626,189.394,0
-1,6/1/50,0:01,70.52,78.879,75.123,95.803,0,21.288,0,0,0,0,82.093,0,185.134,120.912,49.524,0,0,0,61.97,20.064,0
-1,6/1/50,0:02,116.72,30.014,99.846,139.517,0,28.74,0,0,0,0,122.2,0,55.04,117.691,112.87,0,0,0,92.348,90.168,0
-1,6/1/50,0:03,113.466,98.626,0,50.81,0,0,0,27.349,0,0,17.119,0,86.136,188.968,0,0,0,0,82.725,61.034,0
-1,6/1/50,0:04,117.768,75.764,150.336,0,0,0,0,42.44,0,0,46.059,0,168.794,87.889,0,0,0,0,24.438,73.094,0
-1,6/1/50,0:05,146.821,0,115.528,0,0,103.388,0,55.763,0,0,129.617,0,137.222,0,179.059,0,0,0,16.706,68.013,0
-1,6/1/50,0:06,61.776,0,66.322,0,0,33.893,0,15.984,0,0,81.533,0,30.972,0,155.077,23.386,0,0,22.034,47.811,0
-1,6/1/50,0:07,77.68,0,75.306,0,0,30.789,0,85.574,0,0,96.351,0,69.19,0,188.698,105.483,0,0,20.496,125.66,0
-1,6/1/50,0:08,155.796,0,79.893,0,0,78.811,0,130.697,0,0,92.64,0,112.692,0,98.138,174.208,0,0,44.813,53.184,0
-1,6/1/50,0:09,125.905,0,144.576,0,31.321,71.262,0,114.578,0,0,64.603,0,32.983,0,140.871,82.885,0,0,40.898,77.245,0
-1,6/1/50,0:10,1.797,0,131.178,0,72.403,70.896,0,89.717,0,0,108.162,0,97.546,0,145.463,49.288,0,0,97.558,47.773,0
-1,6/1/50,0:11,194.148,0,138.223,0,110.026,47.643,0,66.368,0,0,56.423,0,0,0,159.587,111.068,0,0,118.734,0,0
-1,6/1/50,0:12,82.287,0,61.562,0,0,90.908,0,85.14,0,0,82.81,0,22.246,0,114.759,69.762,0,0,53.564,84.667,0
-1,6/1/50,0:13,0,0,178.265,0,0,133.948,82.997,102.011,0,0,18.722,0,0,0,86.29,133.752,0,0,0,77.935,0
-1,6/1/50,0:14,160.335,0,20.648,0,0,56.957,76.874,0,0,0,74.955,0,0,71.319,137.787,131.238,0,0,51.718,131.545,0
-1,6/1/50,0:15,0,0,53.813,0,0,33.34,143.73,151.509,0,0,74.207,0,0,77.155,153.228,70.223,0,0,115.584,94.028,0
-1,6/1/50,0:16,16.32,0,38.735,0,120.949,47.65,118.05,116.946,0,0,89.866,0,0,43.598,103.106,73.627,0,0,117.293,25.503,0
-1,6/1/50,0:17,23.588,0,167.03,0,128.463,17.156,153.392,17.025,0,0,19.183,0,0,138.979,104.973,163.263,0,0,148.911,67.664,0
-1,6/1/50,0:18,10.345,0,160.818,0,179.291,22.58,60.888,15.991,0,0,0,0,0,79.405,229.229,17.436,0,0,41.171,85.241,0
-1,6/1/50,0:19,108.451,0,63.931,0,77.508,58.778,39.758,130.327,0,0,0,0,0,0,94.203,68.624,0,0,0,27.343,0
-1,6/1/50,0:20,173.833,0,127.013,0,207.322,63.502,60.179,94.222,0,0,0,0,0,61.071,10.479,22.462,0,0,101.303,52.834,0
-1,6/1/50,0:21,57.418,0,195.014,0,121.114,72.229,51.501,126.772,0,0,0,0,0,18.526,9.829,79.43,0,0,19.306,104.461,0
-1,6/1/50,0:22,0,0,15.427,0,0,50.786,39.85,120.731,0,0,0,23.82,0,0,61.702,122.75,0,0,25.876,9.586,0
-1,6/1/50,0:23,0,0,25.414,0,0,21.497,138.113,95.29,0,0,0,142.918,0,0,3.791,156.064,0,0,82.183,15.993,0
-1,6/1/50,0:24,0,0,40.42,0,48.015,0,40.154,70.448,0,0,27.644,265.745,0,0,75.865,84.331,0,0,13.921,5.368,0
-1,6/1/50,0:25,0,0,31.814,0,130.134,0,42.458,155.477,0,0,55.934,0,0,0,41.093,166.297,0,0,102.619,72.453,0
-1,6/1/50,0:26,0,0,138.885,0,171.733,20.223,100.354,33.5,0,0,83.01,122.927,0,63.201,23.694,0,0,0,114.24,62.447,0
-1,6/1/50,0:27,0,0,106.417,0,169.703,47.745,114.341,39.707,0,0,129.51,71.457,0,161.219,70.465,91.595,0,0,52.889,94.62,0
-1,6/1/50,0:28,0,0,105.193,0,131.711,127.356,9.385,236.134,0,0,121.578,38.472,0,142.687,39.579,104.729,0,0,41.729,107.515,0
-1,6/1/50,0:29,0,0,80.674,0,66.951,91.663,86.497,95.846,0,0,51.431,0,0,96.421,78.391,74.97,0,0,57.6,0,0
-1,6/1/50,0:30,0,0,0,0,106.546,129.239,51.881,110.11,0,0,0,0,0,131.341,101.111,67.195,0,0,45.158,51.927,0
-1,6/1/50,0:31,0,0,41.908,0,28.947,130.748,22.928,22.131,0,0,0,28.185,0,123.707,0,17.948,0,0,0,59.532,0
-1,6/1/50,0:32,0,0,62.786,0,110.43,64.075,14.255,52.977,0,0,0,213.371,0,25.716,31.858,89.798,0,0,0,219.997,24.31
-1,6/1/50,0:33,0,0,28.145,0,34.751,0,28.225,0,0,0,76.057,131.607,0,40.938,48.764,13.056,0,0,0,8.382,104.51
-1,6/1/50,0:34,0,0,0,0,72.171,0,110.596,48.117,0,0,0,148.671,0,22.992,48.324,58.983,0,0,0,18.442,59.663
-1,6/1/50,0:35,0,0,0,0,44.905,0,74.729,66.492,0,0,0,141.655,0,100.549,122.809,81.645,0,0,0,95.45,95.622
-1,6/1/50,0:36,0,0,0,0,121.133,0,148.652,38.485,0,0,33.924,0,0,83.9,51.262,20.258,0,0,0,68.546,131.737
-1,6/1/50,0:37,0,0,0,0,139.341,0,130,68.76,0,53.649,36.553,135.888,0,118.965,37.573,104.79,0,0,0,0,97.338
-1,6/1/50,0:38,0,0,0,0,100.952,0,44.817,18.027,0,23.199,23.737,0,0,105.877,114.263,59.926,25.216,0,0,0,225.298
-1,6/1/50,0:39,0,0,0,0,0,0,48.051,17.739,0,0,17.708,27.816,0,68.634,67.031,108.543,214.707,0,0,0,234.63
-1,6/1/50,0:40,0,0,0,0,0,44.856,26.481,131.812,0,0,30.843,14.089,0,140.734,13.167,189.539,60.504,0,0,0,138.757
-1,6/1/50,0:41,0,72.021,0,0,0,82.387,83.26,108.958,0,0,12.191,87.821,0,128.842,27.858,32.78,116.301,0,0,0,134.998
-1,6/1/50,0:42,0,38.7,0,0,0,129.148,0,167.923,0,0,13.442,86.181,0,56.61,116.997,41.871,211.596,0,0,0,185.299
-1,6/1/50,0:43,0,71.266,0,0,0,72.297,0,24.988,0,0,46.369,107.956,0,186.427,214.45,22.804,64.903,0,0,0,159.653
-1,6/1/50,0:44,0,199.128,0,0,0,20.5,0,59.285,0,0,56.475,71.13,0,34.622,75.462,0,149.928,0,0,0,245.681
-1,6/1/50,0:45,0,154.784,0,0,0,12.098,0,108.618,0,0,96.514,57.045,0,18.289,84.76,0,88.572,0,0,0,85.744
-1,6/1/50,0:46,0,245.507,59.724,0,0,55.699,0,74.195,0,0,33.601,116.589,0,190.956,131.745,0,155.794,0,0,0,118.997
-1,6/1/50,0:47,0,43.046,22.428,0,0,14.027,0,77.549,0,0,30.228,130.94,0,72.322,58.357,74.9,142.555,0,0,0,99.789
-1,6/1/50,0:48,0,15.371,95.34,0,0,0,0,76.362,0,0,117.299,123.675,0,73.28,114.165,0,178.741,0,0,0,67.121
-1,6/1/50,0:49,0,55.219,53.171,0,0,22.12,0,32.065,0,0,41.282,117.913,0,0,92.723,0,141.47,0,0,0,46.971
-1,6/1/50,0:50,0,148.245,114.189,0,0,29.5,0,0,0,0,53.716,50.525,0,90.356,25.567,0,252.256,0,0,0,139.893
-1,6/1/50,0:51,0,161.417,71.696,0,0,71.536,0,0,0,0,17.247,26.149,0,92.313,0,0,210.573,0,0,0,119.764
-1,6/1/50,0:52,0,68.013,102.567,0,0,104.448,0,28.119,0,0,28.383,87.691,0,79.243,0,0,173.648,0,0,0,86.648
-1,6/1/50,0:53,0,100.478,41.166,0,0,0,0,69.663,0,0,64.424,41.962,0,76.245,29.466,0,58.625,0,0,0,112.891
-1,6/1/50,0:54,0,110.693,32.015,0,0,0,0,106.448,0,0,62.245,33.478,0,66.891,63.68,0,144.932,0,0,0,118.17
-1,6/1/50,0:55,0,228.656,25.755,0,0,0,0,89.645,0,0,118.127,108.787,0,0,41.651,0,134.686,0,0,0,81.612
-1,6/1/50,0:56,0,185.244,68.075,0,0,0,0,22.503,0,0,70.114,102.498,56.123,0,135.954,0,151.446,0,0,0,84.113
-1,6/1/50,0:57,0,138,94.074,0,0,0,0,0,0,0,113.376,28.552,147.356,0,72.078,0,131.333,0,0,0,96.844
-1,6/1/50,0:58,0,185.839,88.734,0,0,0,0,84.102,0,0,64.532,88.088,180.18,0,84.637,0,110.992,0,0,0,137.21
-1,6/1/50,0:59,0,126.55,105.216,0,0,0,0,32.802,0,0,120.212,104.498,81.023,0,43.704,0,91.508,0,0,0,169.36
-1,6/1/50,1:00,0,106.113,182.932,0,0,0,0,0,0,0,12.037,40.902,147.679,0,0,0,57.387,0,0,0,152.529
-1,6/1/50,1:01,0,76.35,38.019,0,0,0,0,37.938,0,0,0,0,105.535,0,0,0,135.354,0,0,0,91.382
-1,6/1/50,1:02,0,0,64.27,0,0,0,0,41.812,0,0,0,45.151,96.401,0,0,0,148.365,0,0,0,142.038
-1,6/1/50,1:03,0,0,194.411,40.828,0,0,0,46.133,0,0,0,47.87,108.217,0,0,0,47.728,0,0,0,138.429
-1,6/1/50,1:04,0,0,212.437,25.247,0,0,0,34.921,0,0,0,51.679,0,0,0,0,187.892,0,0,0,26.254
-1,6/1/50,1:05,0,0,75.877,76.929,0,0,0,89.506,0,0,0,0,63.415,0,0,0,170.059,0,0,0,187.807
-1,6/1/50,1:06,0,0,29.355,134.132,0,0,0,60.28,0,0,137.609,0,153.569,0,0,0,181.754,17.173,0,0,61.702
-1,6/1/50,1:07,0,0,27.719,82.901,0,0,0,0,0,0,36.347,0,65.676,0,0,0,75.83,130.516,0,0,64.812
-1,6/1/50,1:08,0,0,24.114,80.903,0,0,0,0,0,0,0,0,293.821,0,0,0,205.945,103.707,0,0,0
-1,6/1/50,1:09,0,0,76.422,30.206,0,0,0,0,0,0,0,0,200.457,0,0,0,148.144,64.304,0,46.365,0
-1,6/1/50,1:10,0,0,113.032,29.241,0,0,0,0,0,0,0,0,67.29,0,0,0,179.673,126.265,0,28.354,41.242
-1,6/1/50,1:11,0,0,37.862,39.619,0,0,0,0,0,0,0,0,109.075,0,0,0,144.091,50.814,0,50.884,93.452
-1,6/1/50,1:12,0,0,69.035,0,0,0,0,0,0,0,0,0,0,0,0,0,94.984,142.307,0,147.281,99.572
-1,6/1/50,1:13,0,0,124.572,0,0,0,0,0,0,0,106.252,0,0,0,0,0,163.641,91.701,0,79.522,0
-1,6/1/50,1:14,0,0,0,0,0,0,0,0,0,84.751,153.325,0,0,0,0,0,22.475,49.454,0,100.974,22.439
-1,6/1/50,1:15,0,0,0,0,0,0,0,0,0,127.095,0,0,0,0,0,0,53.09,11.836,0,115.563,59.477
-1,6/1/50,1:16,0,0,81.375,0,0,0,0,0,0,77.62,0,0,84.9,0,0,0,115.083,68.59,0,5.566,0
-1,6/1/50,1:17,0,0,0,0,0,0,0,0,0,16.836,0,0,118.029,0,0,0,166.125,74.94,0,41.802,207.069
-1,6/1/50,1:18,0,0,0,0,0,0,0,0,0,14.849,0,0,121.283,0,0,0,71.958,176.52,0,140.103,92.103
-1,6/1/50,1:19,0,0,0,0,0,0,0,0,0,16.04,0,0,96.684,0,0,0,103.277,60.474,0,96.594,87.384
-1,6/1/50,1:20,0,0,0,0,0,0,0,0,0,19.03,0,0,124.415,0,0,0,0,46.996,0,110.028,0
-1,6/1/50,1:21,0,0,0,0,0,0,0,0,0,35.394,0,0,0,0,0,0,0,41.376,0,156.614,0
-1,6/1/50,1:22,0,0,0,0,0,0,0,0,0,11.018,0,0,83.676,0,0,0,0,72.785,0,100.216,0
-1,6/1/50,1:23,0,0,0,0,0,0,0,0,0,25.521,0,27.12,189.593,0,0,0,0,0,0,46.782,0
-1,6/1/50,1:24,0,0,0,0,0,0,0,0,0,15.491,0,68.309,63.325,0,0,0,0,78.189,0,0,0
-1,6/1/50,1:25,0,0,0,0,0,0,0,0,0,17.374,0,0,97.555,0,0,0,0,0,0,23.807,0
-1,6/1/50,1:26,0,0,0,0,81.068,0,0,0,0,52.558,0,0,113.637,0,0,0,0,0,0,87.472,0
-1,6/1/50,1:27,0,0,0,0,177.899,0,0,0,0,86.998,0,0,0,0,0,0,0,0,0,149.086,0
-1,6/1/50,1:28,0,0,0,0,0,0,0,0,0,54.194,0,0,0,0,0,0,0,0,0,154.977,0
-1,6/1/50,1:29,0,0,0,0,91.169,0,0,0,0,72.439,0,45.005,38.166,0,0,0,0,0,0,0,0
-1,6/1/50,1:30,0,0,0,0,63.215,0,0,0,0,127.054,0,19.904,95.07,0,0,0,0,0,0,0,0
-1,6/1/50,1:31,0,0,0,0,93.516,0,0,0,0,34.658,0,0,73.948,0,0,0,0,0,0,0,0
-1,6/1/50,1:32,0,0,0,0,0,0,0,0,0,21.036,0,26.511,55.012,0,0,0,0,47.49,71.538,69.199,0
-1,6/1/50,1:33,0,0,0,0,151.634,0,0,0,0,78.482,0,22.777,91.801,0,0,0,0,0,102.008,107.455,0
-1,6/1/50,1:34,0,0,0,0,142.682,0,0,0,0,120.402,0,150.512,217.934,0,0,0,0,30.31,34.886,28.355,0
-1,6/1/50,1:35,0,0,0,0,107.474,0,0,0,0,75.614,0,43.223,69.995,52.994,0,0,0,30.069,69.924,34.696,0
-1,6/1/50,1:36,0,0,0,0,84.621,0,0,0,0,47.954,0,107.607,90.095,0,0,0,0,56.154,29.548,46.071,0
-1,6/1/50,1:37,0,0,0,0,105.264,0,0,0,0,166.008,0,20.436,98.209,0,0,0,0,80.794,114.937,7.145,0
-1,6/1/50,1:38,0,0,0,0,111.572,0,0,0,0,14.15,0,0,100.825,0,0,0,0,92.128,0,43.585,0
-1,6/1/50,1:39,0,0,0,0,33.451,0,0,0,0,12.123,0,0,0,0,0,0,0,0,0,195.597,0
-1,6/1/50,1:40,0,0,0,0,130.499,0,0,0,0,33.144,0,0,55.491,0,0,0,0,0,0,78.14,0
-1,6/1/50,1:41,0,0,0,0,48.382,0,0,0,0,63.628,0,0,28.941,0,0,0,0,79.876,0,0,0
-1,6/1/50,1:42,0,0,0,0,40.746,50.671,0,0,0,68.842,0,0,114.353,0,0,0,0,146.042,0.547,75.777,0
-1,6/1/50,1:43,0,0,0,0,144.579,0,0,0,0,49.206,0,0,43.408,0,0,0,0,53.743,153.066,28.623,0
-1,6/1/50,1:44,0,0,0,0,77.997,0,0,0,0,24.429,0,0,0,0,0,0,0,19.294,116.935,47.815,0
-1,6/1/50,1:45,0,0,0,0,0,0,0,0,0,67.194,0,0,0,0,0,0,0,74.109,79.866,84.048,0
-1,6/1/50,1:46,0,0,0,0,23.059,0,0,0,0,33.557,0,0,32.71,0,0,0,0,27.372,96.507,81.249,0
-1,6/1/50,1:47,0,0,0,0,22.81,0,0,0,0,54.947,0,0,88.193,0,0,0,0,0,46.575,0,0
-1,6/1/50,1:48,0,0,0,0,0,0,0,0,0,87.598,0,0,0,0,0,0,0,0,67.194,0,0
-1,6/1/50,1:49,0,0,0,0,0,0,0,0,0,62.056,0,0,0,0,0,0,0,10.86,73.117,0,0
-1,6/1/50,1:50,0,0,0,0,0,0,0,0,0,0,0,0,0,0,0,0,0,50.652,146.383,0,0
-1,6/1/50,1:51,0,0,0,0,0,85.453,0,0,0,0,0,0,0,0,0,0,0,122.991,50.252,0,0
-1,6/1/50,1:52,0,0,0,0,0,178.133,0,0,0,44.847,0,0,0,0,0,0,0,82.113,26.065,0,0
-1,6/1/50,1:53,0,0,0,0,0,0,0,0,0,131.774,0,0,0,0,0,0,0,0,0,0,0
-1,6/1/50,1:54,0,0,0,0,0,0,0,0,0,85.184,0,0,0,0,0,0,0,0,2.488,0,0
-1,6/1/50,1:55,0,0,0,0,0,0,0,0,0,57.78,0,0,0,0,0,0,0,0,89.785,0,0
-1,6/1/50,1:56,0,0,0,0,0,0,48.519,0,0,52.72,0,0,0,0,0,0,0,0,65.522,0,0
-1,6/1/50,1:57,0,0,0,0,0,0,159.832,0,0,75.783,0,0,0,0,0,0,0,0,81.47,0,0
-1,6/1/50,1:58,0,0,0,0,0,0,143.975,0,0,110.883,0,0,0,0,0,0,0,0,100.563,0,0
-1,6/1/50,1:59,0,0,0,0,0,0,111.334,0,0,35.087,0,0,0,0,0,0,0,0,0,0,0
-1,6/1/50,2:00,0,0,0,0,0,0,54.924,0,0,71.174,0,0,0,0,0,0,0,0,0,0,0
-1,6/1/50,2:01,0,0,0,0,0,0,107.148,0,0,75.823,0,0,0,0,0,0,0,0,0,0,0
-1,6/1/50,2:02,0,0,0,0,0,0,100.982,0,0,0,0,0,0,0,0,0,0,0,0,0,0
-1,6/1/50,2:03,0,0,0,0,0,0,57.56,0,0,171.598,0,0,0,0,0,0,0,0,0,0,0
-1,6/1/50,2:04,0,0,0,0,0,0,82.737,0,0,46.756,0,0,0,0,0,0,0,0,0,0,0
-1,6/1/50,2:05,0,0,0,0,0,0,46.579,0,20.805,12.02,0,0,0,0,0,0,0,0,0,0,0
-1,6/1/50,2:06,0,0,0,0,0,0,52.982,0,21.98,15.403,0,0,0,0,0,0,0,0,0,0,0
-1,6/1/50,2:07,0,0,0,0,0,0,67.297,0,39.02,21.883,0,0,0,0,0,0,0,0,0,0,0
-1,6/1/50,2:08,0,0,0,0,0,0,108.655,0,55.456,53.511,0,0,0,0,0,0,0,0,0,0,0
-1,6/1/50,2:09,0,0,0,0,0,0,8.585,0,25.018,80.233,0,0,0,0,0,0,0,0,0,0,0
-1,6/1/50,2:10,0,0,0,0,0,0,81.134,0,70.183,65.248,0,0,0,0,0,0,0,0,0,0,0
-1,6/1/50,2:11,0,0,0,30.483,0,0,95.571,0,55.981,17.516,0,0,0,0,0,0,0,0,0,0,0
-1,6/1/50,2:12,0,0,0,74.106,0,0,0,0,36.945,17.781,0,0,0,0,0,0,0,0,0,0,0
-1,6/1/50,2:13,0,0,0,139.167,0,0,0,0,24.334,46.971,0,0,0,0,0,0,0,0,0,0,0
-1,6/1/50,2:14,0,0,0,55.728,0,0,0,0,41.681,0,0,0,0,0,0,0,0,0,0,0,0
-1,6/1/50,2:15,0,0,0,0,0,0,147.594,0,52.963,0,0,0,0,0,0,0,0,0,0,0,0
-1,6/1/50,2:16,0,0,0,0,0,0,66.501,0,46.338,39.254,0,0,0,0,24.03,0,0,0,0,0,0
-1,6/1/50,2:17,0,0,0,0,0,0,35.929,0,45.755,64.503,0,0,0,0,82.552,0,0,0,0,0,0
-1,6/1/50,2:18,0,0,0,0,0,0,21.887,0,32.618,23.129,0,0,0,0,176.257,0,0,0,0,0,0
-1,6/1/50,2:19,0,0,0,94.161,0,0,137.376,0,36.9,78.57,0,0,0,0,119.523,0,0,0,0,0,0
-1,6/1/50,2:20,0,0,0,180.809,0,0,42.339,0,0,25.355,0,132.653,0,0,176.101,0,0,0,0,0,0
-1,6/1/50,2:21,0,0,0,122.698,0,0,76.663,0,16.863,8.826,0,62.465,0,0,202.73,0,0,0,0,0,0
-1,6/1/50,2:22,0,0,0,0,0,0,79.95,0,0,9.947,0,77.566,0,0,172.523,0,0,0,0,0,0
-1,6/1/50,2:23,0,0,0,0,0,0,6.272,0,0,7.801,0,90.018,0,0,81.268,0,0,0,0,0,0
-1,6/1/50,2:24,0,0,0,75.033,0,0,0,0,7.853,15.455,0,87.482,0,0,24.924,0,0,0,0,0,0
-1,6/1/50,2:25,0,0,0,155.961,0,0,0,0,6.367,12.888,0,0,0,0,124.829,0,0,0,0,0,0
-1,6/1/50,2:26,0,0,0,19.064,0,24.995,0,0,37.734,16.391,0,66.86,0,0,32.465,0,0,0,0,0,0
-1,6/1/50,2:27,0,0,0,140.051,0,140.376,0,0,41.373,32.36,0,34.421,0,0,0,0,0,0,0,0,0
-1,6/1/50,2:28,0,0,0,68.493,0,92.264,0,0,85.557,121.379,0,36.408,0,0,37.712,0,0,0,0,0,0
-1,6/1/50,2:29,0,0,0,106.707,0,34.443,0,0,28.215,36.191,0,88.508,0,0,47.976,0,0,0,0,0,0
-1,6/1/50,2:30,0,0,0,31.965,0,110.882,0,0,25.67,95.737,0,0,0,0,74.948,104.671,0,0,0,0,0
-1,6/1/50,2:31,0,125.448,0,118.864,0,73.347,0,0,0,0,0,0,0,0,0,47.374,0,0,0,0,0
-1,6/1/50,2:32,0,38.087,0,112.106,0,0,0,0,0,12.414,143.721,0,0,0,0,117.437,0,0,0,0,0
-1,6/1/50,2:33,0,41.296,0,62.492,0,0,0,0,0,50.529,135.9,0,0,0,0,102.541,0,0,0,0,0
-1,6/1/50,2:34,0,115.917,0,148.517,0,0,0,0,0,96.196,108.622,0,0,0,0,134.206,0,0,0,0,0
-1,6/1/50,2:35,0,112.509,0,123.624,0,0,0,0,0,38.57,134.104,0,0,0,0,203.445,0,0,0,0,0
-1,6/1/50,2:36,0,207.357,0,38.419,0,0,62.457,0,0,69.792,97.058,0,0,0,0,157.247,0,0,0,0,0
-1,6/1/50,2:37,0,81.382,0,81.334,0,0,145.034,0,0,100.149,73.31,0,0,0,0,135.558,0,0,0,0,0
-1,6/1/50,2:38,0,0,0,39.743,0,0,3.141,0,0,20.543,162.989,0,0,0,0,60.704,0,0,0,0,0
-1,6/1/50,2:39,0,0,0,148.446,0,0,25.681,0,0,95.14,73.838,0,0,0,0,123.899,0,0,0,0,0
-1,6/1/50,2:40,0,0,0,114.207,0,46.826,159.074,0,0,72.599,33.359,0,0,0,0,35.2,0,0,0,0,133.842
-1,6/1/50,2:41,0,0,0,177.818,0,37.145,124.911,0,0,28.22,0,0,0,0,0,0,0,0,0,0,217.953
-1,6/1/50,2:42,0,0,0,114.214,0,24.227,32.569,0,0,14.906,94.476,0,0,0,0,22.5,0,0,0,0,94.937
-1,6/1/50,2:43,0,0,0,165.969,0,28.193,31.906,0,0,11.198,8.288,0,0,0,0,45.016,0,0,0,0,89.295
-1,6/1/50,2:44,0,0,0,0,0,24.683,48.654,0,0,8.919,0,0,0,0,0,38.242,0,0,0,0,198.178
-1,6/1/50,2:45,0,0,0,0,0,18.738,142.124,0,0,13.714,91.184,0,0,80.839,0,159.29,0,0,0,0,70.611
-1,6/1/50,2:46,0,0,0,0,0,33.793,98.23,0,0,56.672,118.658,0,0,106.767,0,92.278,0,0,0,0,129.394
-1,6/1/50,2:47,160.468,0,0,0,0,61.717,0,0,0,23.627,12.139,0,0,105.42,0,67.23,0,0,0,0,147.567
-1,6/1/50,2:48,28.024,0,0,0,0,47.367,0,0,0,0,28.727,0,0,115.522,0,143.434,0,0,0,0,58.972
-1,6/1/50,2:49,153.601,0,0,0,0,91.592,0,0,0,0,24.701,0,0,95.458,0,36.099,0,0,0,0,112.268
-1,6/1/50,2:50,60.063,0,0,0,0,47.662,0,0,0,0,146.59,0,0,135.213,0,19.152,0,0,0,0,151.712
-1,6/1/50,2:51,0,0,0,0,0,0,0,26.779,0,0,89.004,0,0,45.615,0,35.09,0,0,0,0,178.727
-1,6/1/50,2:52,82.31,0,0,0,0,0,0,55.703,0,0,0,0,0,43.898,0,0,0,0,0,0,112.392
-1,6/1/50,2:53,179.272,0,0,0,0,0,0,139.43,0,0,0,0,0,257.103,0,87.176,0,0,0,0,0
-1,6/1/50,2:54,91.046,0,0,0,0,0,0,180.092,0,0,0,0,0,74.55,0,130.8,0,32.31,71.628,0,2.323
-1,6/1/50,2:55,30.477,0,0,0,0,0,0,76.843,0,0,0,0,0,137.077,0,46.694,0,136.346,79.753,0,95.298
-1,6/1/50,2:56,174.487,0,0,58.069,0,40.419,0,135.626,0,11.38,0,0,0,173.129,0,0,0,83.802,36.638,0,78.953
-1,6/1/50,2:57,99.426,0,0,105.705,0,90.271,0,89.801,0,95.83,0,0,0,77.233,0,0,0,113.956,104.452,0,0
-1,6/1/50,2:58,121.65,0,0,37.287,0,0,0,67.897,0,21.596,0,0,0,0,0,29.76,0,74.955,47.294,0,0
-1,6/1/50,2:59,85.502,0,0,50.015,0,0,0,172.929,0,77.304,0,0,0,70.223,0,28.259,88.92,200.802,0,0,0
-1,6/1/50,3:00,101.601,0,0,0,0,0,0,23.05,0,81.727,0,0,0,90.92,0,90.873,67.958,62.267,0,0,0
-1,6/1/50,3:01,0,0,0,0,0,0,0,118.131,0,82.572,0,0,0,24.933,0,58.138,101.659,46.213,31.174,0,130.585
-1,6/1/50,3:02,0,0,0,0,0,0,0,15.337,0,0,0,0,0,102.19,0,144.679,119.936,161.255,77.643,0,88.568
-1,6/1/50,3:03,0,0,0,0,0,0,0,32.679,0,24.217,0,0,0,63.307,0,115.827,60.64,78.317,12.25,0,143.179
-1,6/1/50,3:04,0,0,0,0,0,0,0,45.258,0,25.652,0,0,0,0,0,142.335,140.797,161.962,43.343,0,120.468
-1,6/1/50,3:05,0,0,0,0,0,0,0,79.167,0,0,0,0,0,0,0,98.797,131.722,94.861,0,0,33.697
-1,6/1/50,3:06,0,0,0,0,0,0,0,80.243,0,0,0,0,0,0,0,42.601,169.761,66.298,8.93,0,0
-1,6/1/50,3:07,0,0,0,0,0,0,0,16.883,0,0,0,0,0,4.92,0,110.217,106.043,90.742,12.18,0,0
-1,6/1/50,3:08,0,0,0,0,0,0,0,85.308,0,0,0,0,0,34.739,0,23.006,245.83,91.907,14.876,0,0
-1,6/1/50,3:09,0,0,0,0,0,0,0,103.909,0,0,0,0,0,41.27,0,56.268,87.991,50.259,18.843,0,0
-1,6/1/50,3:10,0,0,0,0,0,0,0,112.672,0,0,0,0,0,42.582,0,56.167,74.099,0,127.498,0,0
-1,6/1/50,3:11,0,0,0,0,0,0,0,76.155,0,0,0,0,0,60.547,0,147.436,17.067,33.645,68.269,0,0
-1,6/1/50,3:12,0,0,0,0,0,0,0,55.667,0,0,0,0,0,28.309,0,183.968,122.104,81.674,89.914,0,0
-1,6/1/50,3:13,0,0,0,0,0,0,0,152.539,0,0,0,0,0,0,0,185.415,74.809,0,103.977,67.675,0
-1,6/1/50,3:14,0,0,0,0,0,0,0,135.807,0,0,0,69.337,0,0,0,53.249,103.479,52.069,52.618,112.085,0
-1,6/1/50,3:15,0,0,0,0,0,0,0,0,0,0,0,0,0,0,0,105.136,130.056,38.13,63.901,74.87,0
-1,6/1/50,3:16,0,0,0,0,3.346,0,0,0,0,0,0,65.072,0,0,0,141.385,143.419,0,77.354,58.398,0
-1,6/1/50,3:17,0,0,22.328,0,123.206,0,0,0,0,0,0,25.167,0,0,0,0,179.928,24.01,88.982,193.729,0
-1,6/1/50,3:18,0,0,118.834,0,163.787,0,0,0,0,0,0,74.41,115.071,0,0,0,182.362,0,77.202,158.112,0
-1,6/1/50,3:19,0,0,93.328,0,228.373,0,0,0,0,0,0,150.961,121.525,10.404,0,0,87.85,0,0,79.664,0
-1,6/1/50,3:20,0,0,105.496,0,163.654,0,0,0,0,0,0,27.57,69.356,0,0,0,234.662,0,0,83.087,0
-1,6/1/50,3:21,0,0,108.61,0,153.436,0,0,0,0,0,0,50.738,101.778,0,0,0,165.804,0,0,108.74,0
-1,6/1/50,3:22,0,0,164.118,0,149.289,0,0,11.702,0,0,0,81.575,47.959,22.958,0,0,101.824,0,0,145.396,0
-1,6/1/50,3:23,0,0,259.187,0,53.741,0,0,148.72,0,0,0,115.871,159.526,78.688,0,9.097,171.011,0,0,91.992,0
-1,6/1/50,3:24,0,112.99,192.481,0,68.704,0,0,88.027,0,0,0,131.957,50.323,128.38,0,147.228,148.722,0,0,28.01,0
-1,6/1/50,3:25,0,123.894,70.659,0,146.062,0,0,127.659,0,0,0,199.682,80.805,0,0,94.704,114.658,0,0,87.74,0
-1,6/1/50,3:26,0,120.322,0,0,52.086,0,0,56.221,0,0,0,198.007,118.219,0,0,61.239,83.201,0,0,134.815,0
-1,6/1/50,3:27,0,114.194,0,0,194.316,0,0,34.295,0,0,0,112.113,101.506,0,0,73.438,10.884,0,0,36.672,0
-1,6/1/50,3:28,0,153.846,0,0,45.984,0,0,59.659,0,0,0,94.988,98.387,0,0,141.494,173.199,0,0,0,0
-1,6/1/50,3:29,0,93.259,0,0,27.238,0,0,0,0,0,0,106.747,144.688,0,0,112.453,32.294,0,0,0,0
-1,6/1/50,3:30,0,148.121,0,0,126.061,0,0,148.6,0,0,0,23.938,88.077,0,0,97.736,64.97,0,0,33.373,0
-1,6/1/50,3:31,0,69.671,0,0,38.597,0,0,71.738,0,0,0,0,113.464,0,0,94.405,86.125,0,0,58.56,0
-1,6/1/50,3:32,0,183.671,0,0,76.448,0,0,58.65,0,0,0,0,153.692,0,0,8.166,99.939,0,0,0,0
-1,6/1/50,3:33,0,198.038,28.298,0,24.053,0,0,0,0,0,0,0,60.614,0,0,0,31.975,0,0,85.271,0
-1,6/1/50,3:34,0,57.068,86.976,0,44.619,0,0,0,0,0,0,0,48.404,0,0,0,46.917,0,0,95.821,0
-1,6/1/50,3:35,0,55.274,62.349,0,118.842,0,0,58.518,0,0,0,0,13.384,0,0,0,43.235,0,0,71.052,0
-1,6/1/50,3:36,0,231.595,95.265,0,57.304,0,0,96.32,0,0,0,0,0,0,0,0,158.6,0,0,45.092,0
-1,6/1/50,3:37,0,102.83,110.18,0,42.212,0,108.119,35.891,0,0,0,0,0,0,0,0,98.434,0,0,64.421,0
-1,6/1/50,3:38,0,27.8,0,0,88.78,0,107.185,0,0,0,0,0,77.657,0,0,0,56.312,0,0,26.079,0
-1,6/1/50,3:39,0,0,0,0,89.785,90.561,0,0,0,0,0,0,16.221,0,0,0,58.69,0,0,25.033,0
-1,6/1/50,3:40,0,52.798,0,0,17.54,0,0,0,0,0,0,0,64.628,0,0,0,43.051,0,0,0,0
-1,6/1/50,3:41,0,131.603,0,0,0,0,77.371,0,0,0,0,0,64.989,0,0,0,90.277,0,0,0,0
-1,6/1/50,3:42,0,116.554,0,0,0,0,76.107,0,0,0,0,0,102.061,0,0,0,0,0,0,0,0
-1,6/1/50,3:43,0,160.602,0,0,0,0,36.292,0,0,0,0,0,43.849,0,0,0,0,0,0,0,0
-1,6/1/50,3:44,0,149.949,0,0,0,0,69.34,0,0,0,0,0,82.788,0,0,0,0,0,0,0,0
-1,6/1/50,3:45,0,204.186,0,0,0,72.551,50.99,0,0,0,0,0,8.892,0,0,0,0,0,0,0,0
-1,6/1/50,3:46,0,138.585,0,0,0,116.877,0,0,0,0,0,0,114.999,0,0,0,0,0,0,36.161,0
-1,6/1/50,3:47,0,170.612,0,0,0,125.695,0,0,0,0,0,0,42.049,0,0,0,0,0,0,74.557,0
-1,6/1/50,3:48,0,146.254,0,0,0,79.554,0,0,0,0,0,0,75.106,0,0,0,0,0,0,40.245,0
-1,6/1/50,3:49,0,61.78,0,0,0,116.983,0,0,0,0,0,0,46.452,0,0,0,0,0,0,0,0
-1,6/1/50,3:50,28.315,107.822,0,0,0,58.352,0,0,0,0,0,0,52.096,0,0,0,0,0,0,0,0
-1,6/1/50,3:51,139.116,137.795,0,0,0,34.2,0,0,0,0,0,0,56.543,0,0,0,0,0,0,0,0
-1,6/1/50,3:52,40.978,168.859,0,0,0,37.783,0,0,0,0,0,0,65.625,0,0,0,0,0,0,0,0
-1,6/1/50,3:53,117.243,166.524,0,0,0,22.899,0,0,0,0,0,0,73.899,0,0,0,0,0,0,0,0
-1,6/1/50,3:54,296.242,197.82,0,0,0,78.07,0,0,0,0,0,0,39.897,0,0,0,0,0,0,0,0
-1,6/1/50,3:55,60.053,52.028,0,0,0,96.107,0,0,0,0,0,0,153.447,0,0,0,0,0,0,0,0
-1,6/1/50,3:56,126.84,96.082,0,0,0,138.822,0,0,0,0,0,0,67.198,0,56.675,0,0,0,0,0,0
-1,6/1/50,3:57,148.735,107.367,0,0,0,103.607,0,0,0,0,0,0,30.483,0,175.996,0,0,0,0,0,0
-1,6/1/50,3:58,15.455,0,0,0,0,41.874,0,0,0,0,0,0,35.547,0,212.504,0,0,0,0,0,0
-1,6/1/50,3:59,107.913,193.311,0,0,0,0,0,0,0,0,0,0,85.757,0,111.917,0,0,0,0,0,0
-1,6/1/50,4:00,41.85,112.169,0,0,0,0,0,0,0,0,0,0,87.472,0,121.717,0,0,0,0,0,0
-1,6/1/50,4:01,183.684,103.419,0,0,0,0,0,0,0,0,66.259,0,65.436,0,76.4,0,0,0,0,0,0
-1,6/1/50,4:02,36.833,47.711,0,0,0,0,0,0,0,0,103.674,0,50.968,0,151.02,0,0,0,0,0,0
-1,6/1/50,4:03,151.125,75.422,0,0,0,0,0,0,0,0,161.305,0,84.611,0,217.248,0,0,63.057,0,0,0
-1,6/1/50,4:04,14.938,174.594,0,0,0,0,0,0,0,0,60.859,0,80.676,0,96.712,0,0,162.034,0,0,0
-1,6/1/50,4:05,86.661,183.332,0,0,0,0,0,0,0,0,1.74,0,117.449,0,36.814,0,0,0,0,0,0
-1,6/1/50,4:06,85.424,80.437,0,0,0,0,0,0,0,0,84.452,0,24.717,0,40.568,0,0,56.714,0,0,0
-1,6/1/50,4:07,14.536,36.527,0,0,0,0,0,0,0,0,60.549,0,33.588,0,33.116,0,0,70.071,0,0,0
-1,6/1/50,4:08,192.239,40.463,0,0,0,0,0,0,0,0,0,0,0,0,36.036,0,0,42.797,0,0,0
-1,6/1/50,4:09,77.669,70.045,0,0,0,0,0,0,0,0,69.219,0,0,0,54.895,0,0,63.447,0,0,0
-1,6/1/50,4:10,0,196.052,0,75.488,0,0,0,0,0,0,101.62,0,0,0,59.233,0,0,31.534,0,0,0
-1,6/1/50,4:11,180.186,0,0,156.773,0,0,0,0,0,0,71.386,0,0,0,97.693,0,0,16.563,0,0,0
-1,6/1/50,4:12,169.815,74.878,0,15.869,0,0,0,0,0,0,0,0,0,0,126.586,0,0,0,0,0,0
-1,6/1/50,4:13,64.148,208.939,0,135.845,0,0,0,0,0,0,0,0,0,0,79.096,0,0,0,0,0,0
-1,6/1/50,4:14,205.075,52.672,0,84.957,0,0,0,0,0,0,0,0,0,0,24.189,0,0,101.894,0,0,0
-1,6/1/50,4:15,81.626,162.341,0,160.02,0,0,0,0,0,0,0,0,0,0,23.419,0,0,38.072,0,0,0
-1,6/1/50,4:16,39.365,97.303,0,152.706,0,0,0,0,0,0,0,0,0,0,19.812,0,0,129.913,0,0,0
-1,6/1/50,4:17,152.504,43.174,0,91.805,0,0,0,0,0,0,0,0,0,0,44.6,0,0,0,28.224,0,0
-1,6/1/50,4:18,112.106,57.272,0,124.412,0,0,0,0,0,0,0,0,0,0,20.391,0,0,0,75.391,0,61.044
-1,6/1/50,4:19,265.156,75.58,0,26.344,0,0,0,0,0,0,0,0,0,0,115.817,0,0,36.952,46.951,0,145.917
-1,6/1/50,4:20,119.335,112.751,0,18.183,0,0,0,0,0,19.656,0,0,0,103.758,158.333,0,0,77.763,0,0,186.785
-1,6/1/50,4:21,151.049,85.053,0,27.358,0,0,0,0,0,50.167,0,0,0,68.257,0,0,0,22.153,0,0,146.13
-1,6/1/50,4:22,107.898,79.827,0,37.549,0,0,0,0,0,14.543,0,0,0,202.42,56.106,0,0,38.694,80.572,0,124.025
-1,6/1/50,4:23,133.09,108.204,0,121.856,0,0,0,0,0,17.963,0,0,0,134.823,105.092,0,0,0,0,0,139.052
-1,6/1/50,4:24,65.958,87.174,0,77.957,0,0,0,0,0,21.986,0,0,0,146.737,29.3,0,0,74.473,0,0,130.019
-1,6/1/50,4:25,169.371,82.185,0,41.422,0,0,0,0,35.716,12.693,0,0,0,124.566,69.916,0,0,111.304,22.263,0,103.169
-1,6/1/50,4:26,0,177.978,0,140.337,0,0,46.545,0,39.42,21.74,0,0,0,155.271,63.212,0,0,21.638,34.705,0,79.293
-1,6/1/50,4:27,102.086,31.34,0,19.812,0,0,108.476,0,56.24,105.724,0,0,0,98.668,34.732,0,0,85.87,85.885,0,117.265
-1,6/1/50,4:28,149.167,100.454,0,0,0,0,107.288,0,41.667,96.563,0,47.442,0,113.871,41.409,0,0,66.537,97.244,0,112.876
-1,6/1/50,4:29,94.365,138.771,0,98.913,0,0,40.35,0,29.967,51.228,0,145.835,0,57.976,52.754,0,0,0,94.086,0,94.203
-1,6/1/50,4:30,211.443,93.319,0,20.308,0,0,76.249,0,78.094,29.143,0,101.328,0,42.73,33.669,0,0,4.052,131.219,0,0
-1,6/1/50,4:31,166.671,137.643,0,16.891,0,0,63.766,0,47.607,14.204,0,0,0,0,0,0,0,51.783,29.19,0,0
-1,6/1/50,4:32,114.478,213.077,0,21.593,0,0,136.452,0,3.357,21.528,0,0,0,0,33.324,0,0,41.551,96.447,0,0
-1,6/1/50,4:33,46.848,256.126,0,28.652,0,0,129.297,0,18.224,14.112,0,23.527,0,35.831,140.778,0,0,13.917,70.034,0,109.41
-1,6/1/50,4:34,74.732,148.064,0,34.173,0,0,29.949,0,64.399,27.525,0,0,0,77.195,0,0,0,23.339,79.972,0,91.902
-1,6/1/50,4:35,50.319,165.826,0,119.859,19.071,0,51.917,0,40.568,132.199,0,0,0,134.695,0,0,0,27.803,65.782,0,77.414
-1,6/1/50,4:36,49.86,135.444,0,132.511,125.756,0,29.339,0,44.415,13.689,0,0,0,86.262,0,0,0,38.6,123.789,0,35.44
-1,6/1/50,4:37,22.156,93.127,0,95.89,163.754,0,83.406,0,0,23.437,0,0,0,0,0,0,0,23.811,50.322,0,35.982
-1,6/1/50,4:38,134.73,159.981,31.231,88.274,123.386,0,106.662,0,12.851,16.86,0,0,0,17.206,0,0,0,97.087,77.346,0,20.513
-1,6/1/50,4:39,191.199,54.258,144.765,141.411,190.312,0,75.98,0,16.575,42.521,0,0,0,40.446,0,0,0,28.222,62.647,0,27.571
-1,6/1/50,4:40,10.825,60.865,167.336,88.69,171.528,0,32.872,0,77.283,100.014,0,13.841,0,174.075,0,0,0,122.912,33.372,92.866,31.121
-1,6/1/50,4:41,116.928,43.711,183.872,47.037,130.599,0,58.821,0,45.321,53.662,0,48.306,0,0,0,0,0,59.827,126.065,48.244,164.078
-1,6/1/50,4:42,68.744,222.07,187.631,119.368,131.086,0,90.277,87.224,0,63.051,0,62.935,0,99.693,0,0,0,112.583,76.727,52.469,166.253
-1,6/1/50,4:43,77.046,117.138,158.154,153.874,87.002,0,88.498,119.498,0,118.592,0,85.783,0,47.838,0,0,0,86.675,41.369,73.616,198.249
-1,6/1/50,4:44,31.084,113.523,178.913,154.951,130.41,0,0,87.81,0,78.997,0,35.318,0,119.017,0,0,0,110.441,99.001,123.759,162.107
-1,6/1/50,4:45,60.738,44.147,40.887,44.407,110.298,0,0,187.144,0,1.065,0,98.172,0,60.314,0,0,0,174.532,49.823,91.344,165.452
-1,6/1/50,4:46,61.786,78.146,147.635,123.341,141.077,0,0,61.257,0,54.736,0,101.162,0,43.989,0,0,0,123.806,68.419,89.122,114.039
-1,6/1/50,4:47,61.498,116.107,185.068,82.762,144.284,0,0,149.644,0,0,0,57.227,0,170.843,0,0,0,158.521,185.289,27.382,212.584
-1,6/1/50,4:48,125.044,70.749,155.395,41.549,102.147,0,0,35.371,0,43.826,0,173.466,0,5.539,0,0,0,144.826,82.357,62.041,197.815
-1,6/1/50,4:49,94.026,38.66,73.56,0,106.481,0,0,67.706,0,60.075,0,29.901,0,17.505,0,0,0,150.721,55.528,127.361,83.085
-1,6/1/50,4:50,37.527,118.294,140.25,17.084,139.923,0,0,126.173,0,70.542,0,62.234,0,55.903,0,0,0,26.456,0,7.816,131.246
-1,6/1/50,4:51,16.048,39.584,80.682,216.917,92.205,0,0,85.495,0,43.678,0,0,0,87.867,0,0,0,25.373,38.021,26.854,0
-1,6/1/50,4:52,85.644,10.323,167.887,137.164,190.584,0,0,35.944,0,0,0,0,0,41.674,0,0,0,23.998,159.79,159.892,21.607
-1,6/1/50,4:53,162.162,46.929,30.788,55.774,34.522,12.796,0,0,0,40.377,0,0,0,16.024,0,0,0,28.754,91.896,87.533,65.389
-1,6/1/50,4:54,65.742,149.052,42.019,42.747,93.686,79.268,0,0,0,0,0,0,0,0,0,65.239,0,35.838,75.461,73.79,116.714
-1,6/1/50,4:55,0,171.143,12.366,0,47.727,157.931,0,0,0,0,0,0,0,91.338,0,158.295,0,38.867,8.322,70.836,170.435
-1,6/1/50,4:56,34.194,65.184,22.198,0,66.351,54.032,0,0,0,23.54,0,0,0,76.584,0,139.583,0,52.92,92.128,67.816,104.883
-1,6/1/50,4:57,0,150.804,183.456,0,92.469,142.74,0,2.687,0,91.909,0,70.212,0,101.511,0,87.487,0,96.8,81.148,23.375,43.811
-1,6/1/50,4:58,246.705,172.1,127.878,0,44.18,153.773,0,156.276,0,36.659,0,0,0,0,0,146.229,0,85.681,182.671,0,39.379
-1,6/1/50,4:59,174.646,38.622,171.217,0,86.441,91.353,0,161.895,0,15.467,0,136.927,75.741,8.723,0,137.36,0,0,90.832,64.83,0
-1,6/1/50,5:00,27.844,0,135.019,0,169.773,53.798,0,56.07,0,50.322,0,59.588,48.94,0,0,135.225,0,0,82.113,31.587,0
-1,6/1/50,5:01,62.383,0,187.46,0,59.481,31.317,0,42.456,0,43.029,25.907,40.118,119.897,0,0,104.338,0,0,72.323,43.394,60.44
-1,6/1/50,5:02,228.462,0,54.798,0,86.944,79.122,0,36.81,0,42.553,70.316,46.18,124.813,0,0,116.411,0,0,0,120.014,97.683
-1,6/1/50,5:03,72.467,0,142.759,0,132.761,13.111,0,3.538,0,13.564,163.883,116.782,89.348,0,0,5.692,0,0,0,45.187,198.743
-1,6/1/50,5:04,120.921,0,139.247,0,0.77,56.488,0,143.755,0,12.918,77.444,131.027,121.993,0,0,14.055,0,0,47.339,73.904,95.305
-1,6/1/50,5:05,15.038,0,158.607,0,143.954,72.659,0,10.148,0,13.207,76.245,0,83.657,0,0,84.958,0,0,65.539,0,10.133
-1,6/1/50,5:06,43.46,87.062,236.247,0,115.674,128.309,0,122.063,0,47.415,88.171,0,187.724,0,0,2.059,0,0,58.865,0,110.158
-1,6/1/50,5:07,0,148.793,99.367,0,0,97.692,0,148.82,0,66.069,124.507,0,48.967,0,0,74.78,0,0,0,74.061,67.489
-1,6/1/50,5:08,0,81.361,39.805,0,23.203,98.564,0,36.996,0,24.434,63.686,0,0,0,0,31.783,0,0,0,123.049,0
-1,6/1/50,5:09,125.48,135.405,153.29,0,43.816,26.956,0,15.69,0,38.514,51.489,0,0,0,0,0,0,0,0,34.319,0
-1,6/1/50,5:10,190.084,271.957,125.408,0,116.029,63.424,0,12.255,0,59.464,86.168,0,0,0,0,55.353,0,0,15.769,36.1,0
-1,6/1/50,5:11,37.074,0,159.787,0,39.085,25.882,0,85.675,0,68.129,113.809,0,42.371,0,0,21.818,0,0,0,101.133,0
-1,6/1/50,5:12,87.771,0,70.343,0,0,65.382,0,117.456,0,11.277,0,0,62.707,0,0,31.049,0,0,34.555,88.442,0
-1,6/1/50,5:13,117.82,91.108,162.214,0,0,25.162,0,58.859,0,18.146,0,0,1.305,0,0,107.02,105.228,0,64.252,9.904,100.017
-1,6/1/50,5:14,136.945,0,166.285,0,0,34.279,0,54.392,0,18.382,57.287,0,93.325,0,0,141.39,114.339,0,50.486,34.572,134.595
-1,6/1/50,5:15,0,0,104.67,0,0,37.753,0,1.914,0,13.802,40.258,0,65.465,0,0,120.662,0,0,71.863,120.848,23.745
-1,6/1/50,5:16,0,0,105.034,0,0,16.866,0,96.968,0,11.925,39.682,0,93.776,0,0,0,105.662,0,70.927,34.889,0
-1,6/1/50,5:17,0,0,78.838,0,75.287,24.139,0,114.551,0,10.954,67.36,0,69.097,0,0,73.008,118.54,0,130.106,0,0
-1,6/1/50,5:18,23.651,0,38.493,0,83.899,20.735,0,121.427,0,77.787,79.468,0,99.254,0,0,166.263,139.851,0,76.655,0,74.512
-1,6/1/50,5:19,199.829,0,131.089,0,165.271,19.103,0,34.734,0,39.837,0,0,103.222,0,0,53.604,219.656,0,99.776,51.495,257.774
-1,6/1/50,5:20,94.459,0,175.194,0,32.719,28.193,0,82.178,0,40.429,0,0,114.544,0,0,0,245.837,0,20.783,184.978,172.455
-1,6/1/50,5:21,131.459,0,164.761,0,0,23.048,0,39.048,0,52.671,17.107,0,78.164,0,0,0,200.872,0,0,103.222,135.231
-1,6/1/50,5:22,78.676,0,108.187,0,0,30.763,41.166,61.368,0,36.699,26.837,0,84.621,0,0,0,237.516,0,41.691,56.34,116.207
-1,6/1/50,5:23,0,0,95.108,0,0,32.467,104.497,77.099,0,20.379,0,0,138.3,0,0,0,277.872,0,115.128,24.26,171.165
-1,6/1/50,5:24,93.898,0,107.408,0,0,53.657,128.612,185.197,0,28.349,0,0,153.445,0,64.126,0,274.518,0,78.281,64.822,35.046
-1,6/1/50,5:25,113.146,0,20.439,0,0,101.723,89.541,64.528,0,58.467,0,0,105.234,0,120.744,0,120.169,0,64.142,149.342,11.408
-1,6/1/50,5:26,76.872,0,136.565,0,0,130.381,152.172,54.633,0,57.831,0,0,75.71,0,157.721,0,118.498,0,0,42.482,152.667
-1,6/1/50,5:27,189.641,0,110.73,0,0,142.536,72.285,30.407,0,130.995,0,0,170.084,0,152.045,0,195.389,0,0,13.732,142.72
-1,6/1/50,5:28,57.315,0,193.424,0,0,67.282,117.082,29.884,0,102.67,40.435,0,134.212,0,229.64,0,274.95,0,4.564,65.596,80.78
-1,6/1/50,5:29,37.38,0,266.432,0,0,79.832,97.213,151.5,0,94.101,93.352,0,55.616,0,175.425,0,101.578,0,54.275,112.761,61.852
-1,6/1/50,5:30,184.176,0,83.745,0,0,0,76.498,52.053,0,127.635,60.421,0,24.033,0,157.381,0,111.176,0,26.639,80.938,45.573
-1,6/1/50,5:31,20.742,0,113.65,0,0,0,124.446,77.304,0,50.451,49.248,0,178.519,0,88.441,0,183.278,0,24.617,37.747,74.26
-1,6/1/50,5:32,68.723,0,34.417,0,0,83.909,56.439,36.963,0,12.623,66.551,0,51.369,0,121.446,0,23.598,0,76.404,7.038,31.096
-1,6/1/50,5:33,45.672,0,180.473,0,0,43.267,103.687,23.831,0,8.617,0,0,159.831,0,81.484,0,200.219,0,51.464,67.332,100.888
-1,6/1/50,5:34,153.828,0,263.992,0,0,21.076,57.073,29.148,0,18.871,39.823,0,113.904,0,239.103,0,13.967,0,113.666,29.54,100.507
-1,6/1/50,5:35,129.5,0,184.984,0,0,28.351,100.552,0,0,57.175,35.498,0,215.304,0,17.832,0,66.669,0,85.819,87.698,75.295
-1,6/1/50,5:36,71.392,0,57.615,0,0,41.596,99.709,0,0,66.521,23.148,0,95.807,0,82.976,0,183.842,0,84.113,0,97.414
-1,6/1/50,5:37,131.242,0,136.922,0,0,75.786,75.674,129.373,68.313,72.253,57.244,0,0,0,39.357,0,96.69,0,71.094,0,0
-1,6/1/50,5:38,190.203,0,153.351,0,0,31.976,32.515,75.107,10.591,41.762,42.372,0,103.513,0,61.338,0,194.62,0,11.411,0,79.19
-1,6/1/50,5:39,77.89,0,106.465,0,0,13.079,116.91,126.427,0,40.792,60.958,0,20.439,0,66.025,0,102.535,0,136.814,0,0
-1,6/1/50,5:40,76.752,0,0,0,0,40.894,26.657,29.37,0,30.968,63.805,0,171.654,119.452,162.964,0,92.018,0,102.488,0,0
-1,6/1/50,5:41,0,0,0,0,0,67.104,0,0,89.45,26.557,0,0,142.038,98.966,163.776,0,157.008,0,101.78,0,0
-1,6/1/50,5:42,0,0,0,0,0,118.506,0,93.815,30.646,57.701,0,0,129.977,142.009,116.211,0,237.283,0,230.507,0,0
-1,6/1/50,5:43,0,0,20.211,0,0,79.702,68.419,143.869,41.641,100.179,0,0,74.645,99.68,100.412,0,109.445,17.389,62.958,0,0
-1,6/1/50,5:44,0,0,223.414,0,0,4.569,77.663,149.024,34.681,32.582,65.575,0,0,152.427,55.081,0,143.416,156.603,26.109,0,0
-1,6/1/50,5:45,0,0,16.039,0,0,13.861,25.449,0,56.073,139.927,23.713,0,0,52.361,17.642,0,198.729,84.179,31.771,0,0
-1,6/1/50,5:46,0,0,84.4,0,0,8.805,38.643,0,104.06,150.75,0,0,0,105.098,23.337,0,112.268,145.339,52.623,0,0
-1,6/1/50,5:47,0,0,58.58,0,0,34.392,84.689,0,32.31,36.037,0,0,0,72.942,129.268,0,246.709,30.739,25.631,0,0
-1,6/1/50,5:48,0,0,124.228,0,0,0,99.785,0,28.383,40.828,10.991,0,0,111.55,93.312,0,80.003,55.028,0,0,0
-1,6/1/50,5:49,142.269,0,157.942,0,0,0,44.613,0,15.522,92.093,54.069,0,0,157.618,42.514,0,201.279,102.6,0,0,0
-1,6/1/50,5:50,76.138,0,68.586,0,0,0,71.616,0,59.603,23.72,0,0,0,27.854,32.22,0,68.459,52.127,0,0,0
-1,6/1/50,5:51,227.644,0,117.958,0,0,0,41.313,0,37.981,0,107.273,0,0,132.907,35.15,0,80.968,0,0,0,0
-1,6/1/50,5:52,280.611,0,164.773,0,0,0,50.125,0,29.424,46.025,84.176,0,0,0,101.055,0,95.019,0,0,0,0
-1,6/1/50,5:53,109.822,0,1.478,0,0,0,193.942,0,86.312,65.522,0,0,0,0,31.999,0,167.624,156.727,0,0,0
-1,6/1/50,5:54,20.393,0,0,128.23,0,0,83.919,0,71.625,117.157,0,0,0,36.608,155.103,0,198.722,34.603,0,0,0
-1,6/1/50,5:55,36.941,0,34.632,112.701,0,0,35.41,0,74.283,0,0,0,0,0,56.511,0,138.326,0,0,0,0
-1,6/1/50,5:56,0,0,75.508,57.452,0,0,69.725,0,27.726,0,0,0,0,68.809,42.591,0,167.75,108.076,0,0,0
-1,6/1/50,5:57,0,0,115.675,77.424,0,0,141.952,0,34.807,0,0,0,0,22.45,26.606,0,177.238,121.303,0,0,0
-1,6/1/50,5:58,37.569,0,92.915,161.995,0,0,0,0,44.93,0,0,54.879,0,62.89,151.342,0,13.57,169.805,0,0,0
-1,6/1/50,5:59,118.861,0,127.429,123.299,0,0,0,0,57.313,0,0,73.232,0,94.312,149.332,0,116.754,27.73,0,0,0
0,6/1/50,6:00,240.36,0,84.822,105.73,0,0,0,0,60.17,0,0,222.721,0,92.004,76.31,0,85.971,75.941,0,0,0
0,6/1/50,6:01,134.29,0,0,11.396,0,0,0,0,61.497,0,0,128.518,0,88.591,105.144,0,105.123,55.318,0,0,0
0,6/1/50,6:02,217.131,0,0,94.879,0,0,0,0,45.332,0,0,41.587,0,149.49,15.853,0,173.668,24.297,0,0,0
0,6/1/50,6:03,119.716,0,16.759,66.614,0,0,0,0,91.637,0,0,171.741,0,138.607,82.514,0,157.316,29.141,0,0,0
0,6/1/50,6:04,67.04,0,6.138,174.842,0,0,0,0,93.211,0,0,115.591,0,114.476,85.013,0,74.099,94.894,0,0,0
0,6/1/50,6:05,0,0,81.648,9.16,0,0,0,0,116.309,0,0,99.117,0,48.241,0,0,79.336,129.87,0,0,0
0,6/1/50,6:06,0,0,8.745,118.781,0,0,0,0,13.394,0,0,64.1,0,65.559,0,0,156.379,97.02,0,0,0
0,6/1/50,6:07,0,0,23.634,154.51,0,0,0,0,90.551,0,0,31.197,0,32.576,0,0,0,0,0,0,0
0,6/1/50,6:08,0,0,33.708,164.519,0,0,0,0,25.533,0,0,29.305,0,0,0,0,100.764,0,0,0,0
0,6/1/50,6:09,0,0,0,137.7,0,0,0,27.42,0,0,0,64.461,0,0,0,0,199.754,53.125,0,0,0
0,6/1/50,6:10,0,0,0,123.631,0,0,0,39.876,0,0,0,35.477,0,0,0,0,68.664,0,0,0,0
0,6/1/50,6:11,0,0,0,24.139,0,0,0,101.188,0,0,0,21.204,0,0,0,0,0,0,0,0,0
0,6/1/50,6:12,0,0,0,139.511,0,0,0,87.928,0,0,0,121.452,0,0,0,0,8.338,0,0,0,0
0,6/1/50,6:13,0,0,0,61.769,0,0,0,64.028,0,0,0,48.766,0,5.976,0,0,65.422,13.364,0,0,0
0,6/1/50,6:14,0,0,0,37.905,0,0,0,34.07,0,0,0,58.057,0,0,0,0,78.683,76.494,0,0,0
0,6/1/50,6:15,0,0,0,51.764,0,0,0,88.177,0,0,0,8.136,0,0,0,0,47.919,66.756,0,0,0
0,6/1/50,6:16,0,0,0,59.206,0,0,0,59.074,0,0,0,33.06,0,0,0,0,50.576,12.882,0,0,0
0,6/1/50,6:17,0,0,0,0,0,0,0,27.223,0,0,0,105.87,0,0,0,0,38.095,0,0,0,0
0,6/1/50,6:18,0,0,0,0,0,0,0,0,0,0,0,57.652,0,0,0,0,39.389,0,0,0,0
0,6/1/50,6:19,0,0,0,0,0,0,0,0,0,0,0,123.273,0,0,0,0,34.113,0,0,0,0
0,6/1/50,6:20,0,0,0,0,0,0,0,0,0,0,0,87.036,0,0,0,0,121.267,0,0,0,0
0,6/1/50,6:21,0,0,0,0,0,0,0,0,0,0,0,52.261,0,0,0,0,0,0,0,0,0
0,6/1/50,6:22,0,0,0,0,0,0,0,0,0,0,0,98.197,0,0,0,0,0,0,0,0,0
0,6/1/50,6:23,0,0,0,0,0,0,0,0,0,0,0,85.19,0,0,0,0,156.303,0,0,0,0
0,6/1/50,6:24,0,0,0,0,0,0,0,0,0,0,0,144.147,0,0,0,0,75.512,0,0,0,0
0,6/1/50,6:25,0,0,0,0,0,0,0,0,0,0,0,0,0,0,0,0,179.187,0,0,0,0
0,6/1/50,6:26,0,0,0,0,0,0,0,0,0,0,0,0,0,0,0,0,164.144,0,0,0,0
0,6/1/50,6:27,0,0,0,0,0,0,0,0,0,0,0,0,0,0,0,0,158.674,0,0,0,0
0,6/1/50,6:28,0,0,0,0,0,0,0,0,0,0,0,0,0,0,0,0,195.574,0,0,0,0
0,6/1/50,6:29,0,0,0,0,0,0,0,0,0,0,0,0,0,0,0,0,0,0,0,0,0
0,6/1/50,6:30,0,0,0,0,0,0,0,0,0,0,0,0,0,0,0,0,0,0,0,0,0
0,6/1/50,6:31,0,0,0,0,0,0,0,0,0,0,0,0,0,0,0,0,0,0,0,0,0
0,6/1/50,6:32,0,0,0,0,0,0,0,0,0,0,0,0,0,0,0,106.507,0,0,0,0,0
0,6/1/50,6:33,0,0,0,0,0,0,0,0,0,0,0,0,0,0,0,125.871,0,0,0,0,0
0,6/1/50,6:34,0,0,0,0,0,0,0,0,0,0,0,0,0,0,0,19.448,0,0,0,0,0
0,6/1/50,6:35,0,0,0,0,0,0,0,0,0,0,0,0,0,0,0,44.554,0,0,0,0,0
0,6/1/50,6:36,0,0,0,0,0,0,0,0,0,0,0,0,0,0,0,163.078,0,0,0,0,0
0,6/1/50,6:37,0,92.828,0,0,0,0,0,0,0,0,0,0,0,0,0,0,0,0,0,0,0
0,6/1/50,6:38,0,51.904,0,0,0,0,0,0,0,0,0,0,0,0,0,0,0,0,0,0,0
0,6/1/50,6:39,0,78.328,0,0,0,0,0,0,0,0,0,0,0,0,0,40.653,0,0,0,0,0
0,6/1/50,6:40,0,207.499,0,0,0,0,0,0,0,0,0,0,0,0,0,88.082,0,0,0,0,0
0,6/1/50,6:41,0,12.408,0,0,0,0,0,0,0,46.976,0,0,0,0,0,101.411,0,0,0,0,0
0,6/1/50,6:42,0,41.429,0,0,0,0,0,0,0,17.163,0,0,0,0,0,153.339,0,0,0,0,0
0,6/1/50,6:43,0,154.479,0,0,0,0,0,0,0,17.349,0,0,19.844,0,0,96.15,0,0,0,0,0
0,6/1/50,6:44,0,156.871,0,0,0,0,0,0,0,76.389,0,0,87.892,0,0,7.005,0,0,0,0,0
0,6/1/50,6:45,0,107.038,0,0,0,0,0,0,0,83.589,0,0,114.954,0,0,155.036,0,0,0,0,0
0,6/1/50,6:46,0,63.547,0,0,0,0,0,0,0,25.728,0,0,13.161,0,0,0,0,0,0,0,0
0,6/1/50,6:47,0,8.611,0,0,0,0,0,0,0,0,0,0,54.276,0,0,13.506,0,0,0,0,0
0,6/1/50,6:48,0,23.979,0,0,0,0,0,0,0,43.36,0,0,206.004,0,0,48.389,0,0,0,0,0
0,6/1/50,6:49,0,56.386,0,0,0,0,0,0,0,16.105,0,0,43.953,0,0,0,0,0,0,0,0
0,6/1/50,6:50,0,45.822,0,0,0,0,0,0,0,10.709,0,0,71.7,0,0,0,0,0,0,0,0
0,6/1/50,6:51,0,75.306,0,0,0,0,0,0,0,40.026,0,0,113.549,0,0,0,0,0,0,0,0
0,6/1/50,6:52,0,63.834,0,0,0,0,0,0,0,78.645,0,0,54.729,0,0,0,0,0,0,0,0
0,6/1/50,6:53,0,0,0,0,0,0,0,0,0,28.746,0,0,41.132,0,0,0,0,0,0,0,0
0,6/1/50,6:54,0,95.099,0,0,0,0,0,0,0,65.957,0,0,43.005,0,0,0,0,0,0,0,0
0,6/1/50,6:55,0,64.583,0,0,0,0,0,0,0,48.107,0,0,38.108,0,0,0,0,0,0,0,0
0,6/1/50,6:56,0,18.827,0,0,0,0,0,0,0,29.277,0,0,174.916,0,0,0,0,0,0,0,0
0,6/1/50,6:57,0,62.522,0,0,0,0,0,0,0,27.742,0,0,186.167,0,0,0,0,0,0,0,0
0,6/1/50,6:58,0,70.442,0,0,0,0,0,0,0,0,0,0,180.889,0,0,0,0,0,0,0,0
0,6/1/50,6:59,0,0,0,0,0,0,0,0,0,0,0,0,173.656,0,0,0,0,0,0,0,0
0,6/1/50,7:00,0,0,0,0,0,0,0,2.365,0,0,0,0,114.565,0,0,0,0,0,0,0,0
0,6/1/50,7:01,0,0,0,0,0,44.481,44.54,94.114,0,0,0,0,37.753,0,0,0,0,0,0,0,0
0,6/1/50,7:02,0,0,0,0,0,28.537,79.843,53.581,0,0,0,0,185.174,0,0,0,0,0,0,0,0
0,6/1/50,7:03,0,0,0,0,0,27.931,77.717,0,0,0,0,0,194.31,0,0,0,0,0,0,0,0
0,6/1/50,7:04,0,0,0,0,0,69.239,57.084,0,0,0,0,0,158.38,0,0,0,0,0,0,0,0
0,6/1/50,7:05,0,0,0,0,0,24.437,133.33,0,0,0,0,0,20.271,0,0,0,0,0,0,0,0
0,6/1/50,7:06,0,73.198,0,0,0,19.288,36.761,0,0,0,0,0,17.512,0,0,0,0,0,0,0,0
0,6/1/50,7:07,0,49.126,0,0,0,168.497,51.545,0,0,0,84.939,0,179.464,0,0,0,0,0,0,0,0
0,6/1/50,7:08,0,22.884,0,0,0,57.36,51.719,0,0,0,63.517,0,132.324,0,0,0,0,0,0,0,0
0,6/1/50,7:09,0,0,0,0,0,51.996,84.071,0,0,0,90.972,0,134.487,0,0,0,0,0,0,0,0
0,6/1/50,7:10,0,0,0,0,0,71.118,27.635,0,0,0,114.967,0,34.824,0,0,0,0,0,0,0,0
0,6/1/50,7:11,0,0,0,0,0,21.094,21.4,0,0,0,51.128,0,40.76,0,0,0,0,0,0,0,0
0,6/1/50,7:12,0,0,0,0,0,23.855,23.86,0,0,0,58.036,0,24.748,0,0,0,0,0,0,0,0
0,6/1/50,7:13,0,0,0,0,0,25.807,0,0,0,0,70.486,0,28.584,0,0,0,0,0,0,0,0
0,6/1/50,7:14,0,0,0,0,0,25.607,0,0,0,0,38.62,0,45.388,0,0,0,0,0,0,0,0
0,6/1/50,7:15,0,0,0,0,0,56.771,0,0,0,0,31.43,0,35.033,0,0,0,63.226,0,0,0,0
0,6/1/50,7:16,0,0,0,0,0,120.037,0,0,0,0,42.205,0,87.047,0,0,0,136.565,0,0,0,0
0,6/1/50,7:17,0,0,0,0,0,35.173,0,0,0,0,107.073,0,91.187,0,0,0,179.479,0,0,0,0
0,6/1/50,7:18,0,0,0,0,0,22.938,0,0,0,0,126.813,0,19.484,0,0,0,157.19,0,0,0,0
0,6/1/50,7:19,0,0,0,0,0,94.075,0,0,0,0,54.764,0,114.566,0,0,0,164.235,0,0,0,0
0,6/1/50,7:20,0,0,0,0,0,118.1,0,0,0,0,95.405,0,72.325,0,0,0,231.094,0,0,0,0
0,6/1/50,7:21,0,0,0,0,0,84.238,0,0,0,0,133.151,0,76.83,0,0,0,200.877,0,0,0,0
0,6/1/50,7:22,0,0,0,0,0,44.978,0,0,0,0,81.776,0,166.243,0,0,0,235.544,0,57.63,0,0
0,6/1/50,7:23,0,0,0,0,0,78.628,0,0,0,0,107.859,0,158.654,0,0,0,259.3,0,12.205,0,0
0,6/1/50,7:24,0,0,0,0,0,25.211,0,0,0,0,8.21,0,49.973,0,0,0,203.943,0,2.717,0,0
0,6/1/50,7:25,0,0,0,0,0,55.044,0,0,0,0,0,0,52.995,0,0,0,217.292,0,24.998,0,0
0,6/1/50,7:26,0,0,0,0,0,92.096,0,0,0,0,0,0,111.789,0,0,0,54.148,0,19.652,0,0
0,6/1/50,7:27,0,0,0,0,0,59.531,0,0,0,0,0,0,0,0,0,0,107.456,20.947,13.004,0,0
0,6/1/50,7:28,0,0,0,0,0,123.446,0,0,0,0,0,0,24.315,0,0,0,188.441,70.011,22.432,0,0
0,6/1/50,7:29,0,0,0,86.999,0,81.031,0,0,0,0,0,0,119.162,22.81,0,0,66.481,103.543,82.508,0,0
0,6/1/50,7:30,0,0,0,161.438,0,55.329,0,0,0,0,0,0,2.837,0,0,0,54.92,52.747,142.402,0,0
0,6/1/50,7:31,0,0,0,37.447,0,0,0,47.777,0,0,0,0,0,16.694,0,0,160.663,138.462,98.195,0,0
0,6/1/50,7:32,0,0,0,66.128,0,0,0,24.094,0,0,0,0,0,126.479,0,0,194.732,73.249,98.338,0,0
0,6/1/50,7:33,0,0,0,120.63,0,0,0,18.576,0,0,0,0,0,115.112,0,0,119.93,69.982,70.024,0,0
0,6/1/50,7:34,0,0,0,91.053,0,0,0,91.038,0,0,0,0,0,74.904,0,0,29.31,168.891,72.4,0,0
0,6/1/50,7:35,0,0,0,1.144,0,38.792,0,98.828,0,0,0,0,0,192.256,0,0,205.536,91.503,163.433,0,0
0,6/1/50,7:36,0,0,0,60.302,0,115.281,0,46.364,0,0,0,0,0,62.356,0,0,74.832,107.52,79.466,0,0
0,6/1/50,7:37,0,0,0,155.753,0,0,0,45.453,0,0,0,0,0,76.195,0,120.07,110.282,57.945,113.388,0,0
0,6/1/50,7:38,0,0,0,119.864,0,25.483,0,26.097,0,0,0,0,0,94.355,0,115.865,157.899,22.275,22.039,0,0
0,6/1/50,7:39,0,0,0,64.199,0,52.562,0,29.029,0,0,0,0,0,147.036,0,31.895,130.751,138.035,40.767,0,0
0,6/1/50,7:40,0,0,0,100.666,0,0,0,28.111,0,0,0,0,0,182.41,0,137.056,131.067,0,0,0,0
0,6/1/50,7:41,0,0,0,29.001,0,0,0,0,0,0,0,0,0,184.156,0,97.18,259.511,0,57.601,42.893,0
0,6/1/50,7:42,0,0,0,37.883,0,0,0,0,0,0,0,0,0,224.612,0,140.913,237.005,0,122.969,92.989,0
0,6/1/50,7:43,0,0,0,28.613,0,0,0,0,0,0,0,0,0,121.749,0,155.551,204.474,0,44.925,128.544,0
0,6/1/50,7:44,0,0,0,140.911,0,0,0,0,0,0,0,0,0,188.343,21.317,104.008,194.054,0,18.462,155.733,0
0,6/1/50,7:45,0,0,0,114.909,0,0,0,0,0,0,0,0,0,147.088,66.257,183.75,182.773,0,15.588,111.739,0
0,6/1/50,7:46,0,0,0,79.325,0,0,0,0,0,0,0,0,0,130.033,90.81,119.15,129.013,0,86.899,62.131,0
0,6/1/50,7:47,0,0,0,152.493,0,0,0,0,0,0,0,0,0,96.019,93.163,176.1,156.383,0,52.889,79.558,0
0,6/1/50,7:48,0,0,0,163.326,0,0,0,0,0,0,0,0,0,6.394,119.208,169.07,86.591,0,67.063,91.279,0
0,6/1/50,7:49,0,0,0,111.189,0,0,0,0,0,0,0,0,0,122.189,88.183,81.829,171.593,0,113.895,63.695,0
0,6/1/50,7:50,0,0,0,116.977,0,0,0,0,0,0,0,76.219,0,152.003,128.342,186.938,146.282,0,95.537,9.232,0
0,6/1/50,7:51,0,0,0,0,0,0,0,0,0,0,0,0,0,149.123,223.089,170.52,130.449,0,0,10.811,0
0,6/1/50,7:52,0,0,0,162.959,0,0,0,0,0,0,0,28.288,0,98.209,26.726,180.355,0,0,0,68.542,0
0,6/1/50,7:53,0,0,0,130.7,0,0,0,0,0,0,0,127.396,0,77.442,120.252,88.619,0,0,0,30.246,42.392
0,6/1/50,7:54,0,0,0,39.893,0,0,0,0,0,0,0,22.86,0,27.728,71.785,17.051,0,0,0,0,134.91
0,6/1/50,7:55,0,0,0,37.185,44.851,0,0,0,0,0,0,58.955,25.283,62.219,54.362,43.533,0,0,0,0,159.508
0,6/1/50,7:56,0,0,0,62.193,133.266,0,0,0,0,0,30.195,0,54.886,0,13.117,82.742,0,0,0,0,154.056
0,6/1/50,7:57,0,0,0,0,258.95,0,0,0,0,52.05,8.214,0,150.585,0,65.532,120.293,0,0,0,0,138.928
0,6/1/50,7:58,0,0,0,0,143.025,0,0,0,0,0,8.059,0,81.477,53.372,0,68.617,0,0,0,0,103.303
0,6/1/50,7:59,0,0,0,0,194.859,0,0,0,0,0,1.461,0,98.596,190.308,15.373,0,0,0,0,0,80.72
0,6/1/50,8:00,0,0,0,0,77.391,0,0,0,0,0,23.117,0,77.985,47.322,96.723,0,0,0,0,0,99.473
0,6/1/50,8:01,0,0,0,0,155.591,0,0,0,0,0,40.623,0,100.959,28.612,15.175,0,0,0,0,0,96.415
0,6/1/50,8:02,0,0,0,0,150.928,0,0,0,0,0,93.663,0,192.35,62.293,70.753,70.587,0,0,0,0,161.512
0,6/1/50,8:03,0,0,0,0,80.741,0,0,0,0,0,113.38,0,140.03,0,75.4,81.304,0,0,88.441,0,50.071
0,6/1/50,8:04,0,0,0,0,179.145,0,0,0,0,0,0,0,65.918,66.705,128.766,8.701,0,0,137.074,16.024,138.815
0,6/1/50,8:05,77.332,0,0,0,118.647,0,0,0,0,0,0,0,125.863,0,130.673,148.212,0,0,112.344,98.577,140.412
0,6/1/50,8:06,56.516,0,0,0,105.033,0,0,0,0,0,0,0,122.651,0,123.072,38.831,0,0,75.048,135.043,0
0,6/1/50,8:07,29.818,0,0,0,30.034,0,0,0,0,0,0,0,86.692,0,100.994,42.298,0,0,0,170.37,78.579
0,6/1/50,8:08,57.86,0,0,0,226.563,0,0,0,0,0,0,0,0,0,185.286,168.016,0,90.004,0,126.678,36.188
0,6/1/50,8:09,0,0,0,0,0,0,0,0,0,0,0,0,0,0,177.018,121.879,0,123.814,0,33.541,96.132
0,6/1/50,8:10,0,0,0,0,2.707,0,51.848,0,0,0,0,0,0,0,145.578,79.061,0,153.934,7.511,74.825,141.005
0,6/1/50,8:11,37.881,0,0,0,57.706,0,164.508,0,0,58.62,0,0,0,0,119.245,120.346,0,106.471,103.321,45.681,41.768
0,6/1/50,8:12,121.637,0,0,0,60.858,0,96.345,0,0,36.327,0,0,0,0,110.181,85.489,0,158.518,15.239,0,0
0,6/1/50,8:13,164.196,0,0,0,160.478,0,93.743,0,0,0,0,0,0,0,89.888,25.571,0,157.265,57.932,0,0
0,6/1/50,8:14,38.651,0,0,0,47.779,0,108.234,0,0,0,0,0,0,0,146.369,19.058,0,60.353,39.649,0,5.68
0,6/1/50,8:15,105.109,0,0,0,55.986,0,121.704,0,0,0,0,0,0,0,137.202,0,0,126.106,0,0,80.504
0,6/1/50,8:16,90.951,0,0,0,119.959,0,180.991,0,0,0,0,0,0,0,0,0,0,133.693,0,0,0
0,6/1/50,8:17,172.575,0,0,0,89.494,0,99.629,0,0,0,0,0,0,0,0,0,0,78.634,0,0,33.475
0,6/1/50,8:18,0,0,0,0,0,0,53.044,0,0,0,0,0,0,0,0,0,0,146.846,0,0,95.809
0,6/1/50,8:19,0,0,0,0,0,0,81.253,0,0,0,0,0,0,0,0,0,0,48.741,0,0,222.659
0,6/1/50,8:20,0,0,0,0,0,0,164.422,0,0,0,0,0,0,0,0,0,0,86.931,0,0,80.924
0,6/1/50,8:21,0,0,0,0,0,0,85.075,0,0,0,0,0,0,0,0,0,0,51.734,0,0,115.423
0,6/1/50,8:22,104.03,0,0,0,0,0,94.585,0,0,0,0,0,0,0,0,0,0,4.528,0,0,0
0,6/1/50,8:23,0,0,0,0,0,0,0,0,0,0,0,0,0,0,0,0,0,68.196,0,0,0
0,6/1/50,8:24,0,29.013,0,0,0,0,0,0,0,0,0,0,0,0,0,0,0,113.102,0,0,0
0,6/1/50,8:25,0,124.489,0,0,0,22.141,0,0,0,0,0,0,0,0,0,0,0,133.507,0,0,0
0,6/1/50,8:26,0,186.448,0,0,0,69.498,0,0,0,0,0,0,0,0,0,0,0,101.009,0,0,0
0,6/1/50,8:27,0,182.379,0,0,0,16.103,0,0,0,0,0,0,0,0,0,0,0,0,0,0,0
0,6/1/50,8:28,0,157.97,0,0,0,132.142,0,0,0,0,0,0,0,0,0,0,0,0,0,0,0
0,6/1/50,8:29,0,126.655,0,0,0,74.063,0,0,0,0,0,0,0,0,0,0,0,0,0,0,0
0,6/1/50,8:30,0,146.591,0,0,0,61.547,0,0,0,0,0,0,0,0,0,0,0,0,0,0,0
0,6/1/50,8:31,0,157.517,0,0,0,1.637,0,0,0,0,0,0,0,0,0,0,0,0,0,0,0
0,6/1/50,8:32,0,192.154,0,0,0,0,0,0,0,0,0,0,0,0,0,0,0,0,0,0,0
0,6/1/50,8:33,0,81.816,0,0,0,36.914,0,0,0,0,0,0,0,0,0,0,0,0,0,0,0
0,6/1/50,8:34,0,152.094,0,0,0,69.66,0,0,0,0,0,0,0,0,0,0,0,0,0,0,0
0,6/1/50,8:35,0,129.784,0,0,0,46.937,0,0,0,0,0,0,0,0,0,0,0,0,0,0,0
0,6/1/50,8:36,0,246.595,0,0,0,61.084,0,0,0,0,0,0,0,0,0,0,0,0,0,0,0
0,6/1/50,8:37,0,31.181,0,0,0,19.566,0,0,0,0,0,0,0,0,0,0,0,0,0,0,0
0,6/1/50,8:38,0,16.574,0,0,0,13.109,0,0,0,0,0,0,0,0,0,0,0,0,0,0,0
0,6/1/50,8:39,0,71.633,0,0,0,33.713,0,0,0,0,0,0,0,0,0,0,0,0,0,0,0
0,6/1/50,8:40,0,0,0,0,0,17.303,0,0,0,0,0,0,0,0,0,0,0,0,0,0,0
0,6/1/50,8:41,0,0,0,0,0,56.738,0,0,0,0,0,0,0,0,0,0,0,0,0,0,0
0,6/1/50,8:42,0,0,0,0,0,102.787,0,0,0,0,0,0,0,0,0,0,0,0,0,0,0
0,6/1/50,8:43,0,182.736,0,0,0,99.46,0,0,0,0,0,0,0,0,0,0,0,0,0,0,0
0,6/1/50,8:44,0,72.781,0,0,0,20.509,0,0,0,0,0,0,0,0,0,0,0,0,0,0,0
0,6/1/50,8:45,0,133.169,0,0,0,24.737,0,0,0,0,0,0,0,0,0,0,0,0,0,0,0
0,6/1/50,8:46,0,189.73,0,0,0,0,0,0,0,0,0,0,0,0,0,0,0,0,0,0,0
0,6/1/50,8:47,0,168.403,0,0,0,0,0,0,0,0,0,0,0,0,0,0,0,0,0,0,0
0,6/1/50,8:48,53.127,168.537,0,0,0,0,0,0,33.843,0,0,0,0,0,0,0,0,0,0,0,0
0,6/1/50,8:49,5.053,172.717,0,0,20.541,0,0,0,96.243,0,0,0,0,0,0,0,0,0,0,0,0
0,6/1/50,8:50,54.664,179.274,0,0,90.487,0,0,0,13.8,0,0,0,0,0,0,0,0,0,0,0,0
0,6/1/50,8:51,81.934,139.365,0,0,139.586,0,0,0,5.083,0,0,0,0,0,0,0,0,0,0,0,0
0,6/1/50,8:52,145.484,66.022,0,0,156.034,0,0,0,44.079,0,0,0,0,0,0,0,0,0,0,0,0
0,6/1/50,8:53,117.577,80.23,0,0,70.605,0,0,0,0,0,0,0,169.918,0,0,0,0,0,0,0,0
0,6/1/50,8:54,60.211,0,0,0,109.421,0,0,0,0,0,0,0,87.336,0,0,0,0,0,0,0,0
0,6/1/50,8:55,34.738,0,0,0,189.49,0,0,0,0,0,0,0,0,0,0,0,0,0,0,0,0
0,6/1/50,8:56,0,0,37.558,0,133.527,0,0,0,0,0,0,0,0,0,0,0,0,0,0,0,0
0,6/1/50,8:57,0,0,38.73,0,73.445,0,0,0,46.327,0,0,0,0,0,0,0,0,0,0,0,0
0,6/1/50,8:58,0,160.811,76.251,0,15.081,0,0,0,87.099,0,0,0,0,0,0,0,0,0,0,0,0
0,6/1/50,8:59,0,20.787,125.078,0,22.8,0,0,0,23.209,0,0,0,0,0,0,0,0,0,0,0,0
0,6/1/50,9:00,0,0,51.225,0,0,0,0,0,125.003,0,0,0,0,0,0,0,0,0,0,0,0
0,6/1/50,9:01,0,0,129.53,0,0,0,0,0,104.583,0,0,0,0,0,0,0,0,0,0,0,0
0,6/1/50,9:02,0,0,27.993,0,0,0.289,0,0,0,0,0,0,0,0,0,0,0,0,0,0,0
0,6/1/50,9:03,0,0,145.7,0,0,47.307,0,0,0,0,0,0,0,0,0,0,0,0,0,0,0
0,6/1/50,9:04,0,0,27.02,0,0,52.719,0,0,0,0,0,0,0,0,0,0,0,0,0,0,0
0,6/1/50,9:05,0,0,81.775,0,0,119.465,0,0,0,0,0,0,0,0,0,0,0,0,0,0,0
0,6/1/50,9:06,0,0,26.987,0,0,25.873,0,0,0,0,0,0,0,0,0,0,0,0,0,0,0
0,6/1/50,9:07,0,0,0,0,0,133.502,0,0,0,0,0,0,0,0,0,0,0,0,0,0,0
0,6/1/50,9:08,0,0,0,0,0,65.358,0,0,0,0,0,0,0,0,0,0,0,0,0,0,0
0,6/1/50,9:09,0,0,0,0,0,0,0,0,0,0,0,0,0,0,0,0,0,0,0,0,0
0,6/1/50,9:10,0,0,0,0,0,34.492,0,0,0,0,0,0,0,0,0,0,0,0,0,60.344,0
0,6/1/50,9:11,0,27.737,0,0,0,0,0,0,0,0,0,0,0,0,0,0,0,0,0,134.554,0
0,6/1/50,9:12,0,156.042,9.8,0,0,0,0,0,0,0,0,0,0,47.12,0,0,0,0,0,56.727,0
0,6/1/50,9:13,0,136.953,0,0,0,57.993,0,0,0,0,0,0,0,104.148,0,0,0,0,22.993,131.536,0
0,6/1/50,9:14,0,0,0,0,0,54.922,0,0,0,16.467,0,0,0,114.331,0,0,0,0,141.124,20.552,0
0,6/1/50,9:15,0,0,30.968,0,0,68.032,0,0,0,8.856,0,0,0,74.48,0,0,0,0,0,20.341,0
0,6/1/50,9:16,0,79.959,106,0,0,23.576,0,0,0,0,0,0,0,99.34,0,0,0,0,116.054,153.871,0
0,6/1/50,9:17,0,172.835,190.826,0,0,0,0,0,0,18.772,0,0,0,132.668,0,0,0,0,22.904,115.913,0
0,6/1/50,9:18,0,196.557,58.015,0,0,0,0,0,0,17.448,0,0,0,88.705,0,0,0,0,13.265,93.706,0
0,6/1/50,9:19,0,70.526,40.037,0,0,0,0,0,0,0,0,0,0,131.988,0,0,0,0,25.27,27.331,0
0,6/1/50,9:20,0,192.653,0,0,0,39.58,0,0,0,0,0,0,0,125.006,0,0,0,0,46.871,11.268,0
0,6/1/50,9:21,0,56.281,0,0,0,70.384,0,0,0,0,0,0,0,1.577,0,0,0,0,38.131,14.447,0
0,6/1/50,9:22,0,0,0,0,0,20.461,0,0,0,0,0,0,0,0,0,0,104.441,0,34.712,97.858,0
0,6/1/50,9:23,0,0,0,0,0,19.417,0,0,0,0,0,0,0,0,0,0,20.123,0,44.684,70.115,0
0,6/1/50,9:24,0,0,0,0,0,43.956,0,0,0,0,0,0,0,38.403,0,0,149.009,0,24.68,89.804,0
0,6/1/50,9:25,0,0,0,0,0,41.466,0,0,0,0,0,0,0,42.218,0,0,97.704,0,0,76.527,0
0,6/1/50,9:26,0,0,0,0,0,63.76,0,0,0,0,0,0,0,88.64,0,0,33.603,0,0,95.879,0
0,6/1/50,9:27,0,0,0,0,0,8.99,0,0,0,0,0,0,0,103.302,0,0,74.494,0,0,90.823,0
0,6/1/50,9:28,0,0,0,0,0,0,0,0,0,0,0,0,0,83.555,0,0,66.745,0,0,63.803,0
0,6/1/50,9:29,0,0,74.028,0,0,93.648,0,0,0,0,0,0,0,104.483,0,0,0,0,0,19.713,0
0,6/1/50,9:30,0,0,0,0,0,41.653,0,0,0,0,0,0,0,0,0,89.001,0,0,0,43.974,0
0,6/1/50,9:31,0,0,0,0,0,16.636,0,0,0,0,0,0,0,0,0,127.302,79.733,0,0,111.209,0
0,6/1/50,9:32,0,0,0,0,0,24.312,0,0,0,0,0,0,0,23.332,0,27.482,80.042,0,0,17.188,0
0,6/1/50,9:33,0,0,0,0,0,26.716,0,0,0,0,0,65.839,0,7.921,0,0,172.361,0,0,15.915,0
0,6/1/50,9:34,0,0,0,0,0,24.258,0,0,0,0,0,0,0,0,0,0,26.549,0,0,78.213,0
0,6/1/50,9:35,0,0,0,0,0,11.914,0,0,0,0,0,5.352,0,0,0,0,115.904,0,0,19.954,0
0,6/1/50,9:36,0,0,0,0,0,49.907,0,0,0,0,0,62.905,0,0,0,0,172.683,0,0,15.051,0
0,6/1/50,9:37,0,0,0,0,0,20.119,0,0,0,0,0,150.669,0,0,0,0,0,0,0,30.625,0
0,6/1/50,9:38,0,0,0,0,0,0,0,0,0,0,0,15.731,0,0,0,0,22.765,0,0,10.647,0
0,6/1/50,9:39,0,0,0,0,0,0,0,0,0,0,0,34.368,0,0,0,0,167.573,0,0,0,0
0,6/1/50,9:40,0,0,0,0,0,0,0,0,0,0,0,85.49,0,0,0,0,95.992,0,0,0,0
0,6/1/50,9:41,0,0,0,0,0,0,0,0,0,0,0,50.767,0,0,0,0,8.468,0,0,0,0
0,6/1/50,9:42,0,0,0,0,0,0,0,0,0,0,0,89.772,0,0,0,0,109.287,0,0,0,0
0,6/1/50,9:43,0,0,0,0,0,0,0,0,0,0,0,99.239,0,0,0,0,109.926,0,0,0,0
0,6/1/50,9:44,0,0,0,0,0,0,0,0,0,0,0,27.736,0,0,0,0,159.171,0,0,0,0
0,6/1/50,9:45,0,0,0,0,0,0,0,0,0,0,0,47.849,0,0,0,0,37.64,0,0,0,0
0,6/1/50,9:46,0,0,0,0,0,0,0,0,0,0,0,146.072,0,0,0,0,0,0,0,0,0
0,6/1/50,9:47,0,0,0,0,0,0,0,0,0,0,0,0,0,0,0,0,2.249,0,0,0,0
0,6/1/50,9:48,0,0,0,0,0,0,0,0,0,0,0,0,0,0,0,0,84.805,0,0,0,0
0,6/1/50,9:49,0,0,0,0,0,0,0,0,0,0,0,0,0,0,0,0,56.157,0,0,0,0
0,6/1/50,9:50,0,0,0,0,0,0,0,0,0,0,0,0,0,0,0,0,33.007,0,0,0,0
0,6/1/50,9:51,0,0,0,0,0,0,0,0,0,0,0,0,0,0,0,0,100.715,0,0,0,0
0,6/1/50,9:52,0,0,0,0,0,0,0,0,0,0,0,0,0,0,0,0,0,0,0,0,0
0,6/1/50,9:53,0,0,0,0,0,0,0,0,0,0,0,0,0,0,0,0,79.613,0,0,0,0
0,6/1/50,9:54,0,0,0,0,0,0,0,0,0,0,0,8.749,0,0,0,0,137.109,31.864,0,0,0
0,6/1/50,9:55,0,0,0,0,0,0,0,0,0,0,0,119.823,0,0,0,0,7.308,31.035,0,0,0
0,6/1/50,9:56,0,0,0,0,0,0,0,0,0,0,0,105.823,0,0,0,0,0,20.721,0,0,0
0,6/1/50,9:57,0,0,0,0,0,0,0,0,0,0,0,100.012,0,0,0,0,0,145.223,0,0,0
0,6/1/50,9:58,0,0,0,0,0,0,0,0,0,0,0,130.62,0,0,0,0,64.634,41.505,0,0,0
0,6/1/50,9:59,0,0,0,0,0,73.055,0,0,0,0,0,178.67,0,0,0,0,71.996,43.274,0,0,0
0,6/1/50,10:00,0,0,0,0,0,25.153,0,0,0,0,0,139.944,0,0,0,0,0,0,0,0,0
0,6/1/50,10:01,0,0,0,0,0,54.234,0,0,0,0,0,54.126,0,0,0,0,58.706,0,0,0,0
0,6/1/50,10:02,0,0,0,0,0,27.624,91.521,0,0,0,nan,nan,nan,0,0,0,42.98,0,0,0,0
0,6/1/50,10:03,0,0,0,0,0,0,52.114,0,0,0,nan,nan,nan,0,0,0,0,0,0,0,0
0,6/1/50,10:04,0,0,0,34.38,0,0,59.803,0,0,0,nan,nan,nan,0,0,0,0,0,0,0,0
0,6/1/50,10:05,0,0,0,41.035,0,0,0,0,0,0,nan,nan,nan,0,0,0,0,0,0,0,0
0,6/1/50,10:06,0,0,0,17.476,0,0,0,0,0,0,nan,nan,nan,0,0,0,0,0,0,0,0
0,6/1/50,10:07,0,0,0,106.858,0,0,0,0,0,0,nan,nan,nan,0,0,0,0,0,0,0,0
0,6/1/50,10:08,0,0,0,39.045,0,0,0,0,0,0,nan,nan,nan,0,0,0,0,0,0,0,0
0,6/1/50,10:09,0,0,0,0,0,0,0,0,0,0,nan,nan,nan,0,0,0,0,0,0,0,0
0,6/1/50,10:10,0,0,0,0,0,0,0,0,0,0,nan,nan,nan,0,0,0,0,0,0,0,0
0,6/1/50,10:11,0,0,0,0,0,0,0,0,0,0,nan,nan,nan,0,0,0,0,0,0,0,0
0,6/1/50,10:12,0,0,0,0,0,0,0,0,0,0,nan,nan,nan,0,0,0,0,0,0,0,0
0,6/1/50,10:13,0,0,0,0,0,0,0,0,0,0,nan,nan,nan,0,0,0,0,0,0,0,0
0,6/1/50,10:14,0,0,0,0,0,0,0,0,0,0,nan,nan,nan,0,0,0,0,0,0,0,0
0,6/1/50,10:15,0,0,0,0,0,0,0,0,0,0,nan,nan,nan,0,0,0,0,0,0,0,0
0,6/1/50,10:16,0,0,0,0,0,0,0,0,0,26.195,nan,nan,nan,0,0,0,0,0,0,0,0
0,6/1/50,10:17,0,0,0,0,0,0,0,0,0,27.653,nan,nan,nan,0,0,0,0,0,0,0,0
0,6/1/50,10:18,0,0,0,0,0,0,0,0,0,0,nan,nan,nan,0,0,0,0,0,0,0,0
0,6/1/50,10:19,0,0,0,0,0,0,0,0,0,0,nan,nan,nan,0,0,0,0,0,0,0,0
0,6/1/50,10:20,0,0,0,0,0,0,0,0,0,0,nan,nan,nan,0,0,0,0,0,0,0,0
0,6/1/50,10:21,0,0,0,0,0,0,0,0,0,0,nan,nan,nan,0,0,0,0,0,0,0,0
0,6/1/50,10:22,0,0,0,0,0,0,0,0,0,0,nan,nan,nan,0,0,0,0,0,0,0,0
0,6/1/50,10:23,0,0,0,0,0,0,0,0,0,0,nan,nan,nan,0,0,0,0,0,0,0,0
0,6/1/50,10:24,0,0,0,0,0,0,0,0,0,0,nan,nan,nan,0,0,0,0,nan,nan,nan,nan
0,6/1/50,10:25,40.288,0,0,0,0,0,0,0,0,0,nan,nan,nan,0,0,0,0,nan,nan,nan,nan
0,6/1/50,10:26,30.649,0,0,0,0,0,0,0,0,28.663,nan,nan,nan,0,0,0,0,nan,nan,nan,nan
0,6/1/50,10:27,0,0,0,0,0,0,0,0,0,0,nan,nan,nan,0,0,0,0,nan,nan,nan,nan
0,6/1/50,10:28,34.413,0,0,0,0,0,0,0,0,0,nan,nan,nan,0,0,0,0,nan,nan,nan,nan
0,6/1/50,10:29,112.442,163.975,0,0,0,50.264,0,0,0,0,nan,nan,nan,0,0,0,0,nan,nan,nan,nan
0,6/1/50,10:30,8.482,24.139,0,0,0,31.963,0,0,0,0,nan,nan,nan,0,35.194,0,0,nan,nan,nan,nan
0,6/1/50,10:31,38.707,106.168,0,0,0,38.729,46.065,0,0,0,nan,nan,nan,0,89.096,0,0,nan,nan,nan,nan
0,6/1/50,10:32,152.511,102.149,0,0,0,0,34.225,0,0,0,nan,nan,nan,0,119.879,0,0,nan,nan,nan,nan
0,6/1/50,10:33,24.961,176.458,0,0,0,0,75.518,0,0,0,nan,nan,nan,0,104.243,0,0,nan,nan,nan,nan
0,6/1/50,10:34,0,17.849,0,0,0,0,0,0,0,0,nan,nan,nan,0,117.892,0,0,nan,nan,nan,nan
0,6/1/50,10:35,145.875,63.144,0,0,0,0,0,0,0,0,nan,nan,nan,0,184.205,0,0,nan,nan,nan,nan
0,6/1/50,10:36,100.054,59.348,0,0,0,0,0,0,0,0,nan,nan,nan,0,11.065,0,0,nan,nan,nan,nan
0,6/1/50,10:37,0,119.515,0,0,0,0,0,0,0,0,nan,nan,nan,0,88.507,0,0,nan,nan,nan,nan
0,6/1/50,10:38,0,112.5,0,0,0,0,0,0,0,0,nan,nan,nan,0,143.414,0,0,nan,nan,nan,nan
0,6/1/50,10:39,0,0,0,0,0,0,0,0,0,0,nan,nan,nan,0,186.063,0,0,nan,nan,nan,nan
0,6/1/50,10:40,0,0,0,0,0,0,0,0,0,0,nan,nan,nan,0,102.193,0,0,nan,nan,nan,nan
0,6/1/50,10:41,0,0,0,0,0,0,0,0,0,0,nan,nan,nan,0,145.121,0,0,nan,nan,nan,nan
0,6/1/50,10:42,0,0,0,0,0,0,0,0,0,0,nan,nan,nan,0,175.932,0,0,nan,nan,nan,nan
0,6/1/50,10:43,0,0,0,0,0,0,0,0,0,0,nan,nan,nan,0,153.391,0,0,nan,nan,nan,nan
0,6/1/50,10:44,0,0,0,0,0,0,0,0,0,0,nan,nan,nan,0,106.656,0,0,nan,nan,nan,nan
0,6/1/50,10:45,0,0,0,0,0,0,0,0,0,0,nan,nan,nan,0,208.419,0,0,nan,nan,nan,nan
0,6/1/50,10:46,0,0,0,0,0,0,0,0,0,0,nan,nan,nan,0,70.484,0,0,nan,nan,nan,nan
0,6/1/50,10:47,0,0,0,0,0,0,0,0,0,0,nan,nan,nan,0,31.791,0,0,nan,nan,nan,nan
0,6/1/50,10:48,0,0,0,0,0,0,0,0,0,0,nan,nan,nan,0,40.854,0,0,nan,nan,nan,nan
0,6/1/50,10:49,0,0,0,0,0,0,0,0,0,0,nan,nan,nan,0,26.128,0,0,nan,nan,nan,nan
0,6/1/50,10:50,0,0,0,0,0,0,0,0,0,0,nan,nan,nan,0,0,0,0,nan,nan,nan,nan
0,6/1/50,10:51,0,0,0,0,0,0,0,0,0,0,nan,nan,nan,0,0,0,0,nan,nan,nan,nan
0,6/1/50,10:52,0,0,0,0,0,0,0,0,0,0,nan,nan,nan,0,0,0,0,nan,nan,nan,nan
0,6/1/50,10:53,0,0,0,0,0,0,0,0,0,0,nan,nan,nan,0,0,0,0,nan,nan,nan,nan
0,6/1/50,10:54,0,0,0,0,0,0,0,0,0,0,nan,nan,nan,0,0,0,0,nan,nan,nan,nan
0,6/1/50,10:55,0,0,0,0,0,0,0,0,0,0,nan,nan,nan,0,0,0,0,nan,nan,nan,nan
0,6/1/50,10:56,0,0,0,0,0,0,0,0,0,0,nan,nan,nan,0,0,0,0,nan,nan,nan,nan
0,6/1/50,10:57,0,0,0,0,0,0,0,0,0,0,nan,nan,nan,0,0,0,0,nan,nan,nan,nan
0,6/1/50,10:58,0,0,0,0,0,0,0,0,0,0,nan,nan,nan,0,0,0,0,nan,nan,nan,nan
0,6/1/50,10:59,0,0,0,0,115.989,0,0,0,0,0,nan,nan,nan,0,0,0,0,nan,nan,nan,nan
0,6/1/50,11:00,0,0,0,0,94.814,0,0,0,0,0,nan,nan,nan,0,0,0,0,nan,nan,nan,nan
0,6/1/50,11:01,0,0,0,0,214.51,0,0,0,0,0,nan,nan,nan,0,0,0,0,nan,nan,nan,nan
0,6/1/50,11:02,0,0,0,0,32.228,0,0,0,0,0,nan,nan,nan,0,0,0,0,nan,nan,nan,nan
0,6/1/50,11:03,0,0,0,0,67.333,0,0,0,0,0,nan,nan,nan,0,0,0,0,nan,nan,nan,nan
0,6/1/50,11:04,0,0,0,0,0,0,0,0,0,0,nan,nan,nan,0,0,0,0,nan,nan,nan,nan
0,6/1/50,11:05,0,0,0,0,0,0,0,0,0,0,nan,nan,nan,0,0,0,0,nan,nan,nan,nan
0,6/1/50,11:06,0,0,34.566,0,7.686,0,0,0,0,0,nan,nan,nan,57.623,0,23.939,0,nan,nan,nan,nan
0,6/1/50,11:07,0,0,64.304,0,96.086,0,0,0,30.506,0,nan,nan,nan,0,0,128.422,0,nan,nan,nan,nan
0,6/1/50,11:08,0,0,37.443,0,153.934,0,0,0,42.065,0,nan,nan,nan,0,0,22.965,0,nan,nan,nan,nan
0,6/1/50,11:09,0,0,111.237,0,26.123,0,0,0,24.587,0,nan,nan,nan,0,0,8.802,0,nan,nan,nan,nan
0,6/1/50,11:10,0,0,49.33,0,0,0,0,0,0,0,nan,nan,nan,110.923,0,0,0,nan,nan,nan,nan
0,6/1/50,11:11,0,0,25.722,0,0,0,0,0,0,0,nan,nan,nan,81.218,0,0,0,nan,nan,nan,nan
0,6/1/50,11:12,0,0,0,0,0,0,0,0,6.754,27.755,nan,nan,nan,0,0,37.687,0,nan,nan,nan,nan
0,6/1/50,11:13,0,0,0,0,0,0,0,0,15.45,88.159,nan,nan,nan,28.461,0,64.715,0,nan,nan,nan,nan
0,6/1/50,11:14,0,0,0,0,0,0,0,0,116.613,63.768,nan,nan,nan,120.45,0,38.114,0,nan,nan,nan,nan
0,6/1/50,11:15,0,0,0,0,0,0,0,0,72.779,20.278,nan,nan,nan,0,0,147.697,0,nan,nan,nan,nan
0,6/1/50,11:16,0,0,0,0,0,0,0,0,138.45,36.129,nan,nan,nan,0,0,69.117,0,nan,nan,nan,nan
0,6/1/50,11:17,0,0,0,0,0,0,0,0,169.14,116.281,nan,nan,nan,0,0,131.001,0,nan,nan,nan,nan
0,6/1/50,11:18,0,0,0,0,0,0,0,41.403,61.434,65.809,nan,nan,nan,0,0,109.53,0,nan,nan,nan,nan
0,6/1/50,11:19,0,0,5.015,0,0,0,0,124.758,120.102,48.299,nan,nan,nan,0,0,34.345,0,nan,nan,nan,nan
0,6/1/50,11:20,0,0,10.301,0,0,0,0,38.692,41.043,29.054,nan,nan,nan,0,0,58.913,0,nan,nan,nan,nan
0,6/1/50,11:21,0,0,114.863,0,0,0,0,39.015,103.517,63.299,nan,nan,nan,0,0,59.253,0,nan,nan,nan,nan
0,6/1/50,11:22,0,0,0,0,0,0,0,0,0,0,nan,nan,nan,0,0,46.999,0,nan,nan,nan,nan
0,6/1/50,11:23,0,0,0,0,0,0,0,0,0,19.799,nan,nan,nan,0,0,130.584,0,nan,nan,nan,nan
0,6/1/50,11:24,0,0,0,0,0,0,0,36.656,0,33.581,nan,nan,nan,0,0,0,0,nan,nan,nan,nan
0,6/1/50,11:25,0,0,0,0,0,0,0,52.951,0,31.203,nan,nan,nan,0,0,0,0,nan,nan,nan,nan
0,6/1/50,11:26,0,0,0.122,0,0,0,0,0,0,0,nan,nan,nan,0,0,0,0,nan,nan,nan,nan
0,6/1/50,11:27,0,0,22.928,0,0,0,0,0,0,0,nan,nan,nan,0,0,0,0,nan,nan,nan,nan
0,6/1/50,11:28,0,0,7.098,0,0,0,0,0,0,0,nan,nan,nan,0,0,0,0,nan,nan,nan,nan
0,6/1/50,11:29,0,0,0,0,0,0,0,0,0,0,nan,nan,nan,0,0,0,0,nan,nan,nan,nan
0,6/1/50,11:30,0,0,0,0,0,0,0,0,0,0,nan,nan,nan,0,0,0,0,nan,nan,nan,nan
0,6/1/50,11:31,0,0,0,0,0,0,0,0,0,0,nan,nan,nan,0,0,0,0,nan,nan,nan,nan
0,6/1/50,11:32,0,0,0,0,0,0,0,0,0,0,nan,nan,nan,0,0,0,0,nan,nan,nan,nan
0,6/1/50,11:33,0,0,0,0,0,20.018,0,0,0,0,nan,nan,nan,0,0,0,0,nan,nan,nan,nan
0,6/1/50,11:34,0,0,0,0,0,89.234,0,0,0,0,nan,nan,nan,0,0,0,0,nan,nan,nan,nan
0,6/1/50,11:35,0,0,0,0,0,2.761,0,0,0,0,nan,nan,nan,0,0,0,0,nan,nan,nan,nan
0,6/1/50,11:36,0,0,0,0,0,32.632,0,0,0,4.758,nan,nan,nan,0,0,0,0,nan,nan,nan,nan
0,6/1/50,11:37,0,0,0,0,0,33,0,0,0,0,nan,nan,nan,0,0,0,0,nan,nan,nan,nan
0,6/1/50,11:38,0,0,0,0,0,88.346,0,0,0,0,nan,nan,nan,0,0,0,0,nan,nan,nan,nan
0,6/1/50,11:39,0,0,0,0,0,0,0,0,0,0,nan,nan,nan,0,0,0,0,nan,nan,nan,nan
0,6/1/50,11:40,0,0,0,0,0,0,0,0,0,0,nan,nan,nan,0,0,0,0,nan,nan,nan,nan
0,6/1/50,11:41,0,0,0,0,0,0,0,0,0,0,nan,nan,nan,0,0,0,0,nan,nan,nan,nan
0,6/1/50,11:42,0,0,0,0,0,0,0,0,0,0,nan,nan,nan,0,0,0,0,nan,nan,nan,nan
0,6/1/50,11:43,0,29.37,0,0,0,0,0,0,0,0,nan,nan,nan,0,0,0,0,nan,nan,nan,nan
0,6/1/50,11:44,0,174.19,0,0,0,0,0,0,0,0,nan,nan,nan,0,0,0,0,nan,nan,nan,nan
0,6/1/50,11:45,0,129.933,0,0,0,0,0,0,0,0,nan,nan,nan,0,0,0,0,nan,nan,nan,nan
0,6/1/50,11:46,0,111.554,0,0,0,0,0,0,0,0,nan,nan,nan,0,0,0,0,nan,nan,nan,nan
0,6/1/50,11:47,0,173.019,0,0,0,0,0,0,0,0,nan,nan,nan,0,0,0,0,nan,nan,nan,nan
0,6/1/50,11:48,0,80.333,0,0,0,0,0,0,0,0,nan,nan,nan,0,0,0,0,nan,nan,nan,nan
0,6/1/50,11:49,0,192.938,0,0,0,0,0,0,0,0,nan,nan,nan,0,0,0,0,nan,nan,nan,nan
0,6/1/50,11:50,0,170.112,0,90.429,0,0,0,0,0,0,nan,nan,nan,0,0,0,0,nan,nan,nan,nan
0,6/1/50,11:51,0,115.614,0,96.162,0,0,0,0,0,0,nan,nan,nan,0,0,0,0,nan,nan,nan,nan
0,6/1/50,11:52,0,173.455,0,61.264,0,0,0,0,0,0,nan,nan,nan,0,0,0,0,nan,nan,nan,nan
0,6/1/50,11:53,0,185.216,0,34.723,0,0,0,0,0,0,nan,nan,nan,0,0,0,0,nan,nan,nan,nan
0,6/1/50,11:54,0,127.405,0,0,0,0,0,0,0,0,nan,nan,nan,0,0,0,0,nan,nan,nan,nan
0,6/1/50,11:55,0,224.576,0,0,0,0,0,0,0,0,nan,nan,nan,0,0,0,0,nan,nan,nan,nan
0,6/1/50,11:56,0,223.459,0,0,0,0,0,0,0,0,nan,nan,nan,0,0,0,0,nan,nan,nan,nan
0,6/1/50,11:57,0,51.558,0,0,0,0,0,0,0,0,nan,nan,nan,0,0,0,0,nan,nan,nan,nan
0,6/1/50,11:58,0,148.134,0,0,0,0,0,0,0,0,nan,nan,nan,0,0,0,0,nan,nan,nan,nan
0,6/1/50,11:59,0,69.611,0,0,0,0,0,0,0,0,nan,nan,nan,0,0,0,0,nan,nan,nan,nan
0,6/1/50,12:00,0,0,0,0,0,0,0,0,0,0,nan,nan,nan,0,0,0,0,nan,nan,nan,nan
0,6/1/50,12:01,0,0,0,0,0,0,0,0,0,0,nan,nan,nan,nan,nan,nan,nan,nan,nan,nan,nan
0,6/1/50,12:02,0,0,0,0,0,0,0,0,0,0,nan,nan,nan,nan,nan,nan,nan,nan,nan,nan,nan
0,6/1/50,12:03,0,0,0,0,0,0,0,0,0,0,nan,nan,nan,nan,nan,nan,nan,nan,nan,nan,nan
0,6/1/50,12:04,nan,nan,nan,0,0,0,0,0,0,0,nan,nan,nan,nan,nan,nan,nan,nan,nan,nan,nan
0,6/1/50,12:05,nan,nan,nan,0,0,0,0,nan,nan,nan,nan,nan,nan,nan,nan,nan,nan,nan,nan,nan,nan
0,6/1/50,12:06,nan,nan,nan,0,0,0,0,nan,nan,nan,nan,nan,nan,nan,nan,nan,nan,nan,nan,nan,nan
0,6/1/50,12:07,nan,nan,nan,0,0,0,0,nan,nan,nan,nan,nan,nan,nan,nan,nan,nan,nan,nan,nan,nan
0,6/1/50,12:08,nan,nan,nan,0,0,0,0,nan,nan,nan,nan,nan,nan,nan,nan,nan,nan,nan,nan,nan,nan
0,6/1/50,12:09,nan,nan,nan,0,0,0,0,nan,nan,nan,nan,nan,nan,nan,nan,nan,nan,nan,nan,nan,nan
0,6/1/50,12:10,nan,nan,nan,0,0,0,0,nan,nan,nan,nan,nan,nan,nan,nan,nan,nan,nan,nan,nan,nan
0,6/1/50,12:11,nan,nan,nan,0,0,0,0,nan,nan,nan,nan,nan,nan,nan,nan,nan,nan,nan,nan,nan,nan
0,6/1/50,12:12,nan,nan,nan,0,0,0,0,nan,nan,nan,nan,nan,nan,nan,nan,nan,nan,nan,nan,nan,nan
0,6/1/50,12:13,nan,nan,nan,0,0,0,0,nan,nan,nan,nan,nan,nan,nan,nan,nan,nan,nan,nan,nan,nan
0,6/1/50,12:14,nan,nan,nan,0,0,0,0,nan,nan,nan,nan,nan,nan,nan,nan,nan,nan,nan,nan,nan,nan
0,6/1/50,12:15,nan,nan,nan,0,0,0,0,nan,nan,nan,nan,nan,nan,nan,nan,nan,nan,nan,nan,nan,nan
0,6/1/50,12:16,nan,nan,nan,0,0,0,0,nan,nan,nan,nan,nan,nan,nan,nan,nan,nan,nan,nan,nan,nan
0,6/1/50,12:17,nan,nan,nan,0,0,0,0,nan,nan,nan,nan,nan,nan,nan,nan,nan,nan,nan,nan,nan,nan
0,6/1/50,12:18,nan,nan,nan,0,0,0,0,nan,nan,nan,nan,nan,nan,nan,nan,nan,nan,nan,nan,nan,nan
0,6/1/50,12:19,nan,nan,nan,0,0,0,0,nan,nan,nan,nan,nan,nan,nan,nan,nan,nan,nan,nan,nan,nan
0,6/1/50,12:20,nan,nan,nan,0,0,0,0,nan,nan,nan,nan,nan,nan,nan,nan,nan,nan,nan,nan,nan,nan
0,6/1/50,12:21,nan,nan,nan,0,0,0,0,nan,nan,nan,nan,nan,nan,nan,nan,nan,nan,nan,nan,nan,nan
0,6/1/50,12:22,nan,nan,nan,0,0,0,0,nan,nan,nan,nan,nan,nan,nan,nan,nan,nan,nan,nan,nan,nan
0,6/1/50,12:23,nan,nan,nan,0,0,0,0,nan,nan,nan,nan,nan,nan,nan,nan,nan,nan,nan,nan,nan,nan
0,6/1/50,12:24,nan,nan,nan,0,0,0,0,nan,nan,nan,nan,nan,nan,nan,nan,nan,nan,46.951,56.631,0,64.743
0,6/1/50,12:25,nan,nan,nan,0,0,0,0,nan,nan,nan,nan,nan,nan,nan,nan,nan,nan,81.249,101.929,128.509,82.792
0,6/1/50,12:26,nan,nan,nan,0,0,0,0,nan,nan,nan,nan,nan,nan,nan,nan,nan,nan,69.576,78.949,100.518,7.617
0,6/1/50,12:27,nan,nan,nan,0,0,0,0,nan,nan,nan,nan,nan,nan,nan,nan,nan,nan,80.107,72.101,11.517,21.002
0,6/1/50,12:28,nan,nan,nan,0,0,0,0,nan,nan,nan,nan,nan,nan,nan,nan,nan,nan,7.222,45.243,30.99,84.985
0,6/1/50,12:29,nan,nan,nan,0,0,0,0,nan,nan,nan,nan,nan,nan,nan,nan,nan,nan,58.167,13.573,106.341,86.377
0,6/1/50,12:30,nan,nan,nan,0,0,0,0,nan,nan,nan,nan,nan,nan,nan,nan,nan,nan,30.894,15.075,114.544,3.271
0,6/1/50,12:31,nan,nan,nan,0,0,0,0,nan,nan,nan,nan,nan,nan,nan,nan,nan,nan,9.052,0,0,50.635
0,6/1/50,12:32,nan,nan,nan,0,0,0,0,nan,nan,nan,nan,nan,nan,nan,nan,nan,nan,73.986,0,0,90.057
0,6/1/50,12:33,nan,nan,nan,0,0,0,0,nan,nan,nan,nan,nan,nan,nan,nan,nan,nan,58.182,48.482,119.039,0
0,6/1/50,12:34,nan,nan,nan,0,0,18.713,0,nan,nan,nan,nan,nan,nan,nan,nan,nan,nan,13.495,46.624,0,0
0,6/1/50,12:35,nan,nan,nan,0,0,39.225,0,nan,nan,nan,nan,nan,nan,nan,nan,nan,nan,17.062,3.863,43.992,0
0,6/1/50,12:36,nan,nan,nan,0,0,55.05,0,nan,nan,nan,nan,nan,nan,nan,nan,nan,nan,58.667,37.107,70.607,0
0,6/1/50,12:37,nan,nan,nan,0,0,0,0,nan,nan,nan,nan,nan,nan,nan,nan,nan,nan,25.377,43.252,0,0
0,6/1/50,12:38,nan,nan,nan,0,0,0,0,nan,nan,nan,nan,nan,nan,nan,nan,nan,nan,22.198,51.475,0,0
0,6/1/50,12:39,nan,nan,nan,0,0,0,91.312,nan,nan,nan,nan,nan,nan,nan,nan,nan,nan,34.261,22.887,0,0
0,6/1/50,12:40,nan,nan,nan,0,0,0,125.165,nan,nan,nan,nan,nan,nan,nan,nan,nan,nan,80.235,108.442,0,0
0,6/1/50,12:41,nan,nan,nan,0,0,0,41.653,nan,nan,nan,nan,nan,nan,nan,nan,nan,nan,67.931,32.993,0,55.271
0,6/1/50,12:42,nan,nan,nan,0,0,0,28.126,nan,nan,nan,nan,nan,nan,nan,nan,nan,nan,6.387,16.437,0,0
0,6/1/50,12:43,nan,nan,nan,0,0,0,0,nan,nan,nan,nan,nan,nan,nan,nan,nan,nan,8.378,67.339,0,47.442
0,6/1/50,12:44,nan,nan,nan,0,0,0,0,nan,nan,nan,nan,nan,nan,nan,nan,nan,nan,33.092,90.838,0,27.018
0,6/1/50,12:45,nan,nan,nan,0,0,0,0,nan,nan,nan,nan,nan,nan,nan,nan,nan,nan,27.06,22.947,0,7.201
0,6/1/50,12:46,nan,nan,nan,nan,nan,nan,nan,nan,nan,nan,nan,nan,nan,nan,nan,nan,nan,11.916,0,0,8.023
0,6/1/50,12:47,nan,nan,nan,nan,nan,nan,nan,nan,nan,nan,nan,nan,nan,nan,nan,nan,nan,6.252,0,0,9.012
0,6/1/50,12:48,nan,nan,nan,nan,nan,nan,nan,nan,nan,nan,nan,nan,nan,nan,nan,nan,nan,7.97,0,0,23.044
0,6/1/50,12:49,nan,nan,nan,nan,nan,nan,nan,nan,nan,nan,nan,nan,nan,nan,nan,nan,nan,5.403,0,0,51.111
0,6/1/50,12:50,nan,nan,nan,nan,nan,nan,nan,nan,nan,nan,nan,nan,nan,nan,nan,nan,nan,5.375,0,0,9.464
0,6/1/50,12:51,nan,nan,nan,nan,nan,nan,nan,nan,nan,nan,nan,nan,nan,nan,nan,nan,nan,6.866,0,0,12.166
0,6/1/50,12:52,nan,nan,nan,nan,nan,nan,nan,nan,nan,nan,nan,nan,nan,nan,nan,nan,nan,11.209,0,0,11.265
0,6/1/50,12:53,nan,nan,nan,nan,nan,nan,nan,nan,nan,nan,nan,nan,nan,nan,nan,nan,nan,40.392,0,0,7.773
0,6/1/50,12:54,nan,nan,nan,nan,nan,nan,nan,nan,nan,nan,nan,nan,nan,nan,nan,nan,nan,33.993,0,80.998,6.626
0,6/1/50,12:55,nan,nan,nan,nan,nan,nan,nan,nan,nan,nan,nan,nan,nan,nan,nan,nan,nan,9.045,0,13.639,11.153
0,6/1/50,12:56,nan,nan,nan,nan,nan,nan,nan,nan,nan,nan,nan,nan,nan,nan,nan,nan,nan,10.875,0,11.299,47.831
0,6/1/50,12:57,nan,nan,nan,nan,nan,nan,nan,nan,nan,nan,nan,nan,nan,nan,nan,nan,nan,26.042,0,10.301,25.469
0,6/1/50,12:58,nan,nan,nan,nan,nan,nan,nan,nan,nan,nan,nan,nan,nan,nan,nan,nan,nan,13.954,0,37.878,10.75
0,6/1/50,12:59,nan,nan,nan,nan,nan,nan,nan,nan,nan,nan,nan,nan,nan,nan,nan,nan,nan,13.779,0,74.777,9.661
0,6/1/50,13:00,nan,nan,nan,nan,nan,nan,nan,nan,nan,nan,nan,nan,nan,nan,nan,nan,nan,17.955,0,5.94,13.377
0,6/1/50,13:01,nan,nan,nan,nan,nan,nan,nan,nan,nan,nan,nan,nan,nan,nan,nan,nan,nan,41.049,5.785,5.981,6.626
0,6/1/50,13:02,nan,nan,nan,nan,nan,nan,nan,nan,nan,nan,nan,nan,nan,nan,nan,nan,nan,5.36,59.669,61.927,11.676
0,6/1/50,13:03,nan,nan,nan,nan,nan,nan,nan,nan,nan,nan,nan,nan,nan,nan,nan,nan,nan,6.734,10.336,14.633,21.374
0,6/1/50,13:04,nan,nan,nan,nan,nan,nan,nan,nan,nan,nan,nan,nan,nan,nan,nan,nan,nan,24.177,65.702,0,71.899
0,6/1/50,13:05,nan,nan,nan,nan,nan,nan,nan,nan,nan,nan,nan,nan,nan,nan,nan,nan,nan,5.043,9.614,0,0
0,6/1/50,13:06,nan,nan,nan,nan,nan,nan,nan,nan,nan,nan,nan,nan,nan,nan,nan,nan,nan,3.739,5.035,0,0
0,6/1/50,13:07,nan,nan,nan,nan,nan,nan,nan,nan,nan,nan,nan,nan,nan,nan,nan,nan,nan,4.315,5.347,0,0
0,6/1/50,13:08,nan,nan,nan,nan,nan,nan,nan,nan,nan,nan,nan,nan,nan,nan,nan,nan,nan,38.058,5.306,0,0
0,6/1/50,13:09,nan,nan,nan,nan,nan,nan,nan,nan,nan,nan,nan,nan,nan,nan,nan,nan,nan,7.938,5.05,0,0
0,6/1/50,13:10,nan,nan,nan,nan,nan,nan,nan,nan,nan,nan,nan,nan,nan,nan,nan,nan,nan,7.716,7.901,0,0
0,6/1/50,13:11,nan,nan,nan,nan,nan,nan,nan,nan,nan,nan,nan,nan,nan,nan,nan,nan,nan,7.037,7.118,0,0
0,6/1/50,13:12,nan,nan,nan,nan,nan,nan,nan,nan,nan,nan,nan,nan,nan,nan,nan,nan,nan,5.151,12.878,0,0
0,6/1/50,13:13,nan,nan,nan,nan,nan,nan,nan,nan,nan,nan,nan,nan,nan,nan,nan,nan,nan,3.189,9.555,0,0
0,6/1/50,13:14,nan,nan,nan,nan,nan,nan,nan,nan,nan,nan,nan,nan,nan,nan,nan,nan,nan,12.433,0,0,0
0,6/1/50,13:15,nan,nan,nan,nan,nan,nan,nan,nan,nan,nan,nan,nan,nan,nan,nan,nan,nan,46.836,19.741,0,0
0,6/1/50,13:16,nan,nan,nan,nan,nan,nan,nan,nan,nan,nan,nan,nan,nan,nan,nan,nan,nan,8.988,11.24,0,0
0,6/1/50,13:17,nan,nan,nan,nan,nan,nan,nan,nan,nan,nan,nan,nan,nan,nan,nan,nan,nan,12.074,11.451,0,0
0,6/1/50,13:18,nan,nan,nan,nan,nan,nan,nan,nan,nan,nan,nan,nan,nan,nan,nan,nan,nan,15.468,7.592,0,0
0,6/1/50,13:19,nan,nan,nan,nan,nan,nan,nan,nan,nan,nan,nan,nan,nan,nan,nan,nan,nan,11.936,10.673,0,0
0,6/1/50,13:20,nan,nan,nan,nan,nan,nan,nan,nan,nan,nan,nan,nan,nan,nan,nan,nan,nan,13.571,7.998,0,0
0,6/1/50,13:21,nan,nan,nan,nan,nan,nan,nan,nan,nan,nan,nan,nan,nan,nan,nan,nan,nan,24.62,13.072,0,0
0,6/1/50,13:22,nan,nan,nan,nan,nan,nan,nan,nan,nan,nan,nan,nan,nan,nan,nan,nan,nan,4.7,7.524,0,0
0,6/1/50,13:23,nan,nan,nan,nan,nan,nan,nan,nan,nan,nan,nan,nan,nan,nan,nan,nan,nan,7.695,16.655,0,0
0,6/1/50,13:24,nan,nan,nan,nan,nan,nan,nan,nan,nan,nan,nan,nan,nan,nan,nan,nan,nan,7.022,23.034,0,0
0,6/1/50,13:25,nan,nan,nan,nan,nan,nan,nan,nan,nan,nan,nan,nan,nan,nan,nan,nan,nan,9.013,25.808,0,0
0,6/1/50,13:26,nan,nan,nan,nan,nan,nan,nan,nan,nan,nan,nan,nan,nan,nan,nan,nan,nan,23.394,0,0,0
0,6/1/50,13:27,nan,nan,nan,nan,nan,nan,nan,nan,nan,nan,nan,nan,nan,nan,nan,nan,nan,4.556,34.119,0,0
0,6/1/50,13:28,nan,nan,nan,nan,nan,nan,nan,nan,nan,nan,nan,nan,nan,nan,nan,nan,nan,10.743,7.84,0,0
0,6/1/50,13:29,nan,nan,nan,nan,nan,nan,nan,nan,nan,nan,nan,nan,nan,nan,nan,nan,nan,8.455,5.01,0,0
0,6/1/50,13:30,nan,nan,nan,nan,nan,nan,nan,nan,nan,nan,nan,nan,nan,nan,nan,nan,nan,12.258,7.469,0,0
0,6/1/50,13:31,nan,nan,nan,nan,nan,nan,nan,nan,nan,nan,nan,nan,nan,nan,nan,nan,nan,50.559,29.775,0,0
0,6/1/50,13:32,nan,nan,nan,nan,nan,nan,nan,nan,nan,nan,nan,nan,nan,nan,nan,nan,nan,0,87.151,0,0
0,6/1/50,13:33,nan,nan,nan,nan,nan,nan,nan,nan,nan,nan,nan,nan,nan,nan,nan,nan,nan,0,0,0,0
0,6/1/50,13:34,nan,nan,nan,nan,nan,nan,nan,nan,nan,nan,nan,nan,nan,nan,nan,nan,nan,0,0,0,0
0,6/1/50,13:35,nan,nan,nan,nan,nan,nan,nan,nan,nan,nan,nan,nan,nan,nan,nan,nan,nan,0,0,0,0
0,6/1/50,13:36,nan,nan,nan,nan,nan,nan,nan,nan,nan,nan,nan,nan,nan,nan,nan,nan,nan,0,0,0,0
0,6/1/50,13:37,nan,nan,nan,nan,nan,nan,nan,nan,nan,nan,nan,nan,nan,nan,nan,nan,nan,0,0,0,0
0,6/1/50,13:38,nan,nan,nan,nan,nan,nan,nan,nan,nan,nan,nan,nan,nan,nan,nan,nan,nan,0,0,0,0
0,6/1/50,13:39,nan,nan,nan,nan,nan,nan,nan,nan,nan,nan,nan,nan,nan,nan,nan,nan,nan,0,0,0,0
0,6/1/50,13:40,nan,nan,nan,nan,nan,nan,nan,nan,nan,nan,nan,nan,nan,nan,nan,nan,nan,0,0,0,0
0,6/1/50,13:41,nan,nan,nan,nan,nan,nan,nan,nan,nan,nan,nan,nan,nan,nan,nan,nan,nan,0,0,0,0
0,6/1/50,13:42,nan,nan,nan,nan,nan,nan,nan,nan,nan,nan,nan,nan,nan,nan,nan,nan,nan,0,0,0,0
0,6/1/50,13:43,nan,nan,nan,nan,nan,nan,nan,nan,nan,nan,nan,nan,nan,nan,nan,nan,nan,0,3.175,0,0
0,6/1/50,13:44,nan,nan,nan,nan,nan,nan,nan,nan,nan,nan,nan,nan,nan,nan,nan,nan,nan,0,15.215,63.137,0
0,6/1/50,13:45,nan,nan,nan,nan,nan,nan,nan,nan,nan,nan,nan,nan,nan,nan,nan,nan,nan,0,4.528,0,0
0,6/1/50,13:46,nan,nan,nan,nan,nan,nan,nan,nan,nan,nan,nan,nan,nan,nan,nan,nan,nan,0,6.892,0,0
0,6/1/50,13:47,nan,nan,nan,nan,nan,nan,nan,nan,nan,nan,nan,nan,nan,nan,nan,nan,nan,0,11.75,0,0
0,6/1/50,13:48,nan,nan,nan,nan,nan,nan,nan,nan,nan,nan,nan,nan,nan,nan,nan,nan,nan,0,17.431,79.72,0
0,6/1/50,13:49,nan,nan,nan,nan,nan,nan,nan,nan,nan,nan,nan,nan,nan,nan,nan,nan,nan,0,12.422,0,0
0,6/1/50,13:50,nan,nan,nan,nan,nan,nan,nan,nan,nan,nan,nan,nan,nan,nan,nan,nan,nan,0,7.65,0,0
0,6/1/50,13:51,nan,nan,nan,nan,nan,nan,nan,nan,nan,nan,nan,nan,nan,nan,nan,nan,nan,0,10.179,0,0
0,6/1/50,13:52,nan,nan,nan,nan,nan,nan,nan,nan,nan,nan,nan,nan,nan,nan,nan,nan,nan,0,5.129,0,0
0,6/1/50,13:53,nan,nan,nan,nan,nan,nan,nan,nan,nan,nan,nan,nan,nan,nan,nan,nan,nan,0,22.257,0,0
0,6/1/50,13:54,nan,nan,nan,nan,nan,nan,nan,nan,nan,nan,nan,nan,nan,nan,nan,nan,nan,0,21.236,0,0
0,6/1/50,13:55,nan,nan,nan,nan,nan,nan,nan,nan,nan,nan,nan,nan,nan,nan,nan,nan,nan,0,7.661,0,0
0,6/1/50,13:56,nan,nan,nan,nan,nan,nan,nan,nan,nan,nan,nan,nan,nan,nan,nan,nan,nan,0,7.759,0,0
0,6/1/50,13:57,nan,nan,nan,nan,nan,nan,nan,nan,nan,nan,nan,nan,nan,nan,nan,nan,nan,0,4.809,0,0
0,6/1/50,13:58,nan,nan,nan,nan,nan,nan,nan,nan,nan,nan,nan,nan,nan,nan,nan,nan,nan,0,4.771,0,0
0,6/1/50,13:59,nan,nan,nan,nan,nan,nan,nan,0,90.034,20.36,nan,nan,nan,nan,nan,nan,nan,0,11.697,0,0
0,6/1/50,14:00,nan,nan,nan,nan,nan,nan,nan,117.249,45.091,50.875,nan,nan,nan,nan,nan,nan,nan,0,14.786,0,0
0,6/1/50,14:01,nan,nan,nan,nan,nan,nan,nan,56.804,72.833,21.074,nan,nan,nan,nan,nan,nan,nan,0,10.99,0,0
0,6/1/50,14:02,nan,nan,nan,nan,nan,nan,nan,104.62,158.012,20.313,nan,nan,nan,nan,nan,nan,nan,0,38.01,0,0
0,6/1/50,14:03,nan,nan,nan,nan,nan,nan,nan,0,28.431,7.789,nan,nan,nan,nan,nan,nan,nan,0,64.681,0,0
0,6/1/50,14:04,nan,nan,nan,nan,nan,nan,nan,66.735,0,13.873,nan,nan,nan,nan,nan,nan,nan,0,47.74,0,0
0,6/1/50,14:05,nan,nan,nan,nan,nan,nan,nan,52.312,129.331,18.284,nan,nan,nan,nan,nan,nan,nan,0,10.814,0,0
0,6/1/50,14:06,nan,nan,nan,nan,nan,nan,nan,0,38.92,3.732,nan,nan,nan,nan,nan,nan,nan,0,58.664,0,0
0,6/1/50,14:07,nan,nan,nan,nan,nan,nan,nan,0,5.664,31.262,nan,nan,nan,nan,nan,nan,nan,0,28.411,0,0
0,6/1/50,14:08,nan,nan,nan,nan,nan,nan,nan,33.029,4.997,36.339,nan,nan,nan,nan,nan,nan,nan,0,8.27,0,18.677
0,6/1/50,14:09,nan,nan,nan,nan,nan,nan,nan,96.417,6.49,14.722,nan,nan,nan,nan,nan,nan,nan,0,0,0,0
0,6/1/50,14:10,nan,nan,nan,nan,nan,nan,nan,0,52.528,51.518,nan,nan,nan,nan,nan,nan,nan,0,0,0,0
0,6/1/50,14:11,nan,nan,nan,nan,nan,nan,nan,42.731,76.64,31.016,nan,nan,nan,nan,nan,nan,nan,0,0,0,0
0,6/1/50,14:12,nan,nan,nan,nan,nan,nan,nan,39.168,9.419,6.965,nan,nan,nan,nan,nan,nan,nan,0,0,0,0
0,6/1/50,14:13,nan,nan,nan,nan,nan,nan,nan,76.88,5.469,4.618,nan,nan,nan,nan,nan,nan,nan,0,0,0,0
0,6/1/50,14:14,nan,nan,nan,nan,nan,nan,nan,90.943,37.86,7.825,nan,nan,nan,nan,nan,nan,nan,0,0,0,0
0,6/1/50,14:15,nan,nan,nan,nan,nan,nan,nan,5.312,60.436,5.124,nan,nan,nan,nan,nan,nan,nan,0,0,0,0
0,6/1/50,14:16,nan,nan,nan,nan,nan,nan,nan,13.606,0,7.588,nan,nan,nan,nan,nan,nan,nan,0,0,0,0
0,6/1/50,14:17,nan,nan,nan,nan,nan,nan,nan,74.665,0,4.473,nan,nan,nan,nan,nan,nan,nan,0,0,0,0
0,6/1/50,14:18,nan,nan,nan,nan,nan,nan,nan,36.817,0,7.777,nan,nan,nan,nan,nan,nan,nan,0,0,0,0
0,6/1/50,14:19,nan,nan,nan,nan,nan,nan,nan,7.194,0,7.138,nan,nan,nan,nan,nan,nan,nan,0,0,0,0
0,6/1/50,14:20,nan,nan,nan,nan,nan,nan,nan,28.029,0,11.225,nan,nan,nan,nan,nan,nan,nan,0,29.355,0,0
0,6/1/50,14:21,nan,nan,nan,nan,nan,nan,nan,23.483,0,18.142,nan,nan,nan,nan,nan,nan,nan,0,4.544,0,0
0,6/1/50,14:22,nan,nan,nan,nan,nan,nan,nan,35.309,0,4.969,nan,nan,nan,nan,nan,nan,nan,0,8.633,0,0
0,6/1/50,14:23,nan,nan,nan,nan,nan,nan,nan,28.402,0,13.666,nan,nan,nan,nan,nan,nan,nan,0,12.809,21.274,0
0,6/1/50,14:24,nan,nan,nan,nan,nan,nan,nan,21.675,0,9.498,nan,nan,nan,nan,nan,nan,nan,0,9.148,51.466,0
0,6/1/50,14:25,nan,nan,nan,nan,nan,nan,nan,39.679,0,12.499,nan,nan,nan,nan,nan,nan,nan,0,8.892,0,52.084
0,6/1/50,14:26,nan,nan,nan,nan,nan,nan,nan,0,0,19.46,nan,nan,nan,nan,nan,nan,nan,0,10.192,0,0
0,6/1/50,14:27,nan,nan,nan,nan,nan,nan,nan,0,0,23.298,nan,nan,nan,nan,nan,nan,nan,0,13.915,0,0
0,6/1/50,14:28,nan,nan,nan,nan,nan,nan,nan,0,0,14.864,nan,nan,nan,nan,nan,nan,nan,0,9.711,0,0
0,6/1/50,14:29,nan,nan,nan,nan,nan,nan,nan,0,0,18.182,nan,nan,nan,nan,nan,nan,nan,0,7.466,0,0
0,6/1/50,14:30,nan,nan,nan,nan,nan,nan,nan,34.505,0,7.955,nan,nan,nan,nan,nan,nan,nan,0,14.492,0,50.842
0,6/1/50,14:31,nan,nan,nan,nan,nan,nan,nan,58.638,0,5.329,nan,nan,nan,nan,nan,nan,nan,0,6.046,0,39.473
0,6/1/50,14:32,nan,nan,nan,nan,nan,nan,nan,11.454,0,9.491,nan,nan,nan,nan,nan,nan,nan,0,5.352,0,0
0,6/1/50,14:33,nan,nan,nan,nan,nan,nan,nan,14.673,0,10.479,nan,nan,nan,nan,nan,nan,nan,0,4.493,0,0
0,6/1/50,14:34,nan,nan,nan,nan,nan,nan,nan,72.217,0,7.545,nan,nan,nan,nan,nan,nan,nan,0,3.611,0,0
0,6/1/50,14:35,nan,nan,nan,nan,nan,nan,nan,50.747,0,5.872,nan,nan,nan,nan,nan,nan,nan,0,5.355,0,0
0,6/1/50,14:36,nan,nan,nan,nan,nan,nan,nan,20.906,0,8.452,nan,nan,nan,nan,nan,nan,nan,0,5.477,0,0
0,6/1/50,14:37,nan,nan,nan,nan,nan,nan,nan,0,0,20.348,nan,nan,nan,nan,nan,nan,nan,0,4.623,0,0
0,6/1/50,14:38,nan,nan,nan,nan,nan,nan,nan,0,0,9.42,nan,nan,nan,nan,nan,nan,nan,0,7.497,0,91.157
0,6/1/50,14:39,nan,nan,nan,nan,nan,nan,nan,0,0,9.772,nan,nan,nan,nan,nan,nan,nan,0,9.079,0,3.13
0,6/1/50,14:40,nan,nan,nan,nan,nan,nan,nan,0,0,8.284,nan,nan,nan,nan,nan,nan,nan,0,4.337,60.882,0
0,6/1/50,14:41,nan,nan,nan,27.847,0,0,0,0,0,8.707,nan,nan,nan,nan,nan,nan,nan,0,6.13,8.157,0
0,6/1/50,14:42,nan,nan,nan,72.696,93.989,79.898,39.76,19.336,0,11.497,nan,nan,nan,nan,nan,nan,nan,0,11.541,11.082,0
0,6/1/50,14:43,nan,nan,nan,0,80.773,90.152,32.555,22.775,0,7.577,nan,nan,nan,nan,nan,nan,nan,0,8.488,9.698,0
0,6/1/50,14:44,nan,nan,nan,25.228,62.478,47.549,97.274,0,0,26.146,nan,nan,nan,nan,nan,nan,nan,0,4.925,46.973,27.209
0,6/1/50,14:45,nan,nan,nan,44.511,28.218,71.246,109.784,0,0,7.72,nan,nan,nan,nan,nan,nan,nan,0,14.356,0,30.435
0,6/1/50,14:46,nan,nan,nan,62.386,0,5.54,27.129,0,0,3.293,nan,nan,nan,nan,nan,nan,nan,0,36.152,0,0
0,6/1/50,14:47,nan,nan,nan,0,47.229,40.467,80.001,0,0,5.468,nan,nan,nan,nan,nan,nan,nan,0,10.007,18.114,0
0,6/1/50,14:48,nan,nan,nan,0,21.407,118.673,65.125,0,0,4.016,nan,nan,nan,nan,nan,nan,nan,0,4.507,0,0
0,6/1/50,14:49,nan,nan,nan,93.356,5.269,90.029,0,0,0,7.021,nan,nan,nan,nan,nan,nan,nan,0,4.739,0,0
0,6/1/50,14:50,nan,nan,nan,0,18.562,24.16,0,0,0,38.575,nan,nan,nan,nan,nan,nan,nan,0,4.221,0,0
0,6/1/50,14:51,nan,nan,nan,0,44.51,6.589,0,0,0,15.505,nan,nan,nan,nan,nan,nan,nan,0,5.217,0,0
0,6/1/50,14:52,nan,nan,nan,14.276,22.035,16.919,0,0,0,9.69,nan,nan,nan,nan,nan,nan,nan,0,10.718,0,0
0,6/1/50,14:53,nan,nan,nan,0,6.498,71.979,0,0,0,6.84,nan,nan,nan,nan,nan,nan,nan,0,17.833,0,36.902
0,6/1/50,14:54,nan,nan,nan,0,19.718,6.639,0,59.663,0,9.278,nan,nan,nan,nan,nan,nan,nan,0,4.228,0,0
0,6/1/50,14:55,nan,nan,nan,0,15.627,3.822,0,26.818,0,30.678,nan,nan,nan,nan,nan,nan,nan,0,7.856,0,0
0,6/1/50,14:56,nan,nan,nan,11.851,8.175,87.531,0,7.049,0,24.189,nan,nan,nan,nan,nan,nan,nan,0,83.016,0,0
0,6/1/50,14:57,nan,nan,nan,0,9.195,65.271,0,18.279,0,31.877,nan,nan,nan,nan,nan,nan,nan,0,47.521,0,0
0,6/1/50,14:58,nan,nan,nan,25.799,6.021,0,0,40.325,0,7.835,nan,nan,nan,nan,nan,nan,nan,0,12.603,0,0
0,6/1/50,14:59,nan,nan,nan,12.212,6.231,0,0,75.7,0,12.628,nan,nan,nan,nan,nan,nan,nan,0,5.465,0,0
0,6/1/50,15:00,nan,nan,nan,0,5.496,0,0,44.827,0,12.189,nan,nan,nan,nan,nan,nan,nan,0,5.404,0,0
0,6/1/50,15:01,nan,nan,nan,0,65.969,0,0,8.524,0,5.47,nan,nan,nan,nan,nan,nan,nan,0,4.158,0,0
0,6/1/50,15:02,nan,nan,nan,0,0,0,0,8.567,0,33.637,nan,nan,nan,nan,nan,nan,nan,0,4.795,0,0
0,6/1/50,15:03,nan,nan,nan,0,0,0,0,52.769,0,9.652,nan,nan,nan,nan,nan,nan,nan,0,5.118,0,0
0,6/1/50,15:04,nan,nan,nan,0,0,0,0,60.525,0,6.847,nan,nan,nan,nan,nan,nan,nan,0,4.909,0,0
0,6/1/50,15:05,nan,nan,nan,0,0,0,0,9.653,0,18.489,nan,nan,nan,nan,nan,nan,nan,0,4.292,0,0
0,6/1/50,15:06,nan,nan,nan,38.587,0,0,0,13.477,0,8.098,nan,nan,nan,nan,nan,nan,nan,0,4.778,0,0
0,6/1/50,15:07,nan,nan,nan,9.41,26.359,0,0,12.382,0,3.268,nan,nan,nan,nan,nan,nan,nan,0,5.029,0,0
0,6/1/50,15:08,nan,nan,nan,0,0,0,0,4.579,0,3.928,nan,nan,nan,nan,nan,nan,nan,0,4.39,0,71.846
0,6/1/50,15:09,nan,nan,nan,0,0,0,0,4.768,0,15.126,nan,nan,nan,nan,nan,nan,nan,0,6.09,0,0
0,6/1/50,15:10,nan,nan,nan,0,0,15.941,0,12.014,0,17.59,nan,nan,nan,nan,nan,nan,nan,0,8.542,0,0
0,6/1/50,15:11,nan,nan,nan,0,0,11.243,0,17.444,0,10.191,nan,nan,nan,nan,nan,nan,nan,0,14.381,0,0
0,6/1/50,15:12,nan,nan,nan,15.014,0,0,0,9.993,0,10.429,nan,nan,nan,nan,nan,nan,nan,0,8,0,0
0,6/1/50,15:13,nan,nan,nan,0,0,0,0,6.485,0,6.518,nan,nan,nan,nan,nan,nan,nan,0,13.911,0,0
0,6/1/50,15:14,nan,nan,nan,0,0,92.469,0,8.81,0,5.338,nan,nan,nan,nan,nan,nan,nan,0,66.786,0,0
0,6/1/50,15:15,nan,nan,nan,0,0,5.937,0,14.342,0,4.202,nan,nan,nan,nan,nan,nan,nan,0,15.889,0,0
0,6/1/50,15:16,nan,nan,nan,0,0,4.583,0,11.426,0,4.772,nan,nan,nan,nan,nan,nan,nan,0,12.591,0,0
0,6/1/50,15:17,nan,nan,nan,0,0,5.836,0,8.133,0,4.154,nan,nan,nan,nan,nan,nan,nan,0,9.6,0,0
0,6/1/50,15:18,nan,nan,nan,0,0,11.302,0,25.099,0,5.506,nan,nan,nan,nan,nan,nan,nan,0,10.043,0,0
0,6/1/50,15:19,nan,nan,nan,0,0,6.906,0,12.222,0,36.404,nan,nan,nan,nan,nan,nan,nan,0,7.988,0,36.065
0,6/1/50,15:20,nan,nan,nan,0,0,8.067,0,5.748,0,37.149,nan,nan,nan,nan,nan,nan,nan,0,34.464,21.358,0
0,6/1/50,15:21,nan,nan,nan,0,0,8.321,0,37.126,0,13.514,nan,nan,nan,nan,nan,nan,nan,0,3.425,53.249,0
0,6/1/50,15:22,nan,nan,nan,0,0,7.528,0,6.509,0,10.732,nan,nan,nan,nan,nan,nan,nan,0,3.47,0,0
0,6/1/50,15:23,nan,nan,nan,0,0,24.534,0,7.161,0,14.952,nan,nan,nan,nan,nan,nan,nan,0,4.806,48.05,8.043
0,6/1/50,15:24,nan,nan,nan,0,0,50.142,0,8.523,0,10.245,nan,nan,nan,nan,nan,nan,nan,0,3.17,18.462,24.046
0,6/1/50,15:25,nan,nan,nan,0,0,0,0,6.657,0,21.05,nan,nan,nan,nan,nan,nan,nan,0,3.287,0,0
0,6/1/50,15:26,nan,nan,nan,0,0,0,0,6.386,0,27.861,nan,nan,nan,nan,nan,nan,nan,0,4.294,0,0
0,6/1/50,15:27,nan,nan,nan,0,0,0,0,7.871,12.01,18.43,nan,nan,nan,nan,nan,nan,nan,0,4.064,0,0
0,6/1/50,15:28,nan,nan,nan,0,0,0,0,23.751,0,46.236,nan,nan,nan,nan,nan,nan,nan,0,5.188,0,0
0,6/1/50,15:29,nan,nan,nan,0,0,0,0,6.545,0,33.582,nan,nan,nan,0,1.439,0,26.034,0,5.808,0,10.629
0,6/1/50,15:30,nan,nan,nan,0,0,0,0,6.213,0,34.924,nan,nan,nan,0,33.519,0,14.287,0,5.866,0,0
0,6/1/50,15:31,nan,nan,nan,0,0,0,0,19.673,0,26.871,nan,nan,nan,0,10.707,0,0,0,6.138,0,0
0,6/1/50,15:32,nan,nan,nan,0,0,0,0,6.803,92.46,44.494,nan,nan,nan,7.203,61.872,71.564,0,0,4.074,0,0
0,6/1/50,15:33,nan,nan,nan,0,0,0,0,5.437,0,12.018,nan,nan,nan,75.985,0,0,0,0,4.327,0,0
0,6/1/50,15:34,nan,nan,nan,0,0,0,0,12.658,0,10.877,nan,nan,nan,0,60.101,0,0,0,3.454,0,0
0,6/1/50,15:35,nan,nan,nan,0,0,0,0,50.974,0,18.408,nan,nan,nan,0,15.302,0,0,0,4.615,0,0
0,6/1/50,15:36,nan,nan,nan,0,0,0,0,112.422,26.804,31.296,nan,nan,nan,0,0,0,0,0,4.831,0,0
0,6/1/50,15:37,nan,nan,nan,0,0,0,0,34.48,0,15.213,nan,nan,nan,0,0,0,0,0,4.356,0,0
0,6/1/50,15:38,nan,nan,nan,0,0,0,0,0,0,10.326,nan,nan,nan,0,0,64.905,15.534,0,5.197,0,74.058
0,6/1/50,15:39,nan,nan,nan,0,0,0,0,0,0,16.122,nan,nan,nan,0,0,0,25.275,0,4.369,0,33.337
0,6/1/50,15:40,nan,nan,nan,17.787,0,0,0,0,0,19.178,nan,nan,nan,0,0,0,51.28,0,5.192,0,37.295
0,6/1/50,15:41,nan,nan,nan,30.809,0,0,0,0,0,17.868,nan,nan,nan,0,0,0,0,0,15.276,0,0
0,6/1/50,15:42,nan,nan,nan,0,0,0,0,0,0,18.103,nan,nan,nan,0,0,0,0,0,86.616,0,0
0,6/1/50,15:43,nan,nan,nan,0,0,0,0,0,0,8.448,nan,nan,nan,69.074,0,0,0,20.108,45.169,0,0
0,6/1/50,15:44,nan,nan,nan,0,0,0,0,0,0,8.949,nan,nan,nan,50.095,0,0,0,40.516,6.704,0,0
0,6/1/50,15:45,nan,nan,nan,0,0,0,0,0,68.965,11.25,nan,nan,nan,0,0,0,0,8.222,8.118,0,0
0,6/1/50,15:46,nan,nan,nan,20.146,0,0,0,0,42.341,8.788,nan,nan,nan,0,0,0,0,7.347,5.145,0,0
0,6/1/50,15:47,nan,nan,nan,0,0,0,0,0,0,26.199,nan,nan,nan,0,0,0,0,55.542,6.129,0,0
0,6/1/50,15:48,nan,nan,nan,0,0,27.7,0,0,0,10.663,nan,nan,nan,0,0,0,0,32.184,8.127,0,0
0,6/1/50,15:49,nan,nan,nan,0,0,0,0,0,54.058,50.942,nan,nan,nan,0,0,0,0,0,6.686,0,0
0,6/1/50,15:50,nan,nan,nan,0,0,0,0,0,20.637,52.495,nan,nan,nan,0,0,0,0,0,5.927,0,0
0,6/1/50,15:51,nan,nan,nan,0,0,0,0,0,9.074,28.986,nan,nan,nan,26.384,0,0,0,0,7.441,0,0
0,6/1/50,15:52,nan,nan,nan,0,0,0,0,0,5.15,9.284,nan,nan,nan,0,0,0,0,0,9.45,0,0
0,6/1/50,15:53,nan,nan,nan,0,0,0,0,0,15.847,7.397,nan,nan,nan,0,0,0,59.782,0,23.908,0,0
0,6/1/50,15:54,nan,nan,nan,0,0,0,0,0,43.488,0,11.28,0,14.38,0,0,43.829,24.369,0,3.5,0,0
0,6/1/50,15:55,nan,nan,nan,0,0,0,0,0,0,0,8.522,0,34.802,0,67.726,0,0,0,3.382,0,0
0,6/1/50,15:56,nan,nan,nan,0,0,0,0,0,0,53.138,7.554,1.523,0,0,0,0,0,0,4.495,0,0
0,6/1/50,15:57,nan,nan,nan,0,0,0,0,60.755,0,71.336,10.234,1.837,0,0,14.414,0,0,39.59,4.889,0,0
0,6/1/50,15:58,nan,nan,nan,0,0,0,0,0,0,33.827,13.783,0,0,0,0,17.344,0,40.976,3.837,0,0
0,6/1/50,15:59,nan,nan,nan,0,0,0,0,0,0,16.26,8.77,0,0,0,0,0,0,17.349,3.688,19.054,59.846
0,6/1/50,16:00,nan,nan,nan,0,0,0,0,0,66.109,36.436,10.347,0,0,0,0,0,0,0,3.963,36.722,0
0,6/1/50,16:01,nan,nan,nan,4.587,0,0,0,0,0,21.566,6.858,0,0,46.367,0,0,0,0,4.053,19.779,0
0,6/1/50,16:02,nan,nan,nan,1.568,0,0,0,0,0,12.194,11.155,0,0,0,0,0,0,0,6.177,0,0
0,6/1/50,16:03,nan,nan,nan,0,28.235,0,0,0,0,10.702,17.219,0,0,0,0,0,14.338,0,4.686,0,0
0,6/1/50,16:04,nan,nan,nan,0,12.991,0,0,0,0,12.735,5.468,0,13.741,0,0,0,0,0,4.194,0,79.749
0,6/1/50,16:05,nan,nan,nan,0,0,50.671,0,0,0,53.739,5.123,0,0,77.159,0,0,0,0,9.123,0,0
0,6/1/50,16:06,nan,nan,nan,0,0,19.196,0,0,0,11.966,5.776,0,0,0,23.59,0,0,0,4.712,0,0
0,6/1/50,16:07,nan,nan,nan,0,0,21.135,0,42.881,0,45.172,4.87,0,0,0,0,0,0,0,4.083,0,0
0,6/1/50,16:08,nan,nan,nan,0,0,30.24,0,0,62.609,47.901,5.727,0,0,0,2.31,0,0,48.505,4.034,0,0
0,6/1/50,16:09,nan,nan,nan,0,0,10.534,0,40.767,0,20.112,10.209,0,0,83.149,0,0,0,0,11.377,0,0
0,6/1/50,16:10,nan,nan,nan,0,15.112,11.747,0,0,0,0,8.406,0,0,21.672,15.115,0,0,0,23.385,0,29.605
0,6/1/50,16:11,nan,nan,nan,21.887,43.097,4.479,0,0,0,85.82,9.375,0,0,6.687,0,0,0,0,58.282,0,63.116
0,6/1/50,16:12,nan,nan,nan,97.061,0,3.274,0,0,0,0,9.956,0,0,7.222,0,0,0,0,16.225,0,0
0,6/1/50,16:13,nan,nan,nan,0,0,26.621,0,0,0,56.523,9.449,0,0,11.931,0,0,0,0,19.502,0,0
0,6/1/50,16:14,nan,nan,nan,0,0,7.335,0,45.358,0,51.263,12.542,0,0,79.959,0,0,0,0,41.349,0,0
0,6/1/50,16:15,nan,nan,nan,0,0,8.415,0,17.709,0,8.186,9.816,0,0,31.829,0,0,0,0,10.369,0,0
0,6/1/50,16:16,nan,nan,nan,0,0,16.482,0,7.463,0,47.983,6.779,0,0,0,0,0,0,0,58.722,0,0
0,6/1/50,16:17,nan,nan,nan,0,72.417,34.07,0,17.18,0,51.221,5.118,0,0,62.16,0,0,0,0,7.375,0,0
0,6/1/50,16:18,nan,nan,nan,41.511,0,0,0,62.732,0,49.611,5.486,43.105,0.432,34.974,0,0,0,64.948,8.742,0,39.288
0,6/1/50,16:19,nan,nan,nan,52.607,19.08,0,0,17.345,0,63.645,12.122,0,16.721,30.158,0,0,0,0,6.743,0,41.328
0,6/1/50,16:20,nan,nan,nan,0,80.502,0,0,9.466,0,0,9.183,0,0,11.273,0,84.538,0,0,36.586,0,0
0,6/1/50,16:21,nan,nan,nan,0,0,0,0,66.147,35.474,18.425,11.877,29.361,0,6.713,0,0,0,0,8.527,97.965,0
0,6/1/50,16:22,nan,nan,nan,0,0,0,0,0,28.817,94.582,12.421,0,0,7.345,0,0,0,0,13.928,63.799,0
0,6/1/50,16:23,nan,nan,nan,0,0,23.031,0,0,0,80.198,11.758,0,0,85.952,0,0,0,0,14.329,21.412,0
0,6/1/50,16:24,nan,nan,nan,0,10.626,46.647,0,0,0,0,23.919,0,0,25.385,0,0,0,0,15.706,0,0
0,6/1/50,16:25,nan,nan,nan,0,92.372,0,0,0,0,7.51,33.662,0,0,7.596,0,26.524,0,0,15.036,0,0
0,6/1/50,16:26,nan,nan,nan,0,0,0,0,0,0,78.207,30.273,0,0,3.331,0,15.242,0,0,13.199,21.178,0
0,6/1/50,16:27,nan,nan,nan,75.54,0,0,0,0,0,18.324,31.56,0,0,68.421,0,4.606,73.615,0,4.577,53.487,0
0,6/1/50,16:28,nan,nan,nan,0,0,0,0,0,0,0,20.247,0,0,28.252,0,4.577,0,0,46.929,0,0
0,6/1/50,16:29,nan,nan,nan,0,0,0,0,0,0,0,7.821,0,0,0,0,7.474,0,54.632,6.983,0,0
0,6/1/50,16:30,nan,nan,nan,0,0,2.142,3.468,0,0,0,9.715,0,0,46.485,0,7.911,0,25.1,4.745,0,0
0,6/1/50,16:31,nan,nan,nan,0,71.266,46.827,14.227,0,75.286,0,11.62,0,0,25.305,0,8.435,0,39.082,14.06,40.151,0
0,6/1/50,16:32,nan,nan,nan,0,0,13.208,48.268,0,0,0,14.405,0,0,0,0,3.39,0,0,12.927,0,0
0,6/1/50,16:33,nan,nan,nan,0,0,6.438,0,0,0,0,6.072,0,0,0,0,5.771,0,0,4.729,61.025,0
0,6/1/50,16:34,nan,nan,nan,0,0,7.204,14.61,0,0,40.201,4.297,0,0,0,0,7.726,0,27.476,16.248,52.763,0
0,6/1/50,16:35,nan,nan,nan,0,0,6.351,1.821,21.973,17.627,58.662,4.811,0,0,0,0,42.668,0,25.148,5.26,0.594,0
0,6/1/50,16:36,36.35,0,0,0,0,5.963,0,0,0,0,5.534,0,0,0,0,49.601,0,27.566,13.848,31.466,0
0,6/1/50,16:37,32.641,32.645,0,0,0,16.757,65.871,0,19.686,0,10.944,0,0,0,0,0,0,8.415,7.678,66.184,0
0,6/1/50,16:38,0,0,21.435,0,0,25.822,15.582,0,0,0,7.407,0,0,0,0,0,60.215,5.246,25.032,28.546,0
0,6/1/50,16:39,0,0,0,0,35.118,8.501,15.492,0,0,0,3.954,0,0,0,0,0,0,5.706,0,0,0
0,6/1/50,16:40,0,0,0,9.473,0,31.903,21.371,50.36,0,0,4.118,0,0,0,0,0,0,3.748,33.379,0,0
0,6/1/50,16:41,0,30.616,0,0,0,0,49.108,0,0,0,4.288,0,0,0,0,0,0,3.745,8.738,25.958,0
0,6/1/50,16:42,12.334,174.474,0,0,0,65.755,24.971,0,0,20.628,16.515,0,0,0,0,0,0,3.594,0.501,42.442,0
0,6/1/50,16:43,30.06,118.897,0,0,0,0,8.464,0,0,60.461,7.152,0,0,0,0,0,0,22.754,5.369,40.826,0
0,6/1/50,16:44,7.979,14.217,0,0,0,0,6.715,0,0,0,6.07,0,0,0,70.88,59.212,15.648,0,49.226,31.118,0
0,6/1/50,16:45,63.612,31.112,0,0,0,0,29.517,0,0,69.419,5.552,0,0,0,7.676,0,0,0,66.69,0,0
0,6/1/50,16:46,0,0,0,0,0,0,0,0,0,0,5.547,0,0,0,0,0,0,0,5.975,2.961,0
0,6/1/50,16:47,97.783,19.078,0,0,0,0,0,0,0,0,5.546,0,0,0,0,0,0,0,3.202,0,0
0,6/1/50,16:48,0,7.345,0,0,0,0,0,0,0,0,12.065,0,0,0,0,0,0,0,2.942,62.307,0
0,6/1/50,16:49,14.636,15.215,0,75.395,0,0,0,0,0,45.603,13.948,0,0,0,2.981,0,59.176,0,2.998,0,0
0,6/1/50,16:50,0,0,0,0,0,0,0,0,0,20.856,13.809,0,0,0,9.309,0,0,0,2.685,50.621,0
0,6/1/50,16:51,0,0,56.206,0,0,0,36.474,0,0,34.122,12.282,0,0,0,45.53,0,0,0,2.664,0,0
0,6/1/50,16:52,91.058,155.772,20.549,0,0,0,25.198,0,0,45.023,7.517,0,0,0,94.516,0,0,0,3.171,0,0
0,6/1/50,16:53,0,0,25.991,0,0,0,44.363,0,0,58.393,6.127,0,0,0,59.707,0,0,0,3.035,0,0
0,6/1/50,16:54,0,0,69.871,0,0,0,1.617,0,0,0,4.84,0,0,0,27.783,0,0,0,3.025,0,0
0,6/1/50,16:55,0,0,0,72.382,0,0,93.552,0,0,32.998,5.156,0,0,0,0,0,0,0,3.763,0,0
0,6/1/50,16:56,50.181,0,0,0,0,0,12.71,0,0,13.359,5.248,0,0,0,0,0,0,0,2.605,0,0
0,6/1/50,16:57,25.646,0,0,0,0,0,10.794,0,0,91.334,5.684,30.211,0,0,0,0,0,0,2.239,0,0
0,6/1/50,16:58,0,0,0,0,67.338,0,32.904,0,0,118.131,5.551,0,0,0,14.63,0,0,0,2.504,0,0
0,6/1/50,16:59,0,0,0,0,0,0,0,0,0,33.71,4.791,0,0,0,39.831,0,0,0,2.745,0,0
0,6/1/50,17:00,0,0,0,0,0,0,0,0,0,48.404,7.379,0,0,0,63.573,0,0,0,2.509,0,0
0,6/1/50,17:01,80.722,0,0,0,0,0,0,37.045,0,76.422,12.262,0,0,0,3.99,0,0,0,3.092,0,0
0,6/1/50,17:02,25.302,0,0,0,0,65.976,0,0,0,58.454,7.501,0,0,0,0,0,0,0,2.525,0,0
0,6/1/50,17:03,3.805,0,0,0,0,0,47.412,0,0,79.388,4.661,0,0,0,0,0,0,0,2.8,0,0
0,6/1/50,17:04,7.608,0,10.223,0,0,0,26.341,0,0,55.488,4.525,0,0,0,27.076,0,0,0,3.006,0,0
0,6/1/50,17:05,5.761,0,0,70.609,0,0,24.019,0,0,3.835,4.159,0,0,0,0,0,0,0,2.584,0,20.326
0,6/1/50,17:06,5.577,0,0,0,0,0,12.505,0,0,0,5.144,0,0,10.819,36.088,0,0,0,3.015,0,79.208
0,6/1/50,17:07,7.123,0,0,0,70.654,0,0,0,0,13.809,5.918,0,0,66.542,0,0,0,0,2.841,0,0
0,6/1/50,17:08,5.3,0,0,0,18.716,0,0,0,0,11.827,11.398,0,0,8.687,0,0,0,0,3.363,0,0
0,6/1/50,17:09,4.925,0,0,0,31.921,0,0,0,0,69.574,4.649,0,0,6.832,0,0,0,0,2.765,0,19.487
0,6/1/50,17:10,5.493,0,0,0,0,48.757,0,0,0,17.589,3.981,0,0,7.843,0,0,0,0,2.689,0,23.042
0,6/1/50,17:11,7.397,0,0,75.234,37.644,29.057,0,0,0,0,3.812,0,0,34.382,0,0,0,0,78.112,0,0
0,6/1/50,17:12,12.116,0,0,3.162,0,0,0,0,0,45.589,4.133,0,0,55.88,0,0,0,0,8.752,0,0
0,6/1/50,17:13,9.828,0,0,23.625,34.934,0,0,0,23.943,16.627,4.305,0,0,0,0,0,0,0,92.739,0,112.319
0,6/1/50,17:14,4.417,0,0,26.362,86.946,0,0,0,0.218,0,4.007,0,0,0,0,0,0,49.087,0,0,110.825
0,6/1/50,17:15,8.305,0,0,0,14.591,0,62.133,0,68.402,18.715,3.58,0,0,29.215,0,0,0,110.334,48.145,0,32.063
0,6/1/50,17:16,4.55,0,0,0,0,0,4.02,0,34.387,95.89,3.571,0,0,100.433,0,0,0,35.202,18.913,0,0
0,6/1/50,17:17,7.868,0,0,0,0,0,14.962,0,23.889,0,7.899,0,0,39.74,0,0,0,53.046,59.305,0,0
0,6/1/50,17:18,74.345,0,0,50.565,0,0,45.394,103.873,0,5.95,5.776,8.269,0,68.132,0,13.422,0,47.469,9.008,0,0
0,6/1/50,17:19,47.73,0,0,27.558,0,55.966,12.577,48.831,0,75.029,4.804,80.381,0,55.986,0,47.242,0,0,4.536,0,0
0,6/1/50,17:20,0,0,0,49.02,0,12.303,13.345,6.906,37.05,15.755,9.455,84.233,0,0,0,0,0,78.434,7.268,0,0
0,6/1/50,17:21,0,0,0,24.532,0,7.35,7.613,14.409,14.614,0,4.251,110.168,0,138.624,0,0,0,29.91,3.252,0,0
0,6/1/50,17:22,25.055,0,0,0,0,5.767,28.98,71.726,0,0,5.543,7.093,0,115.657,0,18.491,0,0,3.313,0,0
0,6/1/50,17:23,4.948,0,0,0,0,40.402,16.379,79.987,17.695,0,4.661,5.272,0,39.292,0,17.868,50.574,0,3.859,0,0
0,6/1/50,17:24,5.122,0,0,29.705,2.011,40.524,11.336,8.455,37.34,14.864,5.03,4.728,0,35.545,0,0,14.36,0,4.305,0,0
0,6/1/50,17:25,4.465,0,0,56.395,2.262,6.645,14.814,28.422,79.951,0,5.129,5.433,0,0,0,0,0,0,3.102,0,0
0,6/1/50,17:26,3.362,0,0,0,1.563,4.103,6.601,16.33,21.033,0,4.541,3.5,0,0,0,0,0,0,5.177,0,0
0,6/1/50,17:27,45.496,0,0,0,16.904,5.09,10.857,0,68.674,0,5.121,5.203,0,0,0,0,0,0,6.731,0,0
0,6/1/50,17:28,15.178,0,0,0,88.07,17.347,20.498,58.85,25.648,0,5.24,6.976,0,0,0,0,0,0,6.52,0,0
0,6/1/50,17:29,6.461,0,0,0,0,5.731,7.455,38.324,0,0,5.618,4.904,0,15.566,0,0,0,0,5.859,0,0
0,6/1/50,17:30,3.656,0,0,0,0,8.209,16.538,5.797,0,0,5.752,5.402,0,0,0,0,0,0,4.798,0,0
0,6/1/50,17:31,29.545,0,0,0,0,7.52,0,2.152,0,0,6.273,5.761,0,0,0,0,0,0,6.92,0,0
0,6/1/50,17:32,10.002,0,0,0,0,11.897,0,0,77.243,0,6.272,4.119,0,0,0,0,0,0,3.971,0,0
0,6/1/50,17:33,30.718,0,0,0,0,36.239,0,0,6.429,0,7.157,4.658,0,0,0,0,0,0,4.1,0,0
0,6/1/50,17:34,8.616,0,0,0,0,101.111,0,0,5.178,0,6.754,5.32,0,0,0,0,0,0,3.931,0,0
0,6/1/50,17:35,4.366,0,0,0,69.339,6.468,0,0,5.417,0,5.565,10.756,0,0,0,0,0,0,3.63,0,0
0,6/1/50,17:36,32.285,0,0,0,0,6.385,18.273,0,6.218,0,5.997,14.016,0,0,0,0,0,0,38.52,0,0
0,6/1/50,17:37,16.461,0,0,0,0,6.741,29.539,0,39.337,0,6.26,8.408,0,0,0,0,0,0,60.629,0,0
0,6/1/50,17:38,5.405,0,0,0,0,8.147,59.765,0,20.434,0,5.102,0.017,0,0,0,0,0,0,11.846,0,0
0,6/1/50,17:39,47.259,0,0,0,0,18.24,74.146,0,0,0,5.267,0,0,0,0,0,0,0,55.71,0,0
0,6/1/50,17:40,0,0,0,0,0,11.299,39.686,0,0,0,5.325,0,0,0,57.601,0,0,0,60.157,0,0
0,6/1/50,17:41,35.416,0,0,0,0,17.682,43.195,0,0,0,5.255,0,0,0,88.849,0,0,0,0,0,0
0,6/1/50,17:42,18.945,0,0,0,0,16.028,17.44,0,0,0,5.591,0,0,49.091,0,0,0,0,0,0,0
0,6/1/50,17:43,3.743,0,35.39,0,0,5.572,14.329,0,0,0,5.622,0,0,0,52.75,47.62,0,0,0,0,28.603
0,6/1/50,17:44,11.244,0,0,0,0,5.848,14.595,0,0,0,6.131,0,0,0,0,48.186,0,0,0,0,0
0,6/1/50,17:45,3.202,0,0,0,0,17.115,8.099,0,0,0,4.847,0,0,0,0,0,0,0,41.286,0,0
0,6/1/50,17:46,3.628,0,0,0,0,80.954,56.483,0,39.983,0,4.117,0,0,0,0,0,50.668,0,5.142,0,0
0,6/1/50,17:47,3.114,8.419,0,0,32.816,46.498,31.249,0,0,0,3.868,0,0,0,0,0,26.719,0,4.811,0,0
0,6/1/50,17:48,4.145,0,0,0,0,4.639,17.823,0,12.147,0,7.797,0,0,0,0,40.794,49.84,0,4.5,0,0
0,6/1/50,17:49,2.868,0,0,0,0,8.22,6.478,0,53.389,0,7.976,0,0,0,0,0,0,0,20.419,0,0
0,6/1/50,17:50,3.271,0,0,0,0,5.26,6.137,0,63.097,0,7.243,0,0,0,0,0,0,0,0,0,0
0,6/1/50,17:51,5.606,0,0,0,0,3.915,21.293,0,0,0,8.053,0,0,0,0,0,0,0,0,0,0
0,6/1/50,17:52,5.089,0,0,0,0,15.586,6.613,0,0,0,10.532,25.58,0,0,0,0,0,0,0,0,51.155
0,6/1/50,17:53,3.797,0,0,0,0,12.879,6.423,0,0,0,7.042,0,0,0,0,20.089,0,0,0,0,75.639
0,6/1/50,17:54,3.898,41.299,0,0,0,8.457,8.769,0,0,0,4.852,0,0,0,0,53.59,0,0,0,0,22.501
0,6/1/50,17:55,3.674,56.879,0,0,0,6.21,5.314,65.17,0,0,6.111,0,0,68.39,0,103.221,0,0,0,0,12.754
0,6/1/50,17:56,4.705,19.809,0,0,0,3.485,4.41,52.91,0,0,5.228,0,0,23.281,0,0,0,0,0,63.932,22.163
0,6/1/50,17:57,5.791,133.89,0,0,0,3.18,4.476,0,17.959,0,6.607,0,0,64.783,0,0,0,0,0,3.486,0
0,6/1/50,17:58,8.133,94.509,0,0,0,4.441,4.736,0,17.072,0,7.017,0,0,13.005,0,0,0,0,0,79.419,100.122
0,6/1/50,17:59,8.205,40.394,0,0,0,4.589,4.07,0,0,44.31,4.756,0,0,14.33,0,0,0,0,0,108.547,0
0,6/1/50,18:00,11.231,0,0,0,0,5.485,4.187,0,0,90.776,4.846,0,0,20.752,0,0,71.218,0,0,0,0
0,6/1/50,18:01,10.479,0,0,0,0,7.437,4.062,0,0,51.125,5.52,0,0,77.016,0,0,0,0,0,0,0
0,6/1/50,18:02,11.717,0,0,0,0,17.802,4.787,0,0,25.62,7.082,0,0,25.043,0,0,0,56.561,12.019,0,0
0,6/1/50,18:03,11.369,0,0,0,0,12.221,3.771,0,0,28.429,4.34,0,0,60.949,0,0,0,58.442,10.876,0,0
0,6/1/50,18:04,9.405,0,0,0,216.636,5.03,6.594,0,0,10.06,4.933,0,0,119.586,0,0,0,0,40.878,0,0
0,6/1/50,18:05,9.666,0,0,0,69.154,7.611,6.932,0,0,152.472,5.13,0,0,35.028,0,0,0,0,20.284,0,0
0,6/1/50,18:06,6.275,0,0,0,74.564,5.842,10.754,0,0,164.132,4.971,0,0,94.038,0,0,0,0,97.13,0,0
0,6/1/50,18:07,6.214,0,0,79.333,0,8.137,7.991,0,0,71.597,4.924,0,0,33.753,0,0,0,0,14.022,0,0
0,6/1/50,18:08,8.207,0,0,68.324,0,10.138,22.564,0,0,43.717,5.178,0,3.385,28.832,0,0,58.202,0,42.557,0,0
0,6/1/50,18:09,35.044,0,0,0,0,9.685,18.161,0,0,49.342,5.043,0,56.3,164.974,0,0,47.859,0,47.188,0,0
0,6/1/50,18:10,42.956,0,0,0,0,10.749,16.536,0,0,30.878,9.502,0,3.903,56.082,91.77,0,0,0,0,0,0
0,6/1/50,18:11,8.746,0,0,27.26,21.651,18.375,24.412,0,0,32.884,19.852,0,107.296,112.009,212.438,0,83.523,0,0,0,0
0,6/1/50,18:12,6.899,0,0,26.116,80.073,7.2,29.213,0,0,27.262,19.473,0,40.797,97.286,77.423,0,0,0,6.047,0,0
0,6/1/50,18:13,8.351,0,0,54.839,8.611,3.588,20.193,123.225,0,26.437,19.571,0,93.341,0.835,0,0,0,0,19.763,0,0
0,6/1/50,18:14,6.702,0,0,15.038,11.649,4.868,63.996,0,0,85.248,18.691,0,119.319,16.405,112.443,0,0,0,18.142,0,0
0,6/1/50,18:15,6.615,0,0,97.248,6.972,7.101,55.082,34.435,0,38.617,18.692,0,32.178,87.796,61.67,0,0,0,7.683,0,0
0,6/1/50,18:16,7.037,0,0,8.902,88.903,13.763,0,58.059,0,29.905,19.008,0,91.728,23.66,0,0,29.805,0,64.758,0,0
0,6/1/50,18:17,7.489,0,0,22.29,0,42.908,0,24.561,0,62.358,18.814,0,49.478,84.547,0,0,106.345,0,31.793,0,0
0,6/1/50,18:18,8.687,0,0,0,57.644,47.929,114.014,74.07,0,0,18.255,0,22.729,17.816,0,0,19.1,0,13.464,0,0
0,6/1/50,18:19,6.968,0,0,46.894,18.55,38.676,17.119,23.321,0,0,18.884,0,0,19.902,0,0,6.732,0,35.416,0,0
0,6/1/50,18:20,5.695,0,0,0,48.587,7.038,69.418,0,0,0,16.5,0,0,46.948,0,0,3.982,0,0,0,0
0,6/1/50,18:21,8.966,0,0,104.737,0,9.815,48.45,0,0,0,17.634,52.625,0,87.026,0,0,6.032,0,21.503,0,0
0,6/1/50,18:22,7.243,0,0,47.6,41.287,5.586,26.036,0,0,0,20.273,5.215,0,47.562,0,0,14.015,0,12.806,0,149.609
0,6/1/50,18:23,8.778,0,0,59.21,16.023,15.116,116.141,0,0,0,20.805,0,0,7.361,0,0,20.519,0,33.018,0,82.64
0,6/1/50,18:24,8.239,0,0,99.642,75.133,12.033,59.757,0,0,0,20.287,0,0,6.937,0,0,0,0,61.263,0,0
0,6/1/50,18:25,8.183,0,0,13.317,0,7.17,28.04,0,0,0,17.632,0,0,7.913,0,6.592,0,0,34.126,54.968,19.66
0,6/1/50,18:26,6.465,0,0,0.773,0,14.413,25.054,0,0,0,17.891,0,0,8.782,0,185.765,0,0,29.974,126.33,43.273
0,6/1/50,18:27,4.289,0,0,0,0,24.462,27.018,33.55,0,0,17.604,0,0,9.04,0,57.933,0,0,11.425,25.255,0
0,6/1/50,18:28,4.471,0,0,26.392,0,16.932,44.873,34.486,0,0,17.266,0,0,7.285,0,65.73,64.814,0,13.04,32.944,0
0,6/1/50,18:29,4.838,0,0,53.441,0,102.309,18.626,0,0,0,15.511,0,0,4.48,0,0,108.398,0,20.868,29.413,0
0,6/1/50,18:30,4.904,0,0,18.006,0,30.516,20.7,0,0,0,15.241,0,0,4.327,0,127.514,10.844,71.062,25.197,34.94,0
0,6/1/50,18:31,19.643,60.586,0,39.433,0,5.616,74.995,82.819,0,0,15.076,0,0,11.901,0,29.02,15.019,99.951,6.988,0,0
0,6/1/50,18:32,20.607,121.084,0,53.773,0,4.75,11.171,4.109,94.962,0,15.048,0,0,8.978,0,13.911,72.732,0,11.097,0,0
0,6/1/50,18:33,5.501,17.884,0,35.248,0,5.687,165.756,16.823,0,0,14.937,0,23.423,5.797,0,40.637,45.972,0,5.168,21.988,0
0,6/1/50,18:34,5.884,85.44,0,55.631,0,4.401,22.646,0,46.973,0,15.591,0,0,4.961,0,0,37.655,29.544,7.883,95.689,0
0,6/1/50,18:35,5.466,0,0,0,36.164,3.496,27.97,51.082,0,70.1,14.909,0,0,4.937,0,0,38.56,27.367,8.556,23.937,0
0,6/1/50,18:36,11.493,51.598,0,0,62.59,6.71,73.404,17.066,38.363,77.519,13.68,0,0,4.647,0,0,0,0,4.781,33.086,0
0,6/1/50,18:37,20.138,163.273,0,112.717,105.17,1.49,81.877,26.843,18.63,31.026,14.391,0,0,3.481,0,0,0,0,4.762,23.185,0
0,6/1/50,18:38,3.673,22.99,0,0,49.048,0,39.232,0,0,0,15.211,0,72.824,4.792,0,0,0,39.915,6.614,0,0
0,6/1/50,18:39,24.228,13.034,0,2.924,0,0,22.698,0,0,0,14.793,0,0,4.5,0,0,0,7.313,10.347,0,0
0,6/1/50,18:40,19.631,27.095,0,5.116,87.05,0,24.489,73.089,0,0,15.137,0,0,7.812,0,0,21.484,0,12.521,0,0
0,6/1/50,18:41,21.597,9.362,0,18.441,17.826,0,26.464,0,121.501,0,18.335,0,0,15.124,0,0,66.772,0,15.814,0,0
0,6/1/50,18:42,93.07,12.307,0,0,0,0,27.822,0,0,0,30.4,0,0,15.945,0,0,28.713,0,11.27,0,0
0,6/1/50,18:43,8.212,6.432,44.262,0,0,0,39.357,45.592,0,0,34.109,0,0,88.247,19.259,0,23.153,0,6.296,0,0
0,6/1/50,18:44,4.464,7.711,98.717,0,116.182,0,24.333,157.575,0,0,33.235,0,0,23.592,0,0,32.947,0,8.158,0,0
0,6/1/50,18:45,11.648,10.508,52.67,0,89.785,0,37.4,44.96,0,0,31.982,0,0,19.765,0,0,0,0,16.793,0,0
0,6/1/50,18:46,5.912,20.164,67.17,0,0,0,28.61,14.779,0,0,27.589,0,0,11.335,6.044,0,0,0,18.312,0,0
0,6/1/50,18:47,4.901,0.588,22.917,0,0,0,58.74,86.033,30.607,0,29.934,0,0,23.403,100.643,0,0,0,25.773,0,0
0,6/1/50,18:48,4.808,0,6.966,0,0,59.981,14.513,91.323,17.492,0,29.766,0,0,20.092,0,0,0,0,29.071,0,0
0,6/1/50,18:49,5.571,0,90.421,0,0,27.987,20.023,64.069,0,0,28.979,0,0,36.073,32.09,0,0,0,19.787,0,0
0,6/1/50,18:50,4.869,0,49.733,0,23.06,17.656,0,26.701,47.993,0,26.786,0,0,20.469,0,0,45.888,0,20.741,0,0
0,6/1/50,18:51,5.182,0,20.041,0,31.737,4.951,0,0,0,0,27.798,45.708,0,24.001,0,0,37.328,0,21.924,0,0
0,6/1/50,18:52,4.161,0,25.039,0,0,15.963,0,0,22.386,0,19.542,0,0,27.634,0,0,8.103,0,24.585,0,0
0,6/1/50,18:53,5.401,0,105.567,0,0,7.425,0,0,17.746,0,22.638,0,0,74.714,0,0,6.9,0,21.285,0,0
0,6/1/50,18:54,4.865,0,36.157,0,0,64.497,0,0,0,0,19.621,0,0,42.711,0,0,4.313,0,28.62,0,0
0,6/1/50,18:55,4.585,11.18,79.909,0,0,14.845,0,0,0,0,21.067,50.374,0,140.983,0,0,3.831,0,28.027,0,0
0,6/1/50,18:56,4.39,99.829,87.71,0,0,8.365,0,0,0,0,9.774,9.313,0,11.302,71.136,0,3.438,0,101.083,0,0
0,6/1/50,18:57,4.143,71.25,61.908,0,37.776,6.392,0,0,0,0,10.109,9.106,0,0,129.043,0,3.881,0,23.099,0,0
0,6/1/50,18:58,4.656,3.039,51.132,0,0,23.035,0,0,0,0,11.224,16.012,97.522,35.311,67.118,0,6.35,0,0,0,0
0,6/1/50,18:59,4.505,0,19.905,0,0,54.288,0,0,0,0,10.077,0.961,6.845,39.02,16.259,0,7.609,0,0,0,0
0,6/1/50,19:00,4.824,50.625,29.659,0,0,91.679,0,0,0,0,10.911,53.023,0,0,0,0,3.907,0,7.624,0,0
0,6/1/50,19:01,40.564,6.933,36.791,0,0,5.084,0,0,0,0,9.831,30.523,0,0,0,0,3.17,0,41.485,0,0
0,6/1/50,19:02,18.551,0,0,0,0,52.067,0,0,0,0,13.027,0,0,0,0,0,3.392,0,19.678,0,0
0,6/1/50,19:03,25.73,0,0,0,0,15.237,0,0,0,0,9.478,0,0,0,0,0,6.261,0,35.571,0,0
0,6/1/50,19:04,35.909,0,0,0,210.675,11.948,0,0,0,0,10.406,58.696,0,0,34.181,0,8.553,0,61.076,0,0
0,6/1/50,19:05,79.577,0,0,0,81.544,10.155,0,0,0,17.535,9.58,48.285,0,0,0,0,5.266,0,0,0,0
0,6/1/50,19:06,7.359,0,0,0,73.325,13.405,0,0,0,152.705,14.716,35.223,0,0,0,0,6.792,0,0,0,0
0,6/1/50,19:07,42.215,0,0,0,77.638,16.033,0,0,0,114.794,17.525,7.701,0,0,0,0,11.766,0,0,0,0
0,6/1/50,19:08,14.623,0,0,0,80.144,9.162,0,0,0,34.869,17.288,49.208,40.086,0,0,0,4.948,0,0,0,0
0,6/1/50,19:09,10.219,0,0,0,109.788,11.041,0,0,0,11.222,8.945,0,64.205,0,0,0,6.923,0,0,0,0
0,6/1/50,19:10,8.574,0,0,0,61.687,8.544,0,0,0,34.147,8.862,65.589,0,0,0,0,3.754,0,0,0,0
0,6/1/50,19:11,88.799,0,0,0,111.568,17.059,0,0,0,0,8.903,46.814,0,0,0,0,5.319,0,0,0,0
0,6/1/50,19:12,28.546,0,0,0,0,9.92,0,0,0,0,10.592,19.967,135.222,0,0,0,7.997,0,0,0,0
0,6/1/50,19:13,4.096,0,0,0,18.913,13.092,0,0,0,0,9.309,24.479,24.784,0,0,0,5.655,0,0,0,0
0,6/1/50,19:14,133.71,0,0,0,111.561,13.373,0,0,0,0,9.324,0,0,0,0,72.63,9.683,0,0,0,0
0,6/1/50,19:15,0,134.542,0,0,0,6.906,0,78.883,0,0,5.307,0,36.808,0,0,41.965,10.374,0,0,0,0
0,6/1/50,19:16,0,0,0,0,52.801,10.373,0,61.439,0,0,7.255,66.631,79.388,0,0,80.644,62.23,0,0,0,0
0,6/1/50,19:17,0,0,0,0,92.513,9.608,0,109.254,0,0,4.8,0,29.053,0,0,25.308,87.094,0,0,0,0
0,6/1/50,19:18,0,131.128,0,26.218,48.213,6.926,0,131.551,0,0,4.725,0,0,0,0,0,157.038,0,0,0,0
0,6/1/50,19:19,0,22.631,0,178.357,86.649,13.646,0,76.064,0,0,4.303,0,62.645,0,0,0,23.142,0,0,0,0
0,6/1/50,19:20,0,13.602,0,104.574,104.877,16.57,0,0,0,0,4.5,0,33.075,0,0,0,25.735,0,0,0,0
0,6/1/50,19:21,0,11.581,0,8.049,120.482,15.912,0,0,0,0,5.667,0,0,0,0,0,13.525,0,0,0,0
0,6/1/50,19:22,0,11.408,0,25.442,48.788,16.234,0,0,0,0,13.228,0,101.283,0,0,0,20.691,0,0,0,0
0,6/1/50,19:23,0,12.278,0,20.945,21.083,17.267,0,0,0,0,4.448,0,0,0,0,0,33.745,0,0,0,0
0,6/1/50,19:24,0,7.381,0,0,0,14.496,0,0,0,0,13.797,29.507,52.433,0,0,0,74.476,0,0,0,0
0,6/1/50,19:25,0,7.755,76.392,0,0,15.337,0,0,0,0,25.65,23.627,30.477,0,0,0,1.859,0,0,0,0
0,6/1/50,19:26,0,30.329,36.78,0,0,15.736,0,0,16.627,0,26.246,13.733,0,0,0,0,60.181,0,0,0,0
0,6/1/50,19:27,0,40.77,0,0,0,18.848,0,0,56.001,0,28.139,9.259,30.848,0,0,0,56.779,0,0,0,0
0,6/1/50,19:28,0,97.607,0,0,0,14.405,0,0,17.748,0,28.942,31.633,69.357,0,0,0,11.608,0,0,0,0
0,6/1/50,19:29,0,19.462,19.075,0,0,11.518,0,0,0,0,9.964,28.993,105.056,0,0,0,4.32,0,0,0,0
0,6/1/50,19:30,0,18.764,38.181,0,0,9.285,0,0,0,0,10.851,27.643,37.362,0,0,0,33.65,0,0,0,0
0,6/1/50,19:31,0,23.824,13.573,0,0,10.613,0,0,62.416,0,10.67,72.398,36.658,0,0,0,54.808,0,0,0,0
0,6/1/50,19:32,0,20.158,50.232,0,0,9.952,0,0,0,0,10.913,0,0,0,0,0,4.163,0,25.556,0,0
0,6/1/50,19:33,0,28.823,13.753,0,0,0,0,0,0,0,6.178,0,0,0,0,0,4.163,0,0,0,0
0,6/1/50,19:34,0,39.347,32.749,0,0,0,0,0,18.352,0,18.247,0,79.96,0,0,0,2.934,0,0,0,0
0,6/1/50,19:35,0,0,56.064,0,0,0,0,0,0,0,12.553,0,69.173,0,0,0,2.807,0,0,0,0
0,6/1/50,19:36,0,0,58.263,0,0,70.687,0,0,0,0,8.053,0,116.848,0,0,0,2.63,0,15.663,0,0
0,6/1/50,19:37,0,0,10.67,0,0,0,0,0,0,0,7.259,0,94.779,0,0,0,3.205,0,25.639,0,0
0,6/1/50,19:38,0,73.717,19.432,67.492,0,0,0,0,0,0,4.985,0,65.549,108.801,0,0,3.819,0,18.876,0,0
0,6/1/50,19:39,0,0,45.995,18.227,0,146.68,0,0,0,0,5.757,0,22.563,0,0,0,2.987,0,37.887,0,0
0,6/1/50,19:40,0,0,39.197,0,0,0.614,0,0,0,0,7.959,0,75.492,0,0,0,3.17,0,25.471,0,0
0,6/1/50,19:41,0,0,33.205,0,0,83.596,0,0,0,0,23.481,0,8.13,0,0,0,3.283,0,28.546,0,0
0,6/1/50,19:42,0,0,0,0,0,6.94,0,0,0,0,21.726,0,81.225,0,0,0,3.324,0,43.407,0,0
0,6/1/50,19:43,0,0,0,0,0,60.591,0,0,0,0,11.614,0,9.002,0,0,0,3.521,32.945,0,0,0
0,6/1/50,19:44,4.947,0,0,0,0,102.217,0,0,0,0,8.276,0,154.248,0,0,0,2.651,0,0,0,0
0,6/1/50,19:45,204.043,0,98.864,0,0,36.094,0,0,0,0,7.715,0,19.557,0,0,0,5.018,4.269,0,0,0
0,6/1/50,19:46,60.119,0,28.42,0,0,19.583,0,0,0,0,10.07,0,80.222,0,0,0,10.852,0.16,0,0,0
0,6/1/50,19:47,52.11,0,14.778,0,0,71.588,0,0,0,0,5.955,0,109.75,0,0,0,9.527,64.036,0,0,0
0,6/1/50,19:48,48.217,0,26.461,0,0,52.14,0,0,0,0,8.423,0,0,0,0,0,13.486,127.569,0,20.603,0
0,6/1/50,19:49,22.936,0,28.241,0,28.829,23.046,0,0,0,0,4.87,0,0,0,0,0,17.945,0,0,131.74,0
0,6/1/50,19:50,0,0,27.75,0,0,13.662,0,0,0,0,4.604,0,0,0,0,0,14.157,0,0,79.806,0
0,6/1/50,19:51,16.12,0,34.789,0,0,19.433,0,0,0,0,9.289,0,0,0,0,0,14.13,33.162,0,0,24.336
0,6/1/50,19:52,58.769,0,80.569,0,76.373,0,0,0,0,0,14.099,0,0,0,0,0,86.896,0,0,0,57.994
0,6/1/50,19:53,0,0,15.168,0,110.405,21.13,0,0,0,0,9.725,0,0,0,0,0,22.878,28.861,0,0,36.115
0,6/1/50,19:54,0,0,15.878,0,0,52.467,0,0,0,0,10.219,0,0,0,0,0,0,67.054,0,0,4.679
0,6/1/50,19:55,0,0,16.627,0,0,0,0,0,0,0,9.731,0,0,0,0,60.891,0,11.986,0,41.768,93.471
0,6/1/50,19:56,0,0,7.895,0,0,19.866,0,0,0,0,7.847,0,0,0,0,29.009,0,62.356,0,110.159,78.284
0,6/1/50,19:57,59.871,0,56.666,0,0,25.131,0,0,0,0,7.756,0,72.066,0,0,0,60.935,0,0,131.479,137.823
0,6/1/50,19:58,81.485,0,105.564,0,70.451,42.703,0,0,0,0,7.749,0,0,0,23.082,0,2.006,0,0,0,3.65
0,6/1/50,19:59,45.863,0,57.376,0,0,87.143,0,0,0,0,7.84,0,0,0,96.859,28.606,0,0,0,0,48.917
0,6/1/50,20:00,7.596,0,20.275,0,0,12.241,0,0,0,0,17.69,0,0,0,0,0,0,0,0,0,49.118
0,6/1/50,20:01,6.498,0,15.156,0,85.912,10.717,0,0,0,0,11.895,0,0,0,8.638,0,0,0,0,16.469,50.693
0,6/1/50,20:02,4.424,0,3.871,0,76.062,8.227,0,0,0,0,38.996,0,0,0,110.748,0,16.067,0,0,0,123.141
0,6/1/50,20:03,6.279,0,4.252,0,0,16.205,26.709,0,0,0,5.756,0,0,0,2.827,0,0,0,0,0,45.211
0,6/1/50,20:04,6.058,0,4.014,33.822,19.089,37.052,88.16,0,0,0,7.043,0,0,0,0,0,0,0,0,0,0
0,6/1/50,20:05,4.634,0,6.194,0,40.903,17.873,15.141,0,0,0,4.194,0,0,0,60.766,0,0,0,0,0,0
0,6/1/50,20:06,5.547,0,6.956,0,61.358,41.988,0,0,0,0,4.353,0,0,0,60.292,0,0,0,0,0,0
0,6/1/50,20:07,4.864,0,6.87,0,75.32,0,26.744,0,0,0,4.454,0,0,0,58.99,0,0,0,0,0,0
0,6/1/50,20:08,4.397,0,10.095,54.121,74.116,0,59.391,0,0,0,4.479,0,0,0,69.816,0,0,0,37.145,0,0
0,6/1/50,20:09,5.135,0,6.009,0,10.479,23.216,98.891,0,0,54.092,3.889,0,0,0,88.97,0,0,0,24.85,0,0
0,6/1/50,20:10,10.402,0,4.808,0,20.249,50.104,29.245,0,0,21.5,3.971,115.023,0,0,0,0,0,0,28.631,0,0
0,6/1/50,20:11,7.243,0,5.76,0,4.423,0,0.644,0,0,0,4.31,0,0,0,0,0,0,0,26.587,0,0
0,6/1/50,20:12,9.089,0,8.26,0,6.345,38.159,64.803,0,0,0,4.043,0,0,0,0,0,0,0,48.365,0,0
0,6/1/50,20:13,12.394,0,6.201,0,12.226,11.912,15.601,0,0,0,4.641,0,0,0,0,0,0,0,43.791,0,0
0,6/1/50,20:14,63.56,0,6.927,0,19.306,11.335,74.369,0,18.953,0,3.544,0,0,0,0,0,0,0,26.005,0,0
0,6/1/50,20:15,42.236,0,5.7,0,16.823,9.21,72.061,0,0,0,3.927,0,0,0,0,0,0,0,0,0,0
0,6/1/50,20:16,11.142,0,12.702,0,18.126,5.137,39.743,0,17.17,41.706,4.322,0,0,0,0,0,0,0,55.124,0,0
0,6/1/50,20:17,79.702,0,56.908,0,14.152,4.556,14.112,51.475,0,80.83,4.614,0,0,0,0,0,0,0,48.474,0,0
0,6/1/50,20:18,53.871,0,9.724,0,11.156,48.056,0,111.776,14.168,77.169,4.209,0,0,0,0,0,0,0,31.172,0,0
0,6/1/50,20:19,0,0,4.077,0,4.919,0,0,8.27,22.229,45.846,4.261,0,0,0,0,0,0,0,87.205,0,0
0,6/1/50,20:20,0,0,3.471,0,3.936,13.221,0,12.103,0,31.05,3.759,0,0,0,0,0,0,0,49.522,0,0
0,6/1/50,20:21,109.505,0,2.426,0,4.795,18.203,0,47.021,0,0,3.736,0,0,44.607,0,0,0,0,29.701,0,0
0,6/1/50,20:22,105.021,0,2.728,0,5.794,0,0,52.439,0,16.452,4.147,0,0,0,0,0,0,0,4.766,0,0
0,6/1/50,20:23,35.038,0,4.245,0,7.133,0,0,88.052,0,0,4.507,0,0,0,0,0,0,0,13.901,0,0
0,6/1/50,20:24,82.55,77.279,3.514,0,4.513,0,0,68.097,0,57.317,4.53,0,0,0,0,0,0,0,24.369,0,0
0,6/1/50,20:25,41.76,68.423,3.27,0,12.547,0,0,56.771,0,133.384,3.238,48.182,0,77.378,0,0,0,0,13.544,0,0
0,6/1/50,20:26,130.6,0,41.654,0,14.923,34.528,0,49.446,0,53.417,3.227,38.582,0,0,0,0,0,0,18.107,0,0
0,6/1/50,20:27,52.798,0,114.947,0,14.729,11.337,0,0,0,0,3.632,0,0,0,0,0,0,0,29.184,0,0
0,6/1/50,20:28,23.536,0,20.316,0,6.193,12.379,0,0,0,0,3.615,0,0,0,0,0,0,0,18.815,0,0
0,6/1/50,20:29,44.957,0,29.573,0,12.265,23.566,0,0,0,0,3.396,0,0,0,0,0,0,0,18.031,0,0
0,6/1/50,20:30,3.138,0,66.21,0,12.301,48.989,0,0,0,0,3.701,0,0,0,0,0,0,0,28.543,0,0
0,6/1/50,20:31,28.358,0,44.417,0,5.061,37.584,0,0,0,0,4.147,0,0,0,0,0,0,0,47.254,0,0
0,6/1/50,20:32,3.799,0,20.881,0,21.343,0,0,0,0,0,4.134,0,0,0,0,0,0,0,106.907,0,0
0,6/1/50,20:33,5.474,0,16.076,0,10.799,22.549,0,0,0,0,4.08,0,0,0,0,0,0,0,47.408,0,0
0,6/1/50,20:34,4.535,0,7.882,0,15.991,0,0,0,0,0,4.506,0,0,0,0,0,0,0,4.579,0,0
0,6/1/50,20:35,4.35,0,16.882,0,31.853,0,0,0,0,0,4.315,0,0,0,0,0,0,0,4.791,0,0
0,6/1/50,20:36,95.045,0,12.449,0,95.461,0,0,0,0,0,3.81,0,0.565,0,0,0,0,0,9.095,0,0
0,6/1/50,20:37,52.698,0,144.739,0,14.419,0,0,0,0,0,5.525,0,31.911,0,0,0,0,0,5.321,0,0
0,6/1/50,20:38,0,0,59.323,0,10.74,0,0,0,0,0,4.139,0,18.74,0,0,0,52.967,0,4.534,0,0
0,6/1/50,20:39,0,0,19.919,0,58.388,0,0,0,0,0,4.867,0,100.287,0,0,0,0,0,4.276,0,0
0,6/1/50,20:40,0,0,19.935,23.265,32.934,0,0,0,0,0,6.028,0,0,0,0,0,33.208,0,4.309,0,0
0,6/1/50,20:41,0,0,4.976,0,24.849,0,0,0,0,0,5.573,0,0,0,0,0,70.198,0,3.815,0,0
0,6/1/50,20:42,0,35.425,6.723,21.066,0,0,0,0,0,0,4.104,0,77.846,0,0,0,18.039,0,3.924,0,0
0,6/1/50,20:43,0,0,10.556,18.225,26.374,0,0,0,0,0,4.285,0,52.67,0,0,0,31.049,0,3.591,0,0
0,6/1/50,20:44,59.268,0,3.881,0,108.349,0,0,0,0,0,5.536,0,244.462,0,0,0,9.319,0,3.596,0,0
0,6/1/50,20:45,26.824,0,4.469,0,41.98,0,0,0,0,0,4.112,0,24.081,0,0,98.837,0,0,3.467,0,0
0,6/1/50,20:46,9.542,54.116,5.535,39.605,0,0,0,0,0,0,4.404,0,0,0,0,164.298,18.093,0,4.413,0,0
0,6/1/50,20:47,3.32,195.812,10.741,63.265,0,0,0,0,0,0,3.946,0,1.839,0,0,0.241,0,0,3.186,0,0
0,6/1/50,20:48,2.991,0,8.603,41.376,41.139,0,0,0,0,0,8.755,0,51.357,0,0,0,0,0,3.979,0,0
0,6/1/50,20:49,4.17,0,5.541,106.469,118.073,0,0,0,0,0,5.521,0,0,0,0,0,0,0,3.441,0,0
0,6/1/50,20:50,4.369,0,5.315,121.121,92.242,0,0,0,0,0,4.52,0,0,0,0,0,0,0,4.099,0,0
0,6/1/50,20:51,3.79,0,8.846,44.097,59.315,60.118,0,0,0,0,2.899,0,0,0,0,27.871,0,0,9.906,0,0
0,6/1/50,20:52,3.769,0,4.465,54.518,106.416,1.562,0,0,0,0,2.567,0,0,0,0,18.828,30.442,0,9.765,0,0
0,6/1/50,20:53,4.674,0,6.842,0,64.118,41.94,0,0,0,0,3.309,0,0,0,0,0,61.518,0,3.983,0,0
0,6/1/50,20:54,4.185,0,6.566,44.075,40.823,21.075,0,0,0,0,3.578,0,0,0,0,31.875,0,0,3.825,0,0
0,6/1/50,20:55,27.997,0,6.218,71.737,34.993,55.827,0,0,0,0,3.526,0,0,0,0,24.259,0,0,2.932,0,0
0,6/1/50,20:56,31.562,0,6.53,6.349,4.64,16.198,0,0,0,0,3.36,0,0,0,0,0,0,0,3.26,0,0
0,6/1/50,20:57,19.847,0,6.833,111.338,5.572,0,0,0,0,0,4.64,0,0,0,0,0,0,0,3.672,0,0
0,6/1/50,20:58,25.061,0,29.724,47.066,4.633,0,0,0,0,0,3.711,0,0,0,0,0,0,0,3.209,0,0
0,6/1/50,20:59,62.027,0,8.437,13.91,6.08,0,0,0,0,0,3.823,0,0,0,0,0,0,0,3.125,0,0
0,6/1/50,21:00,156.873,0,7.47,0,5.202,112.879,0,0,22.658,0,4.016,0,0,0,0,0,0,0,3.446,0,0
0,6/1/50,21:01,6.45,0,4.31,0,5.491,67.127,0,0,26.635,0,4.849,0,0,0,0,0,0,0,4.042,0,0
0,6/1/50,21:02,2.603,0,4.099,0,6.249,78.203,0,0,117.344,0,5.433,0,0,0,0,0,0,0,5.799,0,0
0,6/1/50,21:03,26.51,0,7.283,0,5.243,0,0,26.46,60.719,0,5.577,0,0,0,0,0,0,0,4.154,0,0
0,6/1/50,21:04,52.006,0,20.906,59.796,5.666,0,0,108.427,32.619,0,5.568,0,0,0,0,0,0,0,3.711,0,0
0,6/1/50,21:05,26.573,0,16.944,74.304,8.42,49.538,0,10.327,1.175,0,5.298,0,0,0,0,0,0,0,3.707,0,0
0,6/1/50,21:06,11.015,0,15.492,0,3.41,4.334,0,0,42.688,0,5,0,0,0,0,0,0,0,23.349,0,0
0,6/1/50,21:07,42.286,0,15.272,0,4.96,0,0,0,0,0,5.024,0,0,0,0,0,0,51.26,24.647,0,0
0,6/1/50,21:08,107.02,0,13.235,0,4.651,47.629,0,57.068,0,0,4.563,0,0,0,0,0,0,16.665,20.169,0,0
0,6/1/50,21:09,32.082,0,13.57,0,4.665,7.231,0,68.14,0,0,4.093,80.441,0,0,0,0,0,0,33.889,0,0
0,6/1/50,21:10,37.842,0,83.136,0,14.752,23.68,0,75.068,0,0,4.277,55.717,0,0,0,0,0,0,25.885,0,0
0,6/1/50,21:11,65.713,0,67.651,0,5.753,29.656,0,0,0,0,4.267,40.175,0,0,0,0,0,14.004,49.345,0,0
0,6/1/50,21:12,33.572,0,9.87,0,3.3,16.394,0,0,0,0,4.003,0,0,0,0,0,0,63.126,38.476,0,0
0,6/1/50,21:13,0,0,13.008,0,4.204,24.479,0,0,0,0,3.664,51.221,0,0,0,0,0,0,20.208,0,0
0,6/1/50,21:14,0,0,7.649,0,8.355,8.494,0,0,0,0,3.915,19.512,0,0,0,0,0,0,0,0,0
0,6/1/50,21:15,0,0,8.688,0,7.3,21.599,0,0,0,0,4.13,60.806,0,0,0,0,0,0,0,0,0
0,6/1/50,21:16,0,0,16.839,0,3.149,38.074,0,0,0,0,4.72,0,0,0,0,0,0,48.565,26.873,0,0
0,6/1/50,21:17,0,0,10.846,0,3.724,8.379,0,0,0,0,4.521,0,0,0,0,0,0,0,37.028,0,0
0,6/1/50,21:18,0,0,9.309,0,9.589,7.788,0,0,0,0,4.186,18.887,0,0,0,0,0,65.663,48.053,0,0
0,6/1/50,21:19,0,0,13.479,0,12.413,4.059,0,0,0,0,4.447,0,0,0,0,0,0,28.99,44.001,0,0
0,6/1/50,21:20,0,0,11.825,0,33.961,6.824,0,0,0,0,4.332,0,0,0,0,0,0,0,0,0,0
0,6/1/50,21:21,0,0,6.516,0,31.801,5.445,0,0,0,0,3.443,0,0,0,0,0,0,0,0,0,0
0,6/1/50,21:22,0,0,6.783,0,25.745,6.202,0,0,0,0,3.65,0,0,0,0,0,0,0,42.988,0,0
0,6/1/50,21:23,0,0,5.757,0,41.961,12.145,18.555,0,0,0,3.551,0,0,0,0,0,0,0,18.802,0,0
0,6/1/50,21:24,0,0,5.81,0,14.35,18.313,69.94,0,0,0,4.378,0,0,0,0,0,0,0,6.305,0,0
0,6/1/50,21:25,0,0,5.536,0,6.275,8.313,22.581,0,0,0,4.278,0,0,0,0,0,0,0,3.844,0,0
0,6/1/50,21:26,0,0,5.108,0,10.042,7.225,3.114,0,0,0,4.866,0,0,0,0,0,0,0,3.127,0,0
0,6/1/50,21:27,0,0,7.047,0,10.92,4.099,96.286,0,0,0,3.647,0,0,0,19.092,0,0,0,12.474,0,0
0,6/1/50,21:28,0,0,17.422,0,4.474,3.894,2.27,0,0,0,3.603,0,0,0,7.805,0,0,0,30.496,0,0
0,6/1/50,21:29,0,0,19.738,0,3.188,4.84,0,0,0,0,3.109,0,0,0,0.597,0,0,0,20.915,0,0
0,6/1/50,21:30,0,0,11.853,0,9.874,15.728,92.109,0,0,0,3.752,0,0,0,18.979,0,0,0,19.673,0,0
0,6/1/50,21:31,0,0,7.197,0,9.741,11.187,12.296,0,0,21.102,4.455,0,0,0,2.862,0,0,0,30.264,113.458,0
0,6/1/50,21:32,0,0,14.111,0,11.902,22.855,0,0,0,46.408,4.12,0,0,0,9.968,0,0,0,19.136,0.522,0
0,6/1/50,21:33,0,0,12.834,0,10.465,33.316,86.697,0,0,20.348,4.212,0,0,0,2.304,0,0,0,29.258,0,0
0,6/1/50,21:34,0,0,7.986,0,3.736,35.377,16.873,0,0,19.506,4.245,0,0,0,0,0,0,0,46.635,84.084,0
0,6/1/50,21:35,0,0,5.055,0,4.433,48.432,19.294,0,0,125.885,4.518,0,0,0,121.421,0,0,0,48.165,92.824,0
0,6/1/50,21:36,33.144,0,8.627,0,3.765,13.51,36.648,0,0,90.506,3.778,0,0,0,0,0,0,0,42.291,4.304,0
0,6/1/50,21:37,0,0,10.198,0,3.811,7.407,90.508,0,0,44.175,3.938,0,0,41.337,0,0,0,0,39.802,0,0
0,6/1/50,21:38,6.169,19.363,15.542,0,3.044,34.75,70.279,0,0,0,4.475,0,0,19.548,0,0,0,0,35.165,41.706,0
0,6/1/50,21:39,104.615,0.844,8.249,0,3.944,96.01,42.125,0,0,0,4.824,0,0,0,65.758,0,0,0,30.722,79.715,0
0,6/1/50,21:40,98.983,0.481,19.579,0,8.514,31.553,89.827,0,0,0,5.226,0,0,51.628,0,0,0,0,30.195,0,0
0,6/1/50,21:41,26.424,0,14.119,0,5.753,0,65.387,0,0,0,3.613,0,0,85.745,38.381,0,0,0,21.008,82.938,0
0,6/1/50,21:42,0,0,17.943,0,6.577,7.159,105.431,0,0,0,5.296,0,0,75.62,54.631,0,0,0,31.573,114.43,0
0,6/1/50,21:43,75.472,0,52.25,0,9.418,21.878,51.178,0,0,0,27.834,0,52.141,49.822,45.193,0,0,0,28.947,0,0
0,6/1/50,21:44,5.558,31.386,124.806,0,9.463,0,68.599,0,0,0,21.899,0,114.41,30.945,24.092,0,0,0,28.277,0,0
0,6/1/50,21:45,40.991,150.425,93.871,0,3.652,0,51.055,0,0,0,16.78,0,0,35.011,38.046,0,0,0,14.508,0,0
0,6/1/50,21:46,0,108.929,0,0,6.841,0,0,0,0,0,7.75,0,0,44.426,0,0,0,0,14.418,0,0
0,6/1/50,21:47,0,18.759,0,0,8.095,0,145.75,0,0,0,15.35,0,0,113.566,0,0,0,0,25.061,0,0
0,6/1/50,21:48,0,101.026,0,0,8.671,0,101.003,0,0,0,5.995,0,0,125.093,0,0,0,0,4.601,0,0
0,6/1/50,21:49,0,71.769,0,0,12.457,0,58.622,0,0,0,4.797,0,0,28.313,0,0,0,0,4.666,0,0
0,6/1/50,21:50,0,0,0,19.743,3.942,0,20.857,0,0,0,8.852,0,0,8.391,0,0,0,0,10.519,0,0
0,6/1/50,21:51,0,0,36.033,0,4.788,0,0,0,0,0,6.298,0,0,50.46,0,0,0,0,2.789,0,0
0,6/1/50,21:52,0,0,34.098,0,4.377,0,122.994,0,0,0,5.917,0,0,0,0,0,0,0,3.196,0,0
0,6/1/50,21:53,0,74.823,35.802,0,7.871,0,45.267,0,0,0,4.944,0,0,0,0,0,0,0,4.901,0,0
0,6/1/50,21:54,0,76.07,32.65,14.841,4.688,0,21.995,0,0,0,5.628,0,0,0,0,0,0,0,7.54,0,0
0,6/1/50,21:55,0,118.072,51.832,23.629,3.718,0,7.817,0,0,0,6.576,0,0,0,0,0,0,0,6.596,0,0
0,6/1/50,21:56,0,184.731,63.876,1.682,3.675,0,7.261,0,0,0,4.797,0,0,0,0,0,0,0,7.157,0,0
0,6/1/50,21:57,0,110.756,41.993,6.817,4.051,0,53.344,0,0,0,5.757,0,0,0,0,0,0,0,8.369,0,0
0,6/1/50,21:58,0,0,29.627,0,3.833,0,0,0,0,0,17.669,0,0,0,0,0,0,0,8.814,0,0
0,6/1/50,21:59,0,0,24.406,40.395,3.894,0,0,0,0,0,29.486,0,0,0,0,0,0,0,7.222,0,26.666
0,6/1/50,22:00,0,0,23.218,103.55,5.076,0,0,0,24.317,0,22.547,0,0,0,0,0,0,0,7.47,0,0
0,6/1/50,22:01,0,0,47.968,121.782,11.674,0,0,0,0.103,0,11.034,0,0,0,0,0,0,0,5.719,0,0
0,6/1/50,22:02,0,0,26.686,76.775,20.33,0,0,0,73.663,0,4.709,0,0,0,0,0,0,0,7.708,0,0
0,6/1/50,22:03,0,0,43.013,2.993,32.439,51.589,0,1.32,0,0,5.476,0,0,0,0,0,0,0,11.659,0,0
0,6/1/50,22:04,0,0,22.388,0,15.54,24.03,0,90.986,0,0,3.894,0,0,0,0,0,0,0,15.757,0,72.595
0,6/1/50,22:05,0,43.983,26.942,10.482,12.453,0.777,0,27.753,0,0,35.437,0,0,0,0,0,0,0,9.296,0,68.545
0,6/1/50,22:06,0,23.499,25.892,119.127,15.756,0,0,0,0,0,12.609,0,0,0,0,0,148.836,0,3.343,0,0
0,6/1/50,22:07,0,0,22.552,127.015,17.877,7.056,0,134.29,0,0,57.754,0,0,0,0,32.37,4.151,0,9.02,0,0
0,6/1/50,22:08,0,0,21.884,189.563,22.085,31.27,0,100.236,0,0,9.306,0,0,0,0,1.775,16.939,0,36.029,0,0
0,6/1/50,22:09,0,0,24.312,83.619,21.475,134.08,0,0,0,0,22.889,0,84.802,0,0,0,0,0,5.696,0,0
0,6/1/50,22:10,0,0,18.597,1.633,7.415,52.962,0,48.607,0,0,13.719,0,0,0,0,0,0,0,7.973,0,0
0,6/1/50,22:11,0,0,25.53,0,42.382,44.488,0,109.988,0,0,21.856,0,0,0,0,2.563,0,0,6.486,0,0
0,6/1/50,22:12,0,0,21.39,0,0,16.014,0,89.639,0,0,16.233,0,0,0,0,60.018,79.184,16.244,5.985,0,0
0,6/1/50,22:13,16.534,0,17.093,0,0,25.475,0,99.592,0,0,25.207,0,0,0,0,0,0,114.025,7.063,0,0
0,6/1/50,22:14,60.047,0,22.206,0,0,9.947,0,35.229,0,0,25.4,0,0,0,0,0,0.131,0,7.395,0,0
0,6/1/50,22:15,89.519,0,34.341,0,18.299,5.128,0,50.328,0,0,28.507,0,0,0,0,0,52.364,0,5.392,0,0
0,6/1/50,22:16,50.022,0,24.383,32.955,57.625,7.76,0,0,0,0,6.706,0,0,0,0,0,0,0,5.035,0,0
0,6/1/50,22:17,18.52,0,19.353,26.951,133.66,13.906,0,0,0,0,19.018,0,0,0,0,0,0,0,3.803,0,0
0,6/1/50,22:18,17.987,0,29.875,0,0,3.461,0,46.403,0,0,0,0,0,0,0,0,0,64.566,3.906,0,0
0,6/1/50,22:19,97.966,0,36.593,0,0,4.212,0,81.528,0,0,0,0,0,0,0,0,0,15.56,11.213,0,0
0,6/1/50,22:20,0,0,14.112,0,54.632,7.041,0,79.61,0,0,0,0,0,0,0,0,0,7.357,6.623,0,0
0,6/1/50,22:21,0,0,8.547,0,115.132,5.437,0,39.689,0,0,0,45.608,0,0,0,0,0,0,4.188,0,0
0,6/1/50,22:22,0,0,8.507,0,123.593,5.818,0,166.792,0,0,0,0,0,0,0,0,0,33.624,4.968,0,0
0,6/1/50,22:23,0,0,5.142,0,35.631,6.55,0,41.705,0,0,0,0,0,0,0,0,0,98.939,5.625,0,0
0,6/1/50,22:24,0,0,7.969,0,45.949,4.788,0,16.589,0,0,0,54.598,0,0,0,0,0,49.677,5.053,0,0
0,6/1/50,22:25,0,0,12.166,0,19.112,4.898,0,0,0,0,0,0,0,0,0,0,0,59.395,4.472,0,0
0,6/1/50,22:26,22.943,0,8.106,0,6.46,6.351,0,0,0,0,0,0,0,0,0,0,0,89.26,3.667,0,0
0,6/1/50,22:27,125.766,0,5.115,0,5.602,3.778,0,0,0,0,0,0,0,0,0,0,0,91.668,4.359,0,0
0,6/1/50,22:28,55.65,0,6.301,0,5.744,3.698,0,0,0,0,28.551,0,0,0,0,0,0,82.8,4.446,0,0
0,6/1/50,22:29,35.489,0,4.274,0,4.294,19.678,0,0,0,0,25.72,0,0,0,0,0,0,52.287,22.185,0,0
0,6/1/50,22:30,63.692,0,4.487,0,6.782,31.52,0,0,0,0,6.55,0,0,0,0,0,0,54.409,25.525,0,0
0,6/1/50,22:31,12.107,0,7.362,0,10.062,6.132,0,0,0,0,19.741,0,0,0,0,0,0,108.268,32.791,0,0
0,6/1/50,22:32,0,0,5.284,0,12.974,4.674,0,0,0,0,12.976,0,0,0,0,0,0,46.577,31.771,0,0
0,6/1/50,22:33,0,0,9.848,0,33.843,3.919,0,0,0,0,4.328,0,0,0,0,0,0,6.31,37.514,0,0
0,6/1/50,22:34,0,0,5.034,0,26.38,4.495,0,0,0,0,115.163,0,0,0,0,0,0,2.909,35.542,0,0
0,6/1/50,22:35,15.727,0,7.639,0,10.826,4.178,0,0,0,0,19.09,0,0,0,0,0,0,62.082,33.83,0,0
0,6/1/50,22:36,0,0,6.133,0,14.024,4.589,0,0,0,0,48.947,0,0,0,0,0,0,0,0,0,0
0,6/1/50,22:37,21.612,0,9.52,0,18.029,3.296,0,0,0,0,7.583,0,0,0,0,0,0,0,0,0,0
0,6/1/50,22:38,23.992,0,12.943,0,16.444,4.744,0,0,0,0,39.23,0,0,0,0,0,0,18.418,0,0,0
0,6/1/50,22:39,17.125,0,14.157,0,12.118,66.263,0,0,21.565,0,4.31,0,0,0,0,0,0,134.373,23.387,0,0
0,6/1/50,22:40,14.198,0,23.519,0,16.65,9.675,0,0,0,0,56.778,0,0,0,0,0,0,51.516,80.341,0,0
0,6/1/50,22:41,16.608,0,25.703,0,25.911,4.531,0,0,17.381,0,4.816,0,0,0,0,0,0,100.24,20.283,0,0
0,6/1/50,22:42,51.772,0,31.176,0,37.306,6.245,0,0,0,0,4.739,0,0,0,0,0,0,0,34.781,0,0
0,6/1/50,22:43,38.91,0,32.866,0,35.588,5.439,0,0,0,0,3.978,0,0,0,0,0,0,0,6.144,0,0
0,6/1/50,22:44,0,0,38.743,0,17.547,4.421,0,0,0,0,9.997,0,0,0,0,0,0,0,10.289,0,0
0,6/1/50,22:45,0,0,21.82,0,20.568,9.948,0,0,0,0,7.048,0,0,0,0,0,0,0,4.018,0,0
0,6/1/50,22:46,0,0,22.908,0,30.706,3.723,0,0,0,0,4.268,0,0,0,0,0,0,0,5.355,0,0
0,6/1/50,22:47,0,0,18.788,0,0,4.967,0,0,0,0,52.832,0,0,0,0,0,0,0,4.408,0,0
0,6/1/50,22:48,0,0,28.216,0,0,6.015,0,0,0,0,3.209,0,0,0,121.503,0,0,0,3.423,0,0
0,6/1/50,22:49,0,0,21.808,0,11.286,4.885,0,0,0,0,31.061,0,0,0,1.704,0,0,54.233,12.506,0,0
0,6/1/50,22:50,0,0,25.833,0,0,4.909,0,0,0,0,60.681,0,0,0,5.631,0,0,0,4.303,0,0
0,6/1/50,22:51,0,0,33.05,0,47.539,5.657,0,0,0,0,14.315,63.978,0,0,6.502,0,0,0,9.961,0,0
0,6/1/50,22:52,0,0,42.302,0,44.909,8.498,0,0,0,0,0,0,0,0,0,0,0,0,8.392,0,0
0,6/1/50,22:53,0,0,50.185,0,94.562,12.513,0,0,0,0,0,0,0,0,0,0,0,0,4.639,0,0
0,6/1/50,22:54,0,0,0,0,18.117,9.793,0,0,0,0,17.608,0,0,0,0,0,0,0,6.333,0,0
0,6/1/50,22:55,0,0,0,0,31.973,11.289,0,0,0,0,0,0,0,0,0,0,0,0,13.506,0,0
0,6/1/50,22:56,0,0,11.278,0,53.565,16.684,0,0,0,0,8.521,0,0,0,30.473,0,0,0,30.897,0,0
0,6/1/50,22:57,0,69.879,147.487,0,86.864,18.995,0,0,0,0,0,48.183,53.416,0,94.069,0,0,0,20.95,0,0
0,6/1/50,22:58,0,0,54.742,0,88.502,19.27,0,0,0,0,0,45.5,0,0,76.3,0,0,0,36.726,0,0
0,6/1/50,22:59,0,18.416,68.454,0,20.735,24.254,0,0,0,0,0,15.258,0,0,68.43,0,0,0,25.485,0,0
0,6/1/50,23:00,0,0,0,0,7.767,29.852,0,0,0,0,0,0,0,0,0,0,0,0,23.904,0,0
0,6/1/50,23:01,0,0,0,0,6.413,20.544,0,0,0,0,0,43.619,0,0,0,0,0,0,35.213,0,0
0,6/1/50,23:02,0,0,0,0,7.8,29.631,0,0,0,40.004,0,0,0,0,0,0,0,0,10.071,0,0
0,6/1/50,23:03,0,0,0,0,4.834,52.694,0,0,0,110.142,0,0,0,0,60.082,0,0,0,3.54,0,0
0,6/1/50,23:04,0,0,0,0,4.201,7.807,0,0,0,96.24,0,0,0,0,0,0,0,0,4.95,0,0
0,6/1/50,23:05,0,0,0,0,4.154,0,0,0,0,21.271,0,0,0,0,0,0,0,0,4.272,0,0
0,6/1/50,23:06,0,0,0,0,5.673,54.633,0,0,0,0,15.828,0,0,0,0,0,0,0,4.503,0,0
0,6/1/50,23:07,0,0,0,0,4.018,28.736,0,0,0,0,0,0,0,0,0,0,0,0,5.402,0,23.619
0,6/1/50,23:08,0,0,0,0,3.824,39.702,0,0,0,0,0,0,0,0,0,0,0,0,3.984,0,0
0,6/1/50,23:09,0,0,0,0,3.879,89.796,0,0,0,0,0,0,0,0,0,0,0,0,5.326,0,9.013
0,6/1/50,23:10,0,0,0,0,2.972,52.131,0,0,0,56.453,0,0,0,0,0,0,0,0,24.049,0,0
0,6/1/50,23:11,0,0,0,0,34.671,38.191,0,0,0,222.855,0,0,0,0,0,0,0,0,5.861,0,33.812
0,6/1/50,23:12,0,0,0,0,7.39,26.039,0,0,0,138.166,0,0,0,0,0,0,0,0,3.795,0,75.789
0,6/1/50,23:13,0,0,0,0,3.854,21.321,0,0,0,99.735,0,0,0,0,0,35.979,0,0,3.013,0,59.143
0,6/1/50,23:14,0,0,0,0,5.123,8.835,0,0,0,0,16.861,0,0,0,0,0,0,0,4.976,0,2.121
0,6/1/50,23:15,0,0,0,0,4.098,4.337,0,0,0,0,20.25,0,0,0,0,9.729,0,0,3.635,0,93.794
0,6/1/50,23:16,0,0,0,0,6.926,2.979,0,0,0,0,0,0,0,0,0,162.401,0,0,3.135,0,52.919
0,6/1/50,23:17,0,0,0,19.336,2.704,4.344,45.329,0,0,0,0,0,0,0,0,7.1,0,0,3.877,0,0
0,6/1/50,23:18,0,0,0,0,3.623,4.761,17.637,0,0,0,0,0,21.181,0,0,0,0,0,3.338,0,0
0,6/1/50,23:19,0,0,0,0,4.597,3.055,4.942,0,0,0,0,0,0,0,0,0,0,0,2.8,0,0
0,6/1/50,23:20,0,0,0,0,6.837,3.344,0,0,0,20.889,102.647,0,0,0,0,60.647,0,0,3.045,0,0
0,6/1/50,23:21,0,0,0,9.703,8.387,3.755,0,0,0,11.807,0,0,0,0,0,12.087,0,0,3.094,0,0
0,6/1/50,23:22,0,0,0,0,26.383,3.532,95.055,0,0,33.953,0,0,0,0,0,16.937,0,0,3.226,0,0
0,6/1/50,23:23,0,20.832,0,0,14.155,3.429,29.185,0,0,0,0,0,0,0,0,0,0,0,7.932,0,0
0,6/1/50,23:24,0,31.139,0,0,5.1,3.497,29.111,0,0,52.911,22.426,0,0,0,0,0,0,0,3.501,0,0
0,6/1/50,23:25,0,75.704,0,0,9.957,3.329,0,0,0,58.04,0,0,0,0,0,0,0,0,4.12,0,0
0,6/1/50,23:26,0,27.723,0,0,8.916,3.318,0,0,0,0,0,0,0,0,0,0,0,0,4.498,0,0
0,6/1/50,23:27,0,42.663,0,0,2.561,3.264,146.504,0,0,0,9.061,0,0,0,0,0,0,0,15.752,0,0
0,6/1/50,23:28,0,35.087,0,51.91,3.491,3.192,89.04,0,0,0,88.584,0,0,0,0,0,0,0,4.011,0,0
0,6/1/50,23:29,0,2.052,0,99.399,3.841,3.548,66.118,0,0,0,0,0,0,0,0,0,0,0,8.997,0,0
0,6/1/50,23:30,0,0,0,32.315,4.043,2.795,61.443,22.05,0,0,0,0,0,0,0,0,0,0,5.899,0,0
0,6/1/50,23:31,0,0,0,46.102,3.131,7.481,80.163,0,0,0,0,0,0,0,0,0,0,0,5.918,0,0
0,6/1/50,23:32,0,0,0,4.459,4.822,35.983,25.835,50.358,0,0,33.795,0,0,0,0,0,0,0,5.043,0,0
0,6/1/50,23:33,0,0,0,0,3.05,26.342,0,71.331,0,0,69.94,0,0,0,0,0,0,0,4.583,0,0
0,6/1/50,23:34,0,27.196,0,16.81,4.799,22.693,64.763,4.609,0,0,6.891,0,0,0,0,0,0,0,6.016,0,0
0,6/1/50,23:35,0,62.531,0,70.403,4.043,25.198,17.426,0,0,0,66.673,0,0,0,0,0,0,0,6.055,64.592,0
0,6/1/50,23:36,0,150.768,0,0,3.736,20.086,12.386,137.773,0,0,72.566,0,0,0,0,0,0,0,5.213,0,0
0,6/1/50,23:37,0,0,0,0,3.753,28.196,16.896,53.362,0,0,37.051,0,0,0,0,0,0,0,6.31,0,0
0,6/1/50,23:38,0,0,0,0,5.581,70.864,88.421,5.679,0,0,4.078,0,0,0,0,0,0,0,9.313,0,0
0,6/1/50,23:39,0,0,0,0,3.936,17.401,13.161,35.684,0,0,6.15,0,0,21.691,0,0,0,0,6.851,21.655,0
0,6/1/50,23:40,0,0,0,0,4.02,17.522,0,61.554,29.285,0,50.074,0,0,21.781,0,0,0,0,17.76,69.413,0
0,6/1/50,23:41,0,0,0,33.199,3.096,15.513,43.023,188.629,0,0,8.256,0,0,18.825,0,0,0,0,3.918,0,0
0,6/1/50,23:42,0,0,0,76.638,3.335,28.648,24.853,48.413,16.651,0,9.228,0,0,24.002,0,0,0,0,4.397,0,0
0,6/1/50,23:43,0,0,0,111.599,3.381,34.759,0,28.55,0,0,8.882,0,0,144.319,0,0,0,0,3.765,0,0
0,6/1/50,23:44,0,0,0,79.905,3.249,22.202,69.667,74.057,0,0,78.194,0,0,2.62,0,0,0,0,3.928,111.433,0
0,6/1/50,23:45,0,0,0,99.627,5.405,55.428,158.862,125.827,0,0,95.305,0,0,0,0,0,0,0,4.308,105.788,0
0,6/1/50,23:46,0,0,0,175.198,31.998,21.454,95.248,44.171,0,0,41.91,0,0,0,0,0,0,0,4.227,51.411,0
0,6/1/50,23:47,0,0,0,21.403,14.752,16.394,0,0,12.247,0,50.411,0,0,98.024,0,0,0,0,3.952,0,0
0,6/1/50,23:48,0,0,0,0,17.839,22.912,0,0,77.393,0,8.673,0,0,29.073,0,0,0,0,5.357,0,0
0,6/1/50,23:49,0,0,0,0,22.98,6.027,0,0,3.297,0,60.629,0,0,0,0,0,0,0,6.212,0,0
0,6/1/50,23:50,0,0,0,0,33.225,2.653,0,0,0,0,5.523,21.286,0,0,0,0,0,0,7.728,0,0
0,6/1/50,23:51,0,0,0,0,32.823,4.509,0,0,69.573,0,3.63,0,0,0,0,0,0,0,3.328,0,0
0,6/1/50,23:52,0,0,0,0,5.88,4.455,0,0,0,0,4.044,0,0,0,0,0,0,0,2.783,101.321,0
0,6/1/50,23:53,15.649,0,0,0,0,4.649,0,0,0,0,3.31,0,0,0,0,0,0,0,3.938,65.665,0
0,6/1/50,23:54,46.88,0,0,26.268,0,19.024,0,0,0,0,61.284,0,0,0,0,0,0,0,7.325,0,0
0,6/1/50,23:55,0,0,0,113.437,0,8.06,0,0,0,0,18.021,0,0,0,0,0,0,0,5.803,0,0
0,6/1/50,23:56,0,0,0,258.817,54.194,5.052,0,0,0,0,33.206,2.832,0,0,0,0,0,0,4.332,0,0
0,6/1/50,23:57,0,0,0,284.467,39.362,4.835,0,0,0,0,5.376,0,0,0,0,0,0,0,4.456,0,0
0,6/1/50,23:58,0,0,0,235.543,22.173,5.393,0,0,0,0,44.245,49.972,0,0,0,0,0,0,31.277,0,0
0,6/1/50,23:59,0,0,105.737,17.042,19.856,6.272,0,0,0,0,3.643,0,0,0,0,0,0,0,34.915,53.143,0
0,6/2/50,0:00,26.012,0,90.594,68.751,28.114,5.873,0,0,0,0,3.976,46.122,0,0,0,0,0,0,38.405,50.305,0
0,6/2/50,0:01,20.057,0,2.624,140.63,36.112,6.28,0,0,0,0,4.004,17.822,0,0,0,0,0,0,47.196,104.809,0
0,6/2/50,0:02,21.728,0,0,154.899,24.638,8.439,0,0,0,0,19.304,0,0,0,0,0,0,0,23.914,0,0
0,6/2/50,0:03,0,0,0,0,8.164,12.528,0,0,0,0,35.194,0,0,0,0,0,0,0,17.057,39.096,0
0,6/2/50,0:04,0,0,57.145,0,4.923,4.48,0,0,0,0,9.803,2.206,0,0,0,0,0,0,17.247,0,0
0,6/2/50,0:05,0,0,100.678,0,4.975,5.353,0,0,0,0,15.517,40.163,0,0,0,0,0,0,37.929,0,0
0,6/2/50,0:06,0,0,0,0,3.39,11.51,0,0,0,0,9.194,0,0,0,0,0,0,0,32.993,0,0
0,6/2/50,0:07,0,0,0,51.257,8.337,12.419,0,0,0,0,4.874,0,0,0,0,0,0,0,5.336,0,0
0,6/2/50,0:08,0,0,0,0,8.973,3.973,0,0,0,0,5.729,0,0,0,0,0,0,0,0,0,0
0,6/2/50,0:09,0,0,0,0,5.647,5.062,0,0,0,0,6.575,0,0,0,0,0,0,0,0,0,0
0,6/2/50,0:10,0,0,0,78.456,3.817,3.181,0,0,0,0,4.451,0,0,0,0,0,0,0,0,0,0
0,6/2/50,0:11,0,0,0,236.054,5.252,3.245,0,0,0,0,10.7,0,0,0,0,0,0,0,0,0,0
0,6/2/50,0:12,0,0,0,100.501,4.24,4.803,0,0,0,0,8.966,0,0,0,0,0,0,0,0,0,0
0,6/2/50,0:13,0,0,0,0,4.222,4.086,0,0,0,0,14.724,0,0,0,0,0,0,0,23.317,0,0
0,6/2/50,0:14,0,0,0,0,8.519,16.874,0,0,0,0,73.048,0,0,0,0,0,0,0,87.922,0,0
0,6/2/50,0:15,0,0,0,0,16.547,5.943,0,0,0,0,72.979,0,0,0,0,0,0,0,60.142,0,0
0,6/2/50,0:16,0,0,0,0,32.218,3.697,0,0,0,0,56.312,0,0,0,0,0,0,25.752,21.687,0,0
0,6/2/50,0:17,0,0,0,128.71,28.495,3.54,0,0,0,0,31.71,0,0,0,0,0,0,0,9.43,0,0
0,6/2/50,0:18,0,0,0,132.535,27.882,2.448,0,0,0,0,6.998,0,0,0,0,0,0,0,5.109,0,0
0,6/2/50,0:19,0,0,0,0,23.898,3.128,0,64.457,0,0,12.87,0,0,0,19.949,0,0,0,6.58,0,0
0,6/2/50,0:20,0,0,0,27.349,20.422,4.996,0,0,0,0,41.767,0,0,0,94.674,28.71,0,0,10.79,0,0
0,6/2/50,0:21,0,0,0,34.25,23.721,3.984,0,0,0,0,12.856,0,0,0,3.832,58.977,0,0,5.161,0,0
0,6/2/50,0:22,0,0,0,39.911,24.879,3.588,0,0,0,0,8.668,0,0,0,148.332,32.788,0,0,4.848,0,0
0,6/2/50,0:23,0,0,0,0,24.082,3.307,0,0,0,0,15.071,0,0,0,0,59.207,0,0,5.682,0,0
0,6/2/50,0:24,0,0,0,0,26.488,4.286,0,0,0,0,22.29,0,0,0,0,0,0,0,5.141,0,0
0,6/2/50,0:25,0,0,0,65.965,24.344,3.311,0,0,0,0,7.214,0,0,0,0,0,0,0,7.178,0,0
0,6/2/50,0:26,0,0,0,161.723,0,3.131,0,0,0,0,24.004,0,0,0,0,0,0,44.965,7.692,0,0
0,6/2/50,0:27,0,0,0,1.864,0,3.224,0,0,0,0,24.344,0,0,0,0,61.72,0,67.124,3.692,0,0
0,6/2/50,0:28,0,0,0,0,58.628,3.337,0,0,0,0,0,0,0,0,5.534,76.531,0,0,5.313,0,0
0,6/2/50,0:29,0,0,0,0,32.952,4.546,0,0,0,0,0,0,0,0,94.34,0,0,0,5.4,0,0
0,6/2/50,0:30,0,0,0,0,47.369,73.453,0,0,0,0,0,0,0,0,121.617,76.893,0,31.67,14.848,0,0
0,6/2/50,0:31,0,0,0,0,17.818,41.377,0,0,0,0,0,0,0,0,10.268,0,0,73.278,34.897,0,0
0,6/2/50,0:32,0,0,0,60.837,36.647,8.341,0,0,0,0,0,0,0,0,0,0,0,0,46.784,85.596,0
0,6/2/50,0:33,0,0,0,0,25.831,3.895,0,0,0,0,0,0,0,0,0,60.511,0,52.447,0,0,0
0,6/2/50,0:34,0,0,0,0,63.967,4.683,0,0,0,0,0,0,0,0,0,5.825,0,4.324,0,0,0
0,6/2/50,0:35,0,0,0,0,15.779,3.477,0,0,0,0,0,0,0,0,0,0,0,0,0,5.517,0
0,6/2/50,0:36,0,0,0,0,10.417,4.208,0,0,0,0,0,0,19.778,0,0,0,0,54.496,29.463,3.885,0
0,6/2/50,0:37,0,0,0,0,26.786,5.677,0,0,0,0,0,0,110.899,0,26.428,0,0,0,34.308,118.171,0
0,6/2/50,0:38,0,0,0,0,34.235,2.871,0,0,0,0,0,0,171.816,0,0,0,0,0,61.804,17.79,0
0,6/2/50,0:39,0,0,0,0,0,8.774,0,0,0,0,55.736,0,34.843,0,0,0,0,0,49.502,0,0
0,6/2/50,0:40,0,0,0,0,0,27.644,0,0,0,0,38.866,0,64.265,0,0,0,0,0,96.682,29.649,0
0,6/2/50,0:41,0,0,0,0,0,12.892,0,37.697,0,0,28.929,0,73.474,0,0,0,0,0,0,78.664,44.454
0,6/2/50,0:42,0,0,0,0,0,12.996,0,52.482,0,0,20.098,0,17.482,46.992,0,0,0,0,0,65.108,22.971
0,6/2/50,0:43,0,0,0,0,0,18.197,0,0,0,0,7.629,0,0,0,0,0,0,0,0,148.143,207.979
0,6/2/50,0:44,0,0,0,0,0,21.01,0,0,0,0,18.932,0,0,0,59.862,0,0,0,42.291,77.707,0
0,6/2/50,0:45,0,0,0,0,0,23.039,0,0,0,0,23.063,0,0,0,95.776,0,0,0,116.923,104.705,18.351
0,6/2/50,0:46,0,0,0,0,0,19.31,0,0,24.475,0,6.012,0,77.307,0,88.008,0,0,0,50.087,72.204,28.467
0,6/2/50,0:47,0,0,0,0,0,26.698,0,152.995,2.02,0,58.734,0,56.238,0,0.058,0,0,0,21.605,37.888,25.221
0,6/2/50,0:48,0,0,0,0,30.098,18.508,0,101.97,47.47,0,3.952,0,86.306,0,18.098,0,0,0,31.889,11.136,139.559
0,6/2/50,0:49,0,0,0,0,82.716,21.066,0,39.11,0,0,3.392,0,162.333,0,0,0,0,0,34.902,0,0
0,6/2/50,0:50,0,0,0,0,22.448,36.058,0,45.413,0,0,3.224,0,28.68,0,0,0,0,0,30.709,0,89.574
0,6/2/50,0:51,0,0,0,0,0,26.443,0,0,0,0,3.45,0,94.763,0,51.169,0,0,0,24.593,0,1.14
0,6/2/50,0:52,0,0,0,0,6.554,64.537,0,0,0,0,3.507,0,65.993,0,98.163,0,0,0,40.876,0,0
0,6/2/50,0:53,0,0,0,0,23.404,20.034,0,0,0,0,3.304,0,84.702,0,12.154,0,0,0,30.766,14.636,18.686
0,6/2/50,0:54,0,0,0,0,75.86,11.926,0,14.682,0,0,2.851,0,41.174,0,28.506,0,0,0,33.652,0,0
0,6/2/50,0:55,0,0,0,0,102.494,3.59,0,22.025,0,0,2.675,0,66.399,0,0,0,0,0,18.752,0,0
0,6/2/50,0:56,0,0,0,0,35.921,19.491,0,0,0,0,0,0,111.304,0,0,0,0,0,15.982,0,0
0,6/2/50,0:57,0,0,0,0,27.875,4.849,0,0,0,0,0,0,69.861,0,0,0,0,0,19.606,53.73,0
0,6/2/50,0:58,0,0,0,0,28.801,56.415,35.992,0,0,0,0,0,54.324,0,0,0,0,0,7.055,28.773,0
0,6/2/50,0:59,0,0,0,0,22.567,64.916,2.481,0,0,0,0,0,6.39,0,0,0,121.877,0,5.616,106.433,0
0,6/2/50,1:00,0,0,0,0,23.777,74.109,0,0,0,0,0,0,0,0,0,0,98.917,0,4.653,61.467,0
0,6/2/50,1:01,0,0,0,0,24.894,75.981,0,0,0,0,0,0,0,0,0,0,18.855,0,4.076,0,0
0,6/2/50,1:02,0,0,0,0,28.932,98.188,0,0,0,0,0,0,0,0,0,36.284,23.581,0,4.134,0,0
0,6/2/50,1:03,0,0,0,0,26.084,64.083,1.444,0,0,0,0,0,0,0,0,0,16.3,0,4.07,0,0
0,6/2/50,1:04,0,0,0,0,23.933,78.167,80.461,0,0,0,0,0,0,0,0,0,16.412,0,4.623,0,0
0,6/2/50,1:05,0,0,0,0,27.214,57.588,119.493,0,0,0,0,0,0,0,0,59.467,23.743,0,2.802,0,0
0,6/2/50,1:06,0,15.802,0,0,9.049,176.289,156.526,0,0,0,20.011,0,0,0,0,72.123,17.181,0,6.231,0,0
0,6/2/50,1:07,0,3.581,0,0,4.798,43.266,0.792,0,0,0,111.799,0,0,0,0,0,9.982,0,4.039,0,0
0,6/2/50,1:08,0,0,0,0,4.442,12.668,0,0,0,0,38.124,0,0,0,0,0,25.872,0,7.122,0,0
0,6/2/50,1:09,73.501,0,0,0,6.059,53.039,0,0,0,0,94.568,0,0,0,0,0,44.06,0,3.672,0,0
0,6/2/50,1:10,36.53,0,0,0,6.649,89.203,0,0,0,0,130.68,0,0,0,0,16.902,55.979,0,5.282,0,0
0,6/2/50,1:11,25.264,0,0,0,6.02,80.806,0,0,0,0,13.604,0,0,0,0,0,11.742,0,19.064,0,0
0,6/2/50,1:12,0,182.217,0,0,8.572,59.056,45.678,0,0,0,6.887,0,0,0,0,0,62.698,0,6.942,0,0
0,6/2/50,1:13,0,188.215,0,0,3.352,63.339,149.21,0,0,0,55.909,0,0,0,0,0,0,0,7.339,0,0
0,6/2/50,1:14,0,11.217,0,0,3.709,88.126,43.172,0,0,0,4.107,0,0,0,0,0,0,0,5.665,0,0
0,6/2/50,1:15,0,0,0,0,3.159,75.937,20.042,0,0,0,3.898,0,0,0,0,0,0,0,6.046,0,0
0,6/2/50,1:16,0,0,0,0,3.19,24.733,99.591,0,0,0,4.99,0,0,0,0,0,0,0,8.07,0,0
0,6/2/50,1:17,82.294,0,0,0,4.132,17.368,25.67,0,0,0,6.459,0,105.824,0,0,0,0,0,7.828,0,0
0,6/2/50,1:18,119.401,0,0,0,2.668,18.004,50.568,0,0,0,3.73,0,44.894,0,0,0,0,0,8.909,0,0
0,6/2/50,1:19,54.913,47.472,0,0,3.476,15.02,235.563,0,0,0,3.908,0,0,0,0,0,0,0,7.255,0,0
0,6/2/50,1:20,25.499,0,0,0,4.103,23.588,87.422,0,0,0,3.481,0,0,0,0,0,0,0,4.582,0,0
0,6/2/50,1:21,0,11.266,0,0,3.372,21.466,221.791,0,0,0,5.086,0,0,0,0,0,0,0,3.739,0,0
0,6/2/50,1:22,0,87.769,0,0,6.061,6.786,24.223,0,0,0,5.168,0,0,0,0,0,0,0,3.641,0,0
0,6/2/50,1:23,0,39.892,0,0,17.41,3.474,11.855,0,0,0,61.559,0,0,0,0,0,0,0,4.316,0,0
0,6/2/50,1:24,0,0,0,0,19.005,7.562,14.582,0,0,0,42.62,0,0,0,0,0,0,0,19.934,0,0
0,6/2/50,1:25,0,77.876,0,0,21.976,5.88,22.109,0,0,0,85.101,0,0,0,0,0,0,0,4.175,0,0
0,6/2/50,1:26,0,8.281,0,0,32.622,5.29,50.479,0,0,0,11.55,0,0,0,0,0,0,0,3.085,0,0
0,6/2/50,1:27,0,0,0,0,35.376,3.476,162.371,0,0,0,20.211,0,0,0,0,0,0,65.469,3.952,0,0
0,6/2/50,1:28,0,0,39.163,0,32.327,4.284,20.469,0,0,54.614,4.861,0,0,63.013,0,0,0,31.57,4.103,0,0
0,6/2/50,1:29,0,0,4.977,0,27.768,2.766,0,0,0,23.385,6.984,0,0,0,0,0,0,28.253,3.672,0,0
0,6/2/50,1:30,0,0,0,20.441,23.616,4.425,0,0,0,202.817,7.24,0,0,0,0,0,0,19.76,4.943,0,0
0,6/2/50,1:31,0,0,0,16.136,23.582,3.873,0,0,0,42.486,8.582,0,0,60.106,0,0,0,7.218,4.241,0,0
0,6/2/50,1:32,0,0,115.191,0,29.16,9.071,0,0,0,22.689,5.983,0,0,62.224,0,0,0,0,5.574,0,0
0,6/2/50,1:33,0,0,96.053,0,22.409,23.317,0,0,0,11.176,22.503,0,0,90.803,0,0,0,0,3.836,0,0
0,6/2/50,1:34,0,0,109.109,0,26.977,4.709,0,0,0,43.52,4.715,0,0,24.751,0,0,0,38.552,7.338,0,0
0,6/2/50,1:35,0,0,93.827,0,38.091,4.526,0,0,0,114.074,4.547,0,0,40.59,0,0,0,0,4.222,0,0
0,6/2/50,1:36,0,0,0,0,26.161,4.559,0,0,0,0,4.958,0,0,76.024,0,0,0,0,4.188,0,0
0,6/2/50,1:37,0,0,0,0,0,7.27,0,0,0,6.34,4.746,0,0,61.413,0,0,0,0,6.037,0,0
0,6/2/50,1:38,0,0,0,0,0,3.541,0,0,0,35.292,6.38,0,0,0,0,0,0,0,5.552,0,0
0,6/2/50,1:39,0,0,0,0,26.225,6.295,0,0,0,0,8.23,22.389,0,0,0,0,0,0,16.083,0,0
0,6/2/50,1:40,0,0,0,0,23.411,4.594,0,0,0,0,50.862,0,0,0,0,0,0,0,10.782,0,0
0,6/2/50,1:41,0,0,0,0,17.958,5.847,0,0,0,0,111.165,0,0,10.684,0,0,0,0,4.889,0,0
0,6/2/50,1:42,0,0,0,22.389,21.972,4.538,0,0,22.251,0,29.07,0,0,76.45,0,0,0,0,5.136,0,0
0,6/2/50,1:43,0,0,0,65.382,29.844,3.902,0,0,0,0,4.023,0,0,17.932,0,0,0,0,7.214,0,0
0,6/2/50,1:44,0,0,0,21.908,30.941,3.33,0,0,0,0,3.079,0,0,0,0,0,0,0,6.148,0,0
0,6/2/50,1:45,0,0,0,0,12.061,4.038,0,0,0,0,3.389,0,0,0,0,0,0,0,4.17,0,0
0,6/2/50,1:46,0,0,0,0,4.574,6.495,0,0,17.285,0,4.309,7.092,0,0,0,0,0,0,9.688,0,0
0,6/2/50,1:47,0,0,0,0,19.936,5.773,0,0,0,0,4.134,57.169,0,0,0,0,0,0,27.107,0,0
0,6/2/50,1:48,0,0,0,0,26.997,4.597,0,0,0,0,3.73,0,0,0,0,0,0,0,24.013,0,0
0,6/2/50,1:49,0,0,0,0,20.314,14.254,0,0,0,0,4.106,0,0,0,0,0,0,0,39.443,0,0
0,6/2/50,1:50,0,0,0,0,7.38,24.868,140.972,0,0,0,3.927,21.284,0,37.111,0,0,0,0,35.825,0,0
0,6/2/50,1:51,0,0,0,0,22.798,13.539,93.154,0,0,0,3.311,8.51,0,163.773,0,0,0,0,29.987,0,0
0,6/2/50,1:52,0,0,0,0,11.823,14.9,128.107,0,0,0,3.464,0,0,72.913,0,0,0,0,30.575,0,0
0,6/2/50,1:53,0,0,0,6.272,4.492,23.636,9.051,0,0,0,3.708,0,0,0.075,0,97.205,0,0,34.36,0,0
0,6/2/50,1:54,0,0,0,0,4.324,24.538,6.872,0,0,0,3.677,74.195,0,33.164,0,0.057,0,0,37.082,0,0
0,6/2/50,1:55,0,0,0,0,4.151,24.893,73.671,0,0,0,3.898,108.314,0,29.454,0,33.755,0,0,0,0,0
0,6/2/50,1:56,0,0,0,0,7.732,22.945,70.107,0,0,0,3.203,11.841,0,0,0,54.882,0,0,0,0,0
0,6/2/50,1:57,0,0,0,0,28.577,10.401,111.928,0,0,0,45.244,6.424,0,0,0,53.521,0,0,0,0,0
0,6/2/50,1:58,0,0,0,0,22.311,6.432,54.128,0,0,0,14.821,0,0,0,0,0,0,0,0,0,0
0,6/2/50,1:59,0,0,0,0,14.993,6.468,34.492,0,0,0,6.667,0,0,0,0,69.565,0,0,0,0,0
0,6/2/50,2:00,0,0,0,119.676,4.041,7.15,60.448,0,0,0,6.132,0,0,0,0,153.453,0,0,0,0,0
0,6/2/50,2:01,0,0,0,62.468,4.64,9.033,0,0,0,0,6.567,0,0,0,0,83.434,0,0,59.741,0,0
0,6/2/50,2:02,0,0,0,153.238,2.672,14.212,0,0,0,0,4.721,0,0,0,0,81.296,0,0,33.436,0,0
0,6/2/50,2:03,0,0,0,87.74,3.57,15.73,33.292,43.213,0,0,4.897,39.804,0,0,0,101.216,0,0,24.529,0,0
0,6/2/50,2:04,0,0,0,245.226,4.03,41.014,41.48,55.657,0,0,20.181,0,0,0,0,189.358,0,0,11.72,0,0
0,6/2/50,2:05,77.35,0,0,44.204,3.907,35.184,0,108.414,0,0,52.771,0,0,0,0,162.165,0,0,6.876,0,0
0,6/2/50,2:06,61.433,0,0,14.836,3.481,6.313,0,41.884,0,0,92.749,0,0,0,0,215.891,0,0,7.086,0,0
0,6/2/50,2:07,0,0,0,16.818,3.928,0,0,0,0,0,67.668,0,0,0,0,112.906,0,0,37.55,0,0
0,6/2/50,2:08,0,0,0,25.651,8.033,4.977,0,0,0,0,3.618,0,0,0,0,210.074,0,0,32.104,0,0
0,6/2/50,2:09,0,0,0,28.605,3.626,0,0,0,0,0,3.328,0,0,0,0,28.838,0,0,28.847,0,0
0,6/2/50,2:10,0,0,0,75.174,2.755,77.352,0,0,0,0,3.333,0,0,0,0,0,0,0,37.217,0,0
0,6/2/50,2:11,0,0,0,67.221,2.7,40.857,0,0,0,0,3.715,0,0,0,0,2.853,0,0,26.198,0,0
0,6/2/50,2:12,0,0,0,95.96,3.359,28.848,0,0,0,0,3.645,0,0,0,0,20.017,0,0,20.63,0,0
0,6/2/50,2:13,0,0,0,408.652,3.563,10.292,0,0,0,0,3.775,0,0,0,0,0,0,0,5.85,0,0
0,6/2/50,2:14,0,0,0,218.086,4.565,8.194,0,0,0,0,4.426,0,0,0,0,0,0,0,4.052,0,0
0,6/2/50,2:15,0,0,0,348.5,3.831,9.838,0,0,0,0,42.98,0,0,0,0,0,0,0,9.366,0,0
0,6/2/50,2:16,0,0,0,71.172,3.1,12.59,0,0,0,0,12.943,0,0,0,0,0,0,0,2.699,0,0
0,6/2/50,2:17,0,0,0,0,3.555,24.835,0,0,0,0,11.304,0,0,0,0,0,0,0,3.244,0,0
0,6/2/50,2:18,0,0,0,3.819,2.687,7.285,0,0,0,0,5.305,0,0,0,0,0,0,0,16.518,0,0
0,6/2/50,2:19,0,0,0,0,3.201,4.604,0,0,0,0,4.429,0,0,0,0,17.758,0,0,3.719,0,0
0,6/2/50,2:20,0,0,0,41.354,3.129,10.504,0,0,0,0,5.627,0,0,0,0,34.634,0,0,3.925,0,0
0,6/2/50,2:21,0,0,0,2.032,8.341,18.139,0,0,0,0,5.016,0,0,0,0,26.284,0,0,4.045,0,0
0,6/2/50,2:22,0,0,0,0,18.123,5.079,0,0,0,0,8.362,0,0,0,0,20.897,0,0,14.054,0,0
0,6/2/50,2:23,0,0,0,0,3.038,2.642,0,0,0,0,12.857,0,0,0,0,0,0,0,8.934,0,0
0,6/2/50,2:24,0,0,0,0,3.257,2.46,0,0,0,0,8.183,0,0,0,0,0,0,0,4.586,0,0
0,6/2/50,2:25,0,0,0,46.39,2.973,9.285,0,0,0,0,17.753,0,0,0,0,0,0,0,7.14,0,0
0,6/2/50,2:26,0,0,0,102.483,3.225,2.794,0,0,0,0,9.301,0,0,0,0,0,0,0,10.038,0,0
0,6/2/50,2:27,0,0,0,0,3.026,3.174,0,0,0,0,14.296,0,0,0,0,0,0,0,13.58,0,0
0,6/2/50,2:28,0,0,0,0,2.869,4.603,0,0,0,0,8.26,0,0,0,0,0,0,0,8.252,0,0
0,6/2/50,2:29,0,0,0,0,3.046,4.678,0,0,0,0,5.743,0,0,0,84.359,0,0,0,5.764,0,0
0,6/2/50,2:30,0,0,0,0,7.122,7.512,0,0,0,0,5.048,0,0,0,13.287,0,0,0,4.861,0,0
0,6/2/50,2:31,0,0,0,0,6.217,4.15,0,0,0,0,5.711,0,0,0,45.241,0,0,0,3.934,0,0
0,6/2/50,2:32,0,0,0,0,8.609,3.892,0,0,0,0,5.656,0,0,0,0,0,0,0,53.221,0,0
0,6/2/50,2:33,0,0,0,0,9.542,9.122,0,0,0,0,5.142,0,0,0,19.413,0,0,0,5.518,0,0
0,6/2/50,2:34,0,0,0,0,8.351,23.846,0,0,0,0,4.89,0,0,0,0,0,0,0,4.518,0,0
0,6/2/50,2:35,0,0,0,0,6.948,6.187,0,0,0,0,4.964,0,0,0,0,0,0,0,3.194,0,0
0,6/2/50,2:36,0,0,0,0,4.34,4.164,0,0,0,0,8.138,0,0,0,0,0,0,0,5.844,0,0
0,6/2/50,2:37,0,0,0,0,8.158,7.12,0,0,0,0,9.82,0,0,0,22.743,0,0,0,3.417,0,0
0,6/2/50,2:38,0,0,0,0,3.507,3.463,0,0,0,0,7.498,0,0,0,0,0,0,0,2.895,0,0
0,6/2/50,2:39,0,0,0,0,5.338,3.104,0,0,0,0,5.403,0,0,0,45.326,0,0,0,15.691,0,0
0,6/2/50,2:40,0,0,0,0,4.355,3.894,0,0,0,0,5.091,0,0,0,0,0,0,0,6.428,0,0
0,6/2/50,2:41,0,0,0,0,5.849,5.592,0,0,0,0,5.843,0,0,0,0,0,0,0,9.562,0,0
0,6/2/50,2:42,0,0,0,0,2.741,3.592,0,0,0,0,5.54,0,0,0,0,0,0,0,22.742,0,0
0,6/2/50,2:43,0,0,0,0,20.988,3.518,0,0,0,0,4,0,0,0,0,0,0,0,7.609,0,0
0,6/2/50,2:44,0,24.498,0,0,4.068,3.702,0,0,0,0,8.822,0,0,0,13.082,0,0,0,14.95,0,0
0,6/2/50,2:45,0,11.328,0,0,4.664,3.678,0,0,0,0,99.97,0,0,0,0,0,0,0,11.408,0,0
0,6/2/50,2:46,0,8.702,75.452,0,2.872,3.346,0,0,0,0,19.163,0,0,0,0,0,0,0,4.661,0,0
0,6/2/50,2:47,0,0,129.101,0,8.477,18.566,0,0,0,0,24.203,0,0,0,0,0,0,0,2.908,114.718,0
0,6/2/50,2:48,0,0,27.358,0,15.262,15.965,0,0,0,0,35.312,0,14.746,0,0,0,0,0,5.441,0,0
0,6/2/50,2:49,0,61.047,23.611,0,28.033,6.112,0,0,0,0,23.574,0,0,0,0,0,0,0,6.517,68.65,0
0,6/2/50,2:50,0,81.595,26.23,0,26.638,5.538,0,0,0,0,43.591,0,0,0,0,0,0,0,10.647,13.854,0
0,6/2/50,2:51,0,0,1.225,0,29.684,4.459,0,0,0,0,5.404,0,0,0,0,0,0,0,10.388,74.317,0
0,6/2/50,2:52,0,0,126.068,0,28.621,3.44,0,0,0,0,4.694,0,0,0,0,0,0,0,9.119,98.592,0
0,6/2/50,2:53,0,0,56.89,0,32.02,3.919,0,0,0,0,4.815,0,0,0,0,0,0,0,11.938,0,0
0,6/2/50,2:54,0,0,21.811,0,33.078,4.466,0,0,0,0,5.041,0,0,0,0,0,0,0,18.174,0,0
0,6/2/50,2:55,0,0,34.308,0,25.633,12.278,0,0,0,0,5.574,0,0,0,0,0,0,0,24.636,0,0
0,6/2/50,2:56,0,0,80.885,0,36.322,13.408,0,0,0,0,9.139,0,0,0,0,0,0,0,18.547,0,0
0,6/2/50,2:57,0,0,0,0,20.126,13.864,0,0,0,0,5.279,0,0,0,0,0,0,0,18.842,0,0
0,6/2/50,2:58,0,0,0,0,25.878,28.481,0,0,0,0,14.536,0,0,0,0,0,0,0,22.245,0,0
0,6/2/50,2:59,0,0,0,0,25.391,49.048,0,0,0,0,5.855,0,0,0,0,0,0,0,43.944,24.154,0
0,6/2/50,3:00,0,0,0,0,41.779,18.013,0,0,0,0,19.359,20.82,0,0,0,0,0,0,32.117,0,0
0,6/2/50,3:01,0,0,0,0,0,0,0,0,0,0,14.781,0,0,0,0,0,0,0,38.061,0,0
0,6/2/50,3:02,0,0,0,0,9.122,78.659,0,0,0,0,20.154,0,0,0,0,0,0,0,33.332,0,0
0,6/2/50,3:03,0,0,0,0,44.786,96.929,0,0,0,0,122.011,0,0,0,0,0,0,0,74.95,0,0
0,6/2/50,3:04,0,0,0,0,25.209,64.13,0,0,0,0,0,0.345,0,0,0,0,0,0,19.362,0,0
0,6/2/50,3:05,0,0,0,0,48.465,17.636,0,0,0,0,0,0,0,0,0,0,0,0,62.16,0,0
0,6/2/50,3:06,0,0,0,0,101.042,27.544,0,0,0,0,0,0,0,0,0,0,0,0,26.142,0,0
0,6/2/50,3:07,0,0,0,0,20.303,19.335,0,27.184,67.36,0,0,53.52,0,0,0,0,0,0,28.575,0,0
0,6/2/50,3:08,0,0,0,0,78.842,27.051,0,148.425,4.576,0,0,0,0,0,0,0,0,0,28.234,0,0
0,6/2/50,3:09,0,0,0,0,41.575,26.881,46.253,142.774,2.079,0,0,0,0,0,0,0,0,0,25.233,0,0
0,6/2/50,3:10,0,0,0,0,87.384,18.193,0,30.484,0,0,0,0,0,0,0,0,0,0,31.153,29.649,30.134
0,6/2/50,3:11,0,0,0,0,113.521,12.308,0,0,55.524,0,0,0,0,0,0,0,0,0,32.518,121.346,0
0,6/2/50,3:12,0,0,0,0,68.188,11.447,0,30.882,51.557,0,0,0,0,0,0,0,0,0,22.424,0,0
0,6/2/50,3:13,0,0,0,0,40.541,6.871,0,69.366,38.887,0,0,0,0,0,0,0,0,0,27.776,0,46.416
0,6/2/50,3:14,0,0,0,0,61.163,5.338,0,0,126.538,0,0,0,0,0,0,0,0,0,35.154,0,50.791
0,6/2/50,3:15,0,0,0,0,90.475,4.484,0,17.91,51.744,0,0,0,0,0,0,0,0,0,10.456,0,0
0,6/2/50,3:16,0,0,0,0,152.927,5.037,0,48.935,15.836,0,0,0,0,0,0,0,0,19.164,6.305,0,0
0,6/2/50,3:17,0,0,0,0,92.946,7.183,63.402,61.783,0,0,0,0,0,0,0,0,0,20.606,5.015,0,0
0,6/2/50,3:18,0,0,0,0,29.057,4.904,22.681,107.335,0,0,0,0,0,0,0,0,0,0,3.726,0,0
0,6/2/50,3:19,0,0,0,0,32.732,6.849,16.843,54.961,0,0,0,0,0,0,0,0,0,0,15.923,0,0
0,6/2/50,3:20,0,0,0,0,29.468,6.511,34.096,27.708,0,0,0,0,0,0,0,0,0,0,3.676,0,0
0,6/2/50,3:21,0,0,0,0,25.504,7.186,42.616,0,0,0,0,0,0,0,0,0,0,33.272,3.193,0,0
0,6/2/50,3:22,0,0,0,0,28.948,3.928,40.512,0,0,0,0,0,0,0,0,0,0,33.116,4.15,0,0
0,6/2/50,3:23,0,58.732,0,0,24.448,3.416,124.25,0,0,0,0,0,0,0,0,0,0,114.926,6.058,0,0
0,6/2/50,3:24,0,3.101,0,19.72,25.337,3.875,44.607,0,0,0,0,0,0,0,0,0,0,0,4.995,0,0
0,6/2/50,3:25,0,0,0,1.584,32.581,3.399,54.925,0,0,0,0,0,0,0,0,0,0,0,9.146,0,0
0,6/2/50,3:26,0,0,0,9.919,30.691,4.508,19.392,0,0,0,0,0,0,0,0,0,0,0,5.939,0,0
0,6/2/50,3:27,0,38.929,0,0,24.871,4.503,0,0,0,0,0,0,0,0,0,0,0,0,3.183,0,0
0,6/2/50,3:28,0,0,0,0,4.202,20.988,23.05,0,0,0,0,0,0,0,0,0,0,0,3.292,0,0
0,6/2/50,3:29,0,0,0,0,3.121,6.16,45.359,0,0,0,0,0,0,0,0,0,0,0,10.916,0,0
0,6/2/50,3:30,0,0,0,0,4.012,5.545,178.582,0,0,0,0,0,0,0,0,0,0,0,3.34,0,0
0,6/2/50,3:31,0,0,0,0,2.091,5.902,40.882,0,0,0,0.527,0,0,0,0,0,0,0,4.547,0,0
0,6/2/50,3:32,0,0,0,0,3.56,18.266,96.472,0,0,0,90.192,0,0,0,0,0,0,0,3.44,0,0
0,6/2/50,3:33,0,0,0,23.613,3.151,19.262,9.998,0,0,0,78.755,0,0,0,0,0,0,0,7.163,0,0
0,6/2/50,3:34,0,0,0,0,3.208,4.018,103.579,0,0,0,6.612,0,0,0,0,0,0,0,4.773,0,0
0,6/2/50,3:35,0,0,0,0,2.993,4.973,115.234,0,0,0,3.985,0,0,0,0,0,0,0,3.629,0,0
0,6/2/50,3:36,0,0,0,0,2.593,3.311,79.148,0,0,0,4.749,0,22.157,0,0,0,0,0,5.929,0,0
0,6/2/50,3:37,0,0,0,0,31.984,8.034,68.519,0,0,0,22.545,0,0,0,0,0,0,0,7.784,0,0
0,6/2/50,3:38,0,0,0,0,15.499,11.816,32.366,0,0,0,95.046,0,0,0,0,0,0,0,10.35,0,0
0,6/2/50,3:39,0,0,0,0,7.676,6.995,91.718,0,0,0,7.414,0,136.287,0,0,0,0,0,54.273,0,0
0,6/2/50,3:40,0,0,0,0,3.76,4.78,51.827,0,0,0,9.812,0,113.404,0,0,0,39.163,0,45.395,0,0
0,6/2/50,3:41,0,0,0,0,2.697,6.783,53.513,0,0,0,9.613,0,58.903,0,0,0,5.598,0,5.597,0,0
0,6/2/50,3:42,0,0,0,0,2.936,7.762,38.167,0,0,0,10.617,0,22.936,0,0,0,0,0,0,0,0
0,6/2/50,3:43,0,0,0,0,3.518,8.88,33.801,0,0,26.077,4.94,0,72.26,0,0,0,0,0,0,0,0
0,6/2/50,3:44,0,0,0,0,3.883,9.951,28.69,0,0,71.977,4.589,0,76.072,0,0,0,58.73,0,0,0,0
0,6/2/50,3:45,0,0,0,0,3.635,4.075,32.617,0,0,87.209,4.603,0,111.264,0,0,0,73.852,0,24.579,0,0
0,6/2/50,3:46,0,0,0,0,8.934,14.699,54.773,0,0,15.998,4.834,0,57.357,0,0,0,73.158,0,14.308,0,0
0,6/2/50,3:47,0,0,0,0,4.45,6.734,0,0,0,69.742,6.281,0,33.429,0,0,0,27.92,0,5.055,0,0
0,6/2/50,3:48,0,0,0,0,3.622,21.113,0,0,0,21.198,6.64,0,24.212,0,0,0,53.684,0,9.058,0,0
0,6/2/50,3:49,0,0,0,0,3.67,10.864,0,0,0,21.182,5.627,0,21.207,0,0,0,8.473,0,6.254,0,0
0,6/2/50,3:50,0,0,0,0,3.917,19.964,0,0,0,15.645,4.073,0,35.358,0,0,0,0,0,10.634,0,0
0,6/2/50,3:51,0,0,0,0,2.643,22.533,0,0,0,0,3.971,0,31.403,0,0,0,0,0,13.169,0,0
0,6/2/50,3:52,0,0,0,0,5.12,8.286,0,0,0,31.389,16.064,0,26.799,0,0,0,0,0,4.124,0,0
0,6/2/50,3:53,0,0,0,0,5.205,4.111,0,0,0,0,25.058,0,21.516,0,0,0,0,0,15.488,0,0
0,6/2/50,3:54,0,0,0,0,3.573,3.345,0,0,0,0,28.907,0,31.425,0,0,0,0,0,8.675,0,0
0,6/2/50,3:55,0,0,0,0,3.227,3.826,0,0,0,30.617,90.81,0,45.88,0,0,0,0,0,4.766,0,0
0,6/2/50,3:56,0,0,0,0,3.229,21.103,0,0,0,0,49.394,0,25.068,34.593,0,0,0,0,7.233,0,0
0,6/2/50,3:57,0,0,0,0,3.415,5.454,0,0,0,0,17.949,0,26.841,0,0,0,0,0,5.133,0,0
0,6/2/50,3:58,0,46.67,0,0,48.742,5.809,0,0,0,0,3.815,0,27.703,0,0,0,0,0,4.469,0,0
0,6/2/50,3:59,0,32.821,0,0,40.137,4.049,0,0,0,0,5.284,0,28.486,0,0,0,0,0,8.069,0,0
0,6/2/50,4:00,0,0,0,0,23.234,3.621,0,0,0,0,3.255,0,19.86,47.946,0,0,0,0,16.345,0,0
0,6/2/50,4:01,0,0,0,0,21.459,2.611,0,0,0,0,4.821,0,23.405,0,0,0,0,0,4.526,0,0
0,6/2/50,4:02,0,36.6,0,0,20.881,3.218,0,0,0,0,3.581,0,26.862,0,0,0,0,0,5.501,0,0
0,6/2/50,4:03,0,162.934,0,0,33.94,3.011,0,0,0,0,61.048,0,31.751,0,66.876,0,0,0,6.651,0,0
0,6/2/50,4:04,0,205.742,0,0,46.568,3.879,0,0,0,0,83.177,0,15.947,0,10.071,0,0,0,5.9,0,0
0,6/2/50,4:05,0,7.702,0,0,32.533,8.5,0,0,0,0,4.229,0,30.46,0,100.121,0,0,0,8.33,0,0
0,6/2/50,4:06,0,12.856,0,0,23.821,5.435,0,0,0,0,4.15,0,33.66,0,0,0,0,0,7.042,0,0
0,6/2/50,4:07,0,0,0,0,24.625,6.115,0,0,0,0,4.122,0,28.474,0,0,0,0,0,3.11,0,0
0,6/2/50,4:08,0,0,0,0,29.791,5.259,0,0,0,0,15.844,0,33.587,0,0,0,0,0,4.349,0,0
0,6/2/50,4:09,0,0,0,0,33.631,10.089,0,0,0,0,36.021,0,40.056,0,0,0,0,0,5.832,0,0
0,6/2/50,4:10,0,0,28.217,0,36.897,8.828,0,0,0,0,4.096,0,5.219,0,7.931,0,0,0,9.57,0,0
0,6/2/50,4:11,0,0,22.116,0,29.421,8.035,0,0,0,0,5.51,0,3.33,0,20.524,0,0,0,9.945,0,0
0,6/2/50,4:12,0,0,16.829,0,23.809,4.782,0,0,0,0,5.652,0,4.296,0,12.908,0,0,0,4.453,0,0
0,6/2/50,4:13,0,0,22.795,0,27.953,5.022,0,0,0,0,9.655,0,2.367,0,6.3,0,0,0,12.691,0,0
0,6/2/50,4:14,0,0,3.501,0,26.372,4.785,0,0,0,0,5.306,0,2.787,0,2.518,0,0,0,9.452,0,0
0,6/2/50,4:15,0,0,95.382,0,7.395,9.11,0,0,0,0,4.672,0,2.377,0,70.209,0,0,0,12.82,0,0
0,6/2/50,4:16,0,0,122.408,0,7.734,5.359,0,0,0,0,5.801,0,5,0,79.242,0,0,0,5.206,0,0
0,6/2/50,4:17,0,0,27.374,0,4.809,4.407,0,0,0,0,4.819,0,4.257,0,46.18,0,0,0,3.864,0,0
0,6/2/50,4:18,0,89.556,0,0,4.265,4.02,0,0,0,0,5.706,0,2.359,0,82.039,0,0,0,3.917,0,0
0,6/2/50,4:19,0,197.963,0,0,3.134,3.233,0,0,0,0,6.623,0,3.323,0,103.438,0,0,0,4.847,0,0
0,6/2/50,4:20,0,201.444,0,0,7.98,4.141,0,0,0,0,12.539,0,3.9,0,153.825,81.985,0,0,2.816,0,0
0,6/2/50,4:21,0,36.549,0,0,3.013,3.351,0,0,0,0,5.659,0,2.944,0,4.161,119.968,0,0,3.487,0,0
0,6/2/50,4:22,0,0,0,0,2.259,2.821,0,0,0,0,9.322,0,4.11,0,15.396,98.455,0,0,3.465,0,0
0,6/2/50,4:23,0,0,0,0,2.139,3.568,0,0,0,0,12.181,0,7.182,0,14.38,190.05,0,0,4.103,0,0
0,6/2/50,4:24,0,97.719,0,0,6.646,3.197,0,0,0,0,13.536,0,4.279,0,72.869,165.204,0,0,9.409,0,0
0,6/2/50,4:25,0,117.809,0,0,16.57,25.936,0,0,0,0,10.727,0,3.375,0,0,129.382,0,0,5.801,0,0
0,6/2/50,4:26,0,0,0,0,24.452,34.001,0,0,0,0,8.503,0,3.54,0,0,100.413,0,0,5.158,0,0
0,6/2/50,4:27,0,0,0,0,18.645,36.116,0,0,0,0,8.422,0,7.527,0,0,102.007,0,0,3.898,0,0
0,6/2/50,4:28,0,201.133,0,77.821,33.911,27.92,0,0,0,0,17.439,0,4.748,0,0,99.138,0,0,5.249,0,0
0,6/2/50,4:29,0,279.707,0,32.256,30.056,36.866,0,0,0,0,16.409,0,3.27,0,0,102.088,0,0,3.972,0,0
0,6/2/50,4:30,0,246.609,0,28.294,32.243,32.058,0,0,0,0,26.249,0,9.296,0,0,113.192,0,0,3.153,0,0
0,6/2/50,4:31,0,77.473,0,21.19,33.411,37.155,0,0,0,0,157.653,0,11.039,0,0,0,0,0,4.124,0,0
0,6/2/50,4:32,0,47.632,0,47.56,29.949,38.237,0,0,0,0,30.784,0,16.067,0,0,0,0,0,16.332,0,0
0,6/2/50,4:33,0,181.965,0,135.894,54.875,0,0,0,0,0,16.174,0,8.409,0,0,0,0,0,51.646,0,0
0,6/2/50,4:34,0,110.392,0,0,42.991,0,0,0,0,0,21.336,0,10.323,0,0,8.893,0,0,36.64,0,0
0,6/2/50,4:35,0,79.012,0,0,80.756,13.383,0,0,0,0,37.115,0,4.452,0,0,37.162,0,0,18.585,0,0
0,6/2/50,4:36,0,6.31,0,0,33.046,167.084,0,0,0,0,96.815,0,2.468,0,0,90.919,0,0,22.343,0,0
0,6/2/50,4:37,0,17.538,0,0,33.566,49.47,0,0,0,0,10.697,0,4.008,0,0,17.031,0,0,21.581,0,0
0,6/2/50,4:38,0,20.381,0,0,24.527,27.449,0,0,0,0,8.084,0,3.646,0,0,35.724,0,0,34.267,0,15.528
0,6/2/50,4:39,0,174.897,0,0,23.777,69.349,0,0,0,0,6.406,0,3.125,0,0,58.236,0,0,30.219,0,3.984
0,6/2/50,4:40,0,191.077,0,0,25.301,78.832,0,0,0,0,5.466,0,3.571,0,0,11.409,0,0,25.479,0,0
0,6/2/50,4:41,0,33.913,0,0,10.939,70.15,0,0,0,0,4.058,0,5.962,0,0,0,0,0,42.817,0,64.732
0,6/2/50,4:42,0,167.83,0,0,11.943,26.45,0,0,0,0,4.526,0,4.813,0,0,0,0,0,35.617,0,39.494
0,6/2/50,4:43,0,228.777,0,0,35.746,20.308,0,0,0,0,3.937,0,3.265,0,0,0,0,0.449,27.176,0,86.595
0,6/2/50,4:44,0,62.346,0,126.639,44.944,27.047,0,0,0,0,4.031,0,3.633,0,0,0,0,28.831,34.143,0,55.197
0,6/2/50,4:45,0,118.736,0,83.538,25.585,27.753,0,0,0,0,4.319,0,8.048,0,0,0,0,0,42.519,0,128.442
0,6/2/50,4:46,0,78.742,0,233.421,36.243,19.368,0,0,0,0,4.086,0,5.771,0,0,0,0,0,26.573,0,115.242
0,6/2/50,4:47,0,143.513,0,178.899,41.028,4.148,0,0,0,0,4.119,0,4.106,0,0,0,0,0,10.633,0,69.053
0,6/2/50,4:48,0,0,0,158.729,27.578,3.741,0,0,0,0,5.27,0,3.18,0,0,0,0,0,6.285,0,167.022
0,6/2/50,4:49,0,126.449,0,83.496,29.538,5.865,0,0,0,0,5.312,0,3.013,0,0,0,0,61.505,5.183,0,97.756
0,6/2/50,4:50,0,138.973,0,0.454,29.692,5.777,0,0,0,0,4.353,0,5.373,0,0,0,0,78.946,10.845,0,75.215
0,6/2/50,4:51,0,95.07,0,0,13.887,5.947,0,0,0,0,14.251,0,82.332,0,0,0,0,113.487,10.658,0,70.466
0,6/2/50,4:52,0,143.241,0,0,7.225,4.282,0,0,0,0,15.675,0,31.967,0,0,0,0,119.526,7.885,0,27.997
0,6/2/50,4:53,0,169.676,0,0,15.322,4.034,0,56.969,0,0,20.547,0,28.803,0,0,0,0,2.345,31.303,0,0.351
0,6/2/50,4:54,0,28.957,0,0,7.201,3.145,0,93.94,0,0,20.754,0,33.434,0,0,0,0,0,0,0,20.512
0,6/2/50,4:55,0,15.187,0,0,8.012,2.783,0,39.654,0,0,21.201,0,31.468,0,0,0,0,0,0,0,68.799
0,6/2/50,4:56,0,41.77,0,0,20.294,2.294,81.092,40.643,0,0,47.433,0,19.402,0,0,0,0,0,9.601,0,24.027
0,6/2/50,4:57,0,76.889,0,0,13.694,6.315,122.452,43.391,0,0,63.052,0,31.244,0,0,0,0,23.844,17.524,125.007,24.058
0,6/2/50,4:58,60.345,0,0,0,8.565,3.746,71.609,42.166,0,0,15.569,0,29.52,0,0,0,0,76.087,50.482,83.751,30.734
0,6/2/50,4:59,0,0,0,0,15.101,3.798,24.847,53.423,0,0,14.931,0,27.666,0,0,0,0,0,17.664,1.075,147.094
0,6/2/50,5:00,0,0,0,87.33,5.827,3.858,105.946,99.911,0,0,5.11,0,35.001,0,0,0,0,0,106.326,0,234.446
0,6/2/50,5:01,0,59.947,0,120.469,10.387,3.637,59.986,111.039,0,0,6.58,0,35.25,0,0,0,0,0,84.735,9.555,128.469
0,6/2/50,5:02,0,3.337,0,370.41,14.137,4.572,16.776,89.956,0,0,5.954,0,39.957,0,0,0,0,0,69.048,0,67.759
0,6/2/50,5:03,0,205.871,0,177.467,33.373,4.51,0,43.914,19.654,0,5.362,0,33.729,0,0,0,0,0,72.296,0,182.025
0,6/2/50,5:04,0,16.511,0,124.699,9.559,4.292,0,30.646,0,0,4.364,0,21.57,0,0,0,0,0,129.474,0,238.234
0,6/2/50,5:05,0,46.12,0,34.196,32.538,3.735,25.611,16.752,15.368,0.822,4.855,0,26.129,0,0,0,0,0,101.561,0,142.139
0,6/2/50,5:06,0,138.651,0,62.911,33.709,3.297,0,73.319,21.871,83.955,3.331,0,39.237,0,0,0,0,0,0,0,107.73
0,6/2/50,5:07,0,294.696,0,156.852,22.502,6.089,83.646,73.391,0,155.881,3.882,0,23.015,0,0,0,0,0,98.249,4.044,88.315
0,6/2/50,5:08,0,0.532,0,22.937,31.511,4.513,74.864,141.402,62.138,58.766,3.896,0,41.382,0,0,0,0,0,73.865,104.651,101.033
0,6/2/50,5:09,0,0,0,21.174,42.947,4.028,0,143.903,38.467,66.046,4.793,0,33.463,0,105.49,0,0,0,54.048,0,65.894
0,6/2/50,5:10,0,46.297,0,12.49,49.93,4.089,0,41.595,50.747,110.468,5.044,0,5.186,0,0,0,0,0,51.507,0,0
0,6/2/50,5:11,0,99.628,0,95.278,0,3.14,0,112.365,58.247,37.604,29.668,67.041,70.956,37.046,0,23.334,0,0,51.738,0,0
0,6/2/50,5:12,0,41.272,0,0,47.826,3.725,0,133.542,34.251,60.892,15.677,0.841,66.645,72.435,0,73.407,0,0,33.064,0,0
0,6/2/50,5:13,0,40.326,0,0,0,2.912,0,122.552,2.678,48.896,23.372,0,0.257,116.756,0,42.336,0,0,97.981,64.508,0
0,6/2/50,5:14,0,49.167,0,0,91.352,16.535,0,35.327,67.272,29.229,11.333,0,15.673,55.891,15.371,106.07,0,0,109.863,31.932,0
0,6/2/50,5:15,0,123.518,0,0,59.887,4.613,0,1.573,104.211,18.876,7.073,12.798,23.066,34.004,0,54.179,0,0,113.618,14.461,0
0,6/2/50,5:16,0,12.777,0,0,26.272,21.726,0,32.47,11.824,51.918,5.152,0,9.987,88.066,0,93.922,0,0,10.841,67.899,16.095
0,6/2/50,5:17,0,0,0,0,147.113,32.758,0,0,42.549,72.343,3.78,0,57.822,155.453,0,142.355,0,0,0,46.85,99.066
0,6/2/50,5:18,0,0,0,0,46.909,28.893,0,0,106.48,158.808,4.557,0,31.133,178.119,25.604,64.341,0,0,0,136.175,57.039
0,6/2/50,5:19,0,0,0,0,0,29.553,0,0,73.797,118.875,4.294,7.997,69.212,112.692,100.723,16.276,0,0,26.579,93.649,0
0,6/2/50,5:20,0,0,0,17.02,33.371,30.839,0,0,0,146.586,5.092,11.408,119.505,121.329,228.391,23.919,0,0,17.422,114.036,0
0,6/2/50,5:21,0,0,0,78.164,2.9,26.446,0,0,0,157.142,4.067,17.401,36.916,14.416,203.171,71.738,0,0,0,180.689,0
0,6/2/50,5:22,0,128.532,0,80.168,9.688,19.263,0,0,0,152.229,4.419,0.15,0,50.85,139.001,0,0,0,82.238,2.821,0
0,6/2/50,5:23,0,116.176,0,71.9,122.159,21.885,0,0,0,0,6.19,0,0.249,6.927,143.897,0,0,0,129.137,139.13,0
0,6/2/50,5:24,0,169.28,0,0,221.804,29.135,0,0,0,0,4.635,48.052,0,0,1.029,66.076,0,0,66.166,124.639,0
0,6/2/50,5:25,0,195.206,0,0,153.629,28.754,0,0,0,20.83,5.821,21.011,0,95.189,0,165.561,0,0,64.842,9.428,0
0,6/2/50,5:26,0,212.23,0,0,63.092,23.247,0,0,0,102.037,5.723,0,0,80.176,0,0,0,0,106.05,116.875,0
0,6/2/50,5:27,0,51.629,0,21.839,90.64,35.403,61.971,0,0,0,4.326,0,18.221,123.345,0,0,0,0,93.571,154.282,0
0,6/2/50,5:28,0,41.236,0,217.31,143.493,52.355,129.67,0,0,0,4.374,67.014,16.363,105.733,0,67.641,0,0,84.834,31.389,0
0,6/2/50,5:29,0,190.082,0,134.163,124.622,7.896,118.989,0,0,24.765,5.076,41.884,18.635,126.689,7.692,157.393,0,0,77.253,54.666,0
0,6/2/50,5:30,0,22.56,0,173.99,39.733,0,30.503,0,0,152.368,14.546,35.513,8.015,88.967,137.045,0,63.27,0,87.348,53.23,0
0,6/2/50,5:31,0,7.3,19.476,51.392,33.517,0,0.254,0,0,6.544,20.488,42.024,12.918,197.892,156.188,0,0,0,103.397,51.525,0
0,6/2/50,5:32,0,223.546,86.118,141.018,41.148,64.255,74.044,0,0,0,15.564,33.661,17.038,144.712,107.227,0,0,0,68.861,58.875,0
0,6/2/50,5:33,0,102.429,3.761,116.774,37.301,127.293,63.1,0,0,0,32.771,0,0,104.511,55.91,0,0,0,82.445,9.218,0
0,6/2/50,5:34,0,160.396,0,142.516,28.649,28.356,0,0,0,0,19.053,50.758,0,66.654,41.736,0,0,0,88.581,1.598,0
0,6/2/50,5:35,0,0,0,180.856,25.836,33.316,0,0,0,15.464,44.644,0,0,79.238,100.05,40.989,0,0,45.697,0,0
0,6/2/50,5:36,0,0,8.508,186.443,6.748,25.03,131.946,0,0,0,9.889,0,0,0,112.763,163.695,58.612,0,77.32,0,0
0,6/2/50,5:37,0,0,73.557,214.67,2.754,34.052,74.538,0,0,0,5.548,23.466,0,66.958,26.897,133.814,111.005,0,132.29,0,0
0,6/2/50,5:38,0,0,94.676,89.853,5.062,17.305,30.77,0,0,31.143,4.22,0,0,39.819,11.698,0,55.125,0,113.049,0,0
0,6/2/50,5:39,0,37.981,77.163,0,3.269,16.658,34.713,0,0,127.169,4.746,7.34,0,102.962,157.8,0,143.987,36.254,57.532,117.134,0
0,6/2/50,5:40,0,96.757,42.447,0,2.39,31.205,59.962,0,0,23.501,5.014,13.332,0,194.26,71.725,155.798,96.337,113.704,21.966,160.54,0
0,6/2/50,5:41,0,0,23.185,0,21.321,21.767,31.849,0,0,77.789,3.883,8.732,0,56.822,0,109.668,12.369,25.662,0,52.261,0
0,6/2/50,5:42,0,0,29.574,0,19.771,4.994,75.561,0,0,0,4.251,18.398,0,0,0,187.511,8.369,19.959,0,124.601,0
0,6/2/50,5:43,0,242.108,83.758,0,30.935,4.02,157.407,0,0,0,5.472,14.557,0,0,0,112.021,15.667,19.758,0,185.234,0
0,6/2/50,5:44,0,98.874,17.264,0,29.055,6.109,76.616,0,0,0,3.145,0,0,30.566,44.564,141.655,49.838,17.802,0,0,0
0,6/2/50,5:45,0,0,29.295,0,30.333,4.623,148.264,0,0,0,4.105,0,0,78.314,31.942,112.781,123.251,22.185,12.336,0,0
0,6/2/50,5:46,0,0,43.349,0,32.15,7.553,126.275,0,0,0,4.077,0,0,77.543,0,4.229,79.909,98.342,40.596,0,0
0,6/2/50,5:47,0,0,74.175,0,26.665,9.934,36.41,0,0,0,4.04,0,0,150.512,7.63,120.515,80.704,141.192,22.283,0,0
0,6/2/50,5:48,0,0,107.095,0,17.028,5.829,64.869,0,0,0,4.874,63.033,0,211.985,95.3,0,113.815,166.596,97.785,128.749,0
0,6/2/50,5:49,0,0,115.686,0,17.485,8.101,1.4,0,0,0,3.937,0,0,139.71,114.618,0,112.108,42.643,84.548,189.205,0
0,6/2/50,5:50,0,0,68.21,0,19.656,5.914,29.403,0,0,0,6.329,0,7.108,101.802,169.037,0,147.766,62.86,140.45,80.459,0
0,6/2/50,5:51,0,0,72.993,0,22.584,5.587,74.502,0,0,0,4.461,70.634,0,151.817,217.653,0,105.591,77.899,137.555,174.222,0
0,6/2/50,5:52,0,0,30.382,0,23.375,4.155,136.274,0,0,0,4.121,0,0,72.238,148.016,0,165.269,41.563,73.429,102.635,0
0,6/2/50,5:53,0,134.158,139.275,0,22.039,4.056,245.669,0,0,0,4.373,0,0,20.348,176.364,16.687,114.416,84.27,119.373,131.226,0
0,6/2/50,5:54,0,0,118.046,0,46.165,3.935,0,0,0,0,5.142,0,0,10.867,268.114,0,137.578,136.689,34.676,288.169,0
0,6/2/50,5:55,0,0,0,0,34.175,3.351,13.543,0,0,0,3.793,0,0,32.641,250.888,0,74.605,59.929,0,82.348,0
0,6/2/50,5:56,0,0,16.171,0,43.236,3.879,128.629,0,0,0,7.23,0,0,16.455,120.409,0,42.279,75.432,0,0,0
0,6/2/50,5:57,0,0,0,0,36.028,9.347,0,0,0,0,23.297,0,0,35.356,0,0,55.039,20.983,0,40.704,0
0,6/2/50,5:58,0,0,31.532,0,25.881,7.016,0,0,0,0,21.528,0,0,218.499,0,0,161.727,15.482,0,0,0
0,6/2/50,5:59,0,0,190.51,0,21.702,6.744,0,0,0,0,27.437,20.76,0,88.713,0,0,121.087,10.482,6.394,72.262,0
1,6/2/50,6:00,0,0,0,0,29.949,2.97,0,0,0,0,15.287,21.708,0,116.224,0,0,79.122,99.789,107.343,162.152,0
1,6/2/50,6:01,0,0,14.625,0,15.226,2.892,0,0,0,216.608,20.515,9.862,0,0,0,98.462,23.547,25.755,36.654,0,0
1,6/2/50,6:02,0,0,77.557,0,27.452,3.493,0,27.617,0,17.153,22.068,0,0,0,0,101.402,27.958,120.896,45.415,0,0
1,6/2/50,6:03,0,0,47.693,0,32.917,3.414,0,91.773,0,19.585,19.356,0,1.322,0,0,151.735,47.481,0,105.044,0,0
1,6/2/50,6:04,0,0,103.898,0,87.752,2.973,0,53.159,0,50.436,22.225,26.319,3.459,0,0,78.501,0,0,112.325,0,0
1,6/2/50,6:05,0,36.713,0,0,17.414,20.977,0,37.195,0,0.967,25.87,53.754,69.565,0,0,0,0,0,91.804,0,0
1,6/2/50,6:06,58.02,0,15.312,0,8.978,31.346,0,60.954,0,180.253,27.368,62.381,124.962,0,0,0,15.273,0,95.133,0,0
1,6/2/50,6:07,142.087,159.089,0,0,2.685,35.182,0,94.139,0,12.422,56.723,0,17.339,0,0,0,0,0,62.309,0,0
1,6/2/50,6:08,70.66,15.018,0,0,3.014,35.117,0,77.655,0,114.373,22.842,0,0,0,0,0,0,0,59.184,0,19.266
1,6/2/50,6:09,88.682,11.632,0,0,3.622,0,0,22.346,0,0,0,0,0,0,0,0,0,0,47.367,0,0
1,6/2/50,6:10,71.542,14.972,0,0,3.749,0,54.258,13.807,0,0,0,0,0,0,0,0,0,0,31.224,0,18.891
1,6/2/50,6:11,0,20.179,0,0,4.466,13.454,94.205,150.03,0,0,0,0,69.954,0,0,0,0,0,31.303,0,16.347
1,6/2/50,6:12,84.636,51.094,0,0,3.622,0,0,0,0,0,0,0,106.782,0,0,0,0,0,46.022,0,17.349
1,6/2/50,6:13,0,131.107,0,0,3.381,92.839,0,0,0,0,0,0,66.832,0,0,0,0,0,39.105,0,18.969
1,6/2/50,6:14,23.511,119.221,0,0,2.96,48.397,0,97.531,0,0,0,0,53.461,0,0,0,0,0,28.252,0,174.56
1,6/2/50,6:15,34.429,169.218,0,0,2.855,13.587,0,86.098,0,0,0,0,45.42,0,0,0,0,0,149.568,0,27.752
1,6/2/50,6:16,0,174.115,0,0,3.567,63.708,0,0,0,0,0,0,30.351,0,0,77.568,0,0,78.11,0,130.554
1,6/2/50,6:17,0,61.683,0,0,5.498,99.597,0,0,0,0,0,0,76.83,0,0,118.949,0,73.52,88.559,0,65.22
1,6/2/50,6:18,42.481,0,0,0,4.7,49.342,0,0,0,0,0,0,15.144,0,0,250.12,0,64.37,0,0,66.256
1,6/2/50,6:19,52.13,52.494,0,0,4.915,28.373,0,0,0,0,0,0,57.489,0,0,34.19,0,21.094,0,0,0
1,6/2/50,6:20,21.41,121.93,0,0,3.527,53.049,0,0,0,0,0,0,48.387,0,0,0,0,20.596,0,0,0
1,6/2/50,6:21,40.463,172.279,0,0,3.162,89.511,0,0,0,0,0,0,24.315,0,0,0,0,18.854,0,0,0
1,6/2/50,6:22,109.493,95.656,0,0,14.729,42.23,0,0,0,0,0,0,0,0,0,0,0,27.108,0,0,0
1,6/2/50,6:23,137.811,125.425,0,0,8.757,102.736,0,0,0,0,0,0,0,0,0,0,0,23.228,0,0,0
1,6/2/50,6:24,188.583,24.435,0,0,15.926,28.436,0,0,0,0,0,0,0,0,0,0,0,0,0,0,55.861
1,6/2/50,6:25,78.345,38.901,0,0,4.006,25.199,0,0,0,0,0,0,0,0,0,0,0,0,0,0,98.231
1,6/2/50,6:26,152.506,119.381,0,0,3.814,49.315,0,0,0,0,0,0,0,0,0,0,0,0,0,0,60.95
1,6/2/50,6:27,157.077,0,0,0,3.374,1.149,0,0,0,0,0,0,0,0,0,0,0,0,0,0,0
1,6/2/50,6:28,0,77.96,0,0,4.01,25.997,0,0,0,0,0,0,0,0,0,0,0,0,0,0,0
1,6/2/50,6:29,113.851,135.741,0,0,28.498,6.6,0,0,0,0,0,0,33.136,0,0,0,0,0,0,0,0
1,6/2/50,6:30,50.866,103.214,0,0,21.986,0,0,0,0,0,0,0,0,0,0,0,0,0,0,0,0
1,6/2/50,6:31,68.927,53.173,0,0,17.089,102.763,0,0,0,0,0,0,0,0,0,0,0,0,0,0,0
1,6/2/50,6:32,40.31,58.056,0,0,8.638,54.792,0,0,0,0,19.936,0,0,0,0,0,0,0,0,0,0
1,6/2/50,6:33,83.016,78.201,0,0,10.546,22.645,0,0,0,0,129.057,0,0,0,0,0,0,0,0,0,0
1,6/2/50,6:34,13.86,25.363,0,0,15.47,26.384,0,0,0,0,18.402,0,0,0,0,0,0,0,0,0,0
1,6/2/50,6:35,19.901,26.421,0,0,16.685,27.776,0,0,0,0,5.777,0,0,0,0,0,0,0,0,0,0
1,6/2/50,6:36,33.781,91.214,0,0,14.686,22.268,0,0,0,0,5.322,0,0,0,0,0,0,0,0,0,0
1,6/2/50,6:37,152.007,0,0,0,3.371,23.04,0,0,0,0,71.5,0,0,0,0,0,0,0,0,0,0
1,6/2/50,6:38,69.606,0,81.671,0,2.732,23.501,0,0,0,0,27.76,0,60.003,0,0,0,0,0,0,0,0
1,6/2/50,6:39,207.352,0,29.82,0,5.132,25.378,0,0,0,0,29.764,0,1.406,0,0,0,0,0,0,0,0
1,6/2/50,6:40,18.829,0,15.515,0,9.233,8.555,0,0,0,0,64.018,0,0,0,0,0,0,0,0,0,0
1,6/2/50,6:41,78.779,0,0.483,0,3.885,6.001,0,0,0,0,74.836,0,31.842,0,0,0,0,0,0,0,0
1,6/2/50,6:42,29.633,0,0,0,4.088,7.118,0,0,0,0,26.467,0,18.015,0,0,0,0,0,0,0,0
1,6/2/50,6:43,112.054,0,34.289,0,3.603,6.706,0,0,0,0,26.346,0,0,0,0,0,0,0,0,0,0
1,6/2/50,6:44,189.914,0,22.163,0,21.362,8.342,0,0,0,0,72.845,0,0,0,0,0,0,0,0,0,0
1,6/2/50,6:45,121.323,0,0,0,3.816,6.35,0,0,0,0,17.376,0,0,0,0,0,0,0,0,0,0
1,6/2/50,6:46,73.128,16.531,0,0,3.713,4.812,0,0,0,0,30.072,0,0,0,0,0,0,0,0,0,0
1,6/2/50,6:47,32.859,0,0,0,2.948,3.596,0,0,0,0,6.597,0,0,0,0,0,0,0,0,0,0
1,6/2/50,6:48,6.594,0,0,0,6.306,4.439,0,0,0,0,4.637,0,0,0,0,0,0,0,0,0,0
1,6/2/50,6:49,29.113,0,0,0,4.4,12.366,0,0,0,0,4.396,0,0,0,0,0,0,0,0,0,0
1,6/2/50,6:50,78.241,0,0,0,14.212,6.664,0,0,0,0,4.443,0,0,0,0,0,0,0,0,0,0
1,6/2/50,6:51,0,0,0,0,5.619,4.771,0,0,0,0,26.48,0,0,0,0,0,0,0,0,0,0
1,6/2/50,6:52,0,0,0,0,11.696,4.901,0,0,0,0,57.881,0,0,0,0,0,0,0,0,0,0
1,6/2/50,6:53,0,0,0,0,6.409,8.197,0,0,0,0,48.031,0,0,0,0,0,0,0,0,0,0
1,6/2/50,6:54,0,0,0,0,6.32,22.951,0,0,0,0,48.384,0,0,0,0,0,0,0,0,0,0
1,6/2/50,6:55,0,0,0,0,6.957,20.046,0,0,0,0,105.642,0,0,0,0,0,0,0,0,0,0
1,6/2/50,6:56,0,0,0,57.354,4.528,6.368,0,0,0,0,1.994,0,0,0,0,0,0,0,0,0,0
1,6/2/50,6:57,0,0,0,0.063,5.23,6.604,0,0,0,0,0,0,0,0,0,0,0,0,0,0,0
1,6/2/50,6:58,115.912,0,0,0,5.226,5.764,0,0,0,0,0,0,0,0,0,0,0,0,0,0,0
1,6/2/50,6:59,110.465,0,0,0,5.616,4.337,0,0,0,0,0,0,0,0,0,0,0,0,0,0,0
1,6/2/50,7:00,0,0,0,0.91,5.52,4.793,0,0,0,0,0,0,0,0,0,0,0,0,0,0,0
1,6/2/50,7:01,0,0,0,0,4.879,6.547,0,0,0,0,0,0,0,0,0,0,0,0,0,0,0
1,6/2/50,7:02,0,0,0,0,5.226,4.891,0,52.827,0,0,0,0,0,0,0,0,0,0,0,0,0
1,6/2/50,7:03,91.287,0,0,0,9.963,5.354,0,44.662,0,0,0,0,0,0,0,0,0,0,0,0,0
1,6/2/50,7:04,140.003,0,0,67.615,4.714,11.437,12.95,26.521,0,0,0,0,0,0,0,0,0,0,0,0,0
1,6/2/50,7:05,78.786,0,0,189.719,4.057,5.627,22.88,0,0,0,0,0,0,0,0,0,0,0,0,0,0
1,6/2/50,7:06,106.655,0,0,37.004,3.405,3.151,107.007,0,0,0,0,0,0,0,0,0,0,0,0,0,0
1,6/2/50,7:07,275.652,0,0,62.121,4.539,5.166,78.533,0,0,0,0,0,0,0,0,0,0,0,0,0,0
1,6/2/50,7:08,18.825,0,0,109.62,11.373,5.114,144.779,0,0,0,0,0,0,0,0,0,0,0,0,0,0
1,6/2/50,7:09,100.503,0,0,7.363,5.229,4.167,0.606,0,0,0,0,0,0,0,0,0,0,0,0,0,0
1,6/2/50,7:10,90.897,0,0,0.332,3.38,17.254,82.643,0,0,0,0,0,0,0,0,0,0,0,0,0,0
1,6/2/50,7:11,152.229,0,0,2.015,4.224,23.375,0,0,0,0,0,0,0,0,0,0,0,0,0,0,0
1,6/2/50,7:12,145.343,0,0,64.109,2.955,23.26,0,0,0,0,0,0,0,0,0,0,0,0,0,0,0
1,6/2/50,7:13,96.166,0,0,171.951,2.939,21.796,35.102,0,0,0,0,0,0,0,0,0,0,0,0,0,0
1,6/2/50,7:14,49.761,0,0,164.873,2.409,34.508,0,0,0,0,30.587,0,0,73.383,0,0,0,0,0,0,0
1,6/2/50,7:15,106.476,0,0,0,11.976,38.196,0,0,0,0,59.041,0,0,116.35,0,29.886,0,0,0,0,0
1,6/2/50,7:16,78.735,0,0,17.223,3.42,14.473,0,0,0,0,24.115,0,0,3.393,0,0,0,105.596,0,0,0
1,6/2/50,7:17,159.089,0,0,0,3.491,4.43,0,0,0,0,20.373,0,0,0,0,17.904,0,18.211,0,0,0
1,6/2/50,7:18,45.335,0,0,0,3.246,24.028,46.822,0,0,0,5.85,0,0,150.475,0,21.499,0,24.474,0,0,0
1,6/2/50,7:19,136.183,0,0,0,3.21,56.181,0,0,0,0,6.228,0,0,96.02,0,5.856,0,71.739,0,0,0
1,6/2/50,7:20,51.779,0,0,0,16.593,94.37,0,0,0,0,5.1,0,20.869,36.394,0,16.577,0,96.093,0,0,0
1,6/2/50,7:21,0,0,0,0,88.54,70.162,0,0,0,0,24.924,0,28.535,84.33,18.957,0,0,83.714,0,0,0
1,6/2/50,7:22,47.1,0,0,0,10.849,31.015,0,0,0,0,0,0,0,91.614,105.397,0,95.698,0,0,0,0
1,6/2/50,7:23,0,0,0,0,13.656,6.849,0,0,0,0,29.499,0,0,123.431,0,0,0,0,0,0,0
1,6/2/50,7:24,0,0,0,0,24.456,4.411,0,0,25.066,0,6.512,0,0,0,100.662,0,0,0,0,0,0
1,6/2/50,7:25,0,0,0,0,23.024,3.878,0,0,0,0,4.26,0,0,67.735,0,0,0,0,0,0,0
1,6/2/50,7:26,0,0,0,0,20.998,3.168,0,0,0,0,4.649,0,0,127.494,15.91,0,0,0,0,0,0
1,6/2/50,7:27,0,0,0,0,33.018,5.24,0,0,24.84,0,4.263,0,0,93.38,0,0,59.338,0,0,0,0
1,6/2/50,7:28,0,0,0,0,25.259,5.147,0,0,88.041,0,4.37,0,0,24.513,0,0,119.366,0,0,0,0
1,6/2/50,7:29,0,0,0,0,42.776,2.904,0,0,42.062,0,3.836,0,0,61.57,0,0,21.617,0,0,0,0
1,6/2/50,7:30,0,0,0,0,124.466,5.894,0,0,35.967,0,4.368,0,0,0.499,0,0,0,0,0,0,0
1,6/2/50,7:31,0,0,0,0,97.788,4.803,0,0,30.569,0,3.955,0,0,146.753,34.367,0,0.715,0,0,0,0
1,6/2/50,7:32,0,0,0,0,69.719,2.029,0,0,53.777,0,4.018,0,0,160.384,133.247,0,37.07,0,0,0,0
1,6/2/50,7:33,0,0,0,0,100.506,2.998,0,0,0,0,5.849,0,0,65.011,0,0,68.413,0,0,0,0
1,6/2/50,7:34,0,0,0,0,155.861,4.692,0,0,0,0,4.649,0,0,166.454,0,0,81.008,0,0,0,0
1,6/2/50,7:35,0,0,0,0,74.73,4.961,0,0,0,0,4.511,0,0,249.651,0,0,122.315,0,0,83.137,0
1,6/2/50,7:36,0,0,0,0,25.585,3.443,0,0,0,0,4.599,0,0,102.022,0,0,76.98,0,0,42.677,0
1,6/2/50,7:37,0,0,0,0,30.332,4.341,0,0,0,0,71.51,0,0,16.419,0,0,0.09,0,0,0,0
1,6/2/50,7:38,0,0,0,0,22.072,6.275,0,0,0,0,9.246,0,0,59.47,0,0,0,0,0,0,0
1,6/2/50,7:39,0,0,0,0,24.562,5.264,0,0,0,0,23.117,0,0,246.625,0,0,0,0,0,0,0
1,6/2/50,7:40,0,0,0,0,21.151,5.218,0,0,0,0,81.3,0,0,187.934,0,0,139.558,0,0,29.763,0
1,6/2/50,7:41,0,0,0,0,24.481,5.362,0,0,0,0,22.628,0,0,204.672,0,0,0,0,0,0,0
1,6/2/50,7:42,0,0,0,0,10.943,43.041,0,0,0,0,57.353,0,0,164.69,0,0,0,0,0,0,0
1,6/2/50,7:43,0,0,0,0,3.362,53.48,0,0,0,0,25.58,0,0,191.792,0,0,0,0,0,0,0
1,6/2/50,7:44,0,0,0,0,2.707,33.325,0,0,0,0,21.082,0,0,105.573,0,0,0,0,0,0,49.393
1,6/2/50,7:45,0,0,0,0,4.066,27.516,0,0,0,0,37.402,0,0,130.929,0,0,0,0,0,0,40.753
1,6/2/50,7:46,0,0,0,0,2.477,30.605,0,0,0,0,58.793,0,0,118.803,0,0,0,0,0,0,35.115
1,6/2/50,7:47,0,0,0,0,2.402,27.388,0,0,0,0,40.636,0,0,0,0,0,0,0,0,0,0
1,6/2/50,7:48,0,0,0,0,2.097,42.763,24.053,0,0,0,25.307,0,0,7.72,0,0,0,0,0,0,0
1,6/2/50,7:49,0,0,0,0,2.878,24.189,0,0,0,0,22.773,0,0,62.448,0,0,0,0,0,0,22.599
1,6/2/50,7:50,0,0,0,0,9.536,2.97,0,0,0,0,16.064,0,0,6.265,0,0,0,0,0,0,0
1,6/2/50,7:51,0,0,0,0,3.907,39.645,0,0,0,0,3.176,0,0,134.044,0,0,0,0,0,0,0
1,6/2/50,7:52,0,0,0,0,3.774,17.611,0,0,0,0,52.145,0,0,188.77,0,0,0,0,0,0,0
1,6/2/50,7:53,0,0,0,0,3.949,25.771,0,0,0,0,20.447,0,0,92.17,0,0,0,0,0,0,0
1,6/2/50,7:54,0,0,0,0,3.142,30.265,0,0,0,0,45.78,0,0,153.758,0,0,0,0,0,0,0
1,6/2/50,7:55,0,0,0,0,14.898,34.123,0,0,0,0,0,26.292,0,91.925,0,0,0,0,0,0,0
1,6/2/50,7:56,0,0,0,0,3.276,30.3,0,0,0,0,0,0,29.744,170.426,0,0,0,0,0,0,0
1,6/2/50,7:57,0,0,0,0,2.644,36.124,0,0,0,0,0,32.835,13.295,188.845,0,0,0,0,0,0,0
1,6/2/50,7:58,0,0,0,0,3.192,23.848,0,0,0,0,0,0,8.67,126.482,0,0,0,0,0,0,0
1,6/2/50,7:59,0,0,0,0,3.237,27.254,0,0,0,0,0,0,55.125,0,0,0,0,0,0,0,0
1,6/2/50,8:00,0,0,0,0,5.897,8.173,0,0,0,0,0,0,0,6.144,0,0,0,0,0,0,0
1,6/2/50,8:01,0,0,0,0,3.128,8.41,0,0,0,0,0,0,0,73.36,0,0,0,0,0,0,0
1,6/2/50,8:02,0,0,0,0,3.564,7.999,0,0,0,0,0,0,0,0,0,0,0,0,0,0,0
1,6/2/50,8:03,0,0,0,0,14.463,5.464,0,0,0,0,0,0,0,0,0,0,0,0,0,0,0
1,6/2/50,8:04,0,0,0,0,15.594,5.805,0,0,0,0,0,0,0,0,0,0,0,0,0,0,0
1,6/2/50,8:05,0,0,0,0,5.96,2.394,0,0,0,0,0,0,0,0,0,0,0,0,0,0,0
1,6/2/50,8:06,0,0,0,0,3.706,5.394,0,0,0,0,0,0,0,0,0,0,0,0,0,0,0
1,6/2/50,8:07,0,0,0,0,10.3,3.377,0,0,0,0,0,0,0,0,0,0,0,0,0,0,0
1,6/2/50,8:08,0,0,19.059,0,5.078,3.053,0,0,0,0,0,0,0,0,0,0,0,0,0,0,0
1,6/2/50,8:09,0,115.295,11.374,0,4.348,4.744,0,0,0,0,0,0,0,0,0,0,0,0,0,0,0
1,6/2/50,8:10,0,88.558,18.92,0,5.427,22.966,0,0,0,0,0,0,0,0,0,0,0,0,0,0,0
1,6/2/50,8:11,0,0,117.539,0,6.799,73.766,0,0,0,0,0,0,0,0,0,0,0,0,0,0,0
1,6/2/50,8:12,0,18.613,4.052,0,6.639,15.702,0,0,0,0,0,0,0,0,0,0,0,0,0,0,0
1,6/2/50,8:13,0,62.004,58.857,0,4.882,6.733,0,0,0,0,0,0,0,0,0,0,0,0,0,0,0
1,6/2/50,8:14,0,30.978,16.763,0,4.254,7.705,2.639,0,0,0,0,0,0,0,0,0,0,0,0,0,0
1,6/2/50,8:15,0,0,0,0,4.847,7.862,88.098,0,0,0,0,0,0,0,0,0,0,0,0,0,0
1,6/2/50,8:16,0,0,82.718,0,4.693,4.201,0,0,0,0,0,0,0,0,0,0,0,0,0,0,0
1,6/2/50,8:17,0,0,76.628,0,4.266,3.101,0,0,0,0,0,0,0,0,0,0,0,0,0,74.889,0
1,6/2/50,8:18,0,0,112.312,0,3.958,3.733,0,0,0,0,0,0,0,0,0,0,0,21.469,0,119.697,0
1,6/2/50,8:19,0,0,9.387,0,15.204,3.355,0,0,0,0,0,0,0,0,0,0,0,71.741,0,61.237,0
1,6/2/50,8:20,0,0,57.551,0,10.604,3.214,0,0,0,0,0,0,0,0,0,0,0,0,0,55.757,0
1,6/2/50,8:21,0,24.18,14.751,0,5.736,19.531,0,0,0,28.296,0,0,0,0,0,0,0,0,0,0,0
1,6/2/50,8:22,0,139.041,85.146,0,4.146,25.37,0,0,0,0,0,0,0,0,0,0,0,0,0,3.207,0
1,6/2/50,8:23,0,120.499,83.344,0,8.556,32.228,0,0,0,0,0,0,0,0,0,0,0,0,0,2.325,0
1,6/2/50,8:24,0,38.416,83.368,0,4.763,44.332,0,0,0,0,0,0,0,0,0,0,0,0,0,0,0
1,6/2/50,8:25,0,19.744,84.23,0,3.142,10.228,0,0,0,0,0,0,0,0,0,0,0,0,0,0,0
1,6/2/50,8:26,0,90.501,96.472,0,4.091,6.04,0,0,0,0,0,0,0,0,0,0,0,0,0,26.638,0
1,6/2/50,8:27,0,41.335,53.486,0,6.123,54.978,0,0,0,0,0,0,0,0,0,0,0,0,0,0,0
1,6/2/50,8:28,0,34.905,110.963,0,6.442,26.491,0,0,0,0,0,0,0,0,0,0,0,0,0,0,0
1,6/2/50,8:29,0,24.131,45.588,0,6.857,29.86,0,0,0,0,0,0,0,0,0,0,0,0,0,0,0
1,6/2/50,8:30,0,33.869,142.641,0,6.293,22.421,0,0,0,0,0,0,0,0,0,0,0,0,0,0,0
1,6/2/50,8:31,0,20.649,47.718,0,11.182,28.788,0,0,0,0,39.974,0,0,0,0,0,0,0,0,0,0
1,6/2/50,8:32,0,70.529,80.505,0,16.683,22.411,0,0,0,0,34.047,0,0,0,0,0,0,0,0,0,0
1,6/2/50,8:33,0,83.683,73.693,0,12.486,16.58,0,0,0,0,0,0,0,0,0,0,0,0,0,0,0
1,6/2/50,8:34,0,146.989,47.227,0,3.616,22.81,0,0,0,0,15.952,0,0,0,0,0,0,0,0,0,0
1,6/2/50,8:35,0,164.862,60.372,0,4.412,23.045,0,0,0,0,10.522,0,0,0,0,0,0,0,0,0,0
1,6/2/50,8:36,0,21.798,69.487,0,16.781,9.366,0,0,0,0,4.288,0,0,0,0,0,0,0,0,0,0
1,6/2/50,8:37,0,265.327,0,0,6.926,6.09,0,0,0,0,5.322,0,0,0,0,0,0,0,0,0,0
1,6/2/50,8:38,0,46.592,43.547,0,3.728,4.949,0,0,0,0,6.176,0,0,0,0,0,0,0,0,0,0
1,6/2/50,8:39,0,0,82.579,0,6.004,4.291,0,0,0,0,5.616,0,0,0,0,0,0,0,0,24.34,0
1,6/2/50,8:40,0,0,60.711,0,4.15,4.325,0,0,0,0,4.836,0,0,0,0,0,0,0,0,0,0
1,6/2/50,8:41,0,0,38.886,0,7.615,7.458,0,0,0,0,3.432,0,0,0,0,0,0,0,0,0,0
1,6/2/50,8:42,0,0,118.473,0,6.627,22.137,0,0,0,0,4.17,0,0,0,0,0,0,0,0,0,0
1,6/2/50,8:43,0,0,74.401,0,4.006,6.594,0,0,0,0,4.876,0,0,0,0,0,0,0,0,0,0
1,6/2/50,8:44,0,0,0,0,3.353,3.848,0,0,0,0,4.888,0,0,0,0,0,0,0,0,0,0
1,6/2/50,8:45,0,0,0,0,8.084,2.421,0,0,0,0,5.985,0,0,0,0,0,0,0,0,0,0
1,6/2/50,8:46,0,0,15.3,0,28.712,2.795,0,0,0,0,5.75,0,0,0,0,0,0,0,0,0,0
1,6/2/50,8:47,0,0,0,0,12.067,2.664,0,0,0,0,7.511,0,0,0,0,0,0,0,24.564,0,0
1,6/2/50,8:48,0,0,0,0,17.775,15.432,0,0,0,0,4.97,0,0,0,0,23.059,0,0,10.635,0,0
1,6/2/50,8:49,0,0,0,0,13.782,6.869,0,0,0,0,4.499,0,0,0,0,0,0,0,28.579,0,0
1,6/2/50,8:50,0,0,0,0,20.414,6.302,0,0,0,0,6.485,0,0,0,0,17.633,0,0,3.844,0,0
1,6/2/50,8:51,0,0,0,0,26.651,5.708,0,0,0,0,3.78,0,0,0,0,0,0,0,6.985,0,0
1,6/2/50,8:52,0,0,0,0,43.642,6.249,0,0,0,0,4.146,0,0,0,0,0,0,0,14.3,0,0
1,6/2/50,8:53,120.954,0,0,35.106,35.124,25.066,0,0,0,0,3.667,0,0,0,0,0,0,0,0,0,0
1,6/2/50,8:54,20.252,0,0,0,35.092,5.875,0,0,0,0,7.071,0,0,0,0,0,0,0,0,0,0
1,6/2/50,8:55,32.711,0,0,0,30.206,0,0,0,0,0,4.421,0,0,0,0,0,0,0,0,0,0
1,6/2/50,8:56,0,0,0,0,56.547,0,0,0,0,0,6.016,0,0,0,0,0.955,0,0,0,0,0
1,6/2/50,8:57,0,0,0,0,126.181,19.026,0,0,0,0,7.036,0,0,0,0,0,0,0,56.017,0,0
1,6/2/50,8:58,64.93,0,0,0,97.732,11.104,0,0,0,0,14.118,0,0,0,0,0,0,0,83.441,0,0
1,6/2/50,8:59,80.964,0,0,0,61.794,0,0,0,0,0,42.87,0,0,0,0,0,0,0,75.869,0,0
1,6/2/50,9:00,126.266,0,0,0,118.131,0,0,0,0,0,32.64,0,0,0,0,0,0,0,106.401,0,0
1,6/2/50,9:01,151.758,0,0,0,67.379,0,0,0,0,0,4.548,0,0,0,0,0,0,0,29.27,0,0
1,6/2/50,9:02,196.668,0,0,0,28.222,0,0,0,0,0,24.175,0,0,0,0,0,0,0,12.021,0,0
1,6/2/50,9:03,188.507,0,0,0,28.123,0,0,0,0,0,49.28,0,0,0,0,0,0,0,63.007,0,0
1,6/2/50,9:04,76.989,0,0,0,28.173,0,0,0,0,0,14.203,0,0,0,0,0,0,0,110.876,0,0
1,6/2/50,9:05,62.24,0,0,0,16.451,0,0,0,0,0,7.678,0,0,0,0,0,0,0,87.273,0,0
1,6/2/50,9:06,112.218,0,0,0,23.997,0,0,0,0,0,20.676,0,0,0,0,0,0,0,68.834,0,0
1,6/2/50,9:07,108.678,0,0,0,36.518,0,0,0,0,0,53.29,0,0,0,0,0,0,0,21.493,0,0
1,6/2/50,9:08,0,0,0,0,37.694,0,0,0,0,0,32.8,0,0,0,0,0,0,0,0,0,0
1,6/2/50,9:09,144.662,0,0,0,27.096,0,0,0,0,0,23.199,0,0,0,0,0,0,0,0,0,0
1,6/2/50,9:10,158.424,0,0,0,33.696,0,0,0,0,0,63.385,0,0,0,0,0,4.748,0,0,0,0
1,6/2/50,9:11,28.111,0,0,0,30.725,0,0,0,0,0,17.925,0,0,0,0,0,50.951,0,0,0,0
1,6/2/50,9:12,77.609,0,0,0,24.776,0,0,0,0,0,25.691,0,0,0,0,0,1.371,0,0,0,0
1,6/2/50,9:13,241.904,0,0,0,8.727,0,0,0,0,0,0,0,0,0,0,0,17.321,0,0,0,0
1,6/2/50,9:14,105.707,94.009,0,0,7.73,0,0,0,0,0,0,0,0,0,0,0,3.365,0,0,0,0
1,6/2/50,9:15,258.905,95.516,0,0,5.011,0,0,0,0,0,0,0,0,44.898,0,0,0,0,0,0,0
1,6/2/50,9:16,189.04,60.128,0,0,7.207,0,0,0,0,0,0,0,0,0,0,0,0,0,0,0,0
1,6/2/50,9:17,77.06,0,0,0,4.271,0,0,0,0,0,0,0,0,0,0,0,83.117,0,0,0,0
1,6/2/50,9:18,139.609,0,0,0,4.173,0,0,0,0,0,0,0,0,0,0,0,81.389,0,0,0,0
1,6/2/50,9:19,27.16,0,0,0,3.261,0,0,0,39.837,0,0,0,0,0,0,0,9.035,0,0,0,0
1,6/2/50,9:20,0,50.682,0,0,5.384,20.53,0,0,31.099,0,0,0,0,0,0,0,33.493,0,0,0,0
1,6/2/50,9:21,0,0,0,0,4.726,0,0,0,13.388,0,0,0,0,0,0,0,107.004,0,0,0,0
1,6/2/50,9:22,0,0,0,0,6.034,0,0,0,17.042,0,0,0,0,0,0,0,0,0,0,0,0
1,6/2/50,9:23,0,11.814,0,0,6.313,0,0,0,0,0,0,0,0,0,0,0,0,0,0,0,0
1,6/2/50,9:24,0,37.506,0,0,4.181,0,0,0,0,0,0,0,0,0,0,0,0,0,0,0,0
1,6/2/50,9:25,0,166.504,0,0,4.273,0,0,0,0,0,0,0,0,0,0,0,0,0,0,0,0
1,6/2/50,9:26,0,114.271,0,0,6.894,0,0,0,22.35,60.722,0,0,0,0,0,0,63.576,0,0,0,0
1,6/2/50,9:27,0,0,0,0,4.547,0,0,0,105.79,21.799,0,0,0,0,0,0,150.635,0,0,0,0
1,6/2/50,9:28,0,0,0,0,3.514,0,0,0,0,0,0,0,0,0,0,0,160.172,0,0,0,0
1,6/2/50,9:29,0,0,0,0,5.877,0,0,0,0,0,0,0,0,0,0,0,31.387,0,0,0,0
1,6/2/50,9:30,0,0,0,0,3.67,0,0,0,7.081,0,0,0,0,0,0,0,109.374,0,0,0,0
1,6/2/50,9:31,0,0,0,0,4.297,0,0,0,67.195,0,0,0,0,0,0,0,5.747,0,0,0,0
1,6/2/50,9:32,0,0,0,0,5.427,0,0,0,113.207,0,0,0,0,0,0,0,76.872,0,0,0,0
1,6/2/50,9:33,0,0,0,0,4.113,0,0,0,6.108,0,0,0,0,0,0,0,205.26,0,0,0,0
1,6/2/50,9:34,0,0,0,0,4.004,0,0,0,49.981,0,0,0,0,0,0,0,30.34,0,0,0,0
1,6/2/50,9:35,0,0,0,0,6.43,0,39.572,0,169.334,0,0,0,0,0,0,0,0,0,0,0,0
1,6/2/50,9:36,0,0,0,0,2.989,27.813,0,0,22.766,0,0,21.085,0,0,0,0,0,0,0,0,0
1,6/2/50,9:37,0,0,0,0,2.927,3.17,0,0,0,0,0,0,0,0,0,0,2.94,0,0,0,0
1,6/2/50,9:38,0,0,0,0,9.888,56.146,0,0,0,0,0,0,0,0,0,0,4.23,0,0,0,0
1,6/2/50,9:39,0,0,0,0,3.893,99.704,0,0,105.673,0,0,0,0,0,0,0,0,0,0,0,0
1,6/2/50,9:40,0,0,0,0,3.142,79.62,0,0,193.559,0,0,0,0,0,0,0,0,0,0,0,0
1,6/2/50,9:41,0,0,0,0,2.823,0,0,0,18.722,0,0,0,0,0,0,0,0,0,0,0,0
1,6/2/50,9:42,0,0,0,0,3.142,0,0,0,0,0,0,46.176,0,0,0,0,0,0,0,0,145.544
1,6/2/50,9:43,0,0,0,0,11.003,0,0,0,0,0,0,0,0,0,0,0,0,0,0,0,72.29
1,6/2/50,9:44,0,0,0,0,3.62,0,0,0,0,0,0,0,0,0,0,0,0,0,0,0,43.786
1,6/2/50,9:45,0,0,0,0,25.521,0,0,0,0,0,0,0,0,0,0,0,0,0,0,0,27.285
1,6/2/50,9:46,0,0,0,0,9.905,0,0,0,0,0,0,0,0,0,0,0,0,0,0,0,40.69
1,6/2/50,9:47,0,0,0,0,3.552,0,0,0,0,0,0,55.556,0,0,0,0,0,0,0,0,28.974
1,6/2/50,9:48,0,0,0,0,5.913,0,0,0,0,0,0,70.677,0,0,0,0,0,0,0,0,0
1,6/2/50,9:49,0,0,0,0,9.611,0,0,0,0,0,0,0,0,1.161,0,0,0,0,0,0,7.275
1,6/2/50,9:50,0,0,0,0,19.031,0,0,0,0,0,0,0,0,42.785,0,0,0,0,0,0,60.831
1,6/2/50,9:51,0,0,0,0,19.164,0,0,0,0,0,0,0,0,0.505,0,0,0,0,0,0,0
1,6/2/50,9:52,0,0,0,0,12.211,0,0,0,0,0,0,0,0,0,0,0,0,0,0,0,83.762
1,6/2/50,9:53,0,0,0,0,9.085,0,0,0,0,0,0,0,0,62.958,0,0,0,0,0,0,175.675
1,6/2/50,9:54,0,0,0,0,12.157,0,0,0,0,0,0,0,0,0,0,0,0,0,0,0,178.379
1,6/2/50,9:55,0,0,0,0,29.509,0,0,0,0,0,nan,nan,nan,0,0,0,0,0,0,0,261.969
1,6/2/50,9:56,0,0,0,0,12.66,0,0,0,0,0,nan,nan,nan,0,0,0,0,0,0,0,0
1,6/2/50,9:57,0,0,0,0,4.107,0,0,0,0,0,nan,nan,nan,0,0,0,0,0,0,0,0
1,6/2/50,9:58,0,0,0,0,3.691,0,0,0,0,0,nan,nan,nan,0,0,0,0,0,0,0,15.316
1,6/2/50,9:59,0,0,0,0,4.014,0,0,0,0,0,nan,nan,nan,0,0,0,0,0,0,0,17.955
1,6/2/50,10:00,nan,nan,nan,0,4.585,0,0,0,0,0,nan,nan,nan,0,0,0,0,0,0,0,0
1,6/2/50,10:01,nan,nan,nan,0,5.081,0,0,0,0,0,nan,nan,nan,0,0,0,0,0,0,0,0
1,6/2/50,10:02,nan,nan,nan,0,6.245,12.417,0,0,0,0,nan,nan,nan,0,0,0,0,31.056,0,0,0
1,6/2/50,10:03,nan,nan,nan,0,3.302,25.857,0,0,0,0,nan,nan,nan,0,0,0,0,0,0,0,0
1,6/2/50,10:04,nan,nan,nan,0,3.004,0,0,0,0,0,nan,nan,nan,0,0,0,0,20.765,0,0,0
1,6/2/50,10:05,nan,nan,nan,0,16.883,0,0,0,0,0,nan,nan,nan,0,0,0,0,45.356,0,0,0
1,6/2/50,10:06,nan,nan,nan,0,23.036,0,0,0,0,0,nan,nan,nan,0,0,0,0,37.868,0,0,0
1,6/2/50,10:07,nan,nan,nan,0,19.709,0,0,0,0,0,nan,nan,nan,0,0,0,0,0,0,0,0
1,6/2/50,10:08,nan,nan,nan,0,29.797,0,0,0,0,0,nan,nan,nan,0,0,0,0,0,0,0,0
1,6/2/50,10:09,nan,nan,nan,0,30.958,0,0,0,0,0,nan,nan,nan,0,0,0,0,0,0,0,0
1,6/2/50,10:10,nan,nan,nan,0,29.459,0,0,0,0,0,nan,nan,nan,0,0,0,0,0,0,0,0
1,6/2/50,10:11,nan,nan,nan,0,23.13,0,0,0,0,0,nan,nan,nan,0,0,0,0,0,0,0,0
1,6/2/50,10:12,nan,nan,nan,0,42.397,0,0,0,0,0,nan,nan,nan,0,0,0,0,0,0,0,0
1,6/2/50,10:13,nan,nan,nan,0,70.203,0,0,0,0,0,nan,nan,nan,0,0,0,0,0,0,0,0
1,6/2/50,10:14,nan,nan,nan,0,27.508,0,0,0,0,0,nan,nan,nan,0,0,0,0,0,0,0,0
1,6/2/50,10:15,nan,nan,nan,0,18.838,0,0,0,0,0,nan,nan,nan,0,0,0,0,0,0,0,0
1,6/2/50,10:16,nan,nan,nan,0,17.571,0,0,0,0,0,nan,nan,nan,0,0,0,0,0,0,0,0
1,6/2/50,10:17,nan,nan,nan,0,18.583,0,0,0,0,0,nan,nan,nan,0,0,0,0,0,0,0,0
1,6/2/50,10:18,nan,nan,nan,0,16.544,0,0,0,0,0,nan,nan,nan,0,0,0,0,0,0,0,0
1,6/2/50,10:19,nan,nan,nan,0,22.205,0,0,0,0,0,nan,nan,nan,0,0,0,0,0,0,0,0
1,6/2/50,10:20,nan,nan,nan,0,30.055,0,0,0,0,0,nan,nan,nan,0,0,0,0,0,0,0,0
1,6/2/50,10:21,nan,nan,nan,0,34.005,0,0,0,0,0,nan,nan,nan,0,0,0,0,0,0,0,0
1,6/2/50,10:22,nan,nan,nan,0,33.698,0,0,35.841,0,0,nan,nan,nan,0,0,0,0,0,0,0,0
1,6/2/50,10:23,nan,nan,nan,0,30.362,0,0,32.289,0,0,nan,nan,nan,0,0,0,0,0,0,0,0
1,6/2/50,10:24,nan,nan,nan,0,15.64,0,0,39.799,0,0,nan,nan,nan,0,0,0,0,0,0,0,0
1,6/2/50,10:25,nan,nan,nan,0,17.693,0,0,0,0,0,nan,nan,nan,0,0,0,0,0,0,0,0
1,6/2/50,10:26,nan,nan,nan,0,12.185,0,0,0,0,0,nan,nan,nan,0,0,0,0,0,0,0,0
1,6/2/50,10:27,nan,nan,nan,0,6.246,0,0,0,0,0,nan,nan,nan,0,0,0,0,0,0,0,0
1,6/2/50,10:28,nan,nan,nan,0,10.212,0,0,0,0,0,nan,nan,nan,0,0,0,0,0,0,0,0
1,6/2/50,10:29,nan,nan,nan,0,2.159,0,0,0,0,0,nan,nan,nan,0,0,0,0,0,0,0,0
1,6/2/50,10:30,nan,nan,nan,0,2.959,0,0,0,0,0,nan,nan,nan,0,0,0,0,0,0,0,0
1,6/2/50,10:31,nan,nan,nan,0,2.865,0,0,0,0,0,nan,nan,nan,0,0,0,0,0,0,0,0
1,6/2/50,10:32,nan,nan,nan,0,2.472,0,0,0,0,0,nan,nan,nan,0,0,0,0,0,0,0,0
1,6/2/50,10:33,nan,nan,nan,0,10.184,0,0,0,0,0,nan,nan,nan,0,0,0,0,0,0,0,0
1,6/2/50,10:34,nan,nan,nan,0,6.925,0,0,0,0,0,nan,nan,nan,0,0,0,0,0,0,0,0
1,6/2/50,10:35,nan,nan,nan,0,3.807,0,0,0,0,0,nan,nan,nan,0,0,0,0,0,0,0,0
1,6/2/50,10:36,nan,nan,nan,0,7.294,0,0,0,0,0,nan,nan,nan,0,0,0,0,0,0,0,0
1,6/2/50,10:37,nan,nan,nan,0,3.664,0,0,0,0,0,nan,nan,nan,41.472,0,0,0,0,0,0,0
1,6/2/50,10:38,nan,nan,nan,0,4.355,0,0,0,0,0,nan,nan,nan,154.245,0,0,0,0,0,0,0
1,6/2/50,10:39,nan,nan,nan,0,3.159,0,0,0,0,0,nan,nan,nan,35.367,0,0,0,0,0,0,0
1,6/2/50,10:40,nan,nan,nan,0,10.891,0,0,0,0,0,nan,nan,nan,169.446,0,0,0,0,0,0,0
1,6/2/50,10:41,nan,nan,nan,0,27.559,0,0,0,0,0,nan,nan,nan,74.127,0,0,0,0,0,0,0
1,6/2/50,10:42,nan,nan,nan,0,31.343,0,0,0,0,0,nan,nan,nan,0,0,0,0,0,0,0,0
1,6/2/50,10:43,nan,nan,nan,0,9.86,0,0,0,0,0,nan,nan,nan,56.091,0,0,0,0,0,0,0
1,6/2/50,10:44,nan,nan,nan,0,11.644,0,0,0,0,0,nan,nan,nan,0,0,0,0,0,0,0,0
1,6/2/50,10:45,nan,nan,nan,0,6.098,0,0,0,0,0,nan,nan,nan,0,0,0,0,0,0,0,0
1,6/2/50,10:46,nan,nan,nan,0,10.992,0,0,0,0,0,nan,nan,nan,0,0,0,0,0,0,0,0
1,6/2/50,10:47,nan,nan,nan,0,6.061,0,0,0,0,0,nan,nan,nan,5.782,0,0,0,0,0,0,0
1,6/2/50,10:48,nan,nan,nan,0,5.85,0,0,0,0,0,nan,nan,nan,8.228,0,0,0,0,0,0,0
1,6/2/50,10:49,nan,nan,nan,0,6.152,0,0,0,0,0,nan,nan,nan,0,0,0,0,0,0,0,0
1,6/2/50,10:50,nan,nan,nan,0,4.243,0,0,0,0,0,nan,nan,nan,0,0,0,0,0,0,0,0
1,6/2/50,10:51,nan,nan,nan,0,3.382,0,0,0,0,0,nan,nan,nan,0,0,0,0,0,0,0,0
1,6/2/50,10:52,nan,nan,nan,0,11.682,0,0,0,0,0,nan,nan,nan,0,0,0,0,0,0,0,0
1,6/2/50,10:53,nan,nan,nan,0,12.462,0,0,0,0,0,nan,nan,nan,0,0,0,0,0,0,0,0
1,6/2/50,10:54,nan,nan,nan,0,5.627,0,0,0,0,0,nan,nan,nan,0,0,0,0,nan,nan,nan,nan
1,6/2/50,10:55,nan,nan,nan,0,3.181,0,0,0,0,0,nan,nan,nan,0,0,0,0,nan,nan,nan,nan
1,6/2/50,10:56,nan,nan,nan,0,4.235,0,0,0,0,0,nan,nan,nan,0,0,0,0,nan,nan,nan,nan
1,6/2/50,10:57,nan,nan,nan,0,5.994,0,0,0,0,0,nan,nan,nan,0,0,0,0,nan,nan,nan,nan
1,6/2/50,10:58,nan,nan,nan,0,8.508,0,0,0,0,0,nan,nan,nan,0,0,0,0,nan,nan,nan,nan
1,6/2/50,10:59,nan,nan,nan,0,4.594,0,0,0,0,0,nan,nan,nan,0,0,0,0,nan,nan,nan,nan
1,6/2/50,11:00,nan,nan,nan,0,8.739,0,0,0,0,0,nan,nan,nan,0,0,0,0,nan,nan,nan,nan
1,6/2/50,11:01,nan,nan,nan,0,13.979,0,0,0,0,0,nan,nan,nan,nan,nan,nan,nan,nan,nan,nan,nan
1,6/2/50,11:02,nan,nan,nan,0,15.871,0,0,0,0,0,nan,nan,nan,nan,nan,nan,nan,nan,nan,nan,nan
1,6/2/50,11:03,nan,nan,nan,0,20.551,0,0,0,0,0,nan,nan,nan,nan,nan,nan,nan,nan,nan,nan,nan
1,6/2/50,11:04,nan,nan,nan,0,14.313,0,0,0,0,0,nan,nan,nan,nan,nan,nan,nan,nan,nan,nan,nan
1,6/2/50,11:05,nan,nan,nan,0,4.548,0,0,0,0,0,nan,nan,nan,nan,nan,nan,nan,nan,nan,nan,nan
1,6/2/50,11:06,nan,nan,nan,0,3.909,0,0,0,0,0,nan,nan,nan,nan,nan,nan,nan,nan,nan,nan,nan
1,6/2/50,11:07,nan,nan,nan,0,4.596,0,0,0,0,0,nan,nan,nan,nan,nan,nan,nan,nan,nan,nan,nan
1,6/2/50,11:08,nan,nan,nan,0,28.805,0,0,0,0,0,nan,nan,nan,nan,nan,nan,nan,nan,nan,nan,nan
1,6/2/50,11:09,nan,nan,nan,0,23.943,0,0,0,0,0,nan,nan,nan,nan,nan,nan,nan,nan,nan,nan,nan
1,6/2/50,11:10,nan,nan,nan,0,27.51,0,0,0,0,0,nan,nan,nan,nan,nan,nan,nan,nan,nan,nan,nan
1,6/2/50,11:11,nan,nan,nan,0,32.192,0,0,0,0,0,nan,nan,nan,nan,nan,nan,nan,nan,nan,nan,nan
1,6/2/50,11:12,nan,nan,nan,0,30.177,0,0,0,0,0,nan,nan,nan,nan,nan,nan,nan,nan,nan,nan,nan
1,6/2/50,11:13,nan,nan,nan,0,33.781,0,0,0,0,0,nan,nan,nan,nan,nan,nan,nan,nan,nan,nan,nan
1,6/2/50,11:14,nan,nan,nan,0,24.397,0,0,0,0,0,nan,nan,nan,nan,nan,nan,nan,nan,nan,nan,nan
1,6/2/50,11:15,nan,nan,nan,0,8.019,0,0,0,0,0,nan,nan,nan,nan,nan,nan,nan,nan,nan,nan,nan
1,6/2/50,11:16,nan,nan,nan,0,5.545,0,0,0,0,0,nan,nan,nan,nan,nan,nan,nan,nan,nan,nan,nan
1,6/2/50,11:17,nan,nan,nan,0,2.795,0,0,0,0,0,nan,nan,nan,nan,nan,nan,nan,nan,nan,nan,nan
1,6/2/50,11:18,nan,nan,nan,0,4.723,0,0,0,0,0,nan,nan,nan,nan,nan,nan,nan,nan,nan,nan,nan
1,6/2/50,11:19,nan,nan,nan,0,4.899,0,0,0,0,0,nan,nan,nan,nan,nan,nan,nan,nan,nan,nan,nan
1,6/2/50,11:20,nan,nan,nan,0,7.48,0,0,0,0,0,nan,nan,nan,nan,nan,nan,nan,nan,nan,nan,nan
1,6/2/50,11:21,nan,nan,nan,0,4.544,0,0,0,0,0,nan,nan,nan,nan,nan,nan,nan,nan,nan,nan,nan
1,6/2/50,11:22,nan,nan,nan,0,4.442,0,0,0,0,0,nan,nan,nan,nan,nan,nan,nan,nan,nan,nan,nan
1,6/2/50,11:23,nan,nan,nan,0,4.365,0,0,0,0,0,nan,nan,nan,nan,nan,nan,nan,nan,nan,nan,nan
1,6/2/50,11:24,nan,nan,nan,0,4.923,0,0,0,0,0,nan,nan,nan,nan,nan,nan,nan,nan,nan,nan,nan
1,6/2/50,11:25,nan,nan,nan,0,5.955,0,0,0,0,0,nan,nan,nan,nan,nan,nan,nan,nan,nan,nan,nan
1,6/2/50,11:26,nan,nan,nan,0,4.687,0,0,0,0,0,nan,nan,nan,nan,nan,nan,nan,nan,nan,nan,nan
1,6/2/50,11:27,nan,nan,nan,0,2.961,0,0,0,0,0,nan,nan,nan,nan,nan,nan,nan,nan,nan,nan,nan
1,6/2/50,11:28,nan,nan,nan,0,5.57,0,0,0,0,0,nan,nan,nan,nan,nan,nan,nan,nan,nan,nan,nan
1,6/2/50,11:29,nan,nan,nan,0,4.782,0,0,0,0,0,nan,nan,nan,nan,nan,nan,nan,nan,nan,nan,nan
1,6/2/50,11:30,nan,nan,nan,0,4.196,0,0,0,0,0,nan,nan,nan,nan,nan,nan,nan,nan,nan,nan,nan
1,6/2/50,11:31,nan,nan,nan,0,3.54,0,0,0,0,0,nan,nan,nan,nan,nan,nan,nan,nan,nan,nan,nan
1,6/2/50,11:32,nan,nan,nan,0,3.778,0,0,0,0,0,nan,nan,nan,nan,nan,nan,nan,nan,nan,nan,nan
1,6/2/50,11:33,nan,nan,nan,0,5.784,0,0,0,0,0,nan,nan,nan,nan,nan,nan,nan,nan,nan,nan,nan
1,6/2/50,11:34,nan,nan,nan,0,13.645,0,0,0,0,0,nan,nan,nan,nan,nan,nan,nan,nan,nan,nan,nan
1,6/2/50,11:35,nan,nan,nan,0,14.775,0,0,0,0,0,nan,nan,nan,nan,nan,nan,nan,nan,nan,nan,nan
1,6/2/50,11:36,nan,nan,nan,0,33.044,0,0,0,0,0,nan,nan,nan,nan,nan,nan,nan,nan,nan,nan,nan
1,6/2/50,11:37,nan,nan,nan,0,23.701,0,0,0,0,0,nan,nan,nan,nan,nan,nan,nan,nan,nan,nan,nan
1,6/2/50,11:38,nan,nan,nan,0,9.553,0,0,0,0,0,nan,nan,nan,nan,nan,nan,nan,nan,nan,nan,nan
1,6/2/50,11:39,nan,nan,nan,0,3.263,0,0,0,0,0,nan,nan,nan,nan,nan,nan,nan,nan,nan,nan,nan
1,6/2/50,11:40,nan,nan,nan,0,3.601,0,0,0,0,0,nan,nan,nan,nan,nan,nan,nan,nan,nan,nan,nan
1,6/2/50,11:41,nan,nan,nan,0,2.495,0,0,0,0,0,nan,nan,nan,nan,nan,nan,nan,nan,nan,nan,nan
1,6/2/50,11:42,nan,nan,nan,0,2.267,0,0,0,0,0,nan,nan,nan,nan,nan,nan,nan,nan,nan,nan,nan
1,6/2/50,11:43,nan,nan,nan,0,3.344,0,0,0,0,0,nan,nan,nan,nan,nan,nan,nan,nan,nan,nan,nan
1,6/2/50,11:44,nan,nan,nan,0,3.016,0,0,0,0,0,nan,nan,nan,nan,nan,nan,nan,nan,nan,nan,nan
1,6/2/50,11:45,nan,nan,nan,0,6.729,0,0,0,0,0,nan,nan,nan,nan,nan,nan,nan,nan,nan,nan,nan
1,6/2/50,11:46,nan,nan,nan,0,3.218,0,0,0,0,0,nan,nan,nan,nan,nan,nan,nan,nan,nan,nan,nan
1,6/2/50,11:47,nan,nan,nan,0,3.454,0,0,0,0,0,nan,nan,nan,nan,nan,nan,nan,nan,nan,nan,nan
1,6/2/50,11:48,nan,nan,nan,0,9.09,0,0,0,0,0,nan,nan,nan,nan,nan,nan,nan,nan,nan,nan,nan
1,6/2/50,11:49,nan,nan,nan,0,3.167,0,0,0,0,0,nan,nan,nan,nan,nan,nan,nan,nan,nan,nan,nan
1,6/2/50,11:50,nan,nan,nan,0,2.553,0,0,0,0,0,nan,nan,nan,nan,nan,nan,nan,nan,nan,nan,nan
1,6/2/50,11:51,nan,nan,nan,0,6.53,0,0,0,0,0,nan,nan,nan,nan,nan,nan,nan,nan,nan,nan,nan
1,6/2/50,11:52,nan,nan,nan,0,9.771,0,0,0,0,0,nan,nan,nan,nan,nan,nan,nan,nan,nan,nan,nan
1,6/2/50,11:53,nan,nan,nan,0,4.258,0,0,0,0,0,nan,nan,nan,nan,nan,nan,nan,nan,nan,nan,nan
1,6/2/50,11:54,nan,nan,nan,0,3.441,0,0,0,0,0,nan,nan,nan,nan,nan,nan,nan,nan,nan,nan,nan
1,6/2/50,11:55,nan,nan,nan,0,2.799,0,0,0,0,0,nan,nan,nan,nan,nan,nan,nan,nan,nan,nan,nan
1,6/2/50,11:56,nan,nan,nan,0,3.213,0,0,0,0,0,nan,nan,nan,nan,nan,nan,nan,nan,nan,nan,nan
1,6/2/50,11:57,nan,nan,nan,0,3.582,0,0,0,0,0,nan,nan,nan,nan,nan,nan,nan,nan,nan,nan,nan
1,6/2/50,11:58,nan,nan,nan,0,2.668,0,0,0,0,0,nan,nan,nan,nan,nan,nan,nan,nan,nan,nan,nan
1,6/2/50,11:59,nan,nan,nan,0,3.426,0,0,0,0,0,nan,nan,nan,nan,nan,nan,nan,nan,nan,nan,nan
1,6/2/50,12:00,nan,nan,nan,0,3.157,0,0,0,0,0,nan,nan,nan,nan,nan,nan,nan,nan,nan,nan,nan
1,6/2/50,12:01,nan,nan,nan,0,2.781,0,0,0,0,0,nan,nan,nan,nan,nan,nan,nan,nan,nan,nan,nan
1,6/2/50,12:02,nan,nan,nan,0,3.141,0,0,0,0,0,nan,nan,nan,nan,nan,nan,nan,nan,nan,nan,nan
1,6/2/50,12:03,nan,nan,nan,0,2.411,0,0,0,0,0,nan,nan,nan,nan,nan,nan,nan,nan,nan,nan,nan
1,6/2/50,12:04,nan,nan,nan,0,16.55,0,0,0,0,0,nan,nan,nan,nan,nan,nan,nan,nan,nan,nan,nan
1,6/2/50,12:05,nan,nan,nan,0,4.849,0,0,0,20.282,0,nan,nan,nan,nan,nan,nan,nan,nan,nan,nan,nan
1,6/2/50,12:06,nan,nan,nan,0,14.095,0,0,0,0,0,nan,nan,nan,nan,nan,nan,nan,nan,nan,nan,nan
1,6/2/50,12:07,nan,nan,nan,0,4.635,0,0,0,0,0,nan,nan,nan,nan,nan,nan,nan,nan,nan,nan,nan
1,6/2/50,12:08,nan,nan,nan,0,5.316,0,0,0,0,0,nan,nan,nan,nan,nan,nan,nan,nan,nan,nan,nan
1,6/2/50,12:09,nan,nan,nan,0,4.278,0,0,0,58.578,0,nan,nan,nan,nan,nan,nan,nan,nan,nan,nan,nan
1,6/2/50,12:10,nan,nan,nan,0,5.599,0,0,0,0,0,nan,nan,nan,nan,nan,nan,nan,nan,nan,nan,nan
1,6/2/50,12:11,nan,nan,nan,0,5.213,0,0,0,0,0,nan,nan,nan,nan,nan,nan,nan,nan,nan,nan,nan
1,6/2/50,12:12,nan,nan,nan,0,4.736,0,0,0,0,0,nan,nan,nan,nan,nan,nan,nan,nan,nan,nan,nan
1,6/2/50,12:13,nan,nan,nan,0,3.209,0,0,0,0,0,nan,nan,nan,nan,nan,nan,nan,nan,nan,nan,nan
1,6/2/50,12:14,nan,nan,nan,0,3.475,0,0,0,0,0,nan,nan,nan,nan,nan,nan,nan,nan,nan,nan,nan
1,6/2/50,12:15,nan,nan,nan,0,3.693,0,0,0,0,0,nan,nan,nan,nan,nan,nan,nan,nan,nan,nan,nan
1,6/2/50,12:16,nan,nan,nan,0,4.015,0,0,0,0,0,nan,nan,nan,nan,nan,nan,nan,nan,nan,nan,nan
1,6/2/50,12:17,nan,nan,nan,0,15.342,0,0,0,0,0,nan,nan,nan,nan,nan,nan,nan,nan,nan,nan,nan
1,6/2/50,12:18,nan,nan,nan,0,7.737,0,0,0,0,0,nan,nan,nan,nan,nan,nan,nan,nan,nan,nan,nan
1,6/2/50,12:19,nan,nan,nan,0,2.34,0,0,0,0,0,nan,nan,nan,nan,nan,nan,nan,nan,nan,nan,nan
1,6/2/50,12:20,nan,nan,nan,0,2.944,0,0,0,0,0,nan,nan,nan,nan,nan,nan,nan,nan,nan,nan,nan
1,6/2/50,12:21,nan,nan,nan,0,4.954,0,0,0,0,0,nan,nan,nan,nan,nan,nan,nan,nan,nan,nan,nan
1,6/2/50,12:22,nan,nan,nan,0,4.917,0,0,0,0,0,nan,nan,nan,nan,nan,nan,nan,nan,nan,nan,nan
1,6/2/50,12:23,nan,nan,nan,0,4.6,0,0,0,0,0,nan,nan,nan,nan,nan,nan,nan,nan,nan,nan,nan
1,6/2/50,12:24,nan,nan,nan,0,3.667,0,0,0,0,90.28,nan,nan,nan,nan,nan,nan,nan,nan,nan,nan,nan
1,6/2/50,12:25,nan,nan,nan,0,5.365,0,0,0,0,37.54,nan,nan,nan,nan,nan,nan,nan,nan,nan,nan,nan
1,6/2/50,12:26,nan,nan,nan,0,3.189,0,0,0,0,0,nan,nan,nan,nan,nan,nan,nan,nan,nan,nan,nan
1,6/2/50,12:27,nan,nan,nan,0,5.948,0,0,0,0,0,nan,nan,nan,nan,nan,nan,nan,nan,nan,nan,nan
1,6/2/50,12:28,nan,nan,nan,0,4.586,0,0,0,0,0,nan,nan,nan,nan,nan,nan,nan,nan,nan,nan,nan
1,6/2/50,12:29,nan,nan,nan,0,20.452,0,0,0,0,0,nan,nan,nan,nan,nan,nan,nan,nan,nan,nan,nan
1,6/2/50,12:30,nan,nan,nan,0,3.502,0,0,0,0,0,nan,nan,nan,nan,nan,nan,nan,nan,nan,nan,nan
1,6/2/50,12:31,nan,nan,nan,0,2.653,0,0,0,0,0,nan,nan,nan,nan,nan,nan,nan,nan,nan,nan,nan
1,6/2/50,12:32,nan,nan,nan,0,14.853,0,0,0,0,0,nan,nan,nan,nan,nan,nan,nan,nan,nan,nan,nan
1,6/2/50,12:33,nan,nan,nan,0,3.255,0,0,0,0,0,nan,nan,nan,nan,nan,nan,nan,nan,nan,nan,nan
1,6/2/50,12:34,nan,nan,nan,0,3.05,0,0,0,0,0,nan,nan,nan,nan,nan,nan,nan,nan,nan,nan,nan
1,6/2/50,12:35,nan,nan,nan,0,3.904,0,0,0,0,0,nan,nan,nan,nan,nan,nan,nan,nan,nan,nan,nan
1,6/2/50,12:36,nan,nan,nan,0,3.841,0,0,0,0,0,nan,nan,nan,nan,nan,nan,nan,nan,nan,nan,nan
1,6/2/50,12:37,nan,nan,nan,0,3.222,0,0,0,0,0,nan,nan,nan,nan,nan,nan,nan,nan,nan,nan,nan
1,6/2/50,12:38,nan,nan,nan,0,8.041,0,0,0,0,0,nan,nan,nan,nan,nan,nan,nan,nan,nan,nan,nan
1,6/2/50,12:39,nan,nan,nan,0,4.355,0,0,0,0,0,nan,nan,nan,nan,nan,nan,nan,nan,nan,nan,nan
1,6/2/50,12:40,nan,nan,nan,0,9.665,0,0,0,0,0,nan,nan,nan,nan,nan,nan,nan,nan,nan,nan,nan
1,6/2/50,12:41,nan,nan,nan,0,3.074,0,0,nan,nan,nan,nan,nan,nan,nan,nan,nan,nan,nan,nan,nan,nan
1,6/2/50,12:42,nan,nan,nan,0,4.24,0,0,nan,nan,nan,nan,nan,nan,nan,nan,nan,nan,nan,nan,nan,nan
1,6/2/50,12:43,nan,nan,nan,0,5.779,0,0,nan,nan,nan,nan,nan,nan,nan,nan,nan,nan,nan,nan,nan,nan
1,6/2/50,12:44,nan,nan,nan,0,6.922,0,0,nan,nan,nan,nan,nan,nan,nan,nan,nan,nan,3.514,0.734,0,3.099
1,6/2/50,12:45,nan,nan,nan,0,6.714,0,0,nan,nan,nan,nan,nan,nan,nan,nan,nan,nan,30.969,85.455,0,54.383
1,6/2/50,12:46,nan,nan,nan,0,4.72,0,0,nan,nan,nan,nan,nan,nan,nan,nan,nan,nan,195.595,45.193,0,9.062
1,6/2/50,12:47,nan,nan,nan,0,3.735,0,0,nan,nan,nan,nan,nan,nan,nan,nan,nan,nan,86.676,36.537,0,90.2
1,6/2/50,12:48,nan,nan,nan,0,4.7,0,0,nan,nan,nan,nan,nan,nan,nan,nan,nan,nan,70.015,58.179,0.336,152.269
1,6/2/50,12:49,nan,nan,nan,0,4.246,0,0,nan,nan,nan,nan,nan,nan,nan,nan,nan,nan,78.267,63.826,0,0
1,6/2/50,12:50,nan,nan,nan,0,3.845,0,0,nan,nan,nan,nan,nan,nan,nan,nan,nan,nan,0.314,96.08,0,0
1,6/2/50,12:51,nan,nan,nan,0,5.765,0,0,nan,nan,nan,nan,nan,nan,nan,nan,nan,nan,72.197,94.146,12.488,49.177
1,6/2/50,12:52,nan,nan,nan,0,11.56,0,0,nan,nan,nan,nan,nan,nan,nan,nan,nan,nan,42.294,12.982,0,1.774
1,6/2/50,12:53,nan,nan,nan,0,5.321,0,0,nan,nan,nan,nan,nan,nan,nan,nan,nan,nan,99.87,67.616,0,0
1,6/2/50,12:54,nan,nan,nan,0,3.296,0,0,nan,nan,nan,nan,nan,nan,nan,nan,nan,nan,70.897,27.036,0,21.553
1,6/2/50,12:55,nan,nan,nan,0,9.444,0,0,nan,nan,nan,nan,nan,nan,nan,nan,nan,nan,75.273,60.5,0,0
1,6/2/50,12:56,nan,nan,nan,0,6.116,0,0,nan,nan,nan,nan,nan,nan,nan,nan,nan,nan,10.305,55.301,0,0
1,6/2/50,12:57,nan,nan,nan,0,9.204,0,0,nan,nan,nan,nan,nan,nan,nan,nan,nan,nan,33.981,22.251,0,0
1,6/2/50,12:58,nan,nan,nan,0,5.523,0,0,nan,nan,nan,nan,nan,nan,nan,nan,nan,nan,38.121,132.009,0,11.134
1,6/2/50,12:59,nan,nan,nan,0,3.659,0,0,nan,nan,nan,nan,nan,nan,nan,nan,nan,nan,35.591,122.065,0,0
1,6/2/50,13:00,nan,nan,nan,0,29.974,0,0,nan,nan,nan,nan,nan,nan,nan,nan,nan,nan,0,16.703,0,0
1,6/2/50,13:01,nan,nan,nan,0,21.313,0,0,nan,nan,nan,nan,nan,nan,nan,nan,nan,nan,0,5.969,0,0
1,6/2/50,13:02,nan,nan,nan,0,23.358,0,0,nan,nan,nan,nan,nan,nan,nan,nan,nan,nan,0,22.531,0,65.132
1,6/2/50,13:03,nan,nan,nan,0,38.963,0,0,nan,nan,nan,nan,nan,nan,nan,nan,nan,nan,27.17,38.069,0,0
1,6/2/50,13:04,nan,nan,nan,0,22.561,0,0,nan,nan,nan,nan,nan,nan,nan,nan,nan,nan,0,29.121,0,0
1,6/2/50,13:05,nan,nan,nan,0,25.443,0,0,nan,nan,nan,nan,nan,nan,nan,nan,nan,nan,0,21.337,0,0
1,6/2/50,13:06,nan,nan,nan,0,37.228,0,0,nan,nan,nan,nan,nan,nan,nan,nan,nan,nan,0,61.32,0,0
1,6/2/50,13:07,nan,nan,nan,0,52.014,0,0,nan,nan,nan,nan,nan,nan,nan,nan,nan,nan,0,45.162,0,0
1,6/2/50,13:08,nan,nan,nan,0,0,0,0,nan,nan,nan,nan,nan,nan,nan,nan,nan,nan,0,12.526,0,0
1,6/2/50,13:09,nan,nan,nan,0,0,0,0,nan,nan,nan,nan,nan,nan,nan,nan,nan,nan,0,18.587,0,0
1,6/2/50,13:10,nan,nan,nan,0,80.073,0,0,nan,nan,nan,nan,nan,nan,nan,nan,nan,nan,0,54.527,0,0
1,6/2/50,13:11,nan,nan,nan,0,127.252,0,0,nan,nan,nan,nan,nan,nan,nan,nan,nan,nan,0,29.563,0,0
1,6/2/50,13:12,nan,nan,nan,0,103.579,0,0,nan,nan,nan,nan,nan,nan,nan,nan,nan,nan,36.978,10.07,0,0
1,6/2/50,13:13,nan,nan,nan,0,121.633,0,0,nan,nan,nan,nan,nan,nan,nan,nan,nan,nan,0,15.14,0,0
1,6/2/50,13:14,nan,nan,nan,0,191.365,0,0,nan,nan,nan,nan,nan,nan,nan,nan,nan,nan,0,12.003,0,71.277
1,6/2/50,13:15,0,0,0,0,121.042,0,0,nan,nan,nan,nan,nan,nan,nan,nan,nan,nan,0,24.595,0,35.502
1,6/2/50,13:16,80.148,32.256,0,0,182.653,0,0,nan,nan,nan,nan,nan,nan,nan,nan,nan,nan,0,10.052,0,0
1,6/2/50,13:17,0,0,33.491,0,57.906,0,0,nan,nan,nan,nan,nan,nan,nan,nan,nan,nan,0,11.368,0,0
1,6/2/50,13:18,0,0,0,0,34.06,0,0,nan,nan,nan,nan,nan,nan,nan,nan,nan,nan,0,23.663,0,0
1,6/2/50,13:19,0,0,0,0,40.117,0,0,nan,nan,nan,nan,nan,nan,nan,nan,nan,nan,41.558,15.961,0,0
1,6/2/50,13:20,0,0,0,0,28.201,0,0,nan,nan,nan,nan,nan,nan,nan,nan,nan,nan,7.333,24.259,0,0
1,6/2/50,13:21,0,0,0,0,33.44,0,0,nan,nan,nan,nan,nan,nan,nan,nan,nan,nan,17.557,39.261,0,13.044
1,6/2/50,13:22,50.73,0,0,0,29.131,0,0,nan,nan,nan,nan,nan,nan,nan,nan,nan,nan,35.355,8.185,0,0
1,6/2/50,13:23,0,0,0,0,23.816,0,0,nan,nan,nan,nan,nan,nan,nan,nan,nan,nan,15.761,9.669,0,0
1,6/2/50,13:24,0,76.75,0,0,24.949,0,0,nan,nan,nan,nan,nan,nan,nan,nan,nan,nan,36.391,9.633,0,0
1,6/2/50,13:25,0,0,0,0,24.981,0,0,nan,nan,nan,nan,nan,nan,nan,nan,nan,nan,22.014,22.633,0,0
1,6/2/50,13:26,0,0,0,0,12.412,0,0,nan,nan,nan,nan,nan,nan,nan,nan,nan,nan,0,11.225,0,0
1,6/2/50,13:27,0,0,0,0,9.885,0,0,nan,nan,nan,nan,nan,nan,nan,nan,nan,nan,0,35.465,0,0
1,6/2/50,13:28,0,0,0,0,22.697,0,0,nan,nan,nan,nan,nan,nan,nan,nan,nan,nan,0,35.095,0,0
1,6/2/50,13:29,0,0,0,0,20.541,0,0,nan,nan,nan,nan,nan,nan,nan,nan,nan,nan,0,25.394,0,0
1,6/2/50,13:30,80.54,28.333,0,0,25.759,0,0,nan,nan,nan,nan,nan,nan,nan,nan,nan,nan,0,10.666,0,0
1,6/2/50,13:31,0,15.912,40.049,0,28.015,0,0,nan,nan,nan,nan,nan,nan,nan,nan,nan,nan,0,10.082,0,0
1,6/2/50,13:32,75.011,0,0,0,24.309,0,0,nan,nan,nan,nan,nan,nan,nan,nan,nan,nan,0,10.769,0,0
1,6/2/50,13:33,21.065,0,0,0,24.951,0,0,nan,nan,nan,nan,nan,nan,nan,nan,nan,nan,0,43.085,0,0
1,6/2/50,13:34,0,25.865,0,0,32.876,32.541,0,nan,nan,nan,nan,nan,nan,nan,nan,nan,nan,40.089,63.493,0,0
1,6/2/50,13:35,0,15.923,0,0,27.852,24.929,0,nan,nan,nan,nan,nan,nan,nan,nan,nan,nan,9.094,26.023,0,0
1,6/2/50,13:36,0,0,0,0,26.248,23.967,0,nan,nan,nan,nan,nan,nan,nan,nan,nan,nan,8.595,6.042,0,0
1,6/2/50,13:37,0,0,0,0,13.472,2.082,0,nan,nan,nan,nan,nan,nan,nan,nan,nan,nan,18.58,37.476,0,0
1,6/2/50,13:38,0,0,0,0,4.225,17.168,0,nan,nan,nan,nan,nan,nan,nan,nan,nan,nan,39.849,31.899,0,0
1,6/2/50,13:39,0,0,0,0,8.734,46.077,0,nan,nan,nan,nan,nan,nan,nan,nan,nan,nan,9.794,6.415,0,0
1,6/2/50,13:40,0,0,0,0,10.932,43.266,0,nan,nan,nan,nan,nan,nan,nan,nan,nan,nan,22.736,18.459,0,0
1,6/2/50,13:41,0,0,0,0,4.871,13.816,0,nan,nan,nan,nan,nan,nan,nan,nan,nan,nan,29.551,8.796,0,0
1,6/2/50,13:42,0,0,0,0,3.134,13.744,0,nan,nan,nan,nan,nan,nan,nan,nan,nan,nan,5.508,3.707,0,0
1,6/2/50,13:43,0,0,0,nan,nan,nan,nan,nan,nan,nan,nan,nan,nan,nan,nan,nan,nan,17.726,11.117,0,0
1,6/2/50,13:44,0,0,38.642,nan,nan,nan,nan,nan,nan,nan,nan,nan,nan,nan,nan,nan,nan,6.698,56.715,0,0
1,6/2/50,13:45,0,0,31.121,nan,nan,nan,nan,nan,nan,nan,nan,nan,nan,nan,nan,nan,nan,5.707,92.801,0,0
1,6/2/50,13:46,0,0,0,nan,nan,nan,nan,nan,nan,nan,nan,nan,nan,nan,nan,nan,nan,7.996,5.435,0,0
1,6/2/50,13:47,0,0,0,nan,nan,nan,nan,nan,nan,nan,nan,nan,nan,nan,nan,nan,nan,23.345,10.695,0.843,0
1,6/2/50,13:48,0,0,0,nan,nan,nan,nan,nan,nan,nan,nan,nan,nan,nan,nan,nan,nan,7.446,12.464,66.319,0
1,6/2/50,13:49,0,0,0,nan,nan,nan,nan,nan,nan,nan,nan,nan,nan,nan,nan,nan,nan,6.389,8.921,36.546,0
1,6/2/50,13:50,0,0,0,nan,nan,nan,nan,nan,nan,nan,nan,nan,nan,nan,nan,nan,nan,7.643,5.928,8.915,0
1,6/2/50,13:51,0,0,0,nan,nan,nan,nan,nan,nan,nan,nan,nan,nan,nan,nan,nan,nan,10.616,11.94,11.073,0
1,6/2/50,13:52,0,0,0,nan,nan,nan,nan,nan,nan,nan,nan,nan,nan,nan,nan,nan,nan,20.152,21.242,29.655,0
1,6/2/50,13:53,0,0,0,nan,nan,nan,nan,nan,nan,nan,nan,nan,nan,nan,nan,nan,nan,12.605,10.954,6.908,0
1,6/2/50,13:54,0,0,0,nan,nan,nan,nan,nan,nan,nan,nan,nan,nan,nan,nan,nan,nan,6.498,8.266,61.398,0
1,6/2/50,13:55,0,0,0,nan,nan,nan,nan,nan,nan,nan,nan,nan,nan,nan,nan,nan,nan,5.846,6.102,0,45.851
1,6/2/50,13:56,0,0,0,nan,nan,nan,nan,nan,nan,nan,nan,nan,nan,nan,nan,nan,nan,12.074,26.739,0,0
1,6/2/50,13:57,0,0,0,nan,nan,nan,nan,nan,nan,nan,nan,nan,nan,nan,nan,nan,nan,16.632,63.353,0,0
1,6/2/50,13:58,0,0,0,nan,nan,nan,nan,nan,nan,nan,nan,nan,nan,nan,nan,nan,nan,17.344,7.603,0,0
1,6/2/50,13:59,0,0,0,nan,nan,nan,nan,nan,nan,nan,nan,nan,nan,nan,nan,nan,nan,15.747,5.791,0,0
1,6/2/50,14:00,0,0,19.155,nan,nan,nan,nan,nan,nan,nan,nan,nan,nan,nan,nan,nan,nan,14.739,7.334,0,0
1,6/2/50,14:01,0,0,7.548,nan,nan,nan,nan,nan,nan,nan,nan,nan,nan,nan,nan,nan,nan,8.377,6.757,0,0
1,6/2/50,14:02,0,0,29.841,nan,nan,nan,nan,nan,nan,nan,nan,nan,nan,nan,nan,nan,nan,22.365,10.175,0,0
1,6/2/50,14:03,0,0,0,nan,nan,nan,nan,nan,nan,nan,nan,nan,nan,nan,nan,nan,nan,62.27,5.862,0,0
1,6/2/50,14:04,0,0,0,nan,nan,nan,nan,nan,nan,nan,nan,nan,nan,nan,nan,nan,nan,30.702,36.355,0,0
1,6/2/50,14:05,0,0,0,nan,nan,nan,nan,nan,nan,nan,nan,nan,nan,nan,nan,nan,nan,10.55,40.627,0,0
1,6/2/50,14:06,0,0,0,nan,nan,nan,nan,nan,nan,nan,nan,nan,nan,nan,nan,nan,nan,11.959,12.383,0,0
1,6/2/50,14:07,0,0,0,nan,nan,nan,nan,nan,nan,nan,nan,nan,nan,nan,nan,nan,nan,6.36,9.948,0,0
1,6/2/50,14:08,0,42.879,0,nan,nan,nan,nan,nan,nan,nan,nan,nan,nan,nan,nan,nan,nan,3.94,37.795,0,0
1,6/2/50,14:09,0,7.065,0,nan,nan,nan,nan,nan,nan,nan,nan,nan,nan,nan,nan,nan,nan,4.607,24.477,0,0
1,6/2/50,14:10,0,13.641,0,nan,nan,nan,nan,nan,nan,nan,nan,nan,nan,nan,nan,nan,nan,5.762,11.626,0,0
1,6/2/50,14:11,0,10.388,0,nan,nan,nan,nan,nan,nan,nan,nan,nan,nan,nan,nan,nan,nan,4.496,8.405,0,0
1,6/2/50,14:12,0,14.99,19.976,nan,nan,nan,nan,nan,nan,nan,nan,nan,nan,nan,nan,nan,nan,9.955,30.107,0,0
1,6/2/50,14:13,0,10.162,64.127,nan,nan,nan,nan,nan,nan,nan,nan,nan,nan,nan,nan,nan,nan,13.121,27.027,0,0
1,6/2/50,14:14,0,12.149,14.569,nan,nan,nan,nan,nan,nan,nan,nan,nan,nan,nan,nan,nan,nan,8.202,31.073,0,0
1,6/2/50,14:15,0,0,13.585,nan,nan,nan,nan,nan,nan,nan,nan,nan,nan,nan,nan,nan,nan,7.001,17.215,0,0
1,6/2/50,14:16,0,21.712,10.956,nan,nan,nan,nan,nan,nan,nan,nan,nan,nan,nan,nan,nan,nan,29.318,17.041,0,0
1,6/2/50,14:17,0,0,12.742,nan,nan,nan,nan,nan,nan,nan,nan,nan,nan,nan,nan,nan,nan,10.257,22.369,0,0
1,6/2/50,14:18,0,0,10.684,nan,nan,nan,nan,nan,nan,nan,nan,nan,nan,nan,nan,nan,nan,8.569,33.363,0,0
1,6/2/50,14:19,0,0,11.297,nan,nan,nan,nan,nan,nan,nan,nan,nan,nan,nan,nan,nan,nan,16.059,26.731,0,0
1,6/2/50,14:20,0,29.563,13.704,nan,nan,nan,nan,nan,nan,nan,nan,nan,nan,nan,nan,nan,nan,10.292,10.682,0,0
1,6/2/50,14:21,0,0,31.782,nan,nan,nan,nan,nan,nan,nan,nan,nan,nan,nan,nan,nan,nan,22.476,8.24,0,0
1,6/2/50,14:22,0,0,0,nan,nan,nan,nan,nan,nan,nan,nan,nan,nan,nan,nan,nan,nan,53.104,10.84,0,0
1,6/2/50,14:23,0,0,0,nan,nan,nan,nan,nan,nan,nan,nan,nan,nan,nan,nan,nan,nan,14.081,6.112,0,0
1,6/2/50,14:24,0,0,0,nan,nan,nan,nan,nan,nan,nan,nan,nan,nan,nan,nan,nan,nan,19.31,6.271,0,0
1,6/2/50,14:25,0,0,0,nan,nan,nan,nan,nan,nan,nan,nan,nan,nan,nan,nan,nan,nan,9.642,6.424,0,0
1,6/2/50,14:26,0,0,0,nan,nan,nan,nan,nan,nan,nan,nan,nan,nan,nan,nan,nan,nan,43.909,21.057,0,0
1,6/2/50,14:27,80.546,0,0,nan,nan,nan,nan,nan,nan,nan,nan,nan,nan,nan,nan,nan,nan,9.566,22.904,0,0
1,6/2/50,14:28,0,0,0,nan,nan,nan,nan,nan,nan,nan,nan,nan,nan,nan,nan,nan,nan,8.398,32.238,0,0
1,6/2/50,14:29,89.045,0,0,nan,nan,nan,nan,nan,nan,nan,nan,nan,nan,nan,nan,nan,nan,10.313,16.882,0,0
1,6/2/50,14:30,16.775,0,0,nan,nan,nan,nan,nan,nan,nan,nan,nan,nan,nan,nan,nan,nan,12.421,10.28,0,0
1,6/2/50,14:31,0,0,0,nan,nan,nan,nan,nan,nan,nan,nan,nan,nan,nan,nan,nan,nan,13.743,16.514,0,0
1,6/2/50,14:32,0,0,0,nan,nan,nan,nan,nan,nan,nan,nan,nan,nan,nan,nan,nan,nan,7.983,18.728,0,0
1,6/2/50,14:33,0,0,0,nan,nan,nan,nan,nan,nan,nan,nan,nan,nan,nan,nan,nan,nan,15.081,9.493,0,0
1,6/2/50,14:34,0,0,0,nan,nan,nan,nan,nan,nan,nan,nan,nan,nan,0,0,0,0,16.277,20.092,50.433,0
1,6/2/50,14:35,0,0,0,nan,nan,nan,nan,nan,nan,nan,nan,nan,nan,0,0,68.847,0,20.557,47.791,0,0
1,6/2/50,14:36,0,0,0,nan,nan,nan,nan,nan,nan,nan,nan,nan,nan,0,0,46.186,0,21.696,11.86,0,0
1,6/2/50,14:37,0,0,0,nan,nan,nan,nan,nan,nan,nan,nan,nan,nan,0,0,45.24,0,7.511,34.177,0,0
1,6/2/50,14:38,0,0,0,nan,nan,nan,nan,nan,nan,nan,nan,nan,nan,0,75.396,32.576,0,9.19,9.408,0,0
1,6/2/50,14:39,0,0,0,nan,nan,nan,nan,nan,nan,nan,nan,nan,nan,0,23.62,0,0,7.904,6.791,6.386,0
1,6/2/50,14:40,0,0,0,nan,nan,nan,nan,nan,nan,nan,nan,nan,nan,0,0,0,0,9.544,15.25,20.267,0
1,6/2/50,14:41,0,0,0,nan,nan,nan,nan,nan,nan,nan,nan,nan,nan,0,0,0,88.646,35.972,32.829,15.188,0
1,6/2/50,14:42,0,0,0,nan,nan,nan,nan,nan,nan,nan,nan,nan,nan,0,0,0,0,19.737,35.568,0,0
1,6/2/50,14:43,0,0,0,nan,nan,nan,nan,nan,nan,nan,nan,nan,nan,0,0,0,0,12.655,22.814,0,0
1,6/2/50,14:44,0,0,0,nan,nan,nan,nan,nan,nan,nan,nan,nan,nan,0,0,0,20.894,18.922,63.153,0,0
1,6/2/50,14:45,0,28.166,0,nan,nan,nan,nan,nan,nan,nan,nan,nan,nan,0,0,0,24.776,40.423,13.866,0,0
1,6/2/50,14:46,0,33.045,0,nan,nan,nan,nan,nan,nan,nan,nan,nan,nan,0,0,0,14.393,28.943,8.995,27.777,0
1,6/2/50,14:47,0,0,0,nan,nan,nan,nan,14.315,0,17.038,nan,nan,nan,0,0,0,0,53.236,13.392,0,0
1,6/2/50,14:48,0,0,0,nan,nan,nan,nan,18.491,0,22.851,nan,nan,nan,0,0,0,0,4.879,23.806,0,0
1,6/2/50,14:49,0,0,0,nan,nan,nan,nan,4.154,0,117.749,nan,nan,nan,0,0,0,12.082,13.595,20.229,0,0
1,6/2/50,14:50,0,0,0,nan,nan,nan,nan,4.995,0,47.311,nan,nan,nan,0,0,0,33.234,12.007,5.944,0,0
1,6/2/50,14:51,0,0,0,nan,nan,nan,nan,8.529,0,17.157,nan,nan,nan,0,0,0,0,19.574,17.221,0,0
1,6/2/50,14:52,0,0,0,nan,nan,nan,nan,8.275,0,19.029,nan,nan,nan,0,0,0,0,7.835,27.742,0,0
1,6/2/50,14:53,0,0,0,nan,nan,nan,nan,5.574,0,0,nan,nan,nan,0,0,0,0,12.217,16.394,0.249,0
1,6/2/50,14:54,0,0,0,nan,nan,nan,nan,8.05,0,0,nan,nan,nan,0,0,0,0,6.572,49.867,17.701,0
1,6/2/50,14:55,0,0,0,nan,nan,nan,nan,9.448,0,8.015,nan,nan,nan,0,0,0,0,7.903,7.86,0,0
1,6/2/50,14:56,0,0,0,nan,nan,nan,nan,12.138,0,10.03,nan,nan,nan,0,17.387,0,0,7.087,6.214,19.495,0
1,6/2/50,14:57,0,0,0,nan,nan,nan,nan,8.908,0,0,nan,nan,nan,0,0,0,0,7.329,5.829,0,0
1,6/2/50,14:58,0,0,0,nan,nan,nan,nan,7.974,0,0,nan,nan,nan,0,41.927,0,0,14.441,5.233,0,0
1,6/2/50,14:59,0,19.562,0,nan,nan,nan,nan,4.803,0,0,nan,nan,nan,0,29.884,0,0,13.539,6.796,0,0
1,6/2/50,15:00,0,31.131,0,nan,nan,nan,nan,7.133,0,0,nan,nan,nan,0,0,0,0,11.49,16.997,0,0
1,6/2/50,15:01,0,3.266,0,nan,nan,nan,nan,7.137,0,9.626,nan,nan,nan,0,26.571,0,0,10.776,8.047,17.349,0
1,6/2/50,15:02,0,0,0,nan,nan,nan,nan,6.201,0,18.09,nan,nan,nan,0,0,0,0,62.091,17.119,0,0
1,6/2/50,15:03,0,0,0,nan,nan,nan,nan,5.079,0,0,nan,nan,nan,0,0,0,0,15.129,12.443,0,0
1,6/2/50,15:04,0,0,0,nan,nan,nan,nan,7.035,0,0,nan,nan,nan,0,0,0,0,19.431,13.993,48.73,0
1,6/2/50,15:05,0,0,0,nan,nan,nan,nan,11.617,0,0,nan,nan,nan,0,0,0,0,109.107,14.489,23.376,0
1,6/2/50,15:06,0,0,0,nan,nan,nan,nan,9.699,0,0,nan,nan,nan,0,0,0,0,13.73,10.784,0,0
1,6/2/50,15:07,0,0,0,nan,nan,nan,nan,4.173,0,0,nan,nan,nan,0,0,0,0,10.267,13.148,0,0
1,6/2/50,15:08,0,41.385,0,nan,nan,nan,nan,4.649,0,0,nan,nan,nan,0,0,0,0,12.004,15.069,0,0
1,6/2/50,15:09,0,0,0,nan,nan,nan,nan,8.633,0,0,nan,nan,nan,0,0,0,0,12.723,4.521,0,0
1,6/2/50,15:10,0,0,0,nan,nan,nan,nan,9.026,0,0,nan,nan,nan,0,0,0,0,10.236,12.486,0,0
1,6/2/50,15:11,0,0,0,nan,nan,nan,nan,4.141,0,0,nan,nan,nan,0,0,0,0,10.283,39.995,0,0
1,6/2/50,15:12,0,0,0,nan,nan,nan,nan,9.966,0,0,nan,nan,nan,0,0,0,0,7.002,15.067,0,0
1,6/2/50,15:13,0,0,0,nan,nan,nan,nan,10.391,0,0,nan,nan,nan,0,0,0,0,14.764,6.284,0,0
1,6/2/50,15:14,0,0,0,nan,nan,nan,nan,5.617,0,0,nan,nan,nan,0,0,0,0,19.907,23.357,0,0
1,6/2/50,15:15,0,0,0,nan,nan,nan,nan,6.056,0,92.71,nan,nan,nan,0,0,0,0,12.981,17.854,70.58,0
1,6/2/50,15:16,0,0,0,nan,nan,nan,nan,3.872,0,2.029,nan,nan,nan,0,0,0,65.21,10.123,13.947,0,0
1,6/2/50,15:17,0,0,0,nan,nan,nan,nan,6.396,0,0,nan,nan,nan,0,0,0,9.993,10.725,60.429,0,0
1,6/2/50,15:18,0,0,0,nan,nan,nan,nan,5.073,0,0,nan,nan,nan,0,0,0,0,10.262,3.973,0,0
1,6/2/50,15:19,0,0,0,nan,nan,nan,nan,4.289,0,0,nan,nan,nan,0,0,0,0,15.632,5.111,0,0
1,6/2/50,15:20,0,0,0,nan,nan,nan,nan,6.628,0,0,nan,nan,nan,0,0,0,0,30.567,4.292,0,0
1,6/2/50,15:21,0,0,0,nan,nan,nan,nan,5.01,0,0,nan,nan,nan,0,0,0,0,33.502,5.518,50.678,0
1,6/2/50,15:22,0,0,0,nan,nan,nan,nan,7.645,0,0,nan,nan,nan,0,0,0,0,11.927,3.576,97.479,0
1,6/2/50,15:23,0,0,0,nan,nan,nan,nan,15.005,0,28.642,nan,nan,nan,0,0,0,0,20.894,4.487,52.932,0
1,6/2/50,15:24,0,10.119,0,nan,nan,nan,nan,16.203,0,40.848,nan,nan,nan,0,0,0,0,15.335,4.96,7.494,0
1,6/2/50,15:25,0,30.788,0,nan,nan,nan,nan,7.367,0,0,nan,nan,nan,0,0,0,0,17.434,3.083,7.048,0
1,6/2/50,15:26,0,0,19.171,nan,nan,nan,nan,4.501,0,0,nan,nan,nan,0,0,0,0,27.115,3.418,5.472,0
1,6/2/50,15:27,0,0,9.205,nan,nan,nan,nan,5.438,0,0,nan,nan,nan,0,0,0,0,12.768,2.999,5.948,0
1,6/2/50,15:28,0,0,7.743,nan,nan,nan,nan,6.562,0,0,nan,nan,nan,0,0,0,0,13.599,3.421,8.305,0
1,6/2/50,15:29,0,0,6.756,nan,nan,nan,nan,6.398,0,0,nan,nan,nan,0,0,0,0,12.472,6.058,24.466,0
1,6/2/50,15:30,0,0,16.539,nan,nan,nan,nan,11.06,0,0,nan,nan,nan,0,0,0,0,0,3.088,9.796,0
1,6/2/50,15:31,0,0,152.006,nan,nan,nan,nan,9.726,0,0,nan,nan,nan,0,0,0,0,20.512,2.73,17.156,0
1,6/2/50,15:32,0,0,17.384,nan,nan,nan,nan,6.035,0,0,nan,nan,nan,0,0,0,0,0,3.005,12.789,0
1,6/2/50,15:33,0,0,27.374,42.436,124.286,53.488,0,11.917,0,0,nan,nan,nan,0,0,0,0,0,3.278,13.36,0
1,6/2/50,15:34,0,0,0,84.394,36.492,63.776,53.218,5.025,0,0,nan,nan,nan,21.88,0,0,0,0,3.3,14.334,0
1,6/2/50,15:35,0,0,37.821,21.82,68.526,111.899,0,4.603,0,0,nan,nan,nan,15.509,0,0,0,0,3.009,9.74,0
1,6/2/50,15:36,0,0,24.878,0,136.295,30.27,54.705,4.54,0,0,nan,nan,nan,32.402,0,0,0,0,5.068,5.177,0
1,6/2/50,15:37,0,0,9.764,10.524,57.295,36.413,0,6.594,0,0,nan,nan,nan,0,0,0,0,0,3.899,7.605,0
1,6/2/50,15:38,0,0,60.448,0,0,137.585,0,6.37,0,15.788,21.371,52.359,65.087,0,0,0,0,0,4.116,8.406,0
1,6/2/50,15:39,0,0,33.275,0,39.521,0,0,10.645,0,64.716,12.133,107.034,2.084,22.191,0,0,0,0,4.46,8.22,0
1,6/2/50,15:40,0,0,9.609,0,8.326,2.367,0,18.548,0,32.61,66.206,33.829,0,32.417,0,0,0,0,4.46,9.183,0
1,6/2/50,15:41,0,0,8.744,0,64.814,10.298,0,25.345,54.974,0,75.933,16.446,0,0,0,0,0,0,4.664,13.439,0
1,6/2/50,15:42,0,0,4.745,0,77.128,37.555,0,9.75,0,0,43.99,0,24.176,0,0,0,0,0,3.901,6.444,0
1,6/2/50,15:43,0,0,6.625,0,87.934,6.343,0,3.697,18.203,0,20.515,0,0,0,0,0,0,0,3.539,5.447,0
1,6/2/50,15:44,0,0,4.597,0,11.993,35.738,0,4.237,49.844,0,7.047,0,0,0,0,0,0,0,3.114,4.188,0
1,6/2/50,15:45,0,0,5.622,0,18.143,65.376,0,5.056,0,0,8.933,0,0,0,0,0,0,0,3.356,4.477,0
1,6/2/50,15:46,0,0,5.214,0,9.227,7.836,0,4.955,0,0,10.505,0,0,0,0,0,0,0,3.223,4.505,0
1,6/2/50,15:47,180.816,0,5.608,0,20.567,15.798,0,4.979,0,0,47.814,0,0,0,0,0,0,0,3.53,5.192,0
1,6/2/50,15:48,52.999,0,5.66,0,63.602,23.982,0,4.064,0,0,16.384,0,0,0,0,0,0,0,3.888,10.348,0
1,6/2/50,15:49,45.391,0,5.287,0,38.579,7.598,0,4.427,0,0,17.275,0,0,0,0,0,0,0,6.885,4.653,0
1,6/2/50,15:50,115.265,0,4.928,0,10.702,10.285,0,14.219,0,0,10.448,0,0,0,0,0,0,0,3.927,4.227,0
1,6/2/50,15:51,38.647,0,10.498,6.044,92.632,6.081,0,7.737,0,0,19.169,0,0,0,0,0,0,0,3.757,5.024,0
1,6/2/50,15:52,95.487,0,18.909,0,26.869,4.982,0,9.494,19.634,0,24.806,0,0,0,0,0,0,0,3.308,4.24,0
1,6/2/50,15:53,12.471,0,16.957,0,11.608,7.364,0,11.162,0,0,22.164,0,0,0,0,0,0,0,3.52,5.079,0
1,6/2/50,15:54,18.348,0,15.768,0,19.633,53.703,0,8.122,15.087,0,23.624,0,0,0,0,0,0,0,3.05,4.898,0
1,6/2/50,15:55,44.014,0,20.275,0,12.505,4.077,0,7.137,0,0,10.775,0,0,0,0,0,0,0,3.299,5.594,0
1,6/2/50,15:56,17.039,0,21.999,0,5.792,16.035,0,6.247,0,0,108.42,0,0,0,0,0,0,0,5.889,9.23,0
1,6/2/50,15:57,53.431,0,17.38,0,10.86,29.574,0,6.622,0,0,13.347,23.4,0,0,0,0,0,0,9.398,13.053,0
1,6/2/50,15:58,2.564,0,7.925,0,13.738,18.827,0,7.74,0,0,14.079,36.026,0,0,0,0,0,0,4.082,16.168,0
1,6/2/50,15:59,0,0,5.951,0,11.159,5.252,0,7.74,0,0,15.714,0,0,0,0,0,0,0,4.711,17.742,0
1,6/2/50,16:00,0,0,10.977,0,13.383,30.101,0,8.065,0,0,30.242,0,0,0,0,0,0,0,4.922,7.981,0
1,6/2/50,16:01,18.776,0,4.366,0,9.606,9.321,0,8.455,0,8.621,10.176,0,0,0,0,0,0,0,5.011,6.448,0
1,6/2/50,16:02,0,0,4.335,0,12.331,6.422,0,9.323,0,0,29.811,0,0,0,0,0,0,0,5.691,11.428,0
1,6/2/50,16:03,0,0,7.957,0,6.98,6.101,0,7.823,0,19.207,10.144,0,0,0,0,0,0,0,7.097,17.346,0
1,6/2/50,16:04,0,0,6.262,0,15.46,6.513,0,5.589,4.288,23.048,10.853,0,0,0,0,0,0,0,26.221,18.468,0
1,6/2/50,16:05,0,0,4.441,0,15.004,7.533,0,4.31,0,39.807,14.296,0,0,0,0,0,0,0,28.645,18.914,0
1,6/2/50,16:06,0,0,3.926,0,9.198,81.622,0,4.851,0,0,11.692,0,0,0,0,0,0,0,32.912,26.95,0
1,6/2/50,16:07,0,0,4.477,0,7.257,23.803,0,4.148,0,0,8.107,0,0,0,0,0,0,0,74.961,107.209,0
1,6/2/50,16:08,0,0,7.049,0,21.906,5.39,0,4.296,0,0,13.015,0,0,0,0,0,0,0,0,34.326,0
1,6/2/50,16:09,0,0,3.711,0,71.5,8.81,0,4.17,0,0,30.704,0,0,0,0,0,0,0,0,25.609,0
1,6/2/50,16:10,0,0,6.813,0,10.089,5.586,0,4.067,0,0,46.076,0,0,0,0,0,0,0,0,0,0
1,6/2/50,16:11,0,0,4.85,0,6.664,7.287,0,4.704,0,7.94,29.211,0,0,0,0,0,0,36.605,0,0,0
1,6/2/50,16:12,0,0,10.987,0,7.713,27.754,0,4.51,0,35.391,47.601,0,0,0,0,0,0,102.221,41.549,0,0
1,6/2/50,16:13,0,0,4.438,0,6.5,14.531,0,4.967,0,0,9.781,0,0,0,0,0,0,25.953,8.712,0,0
1,6/2/50,16:14,0,0,4.416,0,8.15,10.734,0,11.07,0,0,7.903,0,0,0,0,0,0,21.275,7.577,0,0
1,6/2/50,16:15,0,0,6.722,0,27.14,13.635,0,8.205,0,0,12.601,0,0,0,0,0,0,27.682,6.947,0,0
1,6/2/50,16:16,0,0,9.576,0,7.662,6.419,0,6.137,0,0,20.171,0,0,0,0,0,0,0,48.281,0,0
1,6/2/50,16:17,0,0,14.038,0,11.717,10.738,0,4.636,0,0,11.698,0,0,0,0,0,0,0,46.978,0,20.236
1,6/2/50,16:18,0,0,22.452,0,11.921,6.843,0,5.739,0,0,17.034,0,0,0,0,0,0,0,20.167,0,15.236
1,6/2/50,16:19,0,0,20.335,0,15.158,16.839,0,5.312,0,0,12.557,0,0,0,0,0,0,0,17.582,0,2.763
1,6/2/50,16:20,0,0,28.452,0,7.51,47.634,0,4.731,0,0,11.1,0,0,0,0,0,0,0,64.502,0,7.973
1,6/2/50,16:21,0,0,31.096,0,7.719,25.557,0,4.183,0,0,16.58,0,0,0,0,0,0,0,21.989,0,38.216
1,6/2/50,16:22,0,0,24.347,0,8.467,6.575,0,4.907,0,0,13.912,0,0,0,0,0,0,0,0,0,23.171
1,6/2/50,16:23,0,0,25.449,0,26.599,5.363,0,5.057,0,0,18.937,0,0,0,0,0,0,0,0,0,29.03
1,6/2/50,16:24,0,0,5.961,0,7.764,5.878,0,5.51,0,50.844,4.924,0,0,0,0,0,0,26.027,5.316,0,31.666
1,6/2/50,16:25,0,0,17.245,0,4.658,4.995,0,4.924,0,0,5.832,0,0,0,0,0,0,56.15,20.997,0,0
1,6/2/50,16:26,0,0,36.528,0,4.072,27.772,0,3.858,0,0,11.973,0,0,0,0,0,0,16.293,18.61,0,0
1,6/2/50,16:27,0,0,27.18,0,44.527,4.858,0,3.856,0,0,19.886,0,0,0,0,0,0,15.989,10.822,0,0
1,6/2/50,16:28,0,0,29.968,0,28.831,7.859,0,3.459,0,0,9.356,0,0,0,0,0,0,12.635,25.336,0,0
1,6/2/50,16:29,0,0,35.052,0,27.224,8.067,0,3.628,0,28.865,14.52,0,0,0,0,0,0,11.677,27.38,0,0
1,6/2/50,16:30,0,0,59.271,0,8.32,7.77,0,5.435,0,18.441,14.895,0,0,0,0,0,0,0.191,19.869,0,0
1,6/2/50,16:31,0,0,12.624,0,12.782,10.951,0,6.051,0,0,51.606,0,0,0,0,0,0,48.599,25.232,0,0
1,6/2/50,16:32,0,0,33.533,0,7.731,49.698,0,5.768,0,22.394,28.984,0,0,0,0,0,0,49.672,14.909,0,15.878
1,6/2/50,16:33,0,0,8.826,0,8.095,0,0,4.946,0,27.74,26.691,0,0,0,0,0,0,22.578,4.398,0,0
1,6/2/50,16:34,0,0,63.795,0,44.236,0,0,4.852,0,0,13.751,0,0,0,0,0,0,21.506,4.287,0,0
1,6/2/50,16:35,0,0,110.035,0,84.917,0,0,4.708,0,17.308,13.928,0,0,0,0,0,0,22.264,4.008,0,0
1,6/2/50,16:36,0,0,55.204,4.713,6.221,0,0,4.688,0,26.097,15.18,0,0,0,0,0,0,30.835,4.174,0,0
1,6/2/50,16:37,0,0,25.169,0,9.367,0,0,2.671,0,11.935,19.242,0,0,0,0,0,0,22.028,4.712,0,0
1,6/2/50,16:38,0,0,22.753,0,15.167,0,0,3.289,0,23.662,0,0,0,0,0,0,0,41.05,3.949,0,0
1,6/2/50,16:39,0,0,33.303,0,9.662,0,0,2.985,0,6.152,17.182,0,0,0,0,0,0,32.788,4.219,0,0
1,6/2/50,16:40,0,0,24.193,37.67,10.415,0,66.182,4.274,0,18.779,0,0,0,0,0,0,0,27.961,4.705,0,0
1,6/2/50,16:41,0,0,10.865,0,6.513,0,44.16,4.415,0,15.703,0,0,0,0,0,0,0,22.432,5.31,0,0
1,6/2/50,16:42,0,0,14.157,0,6.527,0,0,3.569,0,0,0,0,0,0,0,0,0,24.614,4.8,0,0
1,6/2/50,16:43,0,0,12.88,37.239,20.987,0,0,9.893,0,16.418,0,0,0,0,0,0,0,30.677,4.398,0,0
1,6/2/50,16:44,0,0,13.45,0,19.676,0,0,17.412,0,68.165,0,0,0,0,0,0,0,21.74,4.876,0,0
1,6/2/50,16:45,0,0,4.202,0,13.835,0,0,4.002,0,0,0,0,0,0,0,0,0,23.838,4.041,0,0
1,6/2/50,16:46,0,0,2.929,0,6.965,0,0,5.206,0,0,0,0,0,0,0,0,0,17.166,3.33,0,0
1,6/2/50,16:47,0,0,3.516,0,16.75,0,0,2.965,0,0,22.517,0,0,0,0,0,0,24.349,7.125,0,0
1,6/2/50,16:48,0,0,3.821,0,7.605,0,0,4.474,0,28.101,38.085,0,0,0,27.094,0,0,67.3,4.828,0,0
1,6/2/50,16:49,0,0,4.155,0,13.41,0,0,7.206,0,6.664,6.424,0,0,0,0,0,0,0,4.942,0,0
1,6/2/50,16:50,0,0,3.269,0,21.059,0,0,10.951,0,0,6.819,0,0,0,0,0,0,0.172,3.33,0,0
1,6/2/50,16:51,0,0,3.839,0,0,0,0,2.638,0,20.015,6.955,0,0,0,0,0,0,0,3.854,0,0
1,6/2/50,16:52,0,0,3.646,0,0,0,0,3.214,0,43.395,6.408,0,0,0,0,0,0,41.947,2.848,0,0
1,6/2/50,16:53,0,0,3.698,0,31.428,0,25.53,4.745,0,0,6.607,0,0,0,84.546,0,0,46.897,4.516,0,0
1,6/2/50,16:54,0,0,3.654,0,13.07,0,0,10.005,0,0,5.904,0,0,0,0,0,0,20.076,4.419,0,0
1,6/2/50,16:55,0,0,2.844,0,16.626,0,0,6.696,0,0,6.15,0,0,0,0,0,0,23.666,3.777,0,0
1,6/2/50,16:56,0,0,3.121,0,6.535,0,12.47,9.537,0,0,32.545,51.216,0,0,0,0,0,28.016,4.524,0,0
1,6/2/50,16:57,0,0,3.138,67.845,15.541,0,24.795,4.613,0,0,27.617,71.752,0,0,0,0,0,25.223,2.74,0,0
1,6/2/50,16:58,0,0,4.703,0,9.016,37.439,12.073,8.74,0,0,8.993,40.122,0,0,0,0,0,20.534,5.434,0,0
1,6/2/50,16:59,0,0,4.058,0,27.212,20.585,6.779,4.631,0,0,14.1,29.588,0,0,0,0,30.382,26.06,4.147,0,0
1,6/2/50,17:00,0,0,3.817,0,28.402,7.71,19.21,9.695,0,0,50.504,0,0,0,0,0,3.521,23.584,3.89,0,0
1,6/2/50,17:01,0,0,3.948,0,10.863,21.629,0,7.854,0,0,12.799,0,0,0,0,0,8.669,21.511,3.52,0,0
1,6/2/50,17:02,0,0,4.107,0,5.622,11.985,0,6.597,0,0,6.714,0,0,0,0,0,54.811,22.009,3.318,0,0
1,6/2/50,17:03,0,0,5.174,0,31.493,29.184,0,5.203,0,0,15.628,0,0,0,0,0,0,21.931,3.441,0,0
1,6/2/50,17:04,0,0,3.697,39.09,8.732,38.96,0.968,16.25,0,0,17.635,0,0,0,0,0,0,25.384,3.042,0,0
1,6/2/50,17:05,0,0,3.851,6.579,11.408,13.367,53.262,14.643,0,0,8.64,0,0,0,0,0,0,20.557,4.469,0,0
1,6/2/50,17:06,0,0,3.542,7.35,8.511,12.495,11.895,14.716,0,0,31.474,0,0,0,0,0,0,20.243,5.344,0,0
1,6/2/50,17:07,0,0,3.46,5.972,9.281,20.437,30.246,5.227,0,0,14.926,0,0,0,0,0,0,28.334,3.944,0,0
1,6/2/50,17:08,0,0,3.911,18.017,13.559,18.292,15.283,6.05,0,0,5.708,0,0,20.031,0,0,0,22.998,3.211,0,0
1,6/2/50,17:09,0,0,4.523,17.548,7.168,24.264,14.726,6.797,0,0,6.66,0,0,0.31,0,0,0,25.257,4.283,0,0
1,6/2/50,17:10,0,0,3.101,0,8.065,20.044,18.961,5.643,0,0,5.883,0,0,0,0,0,0,23.478,3.398,0,0
1,6/2/50,17:11,0,0,4.135,0,8.31,47.11,17.894,10.282,0,0,7.407,20.775,0,17.818,0,0,0,22.647,3.857,0,0
1,6/2/50,17:12,0,0,3.365,0,8.041,57.499,25.012,5.772,0,0,6.278,0,0,0,0,0,0,8.382,7.168,0,0
1,6/2/50,17:13,0,0,7.962,55.058,7.025,30.863,33.054,15.015,0,0,6.745,0,0,0,0,0,0,6.989,15.959,0,0
1,6/2/50,17:14,0,0,8.509,0,6.488,0.89,2.919,8.327,0,0,6.55,0,0,0,0,0,0,5.359,26.924,0,0
1,6/2/50,17:15,0,0,9.105,4.946,7.982,62.482,0,6.96,0,0,6.282,0,0,0,0,0,0,4.684,28.127,0,0
1,6/2/50,17:16,0,0,4.934,0,18.98,9.634,20.3,6.741,17.866,0,7.54,10.205,0,0,0,0,0,22.496,15.639,0,0
1,6/2/50,17:17,0,0,3.717,3.983,0,68.244,9.091,6.101,0,0,6.622,7.689,0,0,0,0,0,0,0,0,0
1,6/2/50,17:18,0,0,13.003,38.475,30.833,24.173,20.828,5.779,17.561,0,5.272,12.68,0,0,0,0,0,0,0,0,0
1,6/2/50,17:19,0,0,12.694,0,10.534,17.3,0,4.43,0,0,8.518,12.673,0,0,0,0,0,0,0,0,0
1,6/2/50,17:20,0,0,4.851,0,7.235,29.407,0,9.031,0,0,6.171,15.701,0,0,0,0,0,0,0,0,0
1,6/2/50,17:21,0,0,4.552,0,8.457,35.844,0,19.093,0,0,8.893,16.593,0,0,0,0,0,0,0,0,0
1,6/2/50,17:22,0,0,4.578,0,10.574,17.472,0,15.492,17.191,0,7.961,0,0,0,0,0,0,0,0,0,0
1,6/2/50,17:23,0,0,12.802,0,13.531,18.045,0,13.105,26.882,0,6.605,0,48.065,0,0,0,0,0,0,0,0
1,6/2/50,17:24,0,0,5.857,0,9.301,34.249,0,9.944,0,0,31.417,0,30.011,0,0,0,0,0,0,0,0
1,6/2/50,17:25,0,0,4.775,0,10.826,70.484,0,5,0,20.655,20.086,16.928,22.809,0,0,0,0,0,0,0,0
1,6/2/50,17:26,0,0,3.452,0,15.296,13.165,0,5.911,0,0,9.404,0,23.168,0,0,0,0,0,0,0,0
1,6/2/50,17:27,0,0,14.873,0,18.172,13.392,0,6.148,0,19.93,17.46,0,29.746,0,0,0,0,0,0,0,0
1,6/2/50,17:28,0,0,18.706,0,14.532,7.734,0,7.612,0,0,8.339,0,4.483,0,0,0,0,0,0,0,0
1,6/2/50,17:29,0,0,22.691,0,21.493,12.994,0,4.828,0,0,54.795,0,0,0,0,0,0,0,0,0,0
1,6/2/50,17:30,0,0,32.911,0,0,18.516,0,3.763,0,0,6.498,0,70.613,0,0,0,0,0,0,0,0
1,6/2/50,17:31,0,0,39.046,0,0,51.352,0,6.914,0,0,7.428,0,41.634,0,0,0,0,0,0,0,0
1,6/2/50,17:32,0,0,32.72,0,0,61.946,0,13.597,0,0,7.425,0,5.946,0,0,0,0,0,0,0,0
1,6/2/50,17:33,0,0,49.624,0,31.171,69.637,0,5.298,0,0,9.546,0,7.079,0,13.138,0,0,0,0,0,0
1,6/2/50,17:34,0,0,3.437,0,10.67,15.192,0,5,0,0,50.926,0,5.394,0,0,0,0,0,0,0,0
1,6/2/50,17:35,0,0,0,0,17.808,9.502,0,14.018,0,0,23.63,0,10.003,0,0,0,0,0,0,0,0
1,6/2/50,17:36,0,0,41.737,0,6.777,4.651,0,9.448,0,0,25.118,0,0,0,0,0,0,0,0,0,0
1,6/2/50,17:37,0,0,30.523,0,7.829,7.073,0,5.495,0,0,21.046,0,6.954,0,0,0,0,0,0,0,0
1,6/2/50,17:38,0,0,10.865,0,8.858,7.453,0,13.283,0,0,21.764,0,0,0,0,0,0,0,0,0,0
1,6/2/50,17:39,0,0,4.843,0,15.309,38.474,0,5.957,0,0,19.774,0,0,0,0,0,0,0,0,0,0
1,6/2/50,17:40,0,0,9.915,0,0,7.58,0,5.449,0,0,57.258,0,0,0,0,0,0,0,0,0,0
1,6/2/50,17:41,0,0,3.95,0,0,23.602,0,8.301,0,0,16.173,0,0,0,0,0,0,0,0,0,0
1,6/2/50,17:42,0,0,6.856,0,19.607,66.892,0,10.902,0,0,20.337,0,0,0,0,0,0,0,0,0,0
1,6/2/50,17:43,0,0,7.418,0,13.254,19.121,0,27.384,0,0,7.947,0,0,0,0,0,0,0,0,0,0
1,6/2/50,17:44,0,0,3.93,0,4.503,7.953,0,13.898,0,0,5.5,0,0,0,0,0,0,0,0,0,0
1,6/2/50,17:45,0,35.721,3.6,0,10.121,5.655,0,13.689,0,0,7.92,0,0,0,0,0,0,0,0,0,0
1,6/2/50,17:46,0,26.769,3.932,0,7.23,3.454,0,21.7,0,0,4.26,0,0,0,0,0,0,0,0,0,0
1,6/2/50,17:47,0,26.931,3.53,0,5.07,3.629,0,31.54,0,0,3.948,0,0,0,0,21.109,0,0,0,0,0
1,6/2/50,17:48,0,21.738,4.562,0,7.365,4.784,0,7.951,0,0,3.966,0,0,0,0,0,0,0,0,0,0
1,6/2/50,17:49,0,45.533,3.825,0,4.488,4.57,0,19.28,0,0,4.45,0,0,0,0,72.263,0,0,0,0,0
1,6/2/50,17:50,0,147.921,3.768,0,3.165,5.642,0,36.102,0,0,4.438,0,0,0,0,97.624,0,0,0,0,0
1,6/2/50,17:51,0,104.575,3.232,0,4.737,5.336,0,18.957,0,0,6.335,0,0,0,0,88.361,0,0,0,0,0
1,6/2/50,17:52,0,68.675,5.799,0,3.973,8.023,0,13.621,0,0,5.613,0,0,0,0,160.789,0,0,0,0,0
1,6/2/50,17:53,0,0,4.118,0,4.354,15.232,0,0,0,0,5.158,0,0,0,0,143.034,0,0,0,0,0
1,6/2/50,17:54,0,0,4.41,0,4.239,4.781,0,0,0,0,4.932,0,0,0,0,108.476,0,0,0,0,0
1,6/2/50,17:55,0,0,3.3,0,4.528,4.317,0,21.742,0,0,4.783,0,0,0,0,34.166,0,0,0,0,0
1,6/2/50,17:56,0,0,4.159,0,3.987,8.704,0,9.921,0,0,9.313,0,0,0,0,9.368,0,0,0,0,0
1,6/2/50,17:57,0,0,6.389,0,5.316,15.097,0,7.963,0,0,20.817,0,0,0,0,0,0,0,0,0,0
1,6/2/50,17:58,0,0,4.456,0,5.459,9.645,0,29.491,0,38.276,10.012,0,0,0,0,15.786,0,0,0,0,0
1,6/2/50,17:59,0,0,4.016,0,5.224,5.129,0,17.27,0,22.781,9.487,0,0,0,76.907,0,0,0,0,0,0
1,6/2/50,18:00,0,0,4.853,0,6.222,4.543,0,23.92,0,0,13.123,0,0,0,0,0,0,0,0,0,0
1,6/2/50,18:01,0,0,4.814,0,6.198,4.967,0,33.749,0,103.585,12.56,0,0,0,0,0,0,0,0,0,0
1,6/2/50,18:02,0,0,5.262,0,7.804,7.907,0,0,0,45.026,19.137,0,0,20.825,17.331,0,0,0,0,0,0
1,6/2/50,18:03,0,0,3.527,0,6.174,7.774,0,26.21,0,0,24.354,0,0,0,0,0,0,0,0,0,0
1,6/2/50,18:04,0,0,4.384,0,6.112,10.445,0,5.402,0,0,25.662,0,0,0,0,0,0,0,0,0,0
1,6/2/50,18:05,0,0,21.766,112.231,8.187,8.598,0,45.97,0,0,23.664,0,0,0,0,0,0,0,0,0,0
1,6/2/50,18:06,0,0,32.652,21.221,3.795,11.069,0,0,0,15.165,60.572,0,0,3.498,0,0,0,0,0,0,0
1,6/2/50,18:07,0,0,41.952,37.837,7.258,9.234,0,0,0,15.559,76.069,0,0,0,0,0,0,0,0,0,0
1,6/2/50,18:08,0,0,36.316,30.581,7.044,7.43,0,0,0,0,30.243,0,0,160.663,0,0,0,0,0,0,0
1,6/2/50,18:09,0,0,37.603,11.468,2.754,7.571,0,87.141,47.298,88.135,0,0,0,84.072,0,0,94.248,0,0,0,0
1,6/2/50,18:10,0,0,28.866,0,3.652,7.32,0,64.192,0,69.694,0,0,0,31.72,0,0,40.446,0,0,0,0
1,6/2/50,18:11,0,0,28.604,0,4.239,14.181,0,65.203,0,36.834,0,0,0,36.689,24.774,0,14.32,0,0,0,0
1,6/2/50,18:12,0,0,33.745,0,6.245,15.039,0,0,0,0,154.139,0,0,32.565,72.664,0,28.659,0,0,0,0
1,6/2/50,18:13,0,0,33.944,0,10.253,31.153,0,65.64,0,101.116,11.075,0,0,68.853,87.182,0,21.224,0,0,0,0
1,6/2/50,18:14,0,0,66.643,17.034,9.924,45.894,0,4.826,0,39.925,113.987,0,0,58.784,101.088,0,49.263,0,0,0,0
1,6/2/50,18:15,0,0,40.289,0,26.556,112.051,0,7.208,0,52.118,68.346,0,0.592,48.897,40.479,0,21.519,0,0,0,0
1,6/2/50,18:16,0,0,31.022,0,6.87,70.606,0,5.975,0,48.596,15.258,0,0,0,56.652,0,54.975,0,0,0,0
1,6/2/50,18:17,0,0,10.69,0,3.414,58.417,0,4.83,0,73.304,15.881,0,0,0,114.124,0,13.497,0,0,0,0
1,6/2/50,18:18,0,0,88.359,0,11.756,2.987,0,4.006,0,55.444,18.17,0,0,0,0,0,0,0,0,0,0
1,6/2/50,18:19,0,0,109.099,0,5.249,0,0,5.33,0,90.488,17.044,0,0,0,0,0,0,0,0,0,0
1,6/2/50,18:20,0,0,19.956,57.175,5.203,0.281,0,108.938,0,31.743,12.405,0,0,0,34.976,0,15.103,0,0,0,0
1,6/2/50,18:21,0,0,17.828,53.718,3.665,29.365,0,35.24,0,0,6.742,0,0,0,55.718,0,40.398,0,0,0,0
1,6/2/50,18:22,0,0,13.455,0,3.374,83.814,0,4.687,0,0,13.189,0,0,0,29.722,0,131.203,0,0,0,0
1,6/2/50,18:23,0,0,43.123,0,4.132,29.743,0,5.208,0,46.639,8.233,0,0,0,86.741,0,21.166,0,0,0,0
1,6/2/50,18:24,0,0,36.275,36.086,3.659,23.902,0,4.305,0,0,6.432,0,0,0,63.992,0,0,0,0,0,0
1,6/2/50,18:25,0,0,42.15,19.47,6.149,9.966,0,3.688,35.952,0,4.889,0,0,0,0,0,0,0,0,0,0
1,6/2/50,18:26,0,0,70.396,19.038,4.242,13.345,0,3.746,23.945,0,5.126,0,0,0,0,0,0,0,0,0,0
1,6/2/50,18:27,0,0,37.328,24.115,4.839,15.552,0,5.248,0,0,3.356,0,0,0,0,0,0,0,0,0,0
1,6/2/50,18:28,0,0,32.766,27.55,7.599,15.167,0,4.968,0,0,5.318,0,0,0,0,0,0,0,0,0,0
1,6/2/50,18:29,0,0,32.611,22.647,5.108,21.248,0,4.557,0,0,5.012,0,0,0,0,0,0,0,0,0,0
1,6/2/50,18:30,36.77,0,42.407,9.372,13.715,9.102,0,4.099,0,0,4.895,0,0,0,0,0,0,0,0,0,0
1,6/2/50,18:31,128.401,0,39.017,11.217,22.638,12.997,75.807,4.016,17.908,0,7.926,0,0,0,0,0,0,0,0,0,0
1,6/2/50,18:32,33.211,0,32.243,28.68,17.067,6.453,9.318,5.098,15.984,0,6.561,0,0,0,0,0,0,0,0,0,0
1,6/2/50,18:33,0,0,26.43,0,4.16,6.332,36.384,6.947,31.999,0,5.613,0,0,0,0,0,0,0,0,0,0
1,6/2/50,18:34,4.602,0,25.603,0,2.832,6.752,26.936,5.337,21.542,0,5.346,0,0,0,0,0,0,0,0,0,0
1,6/2/50,18:35,17.5,0,20.131,0,7.114,8.821,60.169,5.754,28.962,0,5.077,0,0,0,0,0,0,0,0,0,0
1,6/2/50,18:36,0,0,11.222,0,5.068,8.841,60.596,5.441,17.616,0,4.639,0,0,0,0,0,0,0,0,0,0
1,6/2/50,18:37,5.704,0,5.684,0,4.938,23.079,0,4.002,36.159,0,4.97,0,0,0,0,0,0,0,0,0,0
1,6/2/50,18:38,38.431,31.685,3.984,0,3.761,9.507,0,5.53,0,0,6.415,0,0,0,0,0,0,0,0,0,0
1,6/2/50,18:39,148.909,21.375,4.454,6.641,3.884,3.41,27.82,8.831,0,0,6.06,0,0,0,0,0,0,0,0,0,0
1,6/2/50,18:40,0,22.205,4.499,0,4.775,5.908,0,5.718,0,0,4.867,0,0,0,0,0,0,0,0,0,0
1,6/2/50,18:41,0,21.236,4.172,0,3.824,4.023,0,9.889,0,0,5.022,0,0,0,0,0,0,0,0,0,0
1,6/2/50,18:42,0,32.787,4.121,0,3.772,7.69,0,7.852,0,0,4.701,0,0,0,0,0,0,0,0,0,0
1,6/2/50,18:43,0,8.33,3.648,0,2.872,18.269,0,11.578,0,0,5.568,0,0,0,0,0,0,0,0,0,0
1,6/2/50,18:44,0,109.142,6.59,0,3.91,8.836,0,9.474,0,0,8.322,0,0,0,0,0,0,0,0,0,0
1,6/2/50,18:45,0,155.029,4.245,0,21.454,5.635,0,4.852,0,0,6.636,0,0,0,0,0,0,nan,nan,nan,nan
1,6/2/50,18:46,0,160.684,4.44,0,7.801,7.516,0,51.107,0,0,7.912,0,0,0,0,0,0,nan,nan,nan,nan
1,6/2/50,18:47,0,37.826,3.932,0,11.045,3.928,0,60.071,0,0,6.483,0,0,0,0,0,0,nan,nan,nan,nan
1,6/2/50,18:48,0,202.291,2.9,0,10.282,5.431,0,5.688,0,0,5.593,0,0,0,0,0,0,nan,nan,nan,nan
1,6/2/50,18:49,0,104.326,7.938,0,14.343,5.547,0,6.98,0,0,6.374,0,0,0,0,0,0,nan,nan,nan,nan
1,6/2/50,18:50,0,58.032,9.344,0,6.203,14.941,0,3.785,0,0,11.577,0,0,0,0,18.185,0,nan,nan,nan,nan
1,6/2/50,18:51,0,97.345,15.051,0,4.914,13.942,0,6.797,0,0,27.121,0,0,0,0,1.217,0,nan,nan,nan,nan
1,6/2/50,18:52,0,25.807,4.89,0,5.681,19.412,0,6.921,0,0,16.191,0,0,0,0,15.69,0,nan,nan,nan,nan
1,6/2/50,18:53,0,25.339,12.265,0,5.053,7.385,0,7.521,0,0,18.855,0,0,0,0,0,0,nan,nan,nan,nan
1,6/2/50,18:54,0,20.238,36.321,0,4.84,10.186,0,7.134,0,0,23.065,18.731,0,0,0,0,0,nan,nan,nan,nan
1,6/2/50,18:55,0,28.426,50.082,0,4.73,13.697,0,4.372,0,0,21.443,2.269,0,18.497,0,0,0,nan,nan,nan,nan
1,6/2/50,18:56,0,70.826,16.996,0,3.033,17.235,0,6.066,0,0,24.547,0,0,0,0,0,0,nan,nan,nan,nan
1,6/2/50,18:57,0,96.426,13.679,0,4.09,20.896,0,5.998,0,0,11.953,0,0,0,0,0,0,nan,nan,nan,nan
1,6/2/50,18:58,0,0,15.694,0,14.247,27.899,0,7.684,0,0,9.411,0,0,0,0,0,0,nan,nan,nan,nan
1,6/2/50,18:59,0,0,66.962,0,8.587,29.897,0,4.549,0,0,10.086,0,0,18.047,0,0,0,nan,nan,nan,nan
1,6/2/50,19:00,0,71.562,78.829,0,2.731,16.329,0,4.364,0,0,8.067,0,0,0,0,0,0,nan,nan,nan,nan
1,6/2/50,19:01,0,160.781,83.189,0,3.532,45.445,0,6.04,0,0,19.795,17.05,0,0,0,0,0,nan,nan,nan,nan
1,6/2/50,19:02,0,0,92.653,0,6.505,23.975,0,2.098,0,0,10.05,0,0,0,0,0,0,nan,nan,nan,nan
1,6/2/50,19:03,0,0,61.222,0,4.324,16.644,0,0,0,0,5.466,0,0,0,0,0,0,nan,nan,nan,nan
1,6/2/50,19:04,0,46.52,23.644,0,3.234,19.805,0,0,0,0,8.257,0,0,0,0,0,0,nan,nan,nan,nan
1,6/2/50,19:05,0,26.579,0,0,3.29,16.743,0,35.461,0,0,18.261,0,0,0,0,0,0,nan,nan,nan,nan
1,6/2/50,19:06,0,8.492,0,0,3.848,16.209,0,67.481,0,0,17.665,0,0,0,0,0,0,nan,nan,nan,nan
1,6/2/50,19:07,0,8.32,0,0,3.829,12.813,0,11.327,0,0,13.412,0,0,0,0,0,0,nan,nan,nan,nan
1,6/2/50,19:08,0,77.119,0,0,3.679,14.779,0,5.665,0,0,9.12,0,0,0,0,0,0,nan,nan,nan,nan
1,6/2/50,19:09,0,79.396,0,0,3.704,9.08,0,101.097,0,0,7.262,0,0,0,0,0,0,nan,nan,nan,nan
1,6/2/50,19:10,0,35.669,0,0,3.028,7.554,0,26.854,0,0,7.27,0,0,0,0,0,0,nan,nan,nan,nan
1,6/2/50,19:11,0,0,0,0,3.263,9.913,0,25.465,0,0,4.602,0,0,0,0,0,0,nan,nan,nan,nan
1,6/2/50,19:12,0,55.272,0,0,3.415,7.613,0,47.004,0,0,6.228,0,0,0,0,0,0,nan,nan,nan,nan
1,6/2/50,19:13,0,122.29,0,0,7.861,9.785,0,11.522,0,0,7.418,0,0,0,0,0,0,nan,nan,nan,nan
1,6/2/50,19:14,0,95.594,0,0,101.592,13.309,0,20.775,0,0,6.376,0,0,0,0,0,0,nan,nan,nan,nan
1,6/2/50,19:15,0,36.595,0,0,30.436,7.914,0,10.167,0,0,5.403,0,0,0,0,0,0,nan,nan,nan,nan
1,6/2/50,19:16,0,0,25.036,0,12.481,12.235,0,16.375,0,0,5.28,0,0,0,0,0,0,nan,nan,nan,nan
1,6/2/50,19:17,0,0,19.369,0,10.943,9.584,0,46.032,0,0,8.56,0,0,0,0,0,0,nan,nan,nan,nan
1,6/2/50,19:18,0,0,19.707,0,22.503,19.812,0,4.964,0,0,8.62,0,0,0,0,0,0,nan,nan,nan,nan
1,6/2/50,19:19,0,0,23.045,0,20.05,9.661,0,5.621,0,0,10.29,0,0,0,0,0,0,nan,nan,nan,nan
1,6/2/50,19:20,0,0,70.897,0,28.313,3.727,0,4.775,0,0,5.399,0,0,0,0,0,0,nan,nan,nan,nan
1,6/2/50,19:21,0,0,0,0,20.498,5.031,0,4.927,0,0,8.146,0,0,0,0,0,0,nan,nan,nan,nan
1,6/2/50,19:22,0,0,0,41.113,0,5.045,0,5.454,0,0,9.246,0,0,0,0,0,0,nan,nan,nan,nan
1,6/2/50,19:23,0,0,0,26.937,0,7.586,0,4.29,0,0,6.879,0,0,0,0,0,0,nan,nan,nan,nan
1,6/2/50,19:24,0,0,0,0,74.687,7.34,0,42.851,0,0,14.207,0,0,0,0,0,0,nan,nan,nan,nan
1,6/2/50,19:25,0,53.031,47.519,0,66.835,12.662,0,60.477,0,0,14.535,0,0,0,0,0,0,nan,nan,nan,nan
1,6/2/50,19:26,0,18.703,65.016,0,27.411,14.916,0,6.109,0,0,4.924,0,0,0,0,0,0,nan,nan,nan,nan
1,6/2/50,19:27,0,0,127.357,0,24.108,7.515,0,5.073,0,0,12.878,0,0,0,0,0,0,nan,nan,nan,nan
1,6/2/50,19:28,0,0,0,48.424,15.8,9.758,0,0,0,0,12.89,0,0,0,0,0,0,nan,nan,nan,nan
1,6/2/50,19:29,0,94.704,0,0,14.681,3.983,0,0,0,0,7.183,0,0,0,0,0,0,nan,nan,nan,nan
1,6/2/50,19:30,0,0,0,0,8.6,8.38,37.923,46.156,0,0,6.844,0,0,0,0,0,0,nan,nan,nan,nan
1,6/2/50,19:31,0,0,0,0,12.589,5.454,29.594,58.703,0,0,6.111,0,0,0,0,0,0,nan,nan,nan,nan
1,6/2/50,19:32,0,0,0,0,5.058,4.127,0,34.068,0,0,5.483,0,0,0,0,0,0,nan,nan,nan,nan
1,6/2/50,19:33,0,0,0,0,10.812,5.945,42.139,90.254,0,0,6.506,0,0,0,0,0,0,nan,nan,nan,nan
1,6/2/50,19:34,0,0,0,0,16.181,6.438,0,6.497,0,0,16.851,0,0,0,0,0,0,nan,nan,nan,nan
1,6/2/50,19:35,0,0,0,0,12.805,3.401,0,55.585,0,0,9.806,0,0,0,0,0,0,nan,nan,nan,nan
1,6/2/50,19:36,0,0,0,0.549,11.672,4.893,0,25.424,0,0,10.527,0,0,0,0,0,0,nan,nan,nan,nan
1,6/2/50,19:37,0,0,0,19.288,3.707,15.587,0,16.259,0,0,17.934,0,52.236,0,0,0,0,nan,nan,nan,nan
1,6/2/50,19:38,0,0,0,0,5.664,4.039,0,65.967,18.776,0,9.849,0,48.704,0,0,60.184,0,nan,nan,nan,nan
1,6/2/50,19:39,0,0,0,0,7.691,5.667,0,13.383,15.006,0,6.628,0,24.101,0,0,155.852,0,nan,nan,nan,nan
1,6/2/50,19:40,0,0,0,0,7.946,6.869,0,13.315,25.382,0,7.898,0,22.246,0,0,69.913,0,nan,nan,nan,nan
1,6/2/50,19:41,0,0,0,0,6.634,8.993,0,6.501,22.545,0,12.261,0,14.383,0,0,47.579,0,nan,nan,nan,nan
1,6/2/50,19:42,0,0,0,9.79,7.112,18.229,0,6.333,54.434,0,9.912,0,17.966,0,0,85.687,0,nan,nan,nan,nan
1,6/2/50,19:43,0,0,0,0,7.689,21.305,0,6.255,41.463,0,16.473,0,19.582,0,0,62.223,0,nan,nan,nan,nan
1,6/2/50,19:44,0,0,0,0,6.326,27.838,0,6.306,97.141,0,11.417,0,26.264,0,0,0,0,nan,nan,nan,nan
1,6/2/50,19:45,0,0,0,0,3.335,28.254,0,5.338,0,0,4.713,0,26.927,0,0,0,0,nan,nan,nan,nan
1,6/2/50,19:46,0,0,0,0,5.499,25.984,0,5.735,0,0,5.458,0,29.386,0,0,0,0,nan,nan,nan,nan
1,6/2/50,19:47,0,0,0,0,5.022,36.868,0,6.336,0,0,5.943,0,4.544,0,0,0,0,nan,nan,nan,nan
1,6/2/50,19:48,19.421,0,0,0,4.698,61.391,0,6.324,0,0,5.177,0,0,0,0,0,0,nan,nan,nan,nan
1,6/2/50,19:49,87.009,0,0,0,5.764,38.448,0,5.803,0,0,4.141,0,0,0,16.902,0,0,nan,nan,nan,nan
1,6/2/50,19:50,0,0,0,0,3.315,24.238,0,4.822,0,0,9.503,0,0,0,0,0,0,nan,nan,nan,nan
1,6/2/50,19:51,20.299,0,0,0,3.764,15.871,0,8.78,0,0,6.056,0,0,0,5.736,0,0,nan,nan,nan,nan
1,6/2/50,19:52,26.418,0,0,0,4.137,14.771,0,8.539,0,0,7.551,0,0,0,13.126,0,0,nan,nan,nan,nan
1,6/2/50,19:53,35.442,0,0,0,3.195,27.73,0,8.252,0,0,5.396,0,0,0,0,0,0,nan,nan,nan,nan
1,6/2/50,19:54,29.695,0,0,0,12.232,32.245,0,19.7,0,0,19.276,0,0,0,23.815,0,0,nan,nan,nan,nan
1,6/2/50,19:55,13.221,0,0,0,6.165,0,0,80.39,0,0,38.808,0,0,0,22.623,0,0,nan,nan,nan,nan
1,6/2/50,19:56,0,0,0,0,6.664,0,0,154.41,0,0,18.413,0,0,0,0,0,0,nan,nan,nan,nan
1,6/2/50,19:57,11.169,0,0,0,5.537,9.501,0,40.492,0,0,18.402,0,0,0,117.627,0,0,nan,nan,nan,nan
1,6/2/50,19:58,40.822,0,0,0,8.905,7.114,0,15.581,0,0,18.206,0,0,0,0,0,0,nan,nan,nan,nan
1,6/2/50,19:59,145.299,0,0,0,10.85,6.976,0,21.299,0,0,19.701,0,0,0,0,0,0,nan,nan,nan,nan
1,6/2/50,20:00,172.95,0,0,0,5.771,25.385,0,22.283,0,0,16.633,0,0,0,0,0,19.065,nan,nan,nan,nan
1,6/2/50,20:01,118.178,0,0,0,4.864,21.497,0,118.21,0,0,18.432,0,0,0,0,0,28.08,nan,nan,nan,nan
1,6/2/50,20:02,121.245,0,0,0,4.35,4.632,0,33.061,0,0,19.678,0,0,0,0,0,18.495,nan,nan,nan,nan
1,6/2/50,20:03,14.489,0,0,0,2.674,6.868,0,45.095,0,0,22.63,0,0,0,0,0,7.727,nan,nan,nan,nan
1,6/2/50,20:04,18.834,0,0,0,7.735,4.398,0,23.972,0,24.429,38.982,0,0,0,0,0,0,nan,nan,nan,nan
1,6/2/50,20:05,79.788,0,0,0,28.333,5.251,0,0,0,0,0,0,0,0,0,0,0,nan,nan,nan,nan
1,6/2/50,20:06,27.812,0,0,0,10.859,4.781,0,0,0,78.743,0,0,0,0,0,0,0,nan,nan,nan,nan
1,6/2/50,20:07,0,0,0,0,9.716,5.324,0,0,0,109.493,0,0,0,0,0,0,0,nan,nan,nan,nan
1,6/2/50,20:08,0,0,0,0,7.452,6.092,0,0,0,0,0,0,0,0,0,0,0,nan,nan,nan,nan
1,6/2/50,20:09,0,0,0,0,8.548,4.479,0,0,0,0,115.638,0,0,0,0,0,59.733,nan,nan,nan,nan
1,6/2/50,20:10,0,0,0,0,4.543,5.617,0,0,0,0,38.595,0,0,0,0,0,0,nan,nan,nan,nan
1,6/2/50,20:11,0,0,0,0,3.825,4.662,0,0,0,20.232,14.223,0,0,0,0,0,0,nan,nan,nan,nan
1,6/2/50,20:12,0,0,0,0,4.673,4.625,0,0,0,37.051,14.905,0,0,0,0,0,0,nan,nan,nan,nan
1,6/2/50,20:13,70.765,0,0,0,5.305,4.503,0,0,0,18.535,18.21,0,0,0,0,0,0,nan,nan,nan,nan
1,6/2/50,20:14,32.572,0,0,0,4.511,4.513,0,0,0,0,19.953,0,0,0,0,0,0,nan,nan,nan,nan
1,6/2/50,20:15,70.826,0,0,0,7.94,5.871,0,0,0,0,3.771,0,0,0,0,0,0,nan,nan,nan,nan
1,6/2/50,20:16,29.159,0,0,0,9.58,4.934,0,0,0,0,3.276,0,0,30.108,0,0,0,nan,nan,nan,nan
1,6/2/50,20:17,26.467,0,0,0,19.552,5.699,0,0,0,39.933,3.849,0,0,0,0,0,0,nan,nan,nan,nan
1,6/2/50,20:18,0,0,0,0,6.386,6.073,0,0,0,69.08,3.992,0,0,0,0,0,0,nan,nan,nan,nan
1,6/2/50,20:19,95.718,0,0,0,4.982,5.768,0,0,0,128.794,4.628,0,0,0,0,0,0,nan,nan,nan,nan
1,6/2/50,20:20,0,0,0,0,3.724,5.74,0,0,0,0,4.097,0,0,0,0,18.041,0,nan,nan,nan,nan
1,6/2/50,20:21,0,0,0,0,14.425,4.396,0,0,17.266,0,3.597,0,0,0,0,0,0,nan,nan,nan,nan
1,6/2/50,20:22,0,0,0,0,15.227,5.01,0,0,18.253,0,4.067,0,0,0,0,54.373,0,nan,nan,nan,nan
1,6/2/50,20:23,0,0,0,0,13.606,4.236,0,0,23.336,0,4.715,0,0,21.351,0,48.056,0,nan,nan,nan,nan
1,6/2/50,20:24,0,0,0,0,56.165,5.068,0,0,0,0,8.313,0,0,0,0,86.861,0,nan,nan,nan,nan
1,6/2/50,20:25,0,0,0,0,26.019,4.238,0,0,0,0,8.644,0,0,29.133,0,50.982,0,nan,nan,nan,nan
1,6/2/50,20:26,0,0,0,0,0,5.889,0,0,0,0,7.953,0,0,0,0,116.884,0,nan,nan,nan,nan
1,6/2/50,20:27,0,0,25.652,0,0,3.873,27.597,0,0,0,6.908,0,0,0,0,0,0,nan,nan,nan,nan
1,6/2/50,20:28,0,0,18.966,0,0,4.152,19.768,0,0,0,8.849,0,0,0,0,0,0,nan,nan,nan,nan
1,6/2/50,20:29,0,0,21.829,0,13.38,3.62,25.544,0,0,0,5.921,0,0,0,0,17.277,0,nan,nan,nan,nan
1,6/2/50,20:30,0,0,14.868,0,16.539,3.218,0.733,0,0,0,4.466,0,0,0,0,31.53,0,nan,nan,nan,nan
1,6/2/50,20:31,0,0,17.022,0,14.599,4.643,31.885,0,0,0,5.078,0,0,0,0,0,0,nan,nan,nan,nan
1,6/2/50,20:32,0,0,21.234,0,18.159,4.178,109.192,0,0,0,4.933,0,0,16.305,0,0,0,nan,nan,nan,nan
1,6/2/50,20:33,0,0,62.359,0,42.785,5.447,122.832,0,0,0,3.842,23.354,0,22.997,0,0,0,nan,nan,nan,nan
1,6/2/50,20:34,0,0,113.597,0,57.429,30.129,19.496,0,0,0,3.798,6.589,0.463,12.163,0,0,0,nan,nan,nan,nan
1,6/2/50,20:35,0,0,85.179,0,9.179,6.79,0,0,0,0,4.543,0.523,0,0,0,0,0,nan,nan,nan,nan
1,6/2/50,20:36,0,0,82.54,0,100.041,5.051,0,0,0,0,4.276,0,0,0,0,0,0,nan,nan,nan,nan
1,6/2/50,20:37,0,0,53.904,0,26.989,4.651,75.496,0,0,0,5.967,0,32.102,0,0,0,0,nan,nan,nan,nan
1,6/2/50,20:38,0,0,10.411,0,73.336,4.467,20.434,0,0,0,4.167,3.045,83.878,0,0,0,0,nan,nan,nan,nan
1,6/2/50,20:39,0,0,33.285,0,94.631,4.061,88.298,0,0,0,7.347,0,61.489,0,0,0,0,nan,nan,nan,nan
1,6/2/50,20:40,0,0,75.095,0,20.404,3.195,107.089,0,0,0,5.19,0,0,0,0,0,0,nan,nan,nan,nan
1,6/2/50,20:41,0,0,26.845,0,17.177,5.833,26.072,0,0,0,60.767,27.459,0.332,0,0,0,0,nan,nan,nan,nan
1,6/2/50,20:42,0,0,35.099,0,15.143,4.26,0,0,0,0,19.057,32.664,0,0,0,0,0,nan,nan,nan,nan
1,6/2/50,20:43,0,0,53.587,30.752,4.682,3.076,0,0,0,0,21.779,76.061,40.682,0,0,0,0,nan,nan,nan,nan
1,6/2/50,20:44,0,0,67.751,31.512,4.484,5.737,0,0,0,0,24.379,98.339,129.849,0,0,0,0,nan,nan,nan,nan
1,6/2/50,20:45,0,0,115.739,2.236,3.513,3.833,0,0,0,0,28.236,57.698,53.889,0,0,0,0,nan,nan,nan,nan
1,6/2/50,20:46,0,0,87.547,0,3.692,3.027,0,0,0,0,27.258,40.364,0,0,0,0,0,nan,nan,nan,nan
1,6/2/50,20:47,0,0,98.055,0,4.949,2.932,0,0,0,0,18.383,0,0,0,0,0,0,nan,nan,nan,nan
1,6/2/50,20:48,0,0,174.058,0,3.941,5.858,0,0,0,0,23.308,0,0,0,0,0,0,nan,nan,nan,nan
1,6/2/50,20:49,0,28.629,108.285,0,3.824,3.454,0,0,0,0,24.194,56.553,0,0,0,0,0,nan,nan,nan,nan
1,6/2/50,20:50,0,26.749,68.6,0,4.288,21.661,0,0,0,0,22.905,0,0,0,0,0,0,nan,nan,nan,nan
1,6/2/50,20:51,0,95.668,65.494,60.256,3.025,22.329,0,0,0,0,34.699,58.247,0,0,0,0,0,nan,nan,nan,nan
1,6/2/50,20:52,0,29.591,217.528,181.01,3.518,27.799,0,0,0,0,10.42,22.755,0,0,0,0,0,nan,nan,nan,nan
1,6/2/50,20:53,0,0,240.723,137.882,3.215,21.022,0,37.553,0,0,5.029,22.313,0,0,0,0,0,nan,nan,nan,nan
1,6/2/50,20:54,0,104.82,45.457,94.223,5.074,50.897,0,0,0,0,4.982,0,0,0,0,0,0,nan,nan,nan,nan
1,6/2/50,20:55,0,0,53.574,165.53,5.069,0,0,0.133,0,0,5.28,0,0,0,0,0,0,nan,nan,nan,nan
1,6/2/50,20:56,0,30.994,85.452,63.049,3.54,0,0,30.45,0,0,5.837,0,0,0,0,0,0,nan,nan,nan,nan
1,6/2/50,20:57,0,158.727,132.005,0,3.388,0,0,0,0,0,4.982,0,0,0,0,0,0,nan,nan,nan,nan
1,6/2/50,20:58,0,0,76.265,18.846,3.75,81.403,0,0,0,0,5.614,0,0,0,0,0,0,nan,nan,nan,nan
1,6/2/50,20:59,0,0,0,0,3.636,60.086,0,0,0,0,6.028,0,0,0,0,0,0,nan,nan,nan,nan
1,6/2/50,21:00,0,116.559,0,0,3.522,24.477,0,0,0,0,4.669,0,0,0,0,0,0,nan,nan,nan,nan
1,6/2/50,21:01,17.461,22.216,0,0,3.438,24.922,0,0,0,0,4.291,0,0,0,0,0,0,nan,nan,nan,nan
1,6/2/50,21:02,6.028,0,0,0,3.758,18.837,0,0,0,0,4.694,0,0,0,0,0,0,nan,nan,nan,nan
1,6/2/50,21:03,10.361,0,0,0,12.558,27.91,0,0,0,0,5.248,0,0,0,0,0,0,nan,nan,nan,nan
1,6/2/50,21:04,11.241,81.636,32.397,0,5.698,26.311,0,0,0,0,3.693,0,0,0,0,0,0,nan,nan,nan,nan
1,6/2/50,21:05,16.076,57.313,0,0,10.416,32.73,0,0,0,0,4.571,0,0,0,0,66.31,0,nan,nan,nan,nan
1,6/2/50,21:06,0,55.362,0,0,7.422,24.649,0,0,0,0,4.061,0,0,7.808,0,0,0,nan,nan,nan,nan
1,6/2/50,21:07,0,0,0,0,4.519,24.397,0,0,0,0,4.369,0,0,0,0,25.186,0,nan,nan,nan,nan
1,6/2/50,21:08,27.022,24.663,0,0,3.738,30.578,0,0,0,0,5.164,0,0,0,0,0,0,nan,nan,nan,nan
1,6/2/50,21:09,0,0,60.394,0,3.422,28.879,0,0,0,0,3.772,0,0,0,0,23.332,0,nan,nan,nan,nan
1,6/2/50,21:10,82.845,51.779,45.729,0,6.328,25.155,0,0,0,0,6.395,0,0,0,0,0,0,nan,nan,nan,nan
1,6/2/50,21:11,119.325,154.797,92.069,0,3.874,10.056,0,0,0,0,5.152,0,0,0,0,0,0,nan,nan,nan,nan
1,6/2/50,21:12,22.73,258.694,120.677,0,3.991,11.903,0,0,0,0,4.289,0,0,0,0,0,0,nan,nan,nan,nan
1,6/2/50,21:13,15.729,124.124,116.979,0,4.786,10.059,0,0,0,0,4.316,0,0,0,0,0,0,nan,nan,nan,nan
1,6/2/50,21:14,0,0,14.578,0,4.612,13.523,0,0,0,0,5.801,0,0,0,0,0,0,nan,nan,nan,nan
1,6/2/50,21:15,0,0,10.468,0,5.124,10.716,0,0,0,0,4.336,0,0,0,0,0,0,nan,nan,nan,nan
1,6/2/50,21:16,0,39.056,18.908,0,4.575,13.707,0,0,0,0,3.751,0,0,0,0,0,0,nan,nan,nan,nan
1,6/2/50,21:17,0,52.797,74.712,0,10.146,10.227,0,0,0,0,3.498,0,0,0,0,0,0,nan,nan,nan,nan
1,6/2/50,21:18,0,0,52.829,0,4.238,10.587,0,0,0,0,4.592,0,0,0,0,0,0,nan,nan,nan,nan
1,6/2/50,21:19,0,44.93,74.248,0,9.301,12.039,0,0,0,0,3.882,0,0,0,0,0,0,nan,nan,nan,nan
1,6/2/50,21:20,0,88.293,109.923,0,12.689,11.366,0,0,26.456,0,4.69,0,0,0,0,0,0,nan,nan,nan,nan
1,6/2/50,21:21,0,38.738,93.778,0,14.143,5.524,0,0,6.239,0,4.714,0,0,0,0,0,0,nan,nan,nan,nan
1,6/2/50,21:22,0,47.892,92.49,0,13.905,4.584,0,0,0,0,4.137,0,0,0,0,0,0,nan,nan,nan,nan
1,6/2/50,21:23,0,216.958,35.843,0,12.083,7.954,0,0,0,0,15.237,0,0,0,0,0,0,nan,nan,nan,nan
1,6/2/50,21:24,0,163.759,71.589,0,16.181,12.167,0,0,56.995,0,10.899,0,0,0,0,0,0,nan,nan,nan,nan
1,6/2/50,21:25,0,27.162,170.815,0,9.61,7.213,0,0,86.692,0,8.325,0,0,0,0,0,0,nan,nan,nan,nan
1,6/2/50,21:26,0,23.963,225.323,0,37.512,11.681,0,0,123.199,0,13.587,0,0,0,0,0,0,nan,nan,nan,nan
1,6/2/50,21:27,0,2.024,118.66,0,25.368,5.531,0,0,2.807,0,6.85,0,0,0,0,0,0,nan,nan,nan,nan
1,6/2/50,21:28,0,0,38.871,0,18.044,8.076,0,0,21.395,0,4.082,0,0,0,0,0,0,nan,nan,nan,nan
1,6/2/50,21:29,0,66.745,98.54,0,26.123,8.356,0,0,12.519,0,4.269,0,0,0,0,0,0,nan,nan,nan,nan
1,6/2/50,21:30,0,155.268,143.84,0,0,4.637,0,0,0,0,4.412,0,0,0,0,0,0,nan,nan,nan,nan
1,6/2/50,21:31,0,29.991,111.985,0,0,4.508,0,0,0,0,6.017,0,0,0,61.074,0,0,nan,nan,nan,nan
1,6/2/50,21:32,0,50.321,63.138,0,0,4.75,0,0,0,26.517,8.89,0,0,0,0,0,0,nan,nan,nan,nan
1,6/2/50,21:33,0,127.486,111.008,0,0,23.621,0,0,0,19.338,9.975,0,0,0,0,0,0,nan,nan,nan,nan
1,6/2/50,21:34,0,236.919,20.11,0,22.862,19.063,0,0,0,55.838,5.675,0,0,0,17.19,0,0,nan,nan,nan,nan
1,6/2/50,21:35,0,174.538,0,0,30.611,18.18,0,0,0,22.227,5.564,0,0,0,0,0,0,nan,nan,nan,nan
1,6/2/50,21:36,0,228.167,0,0,22.421,36.076,0,0,0,0,7.052,0,0,0,0,0,0,nan,nan,nan,nan
1,6/2/50,21:37,0,0,248.09,0,19.378,28.996,0,0,0,0,12.036,0,0,0,0,0,0,nan,nan,nan,nan
1,6/2/50,21:38,0,0,158.378,0,19.429,0,0,0,0,0,5.923,0,9.997,0,0,0,0,nan,nan,nan,nan
1,6/2/50,21:39,0,0,152.752,0,16.822,0,0,0,0,0,4.635,0,8.272,0,24.247,0,0,nan,nan,nan,nan
1,6/2/50,21:40,0,31.806,161.006,0,14.549,0,0,0,0,0,6.249,0,7.387,0,122.366,0,0,nan,nan,nan,nan
1,6/2/50,21:41,0,71.881,8.966,0,5.053,85.284,0,0,0,0,3.896,0,7.849,0,97.466,0,0,nan,nan,nan,nan
1,6/2/50,21:42,0,50.53,60.963,0,25.014,45.048,0,0,0,0,5.886,0,8.088,0,19.934,0,0,nan,nan,nan,nan
1,6/2/50,21:43,0,102.828,59.454,0,18.797,13.187,0,0,0,0,4.863,0,7.424,0,76.458,0,0,nan,nan,nan,nan
1,6/2/50,21:44,0,1.725,0,0,16.853,27.538,0,0,0,0,4.152,0,12.625,60.51,42.956,73.03,0,nan,nan,nan,nan
1,6/2/50,21:45,0,19.654,0,0,20.508,33.512,0,0,0,0,8.478,0,9.861,0,0,118.632,30.638,nan,nan,nan,nan
1,6/2/50,21:46,0,0.127,0,0,19.805,28.658,0,0,0,98.609,9.042,0,7.76,0,0,226.031,0,nan,nan,nan,nan
1,6/2/50,21:47,0,89.316,0,0,23.795,9.799,0,31.779,0,100.534,11.051,0,7.65,0,0,94.32,0,nan,nan,nan,nan
1,6/2/50,21:48,0,66.481,0,0,18.602,10.459,0,32.888,0,18.088,18.205,0,7.935,0,0,99.825,0,nan,nan,nan,nan
1,6/2/50,21:49,0,35.338,0,0,12.676,14.886,0,24.728,0,25.341,33.881,0,8.127,17.028,1.97,113.664,0,nan,nan,nan,nan
1,6/2/50,21:50,0,0,0,0,4.384,40.428,0,0,0,148.662,20.67,0,7.288,17.035,44.24,124.292,0,nan,nan,nan,nan
1,6/2/50,21:51,0,0,0,0,4.917,50.125,17.654,0,0,8.876,25.97,0,18.836,0,45.896,18.427,9.048,nan,nan,nan,nan
1,6/2/50,21:52,0,2.937,0,0,3.429,27.238,0,0,0,34.455,48.203,0,7.695,0,92.216,0,32.135,nan,nan,nan,nan
1,6/2/50,21:53,0,9.173,0,0,4.393,6.859,11.567,0,0,0,0.296,0,3.142,0,12.857,0,32.536,nan,nan,nan,nan
1,6/2/50,21:54,0,112.933,0,0,4.208,3.947,111.507,0,0,14.89,15.291,0,5.431,0,7.676,64.608,23.521,nan,nan,nan,nan
1,6/2/50,21:55,0,52.804,0,0,4.356,4.208,0,0,0,0,17.182,0,5.726,0,65.65,100.413,0,nan,nan,nan,nan
1,6/2/50,21:56,0,81.018,0,0,4.817,5.339,0,0,0,0,0,0,4.918,0,126.626,82.412,0,nan,nan,nan,nan
1,6/2/50,21:57,0,115.999,0,0,5.306,3.932,95.64,32.967,0,0,0,0,4.763,0,4.705,36.927,0,nan,nan,nan,nan
1,6/2/50,21:58,0,6.358,0,0,10.602,19.701,45.924,15.437,0,0,0,0,4.562,0,110.377,3.355,49.612,nan,nan,nan,nan
1,6/2/50,21:59,0,64.974,0,0,12.413,9.268,0,48.678,0,48.927,13.526,21.144,3.156,0,30.893,18.781,92.055,nan,nan,nan,nan
1,6/2/50,22:00,0,121.322,0,0,5.225,5.969,88.627,110.01,0,112.621,55.091,0,4.057,0,0,28.068,94.192,nan,nan,nan,nan
1,6/2/50,22:01,0,97.47,0,0,5.801,13.841,24.919,33.794,0,105.984,38.554,0,8.944,0,15.239,16.183,21.205,nan,nan,nan,nan
1,6/2/50,22:02,0,116.732,0,0,4.985,4.605,16.426,45.212,0,151.103,35.724,0,7.36,0,49.996,0,26.634,nan,nan,nan,nan
1,6/2/50,22:03,0,0,0,0,6.381,5.006,17.664,47.104,0,173.711,51.368,0,4.67,0,45.604,0,24.424,nan,nan,nan,nan
1,6/2/50,22:04,0,0,0,0,3.339,3.451,15.576,0,0,59.291,7.291,0,8.467,0,0,28.416,0,nan,nan,nan,nan
1,6/2/50,22:05,0,0,0,51.218,5.289,11.092,17.407,0,0,0,21.416,0,4.246,0,0,49.837,0,nan,nan,nan,nan
1,6/2/50,22:06,0,102.07,0,3.659,5.03,11.849,75.326,75.276,0,0,20.226,0,4.575,0,0,0,0,nan,nan,nan,nan
1,6/2/50,22:07,0,15.915,0,0,3.891,4.525,119.262,154.331,0,0,20.322,0,16.742,0,19.012,0,0,nan,nan,nan,nan
1,6/2/50,22:08,0,98.76,0,0,5.232,4.204,71.843,69.333,0,0,45.179,56.16,25.84,0,0,0,0,nan,nan,nan,nan
1,6/2/50,22:09,0,109.502,0,0,6.981,5.399,49.613,144.269,0,36.568,65.842,0,0.798,0,0,0,0,nan,nan,nan,nan
1,6/2/50,22:10,0,111.383,0,0,3.921,61.546,0,32.758,0,0,24.535,0,0,0,0,0,0,nan,nan,nan,nan
1,6/2/50,22:11,0,74.59,0,0,3.95,7.278,0,67.855,0,56.494,10.977,24.158,0,0,0,0,0,nan,nan,nan,nan
1,6/2/50,22:12,0,35.069,0,0,4.374,4.566,35.188,49.048,0,0,6.945,66.741,0,0,0,0,0,nan,nan,nan,nan
1,6/2/50,22:13,0,104.352,0,0,4.542,10.932,62.716,136.207,0,0,4.142,50.536,0,0,0,0,0,nan,nan,nan,nan
1,6/2/50,22:14,0,70.613,31.198,0,3.696,10.191,0,11.737,0,0,4.452,35.611,0,0,0,0,0,nan,nan,nan,nan
1,6/2/50,22:15,0,48.233,0,42.187,4.902,18.161,0,54.966,0,0,4.482,0,0,0,0,0,0,nan,nan,nan,nan
1,6/2/50,22:16,0,18.961,0,121.027,6.502,8.18,72.741,20.045,0,0,4.08,0,0,0,0,0,0,nan,nan,nan,nan
1,6/2/50,22:17,0,29.021,0,94.485,5.103,6.569,0,173.606,0,0,4.102,0,0,0,0,0,0,nan,nan,nan,nan
1,6/2/50,22:18,0,0,0,215.443,5.459,9.908,0,77.657,0,0,4.397,0,0,0,0,0,0,nan,nan,nan,nan
1,6/2/50,22:19,0,0,0,270.757,5.528,5.298,0,59.23,0,0,4.292,0,0,0,0,0,0,nan,nan,nan,nan
1,6/2/50,22:20,0,0,0,119.205,21.228,3.802,0,0,0,0,4.542,0,0,0,0,0,0,nan,nan,nan,nan
1,6/2/50,22:21,0,0,0,64.694,8.709,8.674,0,0,0,0,5.596,0,0,0,0,0,0,nan,nan,nan,nan
1,6/2/50,22:22,0,37.862,0,218.072,3.747,5.256,0,0,0,0,5.104,0,0,0,0,0,0,nan,nan,nan,nan
1,6/2/50,22:23,53.698,84.965,0,0,7.159,5.017,0,78.829,0,0,3.569,0,0,0,0,0,0,nan,nan,nan,nan
1,6/2/50,22:24,21.525,257.672,0,0,4.041,4.211,0,36.842,0,0,4.31,0,0,0,0,0,0,nan,nan,nan,nan
1,6/2/50,22:25,0.019,69.482,0,26.486,5.719,4.173,0,0,22.095,0,5.194,0,0,0,0,0,0,nan,nan,nan,nan
1,6/2/50,22:26,15.512,96.822,0,0,5.118,3.652,0,0,0,0,4.737,0,0,0,0,0,0,nan,nan,nan,nan
1,6/2/50,22:27,33.972,156.185,0,0,5.505,5.324,0,0,16.08,0,13.556,0,0,0,0,0,0,nan,nan,nan,nan
1,6/2/50,22:28,20.375,120.73,0,0,4.193,4.726,0,0,67.997,0,16.582,0,0,0,0,0,0,nan,nan,nan,nan
1,6/2/50,22:29,0,0,0,0,4.426,5.261,0,0,6.153,0,15.957,0,0,0,0,0,0,nan,nan,nan,nan
1,6/2/50,22:30,26.952,0,0,0,3.218,3.763,0,0,0,0,5.512,0,0,0,0,0,0,nan,nan,nan,nan
1,6/2/50,22:31,24.85,115.47,0,0,5.072,12.036,0,0,14.78,0,9.585,0,0,0,0,0,0,nan,nan,nan,nan
1,6/2/50,22:32,132.389,103.795,0,115.731,5.207,4.851,0,0,0,0,8.299,0,0,0,0,0,0,nan,nan,nan,nan
1,6/2/50,22:33,0,146.298,0,156.028,3.258,3.31,0,0,13.645,0,7.189,0,0,0,0,0,0,nan,nan,nan,nan
1,6/2/50,22:34,0,188.72,0,195.764,3.15,2.701,0,0,88.603,0,10.911,0,0,0,0,0,0,nan,nan,nan,nan
1,6/2/50,22:35,0,13.665,0,111.938,3.621,4.5,0,0,88.232,0,13.96,0,0,0,0,0,0,nan,nan,nan,nan
1,6/2/50,22:36,0,0,0,41.013,4.133,3.627,0,0,115.839,0,3.487,0,0,0,0,0,0,nan,nan,nan,nan
1,6/2/50,22:37,0,7.256,0,38.767,4.173,6.283,0,0,122.696,0,3.299,0,0,0,0,0,0,nan,nan,nan,nan
1,6/2/50,22:38,0,151.965,0,37.281,3.307,10.119,0,0,96.082,0,5.881,0,0,0,0,0,0,nan,nan,nan,nan
1,6/2/50,22:39,0,116.263,0,108.816,4.061,3.93,0,0,48.445,0,4.488,0,0,0,0,0,0,nan,nan,nan,nan
1,6/2/50,22:40,0,0,0,2.493,4.432,8.873,0,0,76.135,0,4.025,0,0,0,0,0,0,nan,nan,nan,nan
1,6/2/50,22:41,0,0,0,0,3.604,6.786,0,0,21.032,0,3.793,0,0,0,0,0,0,nan,nan,nan,nan
1,6/2/50,22:42,0,0,0,42.045,3.188,21.683,0,0,33.441,0,6.781,0,0,0,0,0,0,nan,nan,nan,nan
1,6/2/50,22:43,0,0,0,24.001,2.744,0,0,0,37.176,0,5.535,0,0,0,0,0,0,nan,nan,nan,nan
1,6/2/50,22:44,0,0,0,0,2.994,4.439,0,0,71.525,0,5.788,0,0,0,0,0,0,nan,nan,nan,nan
1,6/2/50,22:45,0,0,0,0,3.401,7.502,0,0,33.505,0,6.04,0,0,0,0,0,0,nan,nan,nan,nan
1,6/2/50,22:46,0,0,0,0,5.865,0,0,0,0,0,3.264,0,0,0,0,0,0,nan,nan,nan,nan
1,6/2/50,22:47,0,0,0,0,10.453,0.64,0,0,0,0,4.602,0,0,0,0,0,0,nan,nan,nan,nan
1,6/2/50,22:48,0,0,0,0,8.479,60.328,0,0,16.587,0,3.601,0,0,0,0,0,0,nan,nan,nan,nan
1,6/2/50,22:49,0,0,0,0,16.935,61.397,0,0,125.653,0,3.347,0,0,0,0,0,0,nan,nan,nan,nan
1,6/2/50,22:50,0,0,0,0,13.296,23.172,0,0,222.758,0,4.165,0,0,0,0,0,0,nan,nan,nan,nan
1,6/2/50,22:51,0,0,0,0,22.785,22.279,0,0,26.036,0,5.673,0,0,0,0,0,0,nan,nan,nan,nan
1,6/2/50,22:52,0,0,56.476,0,37.078,28.325,0,0,0,0,3.783,0,0,0,0,0,0,nan,nan,nan,nan
1,6/2/50,22:53,0,0,25.256,0,17.425,8.229,0,0,0,0,3.768,0,0,0,0,0,0,nan,nan,nan,nan
1,6/2/50,22:54,0,0,6.185,0,8.588,20.843,24.045,0,0,0,4.12,0,0,0,0,2.172,0,nan,nan,nan,nan
1,6/2/50,22:55,0,0,69.528,0,9.588,29.918,21.698,0,128.698,0,4.14,0,0,0,0,94.907,0,nan,nan,nan,nan
1,6/2/50,22:56,0,0,147.056,0,49.612,8.456,0,0,185.531,0,6.176,0,14.059,0,0,137.034,0,nan,nan,nan,nan
1,6/2/50,22:57,0,0,55.308,11.29,0,11.563,0,0,0,0,6.181,0,97.455,0,0,39.733,0,nan,nan,nan,nan
1,6/2/50,22:58,0,0,0,142.214,0,8.554,47.902,0,0,0,39.475,0,83.167,0,0,4.482,0,nan,nan,nan,nan
1,6/2/50,22:59,0,0,0,30.056,0,7.634,95.98,0,0,0,0,0,95.137,0,0,204.654,0,nan,nan,nan,nan
1,6/2/50,23:00,0,0,0,0,23.346,12.853,133.184,0,0,0,0.678,0,4.868,0,0,160.626,0,nan,nan,nan,nan
1,6/2/50,23:01,0,0,0,0,10.408,6.508,60.71,0,25.072,0,42.469,0,0,0,0,123.87,0,nan,nan,nan,nan
1,6/2/50,23:02,0,0,0,35.853,9.793,5.528,4.711,0,116.992,0,14.213,0,0,0,0,113.066,0,nan,nan,nan,nan
1,6/2/50,23:03,0,0,0,109.96,5.328,9.13,40.162,0,177.78,0,13.374,0,0,0,0,82.275,0,nan,nan,nan,nan
1,6/2/50,23:04,0,0,0,57.432,20.477,9.418,61.346,0,110.94,0,9.764,0,98.527,0,0,137.03,0,nan,nan,nan,nan
1,6/2/50,23:05,0,0,0,0,19.515,7.681,21.122,0,202.201,0,11.844,24.446,103.713,0,0,160.684,0,nan,nan,nan,nan
1,6/2/50,23:06,0,0,0,0,20.287,9.015,22.554,0,77.071,0,12.866,0,79.015,0,0,0,0,nan,nan,nan,nan
1,6/2/50,23:07,0,0,0,0,6.038,13.247,41.592,0,0,0,37.078,0,46.531,0,0,17.926,0,nan,nan,nan,nan
1,6/2/50,23:08,0,0,0,0,8.757,13.944,32.925,0,0,0,9.498,0,54.394,0,0,0,0,nan,nan,nan,nan
1,6/2/50,23:09,0,0,0,0,14.323,14.212,96.357,0,0,0,27.631,0,79.642,0,0,0,0,nan,nan,nan,nan
1,6/2/50,23:10,0,0,0,0,3.996,8.938,46.805,0,0,0,29.206,0,110.569,0,0,0,0,nan,nan,nan,nan
1,6/2/50,23:11,0,0,0,0,3.227,6.106,113.768,0,0,0,26.469,0,49.805,0,0,0,0,nan,nan,nan,nan
1,6/2/50,23:12,0,0,0,0,3.548,4.357,0,0,0,0,29.631,0,85.111,0,0,121.984,0,nan,nan,nan,nan
1,6/2/50,23:13,0,0,0,0,4.227,4.04,23.762,0,0,0,21.064,0,49.375,0,0,24.142,0,nan,nan,nan,nan
1,6/2/50,23:14,0,0,0,0,3.104,25.504,54.083,0,0,0,21.332,0,46.946,0,0,62.147,0,nan,nan,nan,nan
1,6/2/50,23:15,0,0,0,0,4.421,25.585,0,0,0,0,21.488,59.826,42.581,0,0,0,0,nan,nan,nan,nan
1,6/2/50,23:16,0,0,0,0,3.392,29.729,0,0,0,0,5.226,0,12.274,0,0,0,0,nan,nan,nan,nan
1,6/2/50,23:17,0,0,0,0,7.976,27.544,0,0,0,0,5.248,0,0.993,0,0,0,0,nan,nan,nan,nan
1,6/2/50,23:18,0,0,0,0,7.814,29.18,0,0,0,0,5.667,0,27.713,0,0,0,0,nan,nan,nan,nan
1,6/2/50,23:19,0,0,0,0,4.122,19.105,0,0,0,0,5.734,0,89.016,0,0,0,0,nan,nan,nan,nan
1,6/2/50,23:20,0,0,0,0,3.593,9.491,0,0,0,0,5.273,0,20.726,0,0,0,0,nan,nan,nan,nan
1,6/2/50,23:21,0,0,0,0,3.601,30.19,0,0,0,0,4.717,0,71.279,0,0,0,0,nan,nan,nan,nan
1,6/2/50,23:22,0,0,0,0,3.902,4.775,0,0,0,0,3.847,0,39.168,0,0,0,0,nan,nan,nan,nan
1,6/2/50,23:23,0,0,0,0,5.646,3.133,0,0,0,0,4.048,0,65.252,0,0,0,0,nan,nan,nan,nan
1,6/2/50,23:24,0,0,0,0,3.587,3.322,0,0,0,0,4.463,0,41.699,0,0,0,0,nan,nan,nan,nan
1,6/2/50,23:25,0,0,0,0,3.561,3.25,0,0,0,0,5.847,0,31.999,0,0,0,0,nan,nan,nan,nan
1,6/2/50,23:26,0,0,0,0,3.971,4.479,0,0,0,0,4.586,0,38.706,0,0,0,0,nan,nan,nan,nan
1,6/2/50,23:27,0,0,0,0,5.457,2.75,0,0,0,0,3.781,0,30.438,0,0,0,0,nan,nan,nan,nan
1,6/2/50,23:28,0,0,0,0,3.848,2.224,0,0,0,0,4.045,0,24.169,0,0,0,0,nan,nan,nan,nan
1,6/2/50,23:29,0,0,0,0,3.883,14.712,0,0,0,0,10.539,0,36.504,0,0,0,0,nan,nan,nan,nan
1,6/2/50,23:30,0,0,0,0,3.907,29.845,0,0,0,0,6.322,0,36.313,0,0,0,0,nan,nan,nan,nan
1,6/2/50,23:31,0,0,0,0,4.149,4.663,0,0,0,0,8.575,0,38.86,0,0,0,0,nan,nan,nan,nan
1,6/2/50,23:32,0,0,0,0,4.039,7.823,33.85,0,0,0,6.961,0,34.307,0,0,0,0,nan,nan,nan,nan
1,6/2/50,23:33,0,0,0,0,3.449,4.697,81.267,0,0,0,6.617,0,29.453,0,0,0,0,nan,nan,nan,nan
1,6/2/50,23:34,0,0,0,0,3.205,4.193,17.922,0,0,0,7.805,0,34.96,18.096,0,0,0,nan,nan,nan,nan
1,6/2/50,23:35,0,0,0,0,8.992,3.752,71.267,0,0,0,8.036,0,36.512,0,0,0,0,nan,nan,nan,nan
1,6/2/50,23:36,0,0,0,0,4.109,3.514,71.283,0,0,0,3.922,0,19.589,0,0,0,0,nan,nan,nan,nan
1,6/2/50,23:37,0,0,0,0,3.89,24.467,133.759,0,0,0,5.398,0,13.691,0,0,0,0,nan,nan,nan,nan
1,6/2/50,23:38,0,0,24.393,0,3.151,30.368,40.652,0,0,0,3.406,0,5.967,0,0,0,0,nan,nan,nan,nan
1,6/2/50,23:39,0,0,31.178,0,5.424,7.583,13.538,0,0,0,4.613,0,5.344,0,0,0,0,nan,nan,nan,nan
1,6/2/50,23:40,0,0,11.59,0,3.08,8.899,0,0,0,0,3.811,0,7.16,0,0,0,0,nan,nan,nan,nan
1,6/2/50,23:41,0,0,7.418,0,16.819,7.506,52.981,0,0,0,8.864,0,11.062,0,0,0,0,nan,nan,nan,nan
1,6/2/50,23:42,0,0,21.77,0,11.122,11.432,75.598,0,0,0,11.036,0,14.142,0,0,0,0,nan,nan,nan,nan
1,6/2/50,23:43,0,0,42.995,0,6.445,21.107,72.196,0,0,0,4.591,0,9.551,0,0,0,0,nan,nan,nan,nan
1,6/2/50,23:44,0,0,54.034,0,6.823,19.487,150.171,0,0,0,5.819,0,7.849,0,0,0,0,nan,nan,nan,nan
1,6/2/50,23:45,21.253,0,77.193,0,25.558,12.389,71.327,0,0,0,3.722,0,8.589,0,0,0,0,nan,nan,nan,nan
1,6/2/50,23:46,0,0,93.969,0,0,34.975,59.573,0,0,0,3.886,0,24.939,47.133,0,0,0,nan,nan,nan,nan
1,6/2/50,23:47,0,0,0,0,0,29.951,0,0,0,0,4.363,0,20.197,44.714,0,0,0,nan,nan,nan,nan
1,6/2/50,23:48,0,0,9.12,0,5.79,32.698,67.447,0,0,0,4.48,0,39.242,120.456,0,0,0,nan,nan,nan,nan
1,6/2/50,23:49,57.067,0,217.385,0,52.273,28.284,2.894,0,0,0,4.297,0,50.549,12.105,0,0,0,nan,nan,nan,nan
1,6/2/50,23:50,127.472,0,48.341,0,50.059,15.788,7.197,0,0,0,3.521,0,8.955,0.152,0,0,0,nan,nan,nan,nan
1,6/2/50,23:51,150.851,0,65.633,0,62.599,34.663,100.921,0,0,0,4.859,0,11.889,57.511,0,0,0,nan,nan,nan,nan
1,6/2/50,23:52,133.728,0,4.999,0,89.061,50.791,79.708,0,0,0,4.453,0,0,69.747,0,0,0,nan,nan,nan,nan
1,6/2/50,23:53,139.69,0,0,0,107.872,0,92.944,0,0,0,4.705,21.403,0,0,0,0,0,nan,nan,nan,nan
1,6/2/50,23:54,24.654,0,0,0,25.326,0,137.778,0,0,2.199,3.859,0,0,0,0,0,0,nan,nan,nan,nan
1,6/2/50,23:55,25.781,0,0.427,0,24.166,0,68.78,0,0,66.779,22.148,2.752,0,0,0,0,0,nan,nan,nan,nan
1,6/2/50,23:56,0,0,0,0,25.151,0,21.999,0,0,180.81,6.567,0,0,0,0,0,0,nan,nan,nan,nan
1,6/2/50,23:57,15.944,0,67.737,0,21.717,26.22,5.264,0,0,17.363,4.413,0,0,0,0,0,0,nan,nan,nan,nan
1,6/2/50,23:58,0,0,0,0,29.166,52.518,71.963,0,0,0,4.054,0,0,0,0,0,0,nan,nan,nan,nan
1,6/2/50,23:59,0,0,0,0,68.797,56.693,50.664,0,0,0,5.397,0,0,0,0,0,0,nan,nan,nan,nan
1,6/3/50,0:00,0,0,0,0,0,29.916,36.01,0,0,0,5.625,0,0,0,0,0,0,nan,nan,nan,nan
1,6/3/50,0:01,0,0,17.006,0,38.9,26.157,41.716,0,0,0,5.351,33.041,0,0,0,0,0,nan,nan,nan,nan
1,6/3/50,0:02,0,0,0,0,125.749,79.618,105.62,0,0,0,6.6,23.395,0,34.899,0,0,0,nan,nan,nan,nan
1,6/3/50,0:03,0,0,0,0,23.906,49.278,77.402,0,0,40.17,5.208,0,0,0,0,0,0,nan,nan,nan,nan
1,6/3/50,0:04,75.473,0,0,0,26.091,92.983,93.705,0,0,46.882,5.517,0,0,0,44.393,0,0,nan,nan,nan,nan
1,6/3/50,0:05,170.266,0,14.797,0,27.237,50.641,0,0,0,6.277,5.954,0,0,0,54.63,0,0,nan,nan,nan,nan
1,6/3/50,0:06,195.053,0,0,0,21.967,55.913,0,0,0,15.858,5.687,25.964,0,0,0,0,0,nan,nan,nan,nan
1,6/3/50,0:07,73.594,0,64.304,0,20.811,48.518,0,0,0,13.702,4.023,66.102,0,0,51.095,0,0,nan,nan,nan,nan
1,6/3/50,0:08,140.099,0,181.69,0,21.86,40.325,0,0,0,0,4.563,52.264,0,0,86.012,0,0,nan,nan,nan,nan
1,6/3/50,0:09,71.647,0,81.008,0,24.759,13.522,0,0,0,0,4.636,132.058,0,0,0,0,0,nan,nan,nan,nan
1,6/3/50,0:10,29.78,0,32.898,0,27.187,22.338,57.857,0,0,0,4.32,107.587,0,0,0,0,0,nan,nan,nan,nan
1,6/3/50,0:11,17.514,0,4.214,0,29.216,15.122,43.403,0,0,19.989,4.064,57.114,0,0,0,0,0,nan,nan,nan,nan
1,6/3/50,0:12,69.384,0,0,0,27.859,5.956,0,0,0,148.373,5.176,91.549,0,0,0,0,25.164,nan,nan,nan,nan
1,6/3/50,0:13,46.974,0,0,0,27.373,7.255,0,0,0,134.718,5.727,0,0,0,0,75.962,0,nan,nan,nan,nan
1,6/3/50,0:14,104.675,0,0,0,22.684,15.5,0,0,0,100.546,4.16,16.637,0,0,7.967,160.158,0,nan,nan,nan,nan
1,6/3/50,0:15,162.055,0,0,0,27.469,18.516,0,0,0,100.197,4.824,146.86,0,26.059,12.382,46.942,60.028,nan,nan,nan,nan
1,6/3/50,0:16,161.392,0,0,0,22.563,22.39,0,0,0,37.798,5.452,120.891,0,7.772,0,0,47.244,nan,nan,nan,nan
1,6/3/50,0:17,37.981,0,0,0,24.071,22.303,0,0,0,60.346,5.112,27.024,0,0,37.117,154.802,20.049,nan,nan,nan,nan
1,6/3/50,0:18,95.687,0,0,0,7.283,28.587,0,0,0,32.098,5.276,0,0,0,89.125,135.998,0,nan,nan,nan,nan
1,6/3/50,0:19,67.719,0,0,0,5.462,31.143,0,0,0,31.933,6.118,27.547,0,0,177.699,91.581,0,nan,nan,nan,nan
1,6/3/50,0:20,7.932,0,0,0,4.281,29.761,0,0,0,60.564,6.531,19.932,0,0,48.226,179.016,0.893,nan,nan,nan,nan
1,6/3/50,0:21,14.906,0,0,0,4.696,69.844,0,0,0,83.574,5.362,0,0,0.072,12.438,76.517,0,nan,nan,nan,nan
1,6/3/50,0:22,122.547,0,0,0,6.992,35.483,0,0,0,46.7,5.934,0,0,0,102.857,181.993,21.623,nan,nan,nan,nan
1,6/3/50,0:23,78.161,0,0,0,25.598,20.779,0,0,0,96.16,5.668,70.551,0,0,27.296,110.409,0,nan,nan,nan,nan
1,6/3/50,0:24,69.704,0,0,0,0,11.288,0,0,0,35.705,11.828,21.475,0,12.976,34.176,65.183,0,nan,nan,nan,nan
1,6/3/50,0:25,171.545,0,0,0,0,10.081,0,0,0,16.968,12.877,0,0,73.928,0,1.824,64.662,nan,nan,nan,nan
1,6/3/50,0:26,110.354,0,0,0,16.254,4.592,0,0,0,6.364,6.645,0,0,35.676,15.912,0,71.995,nan,nan,nan,nan
1,6/3/50,0:27,117.471,0,0,0,21.303,3.347,0,0,0,144.344,5.808,0,0,0,47.962,0,106.035,nan,nan,nan,nan
1,6/3/50,0:28,56.324,0,0,0,94.443,5.436,0,0,0,27.22,5.019,0,0,0,30.478,20.05,30.936,nan,nan,nan,nan
1,6/3/50,0:29,221.257,0,0,0,82.545,7.084,0,0,0,0,5.23,0,0,0,62.754,0,35.171,nan,nan,nan,nan
1,6/3/50,0:30,40.024,0,0,0,64.354,5.191,0,0,0,0,4.196,0,0,0,20.729,0,73.227,nan,nan,nan,nan
1,6/3/50,0:31,23.211,0,0,0,48.567,4.353,0,0,0,0,8.939,0,0,0,28.612,0,47.713,nan,nan,nan,nan
1,6/3/50,0:32,25.303,0,0,0,30.691,4.434,0,0,0,0,26.436,0,0,0,71.667,65.044,85.714,nan,nan,nan,nan
1,6/3/50,0:33,37.905,0,0,0,29.518,4.717,0,0,0,0,6.114,0,0,0,19.661,35.895,35.839,nan,nan,nan,nan
1,6/3/50,0:34,63.31,0,0,0,27.475,9.985,0,0,0,0,4.763,0,0,0,75.237,74.646,0,nan,nan,nan,nan
1,6/3/50,0:35,208.431,0,0,0,28.651,3.984,0,0,0,128.527,4.998,0,0,0,0,140.475,0,nan,nan,nan,nan
1,6/3/50,0:36,38.815,0,0,0,29.234,4.912,0,0,0,0,24.223,0,0,0,0,110.583,0,nan,nan,nan,nan
1,6/3/50,0:37,0,0,0,0,31.315,4.834,0,0,0,0,25.898,0,0,0,0,27.965,0,nan,nan,nan,nan
1,6/3/50,0:38,0,0,0,0,23.012,3.911,0,0,0,0,22.425,0,0,0,12.203,55.303,0,nan,nan,nan,nan
1,6/3/50,0:39,0,0,0,0,29.637,12.382,0,0,0,16.158,35.035,0,0,0,20.973,41.834,0,nan,nan,nan,nan
1,6/3/50,0:40,0,0,0,0,26.869,7.138,0,0,0,0,32.234,0,0,0,17.373,14.946,0,nan,nan,nan,nan
1,6/3/50,0:41,0,0,0,0,32.976,4.907,0,0,0,0,31.454,0,0,0,17.962,137.139,0,nan,nan,nan,nan
1,6/3/50,0:42,0,0,0,0,35.378,4.463,0,0,0,0,32.522,0,0,0,3.844,124.085,0,nan,nan,nan,nan
1,6/3/50,0:43,0,0,0,28.941,80.915,6.679,0,0,0,0,55.973,0,0,0,0,0,0,nan,nan,nan,nan
1,6/3/50,0:44,0,0,0,7.058,48.593,7.193,0,0,0,0,38.433,0,0,0,0,187.093,0,nan,nan,nan,nan
1,6/3/50,0:45,0,134.155,0,0,46.934,12.206,0,0,0,0,0,0,0,0,0,126.959,0,nan,nan,nan,nan
1,6/3/50,0:46,0,3.404,0,0,26.079,22.037,0,0,0,0,0,0,0,0,0,91.073,0,nan,nan,nan,nan
1,6/3/50,0:47,0,0.01,0,0,76.432,11.664,0,0,0,0,0,0,0,0,0,94.122,0,nan,nan,nan,nan
1,6/3/50,0:48,0,0,0,39.387,35.145,7.495,0,0,0,0,0,0,0,0,0,38.628,0,nan,nan,nan,nan
1,6/3/50,0:49,0,0,0,0.642,25.554,7.676,0,0,0,0,0,0,0,0,0,40.067,0,nan,nan,nan,nan
1,6/3/50,0:50,0,93.634,0,0,32.286,4.165,0,0,0,0,7.817,0,0,0,0,0,0,nan,nan,nan,nan
1,6/3/50,0:51,0,114.41,0,0,28.238,4.261,0,0,0,0,59.808,0,0,0,0,0,0,nan,nan,nan,nan
1,6/3/50,0:52,23.207,0.06,0,4.233,28.202,7.855,0,0,0,0,46.354,0,0,0,0,0,0,nan,nan,nan,nan
1,6/3/50,0:53,150.813,157.937,0,88.628,22.878,23.723,0,0,0,0,70.085,0,0,0,0,0,0,nan,nan,nan,nan
1,6/3/50,0:54,37.032,60.337,0,5.719,27.132,24.086,0,0,0,0,32.019,0,0,0,0,0,0,nan,nan,nan,nan
1,6/3/50,0:55,28.265,128.151,0,75.164,20.09,5.484,0,0,0,0,26.064,0,0,0,0,0,0,nan,nan,nan,nan
1,6/3/50,0:56,31.472,152.255,0,7.808,3.935,4.294,0,0,0,0,75.639,0,0,0,0,0,0,nan,nan,nan,nan
1,6/3/50,0:57,53.577,66.778,0,0,5.663,4.175,0,0,0,0,43.635,0,0,0,0,0,0,nan,nan,nan,nan
1,6/3/50,0:58,43.371,0,0,0,3.998,18.785,0,0,0,0,53.949,0,0,0,0,0,0,nan,nan,nan,nan
1,6/3/50,0:59,237.472,0,0,65.286,3.638,0.095,0,0,0,0,21.309,0,0,0,0,0,0,nan,nan,nan,nan
1,6/3/50,1:00,175.662,0,0,211.499,3.863,0,0,0,0,0,38.477,60.859,0,0,0,0,0,nan,nan,nan,nan
1,6/3/50,1:01,78.689,167.638,0,41.499,3.852,0,0,0,0,0,25.518,0,0,0,0,0,0,nan,nan,nan,nan
1,6/3/50,1:02,106.603,158.457,0,0,3.678,0,0,0,0,0,36.2,0,0,0,0,0,0,nan,nan,nan,nan
1,6/3/50,1:03,142.256,166.891,0,0,4.459,0,0,0,0,0,33.2,0,0,0,0,0,0,nan,nan,nan,nan
1,6/3/50,1:04,124.994,101.826,0,38.34,3.26,0,0,0,0,0,31.462,0,0,0,0,0,0,nan,nan,nan,nan
1,6/3/50,1:05,11.903,68.512,0,308.19,3.311,0,0,0,0,0,26.186,0,0,0,0,0,0,nan,nan,nan,nan
1,6/3/50,1:06,16.397,0,0,375.801,2.707,0,0,0,0,0,18.338,0,0,0,0,0,0,nan,nan,nan,nan
1,6/3/50,1:07,9.926,0,0,132.374,3.129,42.48,0,0,0,0,19.369,51.604,0,0,0,0,0,nan,nan,nan,nan
1,6/3/50,1:08,0,0,0,116.255,2.737,7.568,0,0,0,0,30.059,26.912,0,0,0,0,0,nan,nan,nan,nan
1,6/3/50,1:09,117.854,0,0,30.769,5.233,6.773,0,0,0,0,31.124,168.518,0,0,0,0,0,nan,nan,nan,nan
1,6/3/50,1:10,117.891,0,0,71.845,7.195,13.458,0,0,0,0,27.833,88.046,0,0,0,0,0,nan,nan,nan,nan
1,6/3/50,1:11,136.263,16.514,0,0,11.861,16.674,0,0,0,0,31.594,0,0,0,0,0,0,nan,nan,nan,nan
1,6/3/50,1:12,0,129.721,0,0,8.867,27.923,0,0,0,0,28.38,0,0,0,0,0,0,nan,nan,nan,nan
1,6/3/50,1:13,34.348,94.787,0,0.26,4.69,47.01,0,45.78,0,0,21.048,0,0,0,0,0,0,nan,nan,nan,nan
1,6/3/50,1:14,127.408,66.653,0,0,4.104,47.725,0,0,0,0,5.587,0,0,0,0,0,0,nan,nan,nan,nan
1,6/3/50,1:15,145.453,132.714,0,32.862,4.398,75.713,0,0,0,0,4.633,0,0,0,0,0,0,nan,nan,nan,nan
1,6/3/50,1:16,26.627,0,0,57.344,4.695,41.592,0,0,0,0,4.574,0,0,0,0,0,0,nan,nan,nan,nan
1,6/3/50,1:17,42.724,0,0,260.548,4.742,70.543,0,0,0,0,4.116,0,0,0,0,0,0,nan,nan,nan,nan
1,6/3/50,1:18,0,0,0,252.203,6.895,49.597,0,0,0,0,3.67,0,0,0,0,0,0,nan,nan,nan,nan
1,6/3/50,1:19,0,0,0,164.513,15.187,29.405,0,0,0,0,3.538,0,0,0,0,0,0,nan,nan,nan,nan
1,6/3/50,1:20,84.738,0,0,131.701,33.472,21.043,0,0,0,0,18.027,0,0,0,0,0,0,nan,nan,nan,nan
1,6/3/50,1:21,0,0,0,127.629,5.839,25.279,0,0,0,0,16.612,0,0,0,0,0,0,nan,nan,nan,nan
1,6/3/50,1:22,0,0,0,66.481,4.664,24.631,0,33.944,0,0,4.803,0,0,0,0,0,0,nan,nan,nan,nan
1,6/3/50,1:23,0,0,0,0,3.702,21.678,0,18.24,0,0,4.361,0,52.363,0,0,0,0,nan,nan,nan,nan
1,6/3/50,1:24,0,0,0,0,15.037,19.202,0,21.746,0,0,4.309,0,0,0,0,0,0,nan,nan,nan,nan
1,6/3/50,1:25,0,0,0,0,11.954,30.735,0,21.69,0,0,4.081,0,0,0,0,0,0,nan,nan,nan,nan
1,6/3/50,1:26,0,0,0,0,15.107,26.165,0,49.704,0,0,4.883,0,69.198,0,0,0,0,nan,nan,nan,nan
1,6/3/50,1:27,0,0,0,67.429,13.922,24.31,0,82.12,0,0,4.398,0,56.241,0,0,0,0,nan,nan,nan,nan
1,6/3/50,1:28,0,0,0,42.271,4.442,21.725,0,87.932,0,0,4.201,0,24.662,0,0,0,0,nan,nan,nan,nan
1,6/3/50,1:29,0,0,0,28.585,6.108,26.777,0,102.061,0,0,4.253,0,18.691,0,0,0,0,nan,nan,nan,nan
1,6/3/50,1:30,0,0,0,20.507,10.308,20.091,20.479,109.346,0,0,5.174,0,16.763,0,0,0,0,nan,nan,nan,nan
1,6/3/50,1:31,0,0,0,26.609,4.184,6.524,66.51,113.145,0,0,4.394,0,19.207,0,0,0,0,nan,nan,nan,nan
1,6/3/50,1:32,0,0,0,32.885,3.705,3.154,191.016,26.135,0,0,10.852,0,14.381,0,0,0,0,nan,nan,nan,nan
1,6/3/50,1:33,0,0,0,100.119,3.401,4.567,61.613,49.831,0,0,3.14,0,7.446,0,0,0,0,nan,nan,nan,nan
1,6/3/50,1:34,0,0,0,223.143,3.441,3.684,0,58.016,0,0,3.428,0,4.551,0,0,0,0,nan,nan,nan,nan
1,6/3/50,1:35,0,0,0,315.733,3.925,7.647,0,21.049,0,0,3.433,0,3.666,0,0,0,0,nan,nan,nan,nan
1,6/3/50,1:36,0,0,0,81.045,5.711,3.831,74.667,15.368,0,0,4.909,0,4.018,0,0,0,0,nan,nan,nan,nan
1,6/3/50,1:37,0,0,0,176.149,5.242,2.992,34.068,50.472,0,0,3.518,0,3.437,0,0,0,0,nan,nan,nan,nan
1,6/3/50,1:38,0,0,0,131.466,4.761,11.385,53.979,0,0,0,4.744,0,4.659,0,0,0,0,nan,nan,nan,nan
1,6/3/50,1:39,0,0,0,14.998,3.836,9.048,46.471,33.642,0,0,4.287,0,3.649,0,0,0,0,nan,nan,nan,nan
1,6/3/50,1:40,0,0,0,8.286,4.2,2.624,74.451,52.497,0,0,4.808,0,3.766,0,0,0,0,nan,nan,nan,nan
1,6/3/50,1:41,0,0,0,0,3.99,2.557,77.972,58.605,0,0,4.531,0,5.351,0,0,0,0,nan,nan,nan,nan
1,6/3/50,1:42,0,0,0,16.731,4.269,2.861,53.478,0,0,0,10.292,0,5.149,0,0,0,0,nan,nan,nan,nan
1,6/3/50,1:43,0,0,0,0,13.515,2.84,161.012,0,18.276,0,5.109,0,4.365,0,0,0,0,nan,nan,nan,nan
1,6/3/50,1:44,0,0,0,0,4.803,2.878,67.653,0,2.278,0,5.045,0,5.185,0,0,0,0,nan,nan,nan,nan
1,6/3/50,1:45,0,0,0,0,3.524,3.273,27.981,0,52.841,0,5.734,0,5.451,0,0,0,0,nan,nan,nan,nan
1,6/3/50,1:46,0,0,0,0,15.834,2.659,49.002,0,0,0,4.574,0,6.032,0,0,0,0,nan,nan,nan,nan
1,6/3/50,1:47,0,0,0,6.054,8.953,5.648,104.117,0,0,0,4.353,0,5.469,0,0,0,0,nan,nan,nan,nan
1,6/3/50,1:48,0,0,0,0,34.24,13.912,142.774,0,0,0,4.919,0,5.957,0,0,0,0,nan,nan,nan,nan
1,6/3/50,1:49,0,0,0,0,33.613,5.281,57.271,0,0,0,4.038,0,6.658,0,0,0,0,nan,nan,nan,nan
1,6/3/50,1:50,0,0,0,0,27.759,4.494,23.481,0,0,0,5.21,0,3.771,0,0,0,0,nan,nan,nan,nan
1,6/3/50,1:51,0,0,0,0,32.821,4.517,21.682,0,0,0,6.79,0,7.882,0,0,0,0,nan,nan,nan,nan
1,6/3/50,1:52,0,0,0,0,20.74,3.703,64.339,0,0,0,7.249,0,5.023,0,0,0,0,nan,nan,nan,nan
1,6/3/50,1:53,0,0,0,0,5.474,4.275,25.739,0,23.151,0,4.847,0,8.153,0,0,0,0,nan,nan,nan,nan
1,6/3/50,1:54,0,0,0,0,5.629,3.589,85.811,0,33.797,0,4.183,0,11.009,0,0,0,0,nan,nan,nan,nan
1,6/3/50,1:55,0,0,0,0,4.849,9.208,156.201,0,0,0,4.412,0,5.475,0,0,0,0,nan,nan,nan,nan
1,6/3/50,1:56,0,0,0,0,5.466,5.016,153.481,0,0,0,4.673,0,4.984,0,0,0,0,nan,nan,nan,nan
1,6/3/50,1:57,0,0,0,0,10.102,5.663,34.843,0,0,0,6.511,0,4.333,0,0,0,0,nan,nan,nan,nan
1,6/3/50,1:58,0,0,0,0,8.385,3.39,179.905,0,0,0,4.27,0,5.431,0,0,0,0,nan,nan,nan,nan
1,6/3/50,1:59,0,0,0,0,6.163,19.281,95.847,0,0,0,5.937,0,7.685,0,0,0,0,nan,nan,nan,nan
1,6/3/50,2:00,0,0,0,0,32.806,17.534,53.352,0,0,0,4.924,0,4.143,0,0,0,0,nan,nan,nan,nan
1,6/3/50,2:01,0,0,0,0,0,3.54,73.786,0,0,0,3.791,0,5.372,0,0,0,0,nan,nan,nan,nan
1,6/3/50,2:02,0,0,0,0,21.532,3.238,165.13,0,0,0,4.913,0,14.442,0,0,0,0,nan,nan,nan,nan
1,6/3/50,2:03,0,0,0,0,32.949,3.977,79.931,0,0,0,3.913,0,12.227,0,0,0,29.824,nan,nan,nan,nan
1,6/3/50,2:04,0,0,0,0,13.828,4.128,0,0,0,0,3.536,0,3.299,0,0,0,0,nan,nan,nan,nan
1,6/3/50,2:05,0,0,0,0,8.206,9.28,78.159,0,0,0,3.123,0,3.59,0,0,0,0,nan,nan,nan,nan
1,6/3/50,2:06,0,0,0,0,4.854,4.579,171.478,0,0,0,3.382,0,3.866,0,0,0,0,nan,nan,nan,nan
1,6/3/50,2:07,0,0,0,0,46.048,14.554,97.445,0,0,0,3.963,0,4.363,0,0,0,0,nan,nan,nan,nan
1,6/3/50,2:08,0,0,0,0,10.214,3.897,0,0,0,0,8.156,0,4.917,0,0,0,0,nan,nan,nan,nan
1,6/3/50,2:09,0,0,0,0,9.108,7.313,33.178,0,0,0,25.943,0,5.017,0,0,0,0,nan,nan,nan,nan
1,6/3/50,2:10,0,0,0,0,11.598,4.549,93.717,0,0,0,84.845,0,4.177,0,0,0,16.232,nan,nan,nan,nan
1,6/3/50,2:11,0,0,0,0,10.307,6.493,286.224,0,0,0,33.771,0,4.985,0,0,0,0,nan,nan,nan,nan
1,6/3/50,2:12,0,0,0,0,89.168,3.94,52.973,0,0,0,21.08,0,4.601,0,0,0,0,nan,nan,nan,nan
1,6/3/50,2:13,0,0,0,0,121.095,2.984,0,0,0,0,32.257,0,5.398,0,0,0,0,nan,nan,nan,nan
1,6/3/50,2:14,0,0,0,0,139.155,2.995,0,0,0,0,33.825,0,5.042,0,0,0,0,nan,nan,nan,nan
1,6/3/50,2:15,0,0,0,0,138.121,4.616,0,0,0,0,31.713,0,4.867,0,0,0,0,nan,nan,nan,nan
1,6/3/50,2:16,0,0,0,0,69.816,2.932,0,0,0,0,63.874,0,7.109,0,0,0,0,nan,nan,nan,nan
1,6/3/50,2:17,0,0,0,0,17.642,14.25,0,0,0,0,28.018,17.163,8.065,0,38.274,0,0,nan,nan,nan,nan
1,6/3/50,2:18,0,0,0,0,98.463,3.367,0,0,0,0,2.668,6.324,5.224,0,0,0,0,nan,nan,nan,nan
1,6/3/50,2:19,0,0,0,0,145.216,3.505,0,0,0,0,0,0,11.142,0,0,0,0,nan,nan,nan,nan
1,6/3/50,2:20,0,0,0,0,185.538,4.566,0,0,0,0,0,18.742,11.135,0,0,0,0,nan,nan,nan,nan
1,6/3/50,2:21,0,0,0,0,138.528,4.088,0,0,0,0,0,32.455,9.61,0,0,0,0,nan,nan,nan,nan
1,6/3/50,2:22,0,0,0,0,82.442,5.019,0,0,0,0,0,0,10.611,0,0,18.203,0,nan,nan,nan,nan
1,6/3/50,2:23,0,0,0,0,29.64,3.837,0,0,0,0,35.549,18.425,5.745,0,0,128.19,0,nan,nan,nan,nan
1,6/3/50,2:24,0,0,0,0,19.062,4.653,0,0,0,0,5.202,23.101,3.609,0,0,76.138,0,nan,nan,nan,nan
1,6/3/50,2:25,17.636,0,0,0,48.608,11.663,0,0,0,0,4.089,24.129,6.716,0,0,25.214,0,nan,nan,nan,nan
1,6/3/50,2:26,19.724,0,0,0,49.108,7.171,0,0,0,0,5.556,187.432,3.508,0,0,167.129,0,nan,nan,nan,nan
1,6/3/50,2:27,0,0,0,0,31.996,3.948,0,0,0,0,20.994,0,6.685,0,0,137.011,0,nan,nan,nan,nan
1,6/3/50,2:28,0,0,106.704,0,20.937,3.879,0,0,0,0,22.713,8.758,9.05,0,0,112.532,0,nan,nan,nan,nan
1,6/3/50,2:29,0,0,14.779,0,19.921,3.539,0,0,0,0,5.471,0,11.252,0,0,53.147,0,nan,nan,nan,nan
1,6/3/50,2:30,0,0,0.502,0,26.33,4.388,0,0,0,0,6.83,26.433,6.215,0,0,136.831,0,nan,nan,nan,nan
1,6/3/50,2:31,0,0,0,0,25.994,3.029,0,0,0,0,6.77,132.532,9.39,0,0,120.797,0,nan,nan,nan,nan
1,6/3/50,2:32,0,0,5.158,0,31.182,3.317,0,0,0,0,5.172,0,4.999,0,0,52.314,0,nan,nan,nan,nan
1,6/3/50,2:33,0,0,3.93,0,30.125,12.583,0,22.012,0,0,4.707,0,5.119,0,0,75.372,0,nan,nan,nan,nan
1,6/3/50,2:34,0,0,0,0,25.62,3.772,0,15.635,0,0,5.101,0,6.599,0,0,28.544,0,nan,nan,nan,nan
1,6/3/50,2:35,0,0,19.911,0,25.773,10.314,0,23.298,0,0,3.921,0,4.241,0,0,51.805,0,nan,nan,nan,nan
1,6/3/50,2:36,0,0,166.95,0,30.123,20.827,0,25.252,0,0,5.365,0,4.795,0,0,127.57,0,nan,nan,nan,nan
1,6/3/50,2:37,0,0,27.949,0,35.411,22.377,0,18.428,0,0,5.168,0,4.711,0,0,33.953,0,nan,nan,nan,nan
1,6/3/50,2:38,0,0,32.011,0,29.224,25.169,0,21.803,0,0,4.051,0,3.873,0,0,52.81,0,nan,nan,nan,nan
1,6/3/50,2:39,0,0,0,0,22.674,27.271,0,24.053,0,0,4.653,0,5.687,0,0,0,0,nan,nan,nan,nan
1,6/3/50,2:40,0,0,0,0,6.985,21.789,0,27.539,0,0,3.922,0,3.565,0,0,0,0,nan,nan,nan,nan
1,6/3/50,2:41,0,0,0,0,26.772,27.503,0,10.934,0,0,20.89,0,5.916,0,0,1.431,0,nan,nan,nan,nan
1,6/3/50,2:42,0,0,20.75,0,11.185,6.732,0,109.934,0,0,7.101,0,5.292,0,0,38.822,0,nan,nan,nan,nan
1,6/3/50,2:43,0,0,164.66,0,4.309,7.18,0,170.872,0,0,3.773,0,5.48,0,0,0,0,nan,nan,nan,nan
1,6/3/50,2:44,0,0,12.539,0,4.957,5.068,0,182.188,0,0,4.225,0,15.432,0,0,0,0,nan,nan,nan,nan
1,6/3/50,2:45,0,0,0,0,3.433,6.815,0,118.435,0,0,4.435,0,15.197,0,0,0,0,nan,nan,nan,nan
1,6/3/50,2:46,0,0,16.072,0,17.636,3.538,0,0,0,0,4.915,0,27.826,0,0,42.88,0,nan,nan,nan,nan
1,6/3/50,2:47,0,0,0,0,9.609,4.9,0,45.678,0,18.414,3.733,0,20.025,0,0,33.118,0,nan,nan,nan,nan
1,6/3/50,2:48,0,0,0,0,4.48,6.373,0,0,0,0,23.514,0,21.847,24.399,0,0,0,nan,nan,nan,nan
1,6/3/50,2:49,0,0,0,0,2.629,8.249,0,0,0,0,17.084,0,22.399,1.373,0,9.43,0,nan,nan,nan,nan
1,6/3/50,2:50,0,0,0,0,4.132,49.774,0,0,0,76.306,10.312,0,29.86,0,0,0,0,nan,nan,nan,nan
1,6/3/50,2:51,0,0,0,0,3.74,4.601,0,0,0,86.259,46.848,0,5.247,0,0,0,0,nan,nan,nan,nan
1,6/3/50,2:52,0,0,0,0,6.794,3.886,0,0,0,0,51.115,0,0,0,0,0,0,nan,nan,nan,nan
1,6/3/50,2:53,0,0,0,0,2.904,4.583,0,0,0,0,22.709,0,0,0,0,0,0,nan,nan,nan,nan
1,6/3/50,2:54,0,0,0,0,4.356,4.765,0,0,0,0,42.152,0,0,0,0,0,0,nan,nan,nan,nan
1,6/3/50,2:55,0,0,0,0,3.615,4.963,0,0,0,17.63,25.48,0,0,0,0,0,0,nan,nan,nan,nan
1,6/3/50,2:56,0,0,0,0,15.891,3.877,0,0,0,20.448,33.009,0,0,0,0,0,0,nan,nan,nan,nan
1,6/3/50,2:57,0,0,0,0,4.501,9.459,0,0,0,45.401,20.796,0,0,36.946,0,0,0,nan,nan,nan,nan
1,6/3/50,2:58,0,0,0,0,7.938,4.292,0,0,0,78.559,26.542,0,0,0,26.186,0,0,nan,nan,nan,nan
1,6/3/50,2:59,0,0,0,0,3.098,4.94,0,0,0,111.477,28.808,0,0,0,38.952,0,0,nan,nan,nan,nan
1,6/3/50,3:00,0,0,0,0,3.303,4.701,0,0,0,56.529,31.406,0,0,0,37.694,0,0,nan,nan,nan,nan
1,6/3/50,3:01,0,0,0,0,3.605,4.475,0,0,0,15.951,13.066,0,0,0,0,0,0,nan,nan,nan,nan
1,6/3/50,3:02,0,0,0,0,3.292,4.273,0,0,0,0,5.79,0,0,0,0,0,0,nan,nan,nan,nan
1,6/3/50,3:03,0,0,0,0,2.846,3.937,0,0,0,0,6.021,0,0,0,0,0,0,nan,nan,nan,nan
1,6/3/50,3:04,0,0,0,0,2.474,13.363,0,0,0,0,7.818,0,0,0,0,0,0,nan,nan,nan,nan
1,6/3/50,3:05,0,0,0,0,3.523,7.657,0,0,0,0,8.954,0,0,0,19.805,0,0,nan,nan,nan,nan
1,6/3/50,3:06,0,0,0,0,7.457,6.724,0,0,0,0,7.626,0,0,0,28.69,0,0,nan,nan,nan,nan
1,6/3/50,3:07,0,0,0,0,34.959,4.265,0,0,0,0,5.286,0,0,0,55.597,0,0,nan,nan,nan,nan
1,6/3/50,3:08,0,0,0,0,15.376,4.721,0,0,0,0,5.624,0,0,0,22.556,0,0,nan,nan,nan,nan
1,6/3/50,3:09,0,0,0,0,4.931,3.816,0,0,0,0,3.99,0,0,0,0,0,0,nan,nan,nan,nan
1,6/3/50,3:10,0,0,0,0,4.824,3.907,0,0,0,0,5.253,0,0,0,0,0,0,nan,nan,nan,nan
1,6/3/50,3:11,0,0,0,0,4.41,15.023,0,0,0,0,6.441,0,0,0,0,0,0,nan,nan,nan,nan
1,6/3/50,3:12,0,0,0,0,3.369,6.668,0,0,0,0,6.122,0,0,0,0,0,0,nan,nan,nan,nan
1,6/3/50,3:13,0,0,0,0,4.161,6.833,0,0,0,0,4.382,0,0,0,0,0,0,nan,nan,nan,nan
1,6/3/50,3:14,0,0,0,0,4.487,7.583,0,0,0,0,3.943,0,0,0,0,0,0,nan,nan,nan,nan
1,6/3/50,3:15,0,0,0,0,4.758,5.551,0,0,0,0,3.873,0,0,0,0,0,0,nan,nan,nan,nan
1,6/3/50,3:16,0,0,0,0,3.893,4.306,0,0,0,0,4.076,0,0,0,0,0,0,nan,nan,nan,nan
1,6/3/50,3:17,0,0,0,0,3.719,5.532,0,0,0,0,6.425,0,0,0,0,0,0,nan,nan,nan,nan
1,6/3/50,3:18,0,0,0,0,22.669,7.283,0,0,0,0,10.504,0,0,0,0,0,0,nan,nan,nan,nan
1,6/3/50,3:19,0,0,0,0,9.35,19.852,0,0,0,0,15.072,0,0,0,0,0,0,nan,nan,nan,nan
1,6/3/50,3:20,0,0,0,0,3.744,15.199,0,0,0,0,7.135,0,0,0,0,0,0,nan,nan,nan,nan
1,6/3/50,3:21,0,33.322,0,0,12.138,4.235,0,0,0,0,4.906,0,0,0,0,0,0,nan,nan,nan,nan
1,6/3/50,3:22,0,0,0,0,5.312,6.12,0,0,0,0,6.234,0,0,0,0,0,0,nan,nan,nan,nan
1,6/3/50,3:23,0,0,0,0,9.665,6.171,0,0,0,0,4.603,0,0,0,0,0,0,nan,nan,nan,nan
1,6/3/50,3:24,0,0,0,0,5.887,9.409,0,0,0,0,4.767,0,0,0,0,0,0,nan,nan,nan,nan
1,6/3/50,3:25,0,0,0,0,6.374,4.012,0,0,0,0,4.789,0,0,0,0,0,0,nan,nan,nan,nan
1,6/3/50,3:26,0,0,0,31.359,5.33,5.026,0,0,0,0,5.564,0,0,0,0,0,0,nan,nan,nan,nan
1,6/3/50,3:27,0,0,0,10.957,6.012,27.423,0,0,0,0,4.559,0,0,0,0,0,0,nan,nan,nan,nan
1,6/3/50,3:28,0,0,0,0,6.474,0,0,0,0,0,5.057,0,0,0,0,0,0,nan,nan,nan,nan
1,6/3/50,3:29,0,93.372,0,0,4.114,0,0,0,0,0,4.116,0,0,0,0,0,0,nan,nan,nan,nan
1,6/3/50,3:30,0,172.635,0,15.647,4.007,0,0,0,0,0,3.745,0,0,0,0,0,0,nan,nan,nan,nan
1,6/3/50,3:31,0,0,0,48.32,9.375,0,0,0,0,0,3.709,0,0,0,0,0,0,nan,nan,nan,nan
1,6/3/50,3:32,0,0,0,17.747,34.153,0,0,0,0,0,4.081,0,0,0,0,0,0,nan,nan,nan,nan
1,6/3/50,3:33,0,0,0,0,29.587,51.507,0,0,0,0,5.273,0,0,0,0,0,0,nan,nan,nan,nan
1,6/3/50,3:34,0,0,0,0,24.609,80.981,0,0,0,0,4.29,0,0,0,0,0,0,nan,nan,nan,nan
1,6/3/50,3:35,0,0,0,0,26.47,45.309,0,0,0,0,3.784,0,0,0,0,0,0,nan,nan,nan,nan
1,6/3/50,3:36,0,0,0,0,22.733,46.466,0,0,0,0,3.716,0,0,0,0,0,0,nan,nan,nan,nan
1,6/3/50,3:37,0,0,0,0,4.41,84.796,0,0,0,0,4.096,0,0,0,0,0,0,nan,nan,nan,nan
1,6/3/50,3:38,0,0,0,0,5.201,118.996,0,0,0,0,8.917,0,3.566,0,0,0,0,nan,nan,nan,nan
1,6/3/50,3:39,0,0,0,7.678,4.117,89.485,0,0,0,0,5.886,0,16.383,0,0,0,0,nan,nan,nan,nan
1,6/3/50,3:40,0,0,0,51.308,3.918,52.985,0,0,0,0,5.464,0,23.897,0,0,0,0,nan,nan,nan,nan
1,6/3/50,3:41,0,0,0,0,3.344,53.493,0,0,0,0,9.331,0,14.987,0,0,0,0,nan,nan,nan,nan
1,6/3/50,3:42,0,0,0,0,5.706,25.884,0,0,0,0,12.659,0,13.782,0,0,0,0,nan,nan,nan,nan
1,6/3/50,3:43,0,0,0,0,5.102,10.355,0,0,0,0,6.883,0,11.529,0,0,0,0,nan,nan,nan,nan
1,6/3/50,3:44,0,0,0,0,5.571,20.453,0,0,0,0,6.602,0,6.61,0,0,0,0,nan,nan,nan,nan
1,6/3/50,3:45,0,0,0,0,3.281,27.261,0,0,0,0,6.061,0,15.257,0,0,0,0,nan,nan,nan,nan
1,6/3/50,3:46,0,0,0,0,3.817,25.795,0,0,0,0,5.657,0,24.355,0,0,0,0,nan,nan,nan,nan
1,6/3/50,3:47,0,0,0,0,5.723,32.607,12.318,0,0,0,7.745,0,42.216,0,0,0,0,nan,nan,nan,nan
1,6/3/50,3:48,0,0,0,0,10.117,25.192,59.28,0,0,0,5.567,0,32.077,0,0,30.711,0,nan,nan,nan,nan
1,6/3/50,3:49,0,0,0,0,5.28,29.296,0,0,0,0,7.836,0,15.204,0,0,88.33,0,nan,nan,nan,nan
1,6/3/50,3:50,0,0,0,0,22.727,24.687,0,0,0,0,6.705,0,9.183,0,0,66.835,0,nan,nan,nan,nan
1,6/3/50,3:51,0,0,0,0,16.872,26.766,17.903,0,0,0,7.403,0,4.998,0,0,97.545,0,nan,nan,nan,nan
1,6/3/50,3:52,0,0,0,0,35.271,28.42,0,0,0,0,4.174,0,14.499,0,0,90.098,0,nan,nan,nan,nan
1,6/3/50,3:53,0,0,0,0,29.023,21.443,39.697,0,0,0,7.207,0,10.139,0,0,80.752,0,nan,nan,nan,nan
1,6/3/50,3:54,0,0,0,0,27.803,11.933,117.658,0,0,0,17.716,0,6.141,0,0,154.206,0,nan,nan,nan,nan
1,6/3/50,3:55,0,0,0,0,31.243,6.141,159.911,0,0,0,15.68,0,14.798,0,0,26.023,0,nan,nan,nan,nan
1,6/3/50,3:56,0,0,0,0,29.13,4.656,17.394,0,0,0,15.841,0,0.48,0,0,78.315,0,nan,nan,nan,nan
1,6/3/50,3:57,0,0,0,0,0,3.342,26.145,0,0,0,7.857,0,0,0,0,95.929,0,nan,nan,nan,nan
1,6/3/50,3:58,0,0,0,0,0,7.29,103.422,0,0,0,10.233,0,0,0,0,21.368,0,nan,nan,nan,nan
1,6/3/50,3:59,0,0,0,0,17.673,8.753,18.455,0,0,0,9.844,0,0,0,0,71.421,0,nan,nan,nan,nan
1,6/3/50,4:00,0,0,0,0,79.618,5.577,144.622,0,0,0,8.325,0,0,0,0,142.701,0,nan,nan,nan,nan
1,6/3/50,4:01,0,0,0,0,27.612,4.065,32.379,0,0,0,8.98,0,0,0,0,2.498,0,nan,nan,nan,nan
1,6/3/50,4:02,99.958,0,0,0,13.877,3.861,28.931,0,0,0,9.905,0,0,0,0,0,0,nan,nan,nan,nan
1,6/3/50,4:03,55.839,0,0,0,22.896,4.36,0,0,0,0,29.469,0,0,0,0,0,0,nan,nan,nan,nan
1,6/3/50,4:04,34.298,0,0,0,32.962,3.954,0,0,0,0,22.81,0,0,0,0,0,0,nan,nan,nan,nan
1,6/3/50,4:05,5.597,0,0,0,34.464,3.948,0,0,0,0,30.024,0,0,0,0,0,0,nan,nan,nan,nan
1,6/3/50,4:06,0,0,0,0,30.358,4.686,89.592,0,0,0,27.013,0,0,0,0,0,0,nan,nan,nan,nan
1,6/3/50,4:07,0,0,0,0,31.511,9.69,21.613,0,0,0,17.024,0,0,0,0,0,0,nan,nan,nan,nan
1,6/3/50,4:08,16.823,152.149,0,0,21.862,4.148,202.015,0,0,0,8.816,0,0,0,0,25.81,0,nan,nan,nan,nan
1,6/3/50,4:09,0,17.336,0,0,25.973,3.648,205.144,0,0,0,5.257,0,0,0,0,0,0,nan,nan,nan,nan
1,6/3/50,4:10,0,88.546,0,0,17.427,32.682,38.371,0,0,0,4.401,0,0,0,0,0,0,nan,nan,nan,nan
1,6/3/50,4:11,103.144,167.292,0,0,7.369,5.246,220.797,0,0,0,3.774,0,0,0,0,0,0,nan,nan,nan,nan
1,6/3/50,4:12,61.926,6.557,0,0,3.957,4.847,105.12,0,0,0,4.163,0,0,0,0,0,0,nan,nan,nan,nan
1,6/3/50,4:13,129.844,0,0,0,4.074,3.756,55.062,0,0,0,3.549,0,0,0,0,0,0,nan,nan,nan,nan
1,6/3/50,4:14,0,0,0,0,3.701,6.076,0,0,0,0,3.245,104.633,0,0,0,0,0,nan,nan,nan,nan
1,6/3/50,4:15,0,38.033,0,0,3.053,6.494,0,0,0,0,3.349,0,0,0,0,0,0,nan,nan,nan,nan
1,6/3/50,4:16,0,148.399,0,0,4.156,8.993,79.001,0,0,0,3.653,0,0,0,0,0,0,nan,nan,nan,nan
1,6/3/50,4:17,0,69.972,0,0,3.471,6.809,0,0,0,0,3.856,0,0,0,0,0,0,nan,nan,nan,nan
1,6/3/50,4:18,0,7.862,0,0,5.791,6.697,0,0,0,0,3.969,0,0,0,0,0,0,nan,nan,nan,nan
1,6/3/50,4:19,0,16.982,0,86.544,7.969,3.195,0,0,0,0,4.329,0,0,0,0,0,0,nan,nan,nan,nan
1,6/3/50,4:20,0,26.62,0,0,3.453,7.053,0,0,0,0,5.648,0,0,0,0,0,0,nan,nan,nan,nan
1,6/3/50,4:21,0,0,0,0,4.011,21.454,0,0,0,0,3.347,0,0,0,0,0,0,nan,nan,nan,nan
1,6/3/50,4:22,0,0,0,0,3.798,11.585,0,0,0,0,4.071,3.493,0,0,0,0,0,nan,nan,nan,nan
1,6/3/50,4:23,0,0,0,0,6.193,5.804,0,0,0,0,3.835,48.47,0,0,0,0,0,nan,nan,nan,nan
1,6/3/50,4:24,0,80.014,0,0,7.538,7.164,0,0,0,0,3.752,79.302,0,0,0,0,0,nan,nan,nan,nan
1,6/3/50,4:25,0,61.227,0,0,5.703,5.449,0,0,0,0,11.528,0,0,0,0,0,0,nan,nan,nan,nan
1,6/3/50,4:26,0,83.905,0,0,5.659,6.303,0,0,0,0,15.876,0,0,0,0,0,0,nan,nan,nan,nan
1,6/3/50,4:27,0,114.295,0,0,4.574,3.982,0,0,0,0,18.935,0,0,0,0,0,0,nan,nan,nan,nan
1,6/3/50,4:28,0,0,0,0,5.763,4.731,0,0,0,0,6.497,0,0,0,0,0,0,nan,nan,nan,nan
1,6/3/50,4:29,0,0,0,0,5.472,5.541,0,0,0,0,5.873,0,0,0,0,0,0,nan,nan,nan,nan
1,6/3/50,4:30,0,0.056,0,0,4.603,3.576,0,0,0,0,7.429,0,0,0,0,0,0,nan,nan,nan,nan
1,6/3/50,4:31,0,27.394,0,0,6.482,4.045,0,0,0,0,5.142,0,0,0,0,0,0,nan,nan,nan,nan
1,6/3/50,4:32,0,142.266,0,0,3.082,4.168,0,0,0,0,4.388,0,0,0,0,0,0,nan,nan,nan,nan
1,6/3/50,4:33,0,132.883,0,0,6.1,5.302,0,0,0,0,5.392,0,0,0,0,0,0,nan,nan,nan,nan
1,6/3/50,4:34,0,0,0,0,4.476,10.172,0,0,0,0,6.113,0,0,0,16.489,0,0,nan,nan,nan,nan
1,6/3/50,4:35,0,111.834,0,0,4.756,6.613,0,0,0,0,8.373,0,0,0,58.677,0,0,nan,nan,nan,nan
1,6/3/50,4:36,132.03,0,0,0,8.521,4.645,0,0,0,0,9.374,0,0,0,148.213,0,0,nan,nan,nan,nan
1,6/3/50,4:37,25.004,137.082,0,0,7.176,5.295,97.392,0,0,0,10.449,0,0,0,112.067,0,0,nan,nan,nan,nan
1,6/3/50,4:38,59.108,9.08,0,0,3.153,3.888,124.035,0,0,0,10.155,0,0,0,0,0,0,nan,nan,nan,nan
1,6/3/50,4:39,86.46,13.632,0,0,3.372,18.013,0,0,0,0,17.928,0,0,0,0,0,0,nan,nan,nan,nan
1,6/3/50,4:40,35.365,0,0,0,3.958,10.414,0,0,0,0,10.654,0,0,0,0,0,0,nan,nan,nan,nan
1,6/3/50,4:41,168.199,0,0,0,4.925,5.059,0,0,0,0,9.035,0,0,0,14.636,0,0,nan,nan,nan,nan
1,6/3/50,4:42,0,0,0,0,3.984,4.245,0,0,0,0,52.293,0,0,0,0,0,0,nan,nan,nan,nan
1,6/3/50,4:43,14.73,0,0,0,4.834,11.673,0,49.88,0,0,46.531,0,0,0,0,0,0,nan,nan,nan,nan
1,6/3/50,4:44,35.041,102.381,0,0,25.582,11.747,0,34.815,0,0,22.335,0,0,0,0,0,0,nan,nan,nan,nan
1,6/3/50,4:45,18.328,133.371,0,0,9.641,7.142,0,4.577,0,0,24.699,0,0,0,0,0,0,nan,nan,nan,nan
1,6/3/50,4:46,48.372,22.197,0,0,5.033,3.999,0,4.139,0,0,20.31,0,0,0,0,0,0,nan,nan,nan,nan
1,6/3/50,4:47,100.905,3.068,0,0,14.867,9.515,0,4.741,0,0,11.487,0,0,0,31.814,0,0,nan,nan,nan,nan
1,6/3/50,4:48,68.996,0,0,0,34.534,8.263,0,6.833,20.116,0,13.615,0,0,0,48.471,0,0,nan,nan,nan,nan
1,6/3/50,4:49,137.186,24.886,0,0,34.263,14.288,0,8.927,0,0,28.207,0,0,0,0,0,0,nan,nan,nan,nan
1,6/3/50,4:50,64.021,12.815,0,0,17.555,3.809,0,4.983,92.331,0,25.744,0,0,0,0,0,0,nan,nan,nan,nan
1,6/3/50,4:51,6,0,0,0,22.448,3.754,0,4.697,24.162,0,40.425,0,0,0,15.21,0,0,nan,nan,nan,nan
1,6/3/50,4:52,16.427,0,0,0,31.018,14.301,0,4.59,0,0,38.629,0,0,0,0,17.976,0,nan,nan,nan,nan
1,6/3/50,4:53,16.116,140.991,0,0,0,6.681,0,5.856,0,0,26.123,0,0,0,18.828,153.421,0,nan,nan,nan,nan
1,6/3/50,4:54,30.495,127.175,0,0,23.253,9.936,0,7.06,19.958,29.441,66.489,0,47.434,0,0,83.85,0,nan,nan,nan,nan
1,6/3/50,4:55,199.477,129.691,0,57.874,80.811,26.538,0,5.964,0,60.356,36.921,0,69.395,0,16.438,0,0,nan,nan,nan,nan
1,6/3/50,4:56,126.456,109.893,0,0,82.934,26.873,0,5.502,0,130.139,16.129,0,91.94,0,0.151,0,0,nan,nan,nan,nan
1,6/3/50,4:57,0,89.404,0,0,0,25.578,0,4.751,0,0,27.128,0,68.924,0,60.232,0,0,nan,nan,nan,nan
1,6/3/50,4:58,16.235,52.16,0,0.807,83.385,17.467,0,4.827,0,0,15.923,0,61.844,44.016,70.626,0,0,nan,nan,nan,nan
1,6/3/50,4:59,66.297,85.48,0,0,4.322,25.386,0,4.22,0,0,49.527,0,0.274,90.489,123.456,75.575,0,nan,nan,nan,nan
1,6/3/50,5:00,10.872,105.744,0,0,64.393,6.103,0,4.265,0,17.104,0,0,9.084,180.906,146.512,54.799,0,nan,nan,nan,nan
1,6/3/50,5:01,24.88,215.795,0,0,40.693,5.406,0,11.216,0,0,0,0,0,40.211,134.479,43.308,0,nan,nan,nan,nan
1,6/3/50,5:02,92.061,197.107,0,0,153.058,3.676,0,24.695,0,0,34.009,0,0,58.168,120.491,143.72,0,nan,nan,nan,nan
1,6/3/50,5:03,91.771,116.146,0,0,71.817,5.039,0,82.379,0,5.351,106.746,0,42.76,108.459,24.439,15.375,0,nan,nan,nan,nan
1,6/3/50,5:04,141.048,271.771,0,2.491,99.716,6.197,0,77.772,0,0,71.256,0,100.939,9.018,75.516,163.116,0,nan,nan,nan,nan
1,6/3/50,5:05,118.716,12.859,0,4.438,109.596,14.04,0,13.518,0,16.154,54.314,0,82.067,0,32.977,106.455,0,nan,nan,nan,nan
1,6/3/50,5:06,47.743,0,0,65.513,145.312,8.185,0,16.805,0,29.736,44.544,0,86.616,0,0,124.712,0,nan,nan,nan,nan
1,6/3/50,5:07,0,26.973,0,173.807,21.707,9.961,0,5.714,0,91.281,114.661,0,59.552,82.869,56.999,48.227,0,nan,nan,nan,nan
1,6/3/50,5:08,32.831,76.619,0,46.606,14.35,6.887,0,31.754,0,3.747,83.393,0,34.317,168.058,67.024,0,0,nan,nan,nan,nan
1,6/3/50,5:09,63.863,95.355,0,0,33.061,4.529,0,63.157,0,55.912,64.609,0,12.729,149.413,65.461,0,0,nan,nan,nan,nan
1,6/3/50,5:10,117.403,79.695,103.143,4.774,32.11,6.217,0,60.218,0,128.749,61.915,0,14.789,86.538,73.38,0,0,nan,nan,nan,nan
1,6/3/50,5:11,46.199,218.622,27.6,0,33.547,14.738,0,63.167,0,48.055,14.424,0,27.569,90.522,36.898,0,0,nan,nan,nan,nan
1,6/3/50,5:12,25.311,0,2.899,0,43.463,6.746,0,67.61,0,46.691,27.47,0,113.366,77.363,108.974,0,0,nan,nan,nan,nan
1,6/3/50,5:13,17.487,62.392,0,0,49.305,7.561,32.021,0,0,61.398,116.979,0,33.778,52.615,32.835,0,0,nan,nan,nan,nan
1,6/3/50,5:14,28.204,49.453,13.127,0,32.819,4.891,124.633,43.876,0,26.651,46.997,0,48.87,163.353,16.117,0,0,nan,nan,nan,nan
1,6/3/50,5:15,20.61,169.68,67.818,0,54.755,10.083,80.224,33.377,0,93.499,29.79,0,101.811,174.044,115.358,0,0,nan,nan,nan,nan
1,6/3/50,5:16,62.882,62.387,117.631,0,59.215,7.687,87.362,21.018,0,55.296,36.115,0,123.524,11.155,0,46.499,0,nan,nan,nan,nan
1,6/3/50,5:17,120.921,67.699,131.527,0,62.11,15.338,71.015,82.524,0,13.233,0,0,121.251,0,0,91.413,0,nan,nan,nan,nan
1,6/3/50,5:18,105.849,136.891,113.499,0,91.749,12.445,57.229,25.153,0,0,31.883,0,28.765,0,39.777,0,0,nan,nan,nan,nan
1,6/3/50,5:19,11.137,115.271,63.417,27.289,101.72,25.602,50.171,51.256,0,43.605,0,0,0,46.824,0,0,0,nan,nan,nan,nan
1,6/3/50,5:20,52.975,46.018,8.888,90.946,34.231,27.456,0,6.19,0,16.393,0,32.327,0,31.799,35.599,0,0,nan,nan,nan,nan
1,6/3/50,5:21,20.612,130.756,27.661,119.793,0,31.559,133.602,32.012,0,0,45.75,0,6.364,0,0,0,0,nan,nan,nan,nan
1,6/3/50,5:22,81.23,167.986,0,94.503,0,32.821,39.311,77.181,0,50.004,34.997,0,24.513,0,49.945,0,0,nan,nan,nan,nan
1,6/3/50,5:23,13.71,13.49,0,129.926,14.183,18.101,168.912,57.7,0,36.788,73.112,0,63.244,0,155.383,0,0,nan,nan,nan,nan
1,6/3/50,5:24,0,241.699,62.088,74.003,72.19,35.435,122.32,13.143,0,0,149.792,0,151.752,0,110.979,0,0,nan,nan,nan,nan
1,6/3/50,5:25,25.955,123.093,21.097,132.586,84.568,1.949,115.354,0,0,0,46.9,0,170.963,0,61.899,0,0,nan,nan,nan,nan
1,6/3/50,5:26,0,144.589,19.842,33.342,4.371,0,91.266,51.11,0,48.547,19.081,0,230.148,0,0,0,0,nan,nan,nan,nan
1,6/3/50,5:27,22.616,1.075,64.187,0,23.187,22.224,98.834,0,0,126.038,0,4.458,112.329,0,27.301,0,0,nan,nan,nan,nan
1,6/3/50,5:28,0,0.537,63.301,0,13.009,25.563,85.187,0,0,57.294,0,60.316,97.782,0,34.856,0,0,nan,nan,nan,nan
1,6/3/50,5:29,40.128,9.167,0,36.764,18.403,64.149,0,0,0,147.971,0,80.109,86.972,0,17.418,0,19.576,nan,nan,nan,nan
1,6/3/50,5:30,15.409,0.186,69.041,69.702,10.798,106.447,0,26.997,0,48.918,84.497,101.722,95.22,0,42.63,0,20.991,nan,nan,nan,nan
1,6/3/50,5:31,18.194,0,23.271,79.578,0,18.965,0,45.074,0,62.859,79.643,126.164,85.011,0,0,0,19.482,nan,nan,nan,nan
1,6/3/50,5:32,78.381,156.286,120.704,213.109,0,74.527,0,38.741,0,30.013,38.316,54.671,98.274,0,0,0,22.103,nan,nan,nan,nan
1,6/3/50,5:33,66.834,0,7.551,219.595,10.519,85.001,0,0,0,82.427,38.949,3.557,24.564,0,0,0,25.102,nan,nan,nan,nan
1,6/3/50,5:34,40.992,95.969,104.897,132.38,0,99.205,124.154,0,0,0,37.282,12.107,3.232,0,39.578,0,24.848,nan,nan,nan,nan
1,6/3/50,5:35,95.65,39.358,125.789,99.089,0,2.717,0,0,22.595,193.374,97.673,0,2.827,0,34.658,0,20.542,nan,nan,nan,nan
1,6/3/50,5:36,159.335,41.607,103.636,64.232,13.684,15.153,0,0,0,27.606,4.268,0,33.403,0,0,0,19.45,nan,nan,nan,nan
1,6/3/50,5:37,114.131,73.132,66.501,101.322,0,0,0,0,0,12.404,0,34.876,18.627,0,0,0,101.672,nan,nan,nan,nan
1,6/3/50,5:38,31.697,198.455,0,35.365,21.304,16.344,0,0,0,18.748,72.023,31.191,41.782,0,0,0,87.623,nan,nan,nan,nan
1,6/3/50,5:39,86.164,0,0,25.581,8.853,61.555,0,0,0,36.991,32.942,0,30.228,0,0,0,115.778,nan,nan,nan,nan
1,6/3/50,5:40,0,0,0,29.624,15.785,27.766,0,0,19.719,18.837,35.866,38.678,36.02,0,0,0,97.881,nan,nan,nan,nan
1,6/3/50,5:41,127.346,0,0,150.184,13.041,32.133,0,0,76.427,15.804,29.603,13.705,30.924,0,0,0,152.447,nan,nan,nan,nan
1,6/3/50,5:42,131.847,0,0,44.946,7.856,14.895,0,0,106.384,0,42.355,88.75,16.564,0,0,0,54.073,nan,nan,nan,nan
1,6/3/50,5:43,54.294,0,0,24.351,23.264,24.335,0,0,111.233,123.996,81.874,40.931,4.742,0,0,0,88.538,nan,nan,nan,nan
1,6/3/50,5:44,143.772,100.978,0,29.868,71.228,29.566,0,0,105.776,84.839,159.653,0,7.095,0,0,0,40.041,nan,nan,nan,nan
1,6/3/50,5:45,159.206,254.316,56.301,29.77,66.206,71.468,0,0,2.643,151.222,99.221,0,20.422,0,0,0,25.376,nan,nan,nan,nan
1,6/3/50,5:46,0,0,34.706,35.341,38.595,41.889,0,0,0,31.747,41.319,0,19.714,0,0,0,35.259,nan,nan,nan,nan
1,6/3/50,5:47,26.715,0,75.558,108.52,32.503,14.109,0,0,17.978,28.968,61.274,0,24.113,0,0,0,76.839,nan,nan,nan,nan
1,6/3/50,5:48,37.375,0,26.553,192.125,32.315,5.194,0,0,0,91.511,132.259,0,11.913,0,0,0,91.778,nan,nan,nan,nan
1,6/3/50,5:49,20.732,0,21.353,0,26.716,5.797,0,0,56.377,49.396,149.623,0,14.423,0,0,0,50.442,nan,nan,nan,nan
1,6/3/50,5:50,92.887,0,58.576,0,28.174,6.65,0,0,34.875,0,36.399,0,11.642,0,0,0,38.259,nan,nan,nan,nan
1,6/3/50,5:51,0,0,143.496,90.185,14.923,7.556,0,0,37.598,0,76.128,0,8.595,0,0,0,43.003,nan,nan,nan,nan
1,6/3/50,5:52,0,0,0,0,32.145,16.113,18.334,0,49.809,3.639,49.202,0,4.804,0,0,0,75.056,nan,nan,nan,nan
1,6/3/50,5:53,134.399,0,47.153,0,93.795,24.348,0,0,162.284,95.988,26.878,0,21.478,0,0,0,178.594,nan,nan,nan,nan
1,6/3/50,5:54,168.485,0,110.638,0,71.283,14.86,0,0,0,164.018,43.061,0,34.128,0,0,0,167.142,nan,nan,nan,nan
1,6/3/50,5:55,47.517,0,0,0,149.483,31.496,74.705,0,0,0,38.961,0,9.364,0,0,0,72.183,nan,nan,nan,nan
1,6/3/50,5:56,209.846,3.919,29.755,0,152.965,29.529,32.245,0,19.846,12.329,34.152,0,5.987,0,0,0,41.25,nan,nan,nan,nan
1,6/3/50,5:57,67.183,205.382,0,0,82.602,48.661,0,0,153.356,66.382,26.094,0,2.571,0,0,0,132.803,nan,nan,nan,nan
1,6/3/50,5:58,83.777,159.525,0,68.457,21.707,26.791,0,0,185.176,45.211,47.594,0,17.544,0,0,0,0,nan,nan,nan,nan
1,6/3/50,5:59,34.108,227.432,101.572,222.893,76.269,0,0,0,29.759,57.574,22.928,0,10.35,0,0,0,55.733,nan,nan,nan,nan
2,6/3/50,6:00,33.734,0,265.218,25.928,255.678,0,0,0,0,134.738,36.955,0,24.715,0,0,0,151.732,nan,nan,nan,nan
2,6/3/50,6:01,13.856,122.396,156.558,48.273,261.339,0,0,0,34.509,15.994,0,0,8.951,0,0,0,213.25,nan,nan,nan,nan
2,6/3/50,6:02,15.878,18.985,118.558,35.249,101.953,0,0,0,81.681,0,0,0,10.994,0,0,0,32.165,nan,nan,nan,nan
2,6/3/50,6:03,99.007,12.458,76.363,16.963,81.18,0,0,0,70.78,25.181,0,0,4.668,0,0,0,0,nan,nan,nan,nan
2,6/3/50,6:04,94.54,64.297,107.946,35.156,84.943,0,16.084,0,65.525,0,61.597,0,5.007,0,0,0,0,nan,nan,nan,nan
2,6/3/50,6:05,148.863,0,19.41,128.803,10.47,59.84,19.985,0,22.866,22.804,61.654,0,14.811,0,0,0,0,nan,nan,nan,nan
2,6/3/50,6:06,124.023,0,24.903,112.125,0,69.274,0,0,0,25.742,0,0,13.514,0,0,0,0,nan,nan,nan,nan
2,6/3/50,6:07,69.341,0,36.511,52.383,0,21.058,0,0,0,0,58.877,0,8.22,0,0,0,71.488,nan,nan,nan,nan
2,6/3/50,6:08,0,0,26.245,1.744,21.944,50.587,22.028,0,0,0,34.104,0,10.698,0,0,0,147.673,nan,nan,nan,nan
2,6/3/50,6:09,0,0,35.497,16.152,59.228,107.462,21.641,0,0,105.073,74.373,0,8.25,0,0,0,61.519,nan,nan,nan,nan
2,6/3/50,6:10,0,0,90.078,0,81.082,4.79,17.987,0,0,46.676,23.768,0,4.524,30.046,0,0,18.546,nan,nan,nan,nan
2,6/3/50,6:11,0,0,17.618,0,12.229,54.171,0,0,0,0,21.003,0,3.28,0,0,0,16.36,nan,nan,nan,nan
2,6/3/50,6:12,0,0,10.557,0,24.945,0,0,0,0,0,0,0,2.83,0,0,0,36.471,nan,nan,nan,nan
2,6/3/50,6:13,0,0,65.56,0,30.527,17.663,0,0,0,0,0,0,12.944,34.098,0,0,0,nan,nan,nan,nan
2,6/3/50,6:14,0,0,31.19,0,21.358,65.816,0,0,0,0,0,0,19.951,53.931,0,0,0,nan,nan,nan,nan
2,6/3/50,6:15,0,0,46.063,0,13.757,44.121,0,23.009,0,0,0,0,40.018,0,0,0,0,nan,nan,nan,nan
2,6/3/50,6:16,0,0,71.117,0,19.197,0,0,27.177,0,0,0,0,0,0,0,0,0,nan,nan,nan,nan
2,6/3/50,6:17,0,0,75.38,0,19.036,0,0,0,0,0,0,0,0,22.803,0,0,0,nan,nan,nan,nan
2,6/3/50,6:18,0,0,84.236,0,21.728,0,0,101.988,0,0,0,0,0,53.953,0,0,0,nan,nan,nan,nan
2,6/3/50,6:19,0,0,96.596,18.198,29.298,0,0,5.208,0,0,0,0,0,67.179,0,0,0,nan,nan,nan,nan
2,6/3/50,6:20,0,0,23.048,31.706,6.96,0,0,16.871,0,0,0,0,0,79.064,0,0,0,nan,nan,nan,nan
2,6/3/50,6:21,0,0,2.456,0,4.345,0,0,0,0,0,0,0,0,22.078,0,0,0,nan,nan,nan,nan
2,6/3/50,6:22,0,0,0,0,3.102,0,0,0,0,0,0,0,0,95.066,0,0,0,nan,nan,nan,nan
2,6/3/50,6:23,0,0,7.716,0,3.494,0,0,0,0,0,0,0,36.174,0,0,0,0,nan,nan,nan,nan
2,6/3/50,6:24,0,0,20.107,0,3.276,0,0,0,0,0,0,0,39.251,0,0,0,0,nan,nan,nan,nan
2,6/3/50,6:25,0,0,0,0,3.723,0,0,0,0,0,0,0,0,34.171,0,0,0,nan,nan,nan,nan
2,6/3/50,6:26,0,0,0,0,3.438,0,0,0,0,0,0,0,70.851,134.581,0,0,0,nan,nan,nan,nan
2,6/3/50,6:27,0,0,0,57.086,3.509,0,0,0,0,0,0,0,49.805,172.166,0,0,0,nan,nan,nan,nan
2,6/3/50,6:28,0,0,0,99.337,3.724,0,0,0,0,0,0,0,52.031,100.346,0,0,0,nan,nan,nan,nan
2,6/3/50,6:29,0,0,0,118.291,4.575,0,0,0,0,0,0,0,57.931,88.499,0,0,0,nan,nan,nan,nan
2,6/3/50,6:30,0,0,0,73.263,5.377,0,0,0,0,0,0,0,71.571,39.15,0,0,0,nan,nan,nan,nan
2,6/3/50,6:31,0,0,0,54.908,3.602,0,0,0,0,0,0,0,0,6.191,0,0,0,nan,nan,nan,nan
2,6/3/50,6:32,0,0,0,31.309,4.871,0,0,0,0,0,0,0,25.489,0,19.36,0,0,nan,nan,nan,nan
2,6/3/50,6:33,0,0,0,21.383,4.481,0,0,0,0,0,0,0,32.388,0,22.301,0,0,nan,nan,nan,nan
2,6/3/50,6:34,0,0,0,36.621,6.959,0,0,0,0,0,0,0,0,47.46,0,0,0,nan,nan,nan,nan
2,6/3/50,6:35,0,0,0,28.939,4.013,0,0,0,0,0,0,0,0,0,0,0,0,nan,nan,nan,nan
2,6/3/50,6:36,0,0,4.828,83.856,4.14,0,0,0,0,0,0,0,0,0,0,0,0,nan,nan,nan,nan
2,6/3/50,6:37,0,0,0,107.813,4.857,0,0,0,0,0,0,0,29.824,0,0,0,0,nan,nan,nan,nan
2,6/3/50,6:38,0,0,0,116.757,4.712,0,0,0,0,0,0,0,8.694,0,159.187,0,0,nan,nan,nan,nan
2,6/3/50,6:39,0,0,0,64.28,4.715,0,0,0,0,0,0,0,54.382,0,34.509,0,0,nan,nan,nan,nan
2,6/3/50,6:40,0,0,0,0,9.055,0,0,0,0,0,0,0,18.5,0,89.149,0,0,nan,nan,nan,nan
2,6/3/50,6:41,0,0,0,0,24.499,0,0,0,0,0,0,0,58.193,0,0,0,0,nan,nan,nan,nan
2,6/3/50,6:42,0,0,0,0,18.583,0,0,0,0,0,0,25.599,25.923,0,0,0,0,nan,nan,nan,nan
2,6/3/50,6:43,0,0,0,0,23.9,0,0,0,0,0,0,17.295,81.706,0,0,0,0,nan,nan,nan,nan
2,6/3/50,6:44,0,0,0,0,24.792,0,0,0,0,0,0,0,27.127,0,9.301,0,0,nan,nan,nan,nan
2,6/3/50,6:45,0,0,0,0,4.957,0,0,0,0,0,0,0,0,0,129.965,0,0,nan,nan,nan,nan
2,6/3/50,6:46,0,0,0,0,4.347,0,0,0,0,61.47,0,0,71.144,0,42.318,0,0,nan,nan,nan,nan
2,6/3/50,6:47,0,0,0,0,2.768,0,0,0,0,17.398,0,0,21.39,0,63.269,0,0,nan,nan,nan,nan
2,6/3/50,6:48,0,0,0,0,2.945,0,0,0,0,0,0,0,54.273,0,70.079,0,0,nan,nan,nan,nan
2,6/3/50,6:49,0,0,0,0,3.673,0,0,0,0,0,0,0,61.467,0,76.767,0,0,nan,nan,nan,nan
2,6/3/50,6:50,0,0,0,0,3.261,0,0,0,0,0,0,0,91.176,0,51.021,0,0,nan,nan,nan,nan
2,6/3/50,6:51,0,0,0,0,4.101,0,0,0,0,0,0,0,155.006,0,33.799,0,0,nan,nan,nan,nan
2,6/3/50,6:52,0,0,0,0,3.302,0,0,0,0,0,0,57.157,60.69,0,22.88,0,0,nan,nan,nan,nan
2,6/3/50,6:53,0,0,0,0,3.689,0,0,0,0,0,0,0,0,0,0,0,0,nan,nan,nan,nan
2,6/3/50,6:54,0,0,0,0,6.917,0,0,0,0,0,0,0,0,0,0,0,0,nan,nan,nan,nan
2,6/3/50,6:55,0,0,0,0,3.75,0,0,0,0,0,0,0,0,0,41.902,0,0,nan,nan,nan,nan
2,6/3/50,6:56,0,0,0,0,3.601,0,0,0,0,0,0,0,0,0,17.609,0,0,nan,nan,nan,nan
2,6/3/50,6:57,0,0,0,0,3.252,0,0,0,0,0,0,0,0,0,0,0,0,nan,nan,nan,nan
2,6/3/50,6:58,0,0,0,0,3.132,0,0,0,0,0,0,0,0,0,0,0,0,nan,nan,nan,nan
2,6/3/50,6:59,0,0,0,0,2.895,0,0,0,0,0,0,0,0,0,13.821,0,0,nan,nan,nan,nan
2,6/3/50,7:00,0,41.135,0,0,4.059,43.379,0,0,0,0,0,0,0,0,80.121,0,0,nan,nan,nan,nan
2,6/3/50,7:01,0,18.77,0,0,3.579,30.42,52.478,0,0,0,0,0,0,0,148.584,0,0,nan,nan,nan,nan
2,6/3/50,7:02,0,21.83,0,0,11.878,9.303,62.824,0,0,0,0,0,0,0,21.602,0,0,nan,nan,nan,nan
2,6/3/50,7:03,0,20.749,0,0,4.692,0,31.823,0,0,0,0,0,0,0,0,0,0,nan,nan,nan,nan
2,6/3/50,7:04,0,30.871,0,0,4.417,0,1.251,0,0,0,0,0,0,0,0,36.303,0,nan,nan,nan,nan
2,6/3/50,7:05,0,127.041,0,0,3.936,0,0,0,0,0,0,0,0,0,0,40.875,0,nan,nan,nan,nan
2,6/3/50,7:06,0,75.557,0,0,4.6,0,0,0,0,0,0,0,0,0,0,0,0,nan,nan,nan,nan
2,6/3/50,7:07,0,31.31,0,0,3.859,0,58.709,0,0,0,0,0,0,0,0,0,0,nan,nan,nan,nan
2,6/3/50,7:08,0,0,0,0,4.112,0,120.965,0,0,0,0,0,0,0,0,0,0,nan,nan,nan,nan
2,6/3/50,7:09,0,0,0,0,3.685,17.572,69.841,0,0,0,0,0,0,0,0,0,0,nan,nan,nan,nan
2,6/3/50,7:10,0,0,0,0,10.556,0,63.37,0,0,0,0,0,0,0,0,0,0,nan,nan,nan,nan
2,6/3/50,7:11,0,0,0,0,28.889,0,94.036,0,0,0,0,0,0,0,0,0,0,nan,nan,nan,nan
2,6/3/50,7:12,0,0,0,0,10.191,0,69.675,0,0,0,0,0,0,0,0,0,0,nan,nan,nan,nan
2,6/3/50,7:13,0,0,0,0,3.864,87.344,0,0,0,0,0,0,0,0,0,0,0,nan,nan,nan,nan
2,6/3/50,7:14,0,0,0,0,3.381,68.657,0,0,0,0,0,0,0,0,0,0,0,nan,nan,nan,nan
2,6/3/50,7:15,0,0,0,0,4.309,0,0,0,0,0,0,0,0,0,0,0,0,nan,nan,nan,nan
2,6/3/50,7:16,0,0,0,0,6.4,0,0,0,0,0,0,0,0,0,0,0,0,nan,nan,nan,nan
2,6/3/50,7:17,0,0,0,0,4.293,0,0,0,0,0,9.265,0,0,0,0,0,0,nan,nan,nan,nan
2,6/3/50,7:18,0,0,0,0,3.229,0,0,0,0,0,0,0,0,0,0,0,0,nan,nan,nan,nan
2,6/3/50,7:19,0,0,0,0,4.324,0,0,0,0,0,0,0,0,0,0,0,0,nan,nan,nan,nan
2,6/3/50,7:20,0,0,0,0,3.808,0,0,0,0,0,0,0,0,0,0,0,0,nan,nan,nan,nan
2,6/3/50,7:21,0,0,0,0,5.225,0,0,0,0,0,0,0,0,0,0,0,0,nan,nan,nan,nan
2,6/3/50,7:22,0,0,0,0,6.659,0,0,0,0,0,0,0,0,0,0,0,0,nan,nan,nan,nan
2,6/3/50,7:23,0,0,0,0,4.409,0,0,0,0,0,0,0,0,0,0,0,0,nan,nan,nan,nan
2,6/3/50,7:24,0,0,0,0,15.955,0,0,0,0,0,0,0,0,0,0,0,0,nan,nan,nan,nan
2,6/3/50,7:25,0,0,0,0,4.348,0,0,0,0,0,0,0,0,0,0,0,0,nan,nan,nan,nan
2,6/3/50,7:26,0,0,0,0,3.853,0,0,0,0,0,0,0,0,0,0,0,0,nan,nan,nan,nan
2,6/3/50,7:27,0,0,0,0,4.459,0,0,0,0,0,0,0,0,0,0,0,0,nan,nan,nan,nan
2,6/3/50,7:28,0,0,0,0,3.708,0,0,0,0,0,0,0,0,0,0,0,0,nan,nan,nan,nan
2,6/3/50,7:29,0,0,0,0,2.413,0,0,0,0,0,0,0,0,0,0,0,0,nan,nan,nan,nan
2,6/3/50,7:30,0,0,0,0,4.068,0,0,0,0,0,0,0,0,0,0,0,0,nan,nan,nan,nan
2,6/3/50,7:31,0,0,0,0,4.199,0,0,0,0,0,0,0,0,0,0,0,0,nan,nan,nan,nan
2,6/3/50,7:32,0,0,0,0,3.292,0,0,0,0,0,0,0,0,0,0,0,0,nan,nan,nan,nan
2,6/3/50,7:33,0,0,0,0,2.013,0,0,0,0,0,0,0,0,0,0,0,0,nan,nan,nan,nan
2,6/3/50,7:34,0,0,0,0,5.145,0,0,0,0,0,0,0,0,0,0,0,0,nan,nan,nan,nan
2,6/3/50,7:35,0,0,0,0,3.864,0,0,0,0,0,0,0,0,0,0,0,0,nan,nan,nan,nan
2,6/3/50,7:36,0,0,0,0,3.159,0,0,0,0,0,0,0,0,0,0,0,64.583,nan,nan,nan,nan
2,6/3/50,7:37,0,0,0,0,10.177,0,0,0,0,0,0,0,0,0,0,0,25.072,nan,nan,nan,nan
2,6/3/50,7:38,0,0,0,0,32.737,0,0,0,0,0,0,0,0,0,0,0,29.54,nan,nan,nan,nan
2,6/3/50,7:39,0,0,0,0,12.457,0,0,0,0,0,0,0,0,0,0,0,68.418,nan,nan,nan,nan
2,6/3/50,7:40,0,0,0,0,53.905,0,0,0,0,0,0,0,0,0,0,0,0,nan,nan,nan,nan
2,6/3/50,7:41,0,0,0,0,54.861,0,0,0,0,0,0,0,0,0,0,0,0,nan,nan,nan,nan
2,6/3/50,7:42,0,0,0,0,25.325,0,0,0,0,0,0,0,0,0,0,0,0,nan,nan,nan,nan
2,6/3/50,7:43,0,0,0,0,63.097,0,0,0,0,0,0,0,0,0,0,0,0,nan,nan,nan,nan
2,6/3/50,7:44,0,0,0,0,61.58,0,0,0,0,0,0,0,0,0,0,0,0,nan,nan,nan,nan
2,6/3/50,7:45,0,0,0,0,50.508,0,0,0,0,0,0,0,0,0,0,0,0,nan,nan,nan,nan
2,6/3/50,7:46,0,0,0,0,75.412,0,0,0,0,0,0,0,0,0,0,55.843,0,nan,nan,nan,nan
2,6/3/50,7:47,0,0,0,0,35.65,0,0,0,0,0,0,0,0,0,0,0,0,nan,nan,nan,nan
2,6/3/50,7:48,0,0,0,0,36.834,0,0,0,0,0,0,0,0,0,0,0,0,nan,nan,nan,nan
2,6/3/50,7:49,0,0,0,0,29.019,0,0,0,0,0,0,0,30.184,0,0,0,0,nan,nan,nan,nan
2,6/3/50,7:50,0,0,0,0,31.945,0,0,0,0,0,0,21.96,85.496,0,0,0,0,nan,nan,nan,nan
2,6/3/50,7:51,0,0,0,0,41.203,0,0,0,0,0,0,0,42.158,0,0,33.748,0,nan,nan,nan,nan
2,6/3/50,7:52,0,0,0,0,31.089,0,0,0,0,0,0,0,1.008,0,0,70.581,0,nan,nan,nan,nan
2,6/3/50,7:53,23.922,0,0,0,19.719,0,0,0,0,0,0,0,14.414,0,0,0,0,nan,nan,nan,nan
2,6/3/50,7:54,0,0,0,0,16.191,0,0,0,0,0,0,13.685,0,0,0,92.619,0,nan,nan,nan,nan
2,6/3/50,7:55,0,0,0,0,22.445,0,0,0,0,0,0,0,0.08,0,0,80.58,0,nan,nan,nan,nan
2,6/3/50,7:56,0,0,0,0,16.046,0,0,0,0,0,0,0,20.684,0,0,0,0,nan,nan,nan,nan
2,6/3/50,7:57,0,0,0,0,27.799,0,0,0,0,0,0,0,101.808,0,0,0,0,nan,nan,nan,nan
2,6/3/50,7:58,0,0,0,0,24.076,0,0,0,0,0,0,0,13.524,0,0,0,0,nan,nan,nan,nan
2,6/3/50,7:59,0,0,0,0,3.2,0,0,0,0,0,0,0,0,0,0,0,0,nan,nan,nan,nan
2,6/3/50,8:00,0,0,0,0,2.788,0,0,0,0,0,0,0,0,0,0,10.111,0,nan,nan,nan,nan
2,6/3/50,8:01,0,0,0,0,3.417,0,0,0,0,0,0,0,0,0,0,38.506,0,nan,nan,nan,nan
2,6/3/50,8:02,0,0,0,0,4.588,32.667,0,0,0,0,0,0,36.05,0,0,109.057,0,nan,nan,nan,nan
2,6/3/50,8:03,0,0,0,0,3.41,0,0,0,0,0,0,0,15.948,0,0,48.658,0,nan,nan,nan,nan
2,6/3/50,8:04,0,0,0,0,3.482,0,0,0,0,0,0,0,18.878,0,0,0,0,nan,nan,nan,nan
2,6/3/50,8:05,0,0,0,0,3.594,0,0,0,0,0,0,0,0,0,0,0,0,nan,nan,nan,nan
2,6/3/50,8:06,0,0,0,0,4.345,0,0,0,0,0,0,0,0,0,0,0,0,nan,nan,nan,nan
2,6/3/50,8:07,0,0,0,0,3.687,34.721,0,0,0,0,0,0,0,0,0,0,0,nan,nan,nan,nan
2,6/3/50,8:08,0,0,0,0,3.415,28.66,0,0,0,0,0,0,0,0,0,0,0,nan,nan,nan,nan
2,6/3/50,8:09,0,0,0,0,3.011,23.817,0,0,0,0,0,0,0,0,0,0,0,nan,nan,nan,nan
2,6/3/50,8:10,0,0,0,0,8.227,29.825,0,0,0,0,0,0,0,0,0,0,0,nan,nan,nan,nan
2,6/3/50,8:11,0,0,0,0,7.45,11.964,0,0,0,0,0,0,0,0,0,0,0,nan,nan,nan,nan
2,6/3/50,8:12,0,0,0,0,0,0,0,0,0,0,0,0,0,32.83,0,0,0,nan,nan,nan,nan
2,6/3/50,8:13,0,0,0,0,0,0,0,0,0,0,0,0,0,0,0,0,0,nan,nan,nan,nan
2,6/3/50,8:14,0,0,0,0,21.591,0,0,0,0,0,0,0,0,40.797,0,0,0,nan,nan,nan,nan
2,6/3/50,8:15,0,0,0,0,77.365,0,0,0,0,0,0,0,0,57.519,0,0,0,nan,nan,nan,nan
2,6/3/50,8:16,0,0,0,0,29.834,0,7.787,0,0,0,0,0,0,8.389,0,0,0,nan,nan,nan,nan
2,6/3/50,8:17,0,0,0,0,21.149,0,17.711,0,0,0,0,0,0,0,0,0,42.039,nan,nan,nan,nan
2,6/3/50,8:18,0,0,0,0,30.572,0,0,0,0,0,0,0,0,17.737,0,0,0,nan,nan,nan,nan
2,6/3/50,8:19,0,0,0,0,23.495,0,0,0,0,0,0,0,0,82.721,0,0,0,nan,nan,nan,nan
2,6/3/50,8:20,0,0,0,0,3.525,0,0,0,0,0,0,0,0,0.384,0,0,0,nan,nan,nan,nan
2,6/3/50,8:21,0,0,0,0,3.502,0,0,0,0,0,0,0,0,76.114,0,0,0,nan,nan,nan,nan
2,6/3/50,8:22,0,0,0,0,3.003,0,0,0,0,0,0,0,0,104.759,0,0,0,nan,nan,nan,nan
2,6/3/50,8:23,0,0,24.257,0,2.342,0,0,0,0,0,0,0,0,135.709,0,0,0,nan,nan,nan,nan
2,6/3/50,8:24,0,0,0,0,3.269,0,0,0,0,0,0,0,0,148.152,0,0,0,nan,nan,nan,nan
2,6/3/50,8:25,0,0,21.893,0,3.392,0,0,0,0,0,0,0,0,0,0,0,0,nan,nan,nan,nan
2,6/3/50,8:26,0,0,0,0,5.235,0,0,0,0,0,0,0,0,67.517,0,0,0,nan,nan,nan,nan
2,6/3/50,8:27,0,0,0,0,12.82,0,0,0,0,0,0,0,0,38.749,0,0,0,nan,nan,nan,nan
2,6/3/50,8:28,0,0,0,0,2.728,0,0,0,0,0,45.828,0,0,0,0,0,0,nan,nan,nan,nan
2,6/3/50,8:29,0,0,0,0,2.844,0,0,0,0,0,19.151,0,0,0,0,0,0,nan,nan,nan,nan
2,6/3/50,8:30,0,0,0,0,2.437,0,0,0,0,0,11.254,0,0,0,0,0,0,nan,nan,nan,nan
2,6/3/50,8:31,0,0,0,0,2.233,0,0,0,0,0,0,0,0,0,0,0,0,nan,nan,nan,nan
2,6/3/50,8:32,0,0,0,0,7.777,0,0,0,0,0,0,0,0,0,0,0,0,nan,nan,nan,nan
2,6/3/50,8:33,0,0,0,0,3.584,0,0,0,0,0,0,0,0,0,0,0,0,nan,nan,nan,nan
2,6/3/50,8:34,0,0,0,0,4.986,0,0,0,0,0,73.925,0,0,0,0,0,0,nan,nan,nan,nan
2,6/3/50,8:35,0,114.101,0,0,2.803,0,0,0,0,0,114.256,0,0,0,0,0,0,nan,nan,nan,nan
2,6/3/50,8:36,0,94.734,0,0,2.655,0,0,0,0,0,61.014,0,0,0,0,0,0,nan,nan,nan,nan
2,6/3/50,8:37,0,35.153,0,0,3.367,0,0,0,64.789,0,85.337,0,0,0,0,0,0,nan,nan,nan,nan
2,6/3/50,8:38,0,25.01,0,0,2.822,0,0,0,0.122,0,76.981,0,0,0,0,0,0,nan,nan,nan,nan
2,6/3/50,8:39,0,3.496,0,0,2.269,0,0,0,0,0,139.181,0,0,0,0,0,0,nan,nan,nan,nan
2,6/3/50,8:40,0,0,0,0,16.742,0,0,0,20.331,0,26.426,0,0,0,0,0,0,nan,nan,nan,nan
2,6/3/50,8:41,0,5.546,0,0,4.533,0,0,0,0,0,0,0,0,0,0,0,0,nan,nan,nan,nan
2,6/3/50,8:42,0,0,0,0,4.234,0,0,0,128.67,0,0,0,0,0,0,0,0,nan,nan,nan,nan
2,6/3/50,8:43,0,60.497,0,0,3.859,0,0,0,2.694,0,55.836,0,0,0,0,0,0,nan,nan,nan,nan
2,6/3/50,8:44,0,33.149,0,0,3.598,0,0,0,0,0,170.249,0,0,0,0,0,0,nan,nan,nan,nan
2,6/3/50,8:45,0,257.417,0,0,3.669,38.024,0,0,0,0,155.708,0,0,0,0,0,0,nan,nan,nan,nan
2,6/3/50,8:46,0,51.677,0,0,3.574,23.919,0,0,0,0,196.78,0,0,0,0,0,0,nan,nan,nan,nan
2,6/3/50,8:47,0,62.439,0,0,5.203,7.234,0,0,0,0,100.486,0,0,0,0,0,0,nan,nan,nan,nan
2,6/3/50,8:48,0,19.378,0,0,4.093,0,0,0,0,0,0,0,0,0,0,0,0,nan,nan,nan,nan
2,6/3/50,8:49,0,0,0,0,4.456,0,0,0,0,0,0,0,0,0,0,0,0,nan,nan,nan,nan
2,6/3/50,8:50,0,0,0,0,4.578,13.652,0,0,0,0,0,0,0,0,0,0,0,nan,nan,nan,nan
2,6/3/50,8:51,0,0,0,0,4.998,0,0,0,0,0,0,0,0,0,0,0,0,nan,nan,nan,nan
2,6/3/50,8:52,0,0,0,0,7.669,0,0,0,0,0,0,0,0,0,0,0,0,nan,nan,nan,nan
2,6/3/50,8:53,0,0,0,0,6.691,0,0,0,0,0,0,0,0,0,0,0,0,nan,nan,nan,nan
2,6/3/50,8:54,0,0,0,0,20.954,0,0,0,0,0,0,0,0,0,0,0,0,nan,nan,nan,nan
2,6/3/50,8:55,0,0,0,0,32.872,0,0,0,0,0,0,0,0,0,0,0,0,nan,nan,nan,nan
2,6/3/50,8:56,0,0,0,0,7.752,0,0,0,0,0,0,0,0,0,0,0,0,nan,nan,nan,nan
2,6/3/50,8:57,0,0,0,0,7.839,0,0,0,0,0,0,0,0,0,0,0,0,nan,nan,nan,nan
2,6/3/50,8:58,0,0,0,0,6.548,0,0,0,0,0,0,0,0,0,0,0,0,nan,nan,nan,nan
2,6/3/50,8:59,21.826,0,0,0,4.15,0,0,0,0,0,0,0,0,0,0,0,0,nan,nan,nan,nan
2,6/3/50,9:00,39.906,0,0,0,3.855,0,0,0,0,0,0,0,0,0,0,0,0,nan,nan,nan,nan
2,6/3/50,9:01,51.077,0,0,0,8.009,0,0,0,0,0,0,0,0,0,0,0,0,nan,nan,nan,nan
2,6/3/50,9:02,25.274,0,0,0,3.243,0,0,0,0,0,0,0,0,0,0,0,0,nan,nan,nan,nan
2,6/3/50,9:03,3.33,0,0,0,2.202,0,0,0,0,0,0,0,0,0,0,0,0,nan,nan,nan,nan
2,6/3/50,9:04,32.293,0,0,0,3.039,0,0,0,0,0,0,0,0,0,0,0,0,nan,nan,nan,nan
2,6/3/50,9:05,5.114,0,0,0,3.164,0,0,0,0,0,0,0,0,0,0,0,0,nan,nan,nan,nan
2,6/3/50,9:06,7.17,0,0,0,2.088,0,0,0,0,0,0,0,0,0,0,0,0,nan,nan,nan,nan
2,6/3/50,9:07,128.366,0,0,0,2.387,0,0,0,0,0,0,0,0,0,0,0,0,nan,nan,nan,nan
2,6/3/50,9:08,134.283,0,29.59,0,3.119,0,0,0,0,0,0,0,0,0,0,0,0,nan,nan,nan,nan
2,6/3/50,9:09,123.112,0,0,0,3.489,0,0,0,0,0,0,0,0,0,0,0,0,nan,nan,nan,nan
2,6/3/50,9:10,123.007,0,0,0,2.708,0,0,0,0,0,0,0,0,0,0,0,0,nan,nan,nan,nan
2,6/3/50,9:11,42.608,0,0,0,3.399,0,0,0,0,0,0,0,0,0,0,0,0,nan,nan,nan,nan
2,6/3/50,9:12,19.359,0,19.659,0,5.796,0,0,0,0,0,0,62.635,0,0,0,0,0,nan,nan,nan,nan
2,6/3/50,9:13,100.981,0,36.254,0,13.68,0,0,0,0,0,0,0,0,0,0,0,0,nan,nan,nan,nan
2,6/3/50,9:14,141.358,0,66.451,0,13.133,0,0,0,0,0,0,0,0,0,0,0,0,nan,nan,nan,nan
2,6/3/50,9:15,31.54,0,0,0,4.304,0,0,0,0,0,0,0,0,0,0,0,0,nan,nan,nan,nan
2,6/3/50,9:16,0,0,0,0,3.889,0,0,0,0,0,0,0,0,0,0,0,0,nan,nan,nan,nan
2,6/3/50,9:17,114.448,0,0,0,3.941,0,0,0,0,0,0,0,0,0,0,0,0,nan,nan,nan,nan
2,6/3/50,9:18,67.823,0,0,0,3.8,0,0,0,0,0,0,0,0,0,0,0,0,nan,nan,nan,nan
2,6/3/50,9:19,18.532,0,0,0,15.384,0,0,0,0,0,0,0,0,0,0,0,0,nan,nan,nan,nan
2,6/3/50,9:20,0,0,0,0,4.886,0,0,0,0,0,0,20.443,0,0,0,0,0,nan,nan,nan,nan
2,6/3/50,9:21,85.232,0,0,0,4.177,0,0,0,0,0,0,2.19,0,0,0,0,0,nan,nan,nan,nan
2,6/3/50,9:22,95.076,0,0,0,3.629,0,0,0,0,0,0,0,0,0,0,0,0,nan,nan,nan,nan
2,6/3/50,9:23,113.062,0,0,0,4.369,0,0,0,0,0,0,0,0,0,0,0,0,nan,nan,nan,nan
2,6/3/50,9:24,0,0,0,0,4.127,0,0,0,0,0,0,0,0,0,0,0,0,nan,nan,nan,nan
2,6/3/50,9:25,0,0,0,0,3.302,0,0,0,0,0,0,0,0,0,0,0,0,nan,nan,nan,nan
2,6/3/50,9:26,0,0,0,0,8.474,0,0,0,0,0,0,0,0,0,0,0,0,nan,nan,nan,nan
2,6/3/50,9:27,0,0,0,0,2.397,0,0,0,0,0,0,20.197,0,0,0,0,0,nan,nan,nan,nan
2,6/3/50,9:28,0,0,0,0,2.963,0,0,0,0,0,0,0,0,0,0,0,0,nan,nan,nan,nan
2,6/3/50,9:29,0,0,0,0,5.573,0,0,0,0,0,0,0,0,0,0,0,0,nan,nan,nan,nan
2,6/3/50,9:30,0,0,0,0,12.718,0,0,0,0,0,0,0,0,0,0,0,0,nan,nan,nan,nan
2,6/3/50,9:31,0,0,0,0,40.509,0,0,0,0,0,0,0,0,0,0,0,0,nan,nan,nan,nan
2,6/3/50,9:32,0,0,0,0,21.945,0,0,0,0,0,0,0,0,0,0,0,0,nan,nan,nan,nan
2,6/3/50,9:33,0,0,0,0,12.393,0,0,0,0,0,0,0,0,0,0,0,0,nan,nan,nan,nan
2,6/3/50,9:34,0,0,0,0,10.797,0,0,0,0,0,0,0,0,0,0,0,0,nan,nan,nan,nan
2,6/3/50,9:35,0,0,0,0,11.746,0,0,0,0,0,0,0,0,0,0,0,0,nan,nan,nan,nan
2,6/3/50,9:36,0,0,0,0,10.902,0,0,0,0,0,0,0,0,0,0,0,0,nan,nan,nan,nan
2,6/3/50,9:37,0,0,0,0,10.031,0,0,0,0,0,0,0,0,0,0,0,0,nan,nan,nan,nan
2,6/3/50,9:38,0,0,0,0,3.809,0,0,0,0,0,0,0,0,0,0,0,0,nan,nan,nan,nan
2,6/3/50,9:39,0,0,0,0,12.589,78.114,0,0,0,0,0,0,0,0,0,0,0,nan,nan,nan,nan
2,6/3/50,9:40,0,0,0,0,2.868,0,0,0,0,0,0,0,0,0,0,0,0,nan,nan,nan,nan
2,6/3/50,9:41,0,0,0,0,4.132,0,0,0,0,0,0,0,0,0,0,0,0,nan,nan,nan,nan
2,6/3/50,9:42,0,0,0,0,17.29,0,0,0,0,0,0,0,0,0,0,0,0,nan,nan,nan,nan
2,6/3/50,9:43,0,0,0,0,4.962,0,0,0,0,39.339,0,0,0,0,5.816,0,0,nan,nan,nan,nan
2,6/3/50,9:44,0,0,0,0,8.065,0,0,0,0,0,0,0,0,0,137.134,0,0,nan,nan,nan,nan
2,6/3/50,9:45,0,0,0,0,12.601,0,0,0,0,38.775,0,0,0,0,0,0,26.237,nan,nan,nan,nan
2,6/3/50,9:46,0,0,0,0,21.219,0,0,0,0,103.555,0,0,0,0,0,0,65.768,nan,nan,nan,nan
2,6/3/50,9:47,0,0,0,0,14.47,0,0,0,0,50.479,0,0,0,0,0,0,0,nan,nan,nan,nan
2,6/3/50,9:48,0,0,0,0,3.876,0,63.894,0,0,53.873,0,0,0,0,0,0,31.501,nan,nan,nan,nan
2,6/3/50,9:49,0,0,0,0,14.296,0,27.869,0,0,3.891,0,0,0,0,0,0,28.379,nan,nan,nan,nan
2,6/3/50,9:50,0,0,0,0,15.2,0,37.333,0,0,16.998,0,0,0,0,43.219,0,0,nan,nan,nan,nan
2,6/3/50,9:51,0,0,0,0,4.532,0,30.412,0,0,0,0,0,0,0,0,0,0,nan,nan,nan,nan
2,6/3/50,9:52,0,0,0,0,3.188,0,0,0,0,0,0,0,0,0,0,0,0,nan,nan,nan,nan
2,6/3/50,9:53,0,0,0,0,3.447,0,0,0,0,0,0,0,0,0,0,0,0,nan,nan,nan,nan
2,6/3/50,9:54,0,0,0,0,4.094,0,0,0,0,0,0,0,0,0,0,0,0,nan,nan,nan,nan
2,6/3/50,9:55,0,0,0,0,6.251,0,0,0,0,0,0,0,0,0,0,0,0,nan,nan,nan,nan
2,6/3/50,9:56,0,0,0,0,16.555,0,0,0,0,0,0,0,0,0,0,0,0,nan,nan,nan,nan
2,6/3/50,9:57,0,0,0,0,40.551,0,0,0,0,0,0,0,0,0,0,0,0,nan,nan,nan,nan
2,6/3/50,9:58,0,100.914,0,0,34.102,0,0,0,0,0,0,0,0,0,0,0,0,nan,nan,nan,nan
2,6/3/50,9:59,0,72.077,0,0,31.859,0,0,0,0,0,0,0,0,0,0,0,0,nan,nan,nan,nan
2,6/3/50,10:00,0,0,0,0,40.145,0,0,0,0,0,0,0,0,0,0,0,0,nan,nan,nan,nan
2,6/3/50,10:01,0,0,0,0,20.164,0,0,0,0,0,0,0,0,0,0,0,0,nan,nan,nan,nan
2,6/3/50,10:02,0,48.954,0,0,24.424,0,0,0,0,0,0,0,0,0,0,0,0,nan,nan,nan,nan
2,6/3/50,10:03,0,0,0,0,26.595,0,0,0,0,0,0,0,0,0,0,0,0,nan,nan,nan,nan
2,6/3/50,10:04,0,0,0,0,23.505,0,0,0,0,0,0,0,0,0,0,0,0,nan,nan,nan,nan
2,6/3/50,10:05,0,0,0,0,37.546,0,0,0,0,0,0,0,0,0,0,0,0,nan,nan,nan,nan
2,6/3/50,10:06,0,0,0,0,33.976,0,0,0,0,0,0,0,0,0,0,0,0,nan,nan,nan,nan
2,6/3/50,10:07,0,0,0,0,13.789,0,0,0,0,0,0,0,0,0,0,0,0,nan,nan,nan,nan
2,6/3/50,10:08,0,0,0,0,9.182,0,0,0,0,0,0,0,0,0,0,0,0,nan,nan,nan,nan
2,6/3/50,10:09,0,0,0,0,4.691,0,0,0,0,0,0,0,0,0,0,0,0,nan,nan,nan,nan
2,6/3/50,10:10,0,0,0,0,7.018,0,0,0,0,0,0,0,0,0,0,0,0,nan,nan,nan,nan
2,6/3/50,10:11,0,0,0,0,3.343,0,0,0,0,0,0,0,0,0,0,0,0,nan,nan,nan,nan
2,6/3/50,10:12,0,0,0,0,6.026,0,0,0,0,0,0,0,0,0,0,0,0,nan,nan,nan,nan
2,6/3/50,10:13,0,0,0,0,3.839,0,0,0,0,0,0,0,0,0,0,0,0,nan,nan,nan,nan
2,6/3/50,10:14,0,0,0,0,6.115,19.445,0,0,0,0,0,0,0,0,0,0,0,nan,nan,nan,nan
2,6/3/50,10:15,0,0,0,0,4.607,31.551,0,0,0,0,0,0,0,0,0,0,0,nan,nan,nan,nan
2,6/3/50,10:16,0,0,0,0,4.495,0,0,0,0,0,0,0,0,0,0,0,0,nan,nan,nan,nan
2,6/3/50,10:17,0,0,0,0,5.248,0,0,0,0,0,0,0,0,0,0,0,0,nan,nan,nan,nan
2,6/3/50,10:18,0,0,0,0,7.214,0,0,0,0,0,0,0,0,0,0,0,0,nan,nan,nan,nan
2,6/3/50,10:19,0,0,0,0,6.609,0,0,0,0,0,0,0,0,0,0,0,0,nan,nan,nan,nan
2,6/3/50,10:20,0,0,0,0,10.674,0,0,0,0,0,0,0,0,0,0,0,0,nan,nan,nan,nan
2,6/3/50,10:21,0,0,0,0,6.044,25.895,0,0,0,0,0,0,0,0,0,0,0,nan,nan,nan,nan
2,6/3/50,10:22,0,0,0,0,7.511,0,0,0,0,0,0,0,0,0,0,0,0,nan,nan,nan,nan
2,6/3/50,10:23,0,0,0,0,19.761,0,0,0,0,0,0,0,0,0,0,0,0,nan,nan,nan,nan
2,6/3/50,10:24,0,0,0,0,5.475,0,0,0,0,0,0,0,0,0,0,0,0,nan,nan,nan,nan
2,6/3/50,10:25,0,0,0,0,4.514,0,0,0,0,0,0,0,0,0,0,0,0,nan,nan,nan,nan
2,6/3/50,10:26,0,0,0,0,3.579,0,0,0,0,0,0,0,0,0,0,0,0,nan,nan,nan,nan
2,6/3/50,10:27,0,0,0,0,3.265,0,0,0,0,0,0,0,0,0,0,0,0,nan,nan,nan,nan
2,6/3/50,10:28,0,0,0,0,3.048,0,0,0,0,0,0,0,0,0,0,0,0,nan,nan,nan,nan
2,6/3/50,10:29,0,0,0,0,3.619,0,0,0,0,0,0,0,0,0,0,0,0,nan,nan,nan,nan
2,6/3/50,10:30,0,0,0,0,4.019,0,0,0,0,0,0,0,0,0,0,0,0,nan,nan,nan,nan
2,6/3/50,10:31,0,0,0,0,3.562,0,0,0,0,0,0,0,0,0,0,0,0,nan,nan,nan,nan
2,6/3/50,10:32,0,0,0,0,4.136,0,0,0,0,0,0,0,0,0,0,0,0,nan,nan,nan,nan
2,6/3/50,10:33,0,0,0,0,4.153,0,0,0,24.178,0,0,0,0,0,0,0,0,nan,nan,nan,nan
2,6/3/50,10:34,0,0,0,0,4.713,0,0,0,0,0,0,0,0,0,0,0,0,nan,nan,nan,nan
2,6/3/50,10:35,0,0,0,0,7.632,0,0,0,0,0,0,0,0,0,0,0,0,nan,nan,nan,nan
2,6/3/50,10:36,0,0,0,0,4.103,0,0,0,0,0,0,0,0,0,0,0,0,nan,nan,nan,nan
2,6/3/50,10:37,0,0,0,0,3.266,0,0,0,17.99,0,0,0,0,0,0,0,0,nan,nan,nan,nan
2,6/3/50,10:38,0,0,0,0,6.247,0,0,0,0,0,0,0,0,0,0,0,0,nan,nan,nan,nan
2,6/3/50,10:39,0,0,0,0,3.709,0,0,0,0,0,0,0,0,0,0,0,0,nan,nan,nan,nan
2,6/3/50,10:40,0,0,0,0,3.208,0,0,0,0,0,0,0,0,0,0,0,0,nan,nan,nan,nan
2,6/3/50,10:41,0,0,0,0,7.974,0,0,0,0,0,0,0,0,0,0,0,30.851,nan,nan,nan,nan
2,6/3/50,10:42,0,0,0,0,4.172,0,0,0,0,0,0,0,0,0,0,0,14.107,nan,nan,nan,nan
2,6/3/50,10:43,0,0,0,0,4.284,0,0,0,0,0,0,0,0,0,0,0,0,nan,nan,nan,nan
2,6/3/50,10:44,0,0,0,0,3.293,0,0,0,0,0,0,0,0,0,0,0,0,nan,nan,nan,nan
2,6/3/50,10:45,0,0,0,0,2.873,0,0,0,0,0,0,0,0,0,0,0,0,nan,nan,nan,nan
2,6/3/50,10:46,0,0,0,0,4.222,0,0,0,0,0,0,0,0,0,0,0,0,nan,nan,nan,nan
2,6/3/50,10:47,0,0,0,0,2.536,0,0,0,0,0,0,0,0,0,0,0,0,nan,nan,nan,nan
2,6/3/50,10:48,0,0,0,0,2.529,0,0,0,0,0,0,0,0,0,0,0,0,nan,nan,nan,nan
2,6/3/50,10:49,0,0,0,0,8.403,0,0,0,0,0,0,0,0,0,0,0,0,nan,nan,nan,nan
2,6/3/50,10:50,0,0,0,0,5.956,0,0,0,0,0,0,0,0,0,0,0,0,nan,nan,nan,nan
2,6/3/50,10:51,0,0,0,0,6.789,0,0,0,0,0,0,0,0,0,0,0,0,nan,nan,nan,nan
2,6/3/50,10:52,0,0,0,0,5.328,0,0,0,0,0,0,0,0,0,0,0,0,nan,nan,nan,nan
2,6/3/50,10:53,0,0,0,0,4.121,0,0,0,0,0,0,0,0,0,0,0,0,nan,nan,nan,nan
2,6/3/50,10:54,0,0,0,0,4.795,0,0,0,0,0,0,0,0,0,0,0,0,nan,nan,nan,nan
2,6/3/50,10:55,0,0,0,0,4.629,0,0,0,0,0,0,0,0,0,0,0,0,nan,nan,nan,nan
2,6/3/50,10:56,0,0,0,0,4.777,0,0,0,0,0,0,0,0,0,0,0,0,nan,nan,nan,nan
2,6/3/50,10:57,0,0,0,0,6.221,0,0,0,0,0,0,0,0,0,0,0,0,nan,nan,nan,nan
2,6/3/50,10:58,0,0,0,0,17.28,0,0,0,0,0,0,0,0,0,0,0,0,nan,nan,nan,nan
2,6/3/50,10:59,0,0,0,0,29.689,0,0,0,0,0,0,0,0,0,0,0,0,nan,nan,nan,nan
2,6/3/50,11:00,0,0,0,0,35.769,0,0,0,0,0,0,0,0,0,0,0,0,nan,nan,nan,nan
2,6/3/50,11:01,0,0,0,0,36.62,0,0,0,0,0,0,0,0,0,0,0,0,nan,nan,nan,nan
2,6/3/50,11:02,0,0,0,0,25.78,0,0,0,0,0,0,0,0,0,0,0,0,nan,nan,nan,nan
2,6/3/50,11:03,nan,nan,nan,0,27.123,0,0,0,0,0,0,0,0,0,0,0,0,nan,nan,nan,nan
2,6/3/50,11:04,nan,nan,nan,0,34.841,0,0,0,0,0,0,0,0,0,0,0,0,nan,nan,nan,nan
2,6/3/50,11:05,nan,nan,nan,0,30.912,0,0,0,0,22.113,0,0,0,0,0,0,0,nan,nan,nan,nan
2,6/3/50,11:06,nan,nan,nan,0,22.155,0,0,0,0,101.422,0,0,0,0,0,0,0,nan,nan,nan,nan
2,6/3/50,11:07,nan,nan,nan,0,36.356,0,0,0,0,0,0,0,0,0,0,0,0,nan,nan,nan,nan
2,6/3/50,11:08,nan,nan,nan,0,39.585,0,0,0,0,0,0,0,0,0,0,0,0,nan,nan,nan,nan
2,6/3/50,11:09,nan,nan,nan,0,15.786,0,0,0,0,0,0,0,0,0,0,0,0,nan,nan,nan,nan
2,6/3/50,11:10,nan,nan,nan,0,8.179,0,0,0,0,0,0,0,0,0,0,0,0,nan,nan,nan,nan
2,6/3/50,11:11,nan,nan,nan,0,5.713,0,0,0,0,0,0,0,0,0,0,0,0,nan,nan,nan,nan
2,6/3/50,11:12,nan,nan,nan,0,5.564,0,0,0,0,0,0,0,0,0,0,0,0,nan,nan,nan,nan
2,6/3/50,11:13,nan,nan,nan,0,6.735,0,0,0,0,0,0,0,0,0,0,0,0,nan,nan,nan,nan
2,6/3/50,11:14,nan,nan,nan,0,8.666,0,0,0,0,0,0,0,0,0,0,0,0,nan,nan,nan,nan
2,6/3/50,11:15,nan,nan,nan,0,8.397,0,0,0,0,0,0,0,0,0,0,0,0,nan,nan,nan,nan
2,6/3/50,11:16,nan,nan,nan,0,14.899,0,0,0,0,0,0,0,0,0,0,0,0,nan,nan,nan,nan
2,6/3/50,11:17,nan,nan,nan,0,14.779,0,0,0,0,0,0,0,0,0,0,0,0,nan,nan,nan,nan
2,6/3/50,11:18,nan,nan,nan,0,9.825,0,0,0,0,0,0,0,0,0,0,0,0,nan,nan,nan,nan
2,6/3/50,11:19,nan,nan,nan,0,15.102,0,0,0,0,0,0,0,0,0,0,0,0,nan,nan,nan,nan
2,6/3/50,11:20,nan,nan,nan,0,6.483,0,0,0,0,0,0,0,0,0,0,0,0,nan,nan,nan,nan
2,6/3/50,11:21,nan,nan,nan,0,11.291,0,0,0,0,0,nan,nan,nan,0,0,0,0,nan,nan,nan,nan
2,6/3/50,11:22,nan,nan,nan,0,6.433,0,0,0,0,0,nan,nan,nan,0,0,0,0,nan,nan,nan,nan
2,6/3/50,11:23,nan,nan,nan,0,4.706,0,0,0,0,0,nan,nan,nan,0,0,0,0,nan,nan,nan,nan
2,6/3/50,11:24,nan,nan,nan,0,3.747,0,0,0,0,0,nan,nan,nan,0,0,0,0,nan,nan,nan,nan
2,6/3/50,11:25,nan,nan,nan,0,3.142,0,0,0,0,0,nan,nan,nan,0,0,0,0,nan,nan,nan,nan
2,6/3/50,11:26,nan,nan,nan,0,3.351,0,0,0,0,0,nan,nan,nan,0,0,0,0,nan,nan,nan,nan
2,6/3/50,11:27,nan,nan,nan,0,5.115,0,0,0,0,0,nan,nan,nan,0,0,0,0,nan,nan,nan,nan
2,6/3/50,11:28,nan,nan,nan,0,6.051,0,0,0,0,0,nan,nan,nan,0,0,0,0,nan,nan,nan,nan
2,6/3/50,11:29,nan,nan,nan,0,7.21,0,0,0,0,0,nan,nan,nan,0,0,0,0,nan,nan,nan,nan
2,6/3/50,11:30,nan,nan,nan,0,6.981,0,0,0,0,0,nan,nan,nan,0,0,0,0,nan,nan,nan,nan
2,6/3/50,11:31,nan,nan,nan,0,7.338,0,0,0,0,0,nan,nan,nan,0,0,0,0,nan,nan,nan,nan
2,6/3/50,11:32,nan,nan,nan,0,4.144,0,0,0,0,0,nan,nan,nan,0,0,0,0,nan,nan,nan,nan
2,6/3/50,11:33,nan,nan,nan,0,28.891,0,0,0,0,0,nan,nan,nan,0,0,0,0,nan,nan,nan,nan
2,6/3/50,11:34,nan,nan,nan,0,10.556,0,0,0,0,0,nan,nan,nan,0,0,0,0,nan,nan,nan,nan
2,6/3/50,11:35,nan,nan,nan,0,8.278,0,0,0,0,0,nan,nan,nan,0,0,0,0,nan,nan,nan,nan
2,6/3/50,11:36,nan,nan,nan,0,8.588,0,0,0,0,0,nan,nan,nan,0,0,0,0,nan,nan,nan,nan
2,6/3/50,11:37,nan,nan,nan,0,8.12,0,0,0,0,0,nan,nan,nan,0,0,0,0,nan,nan,nan,nan
2,6/3/50,11:38,nan,nan,nan,0,17.201,0,0,0,0,0,nan,nan,nan,0,0,0,0,nan,nan,nan,nan
2,6/3/50,11:39,nan,nan,nan,0,6.955,0,0,0,0,0,nan,nan,nan,0,0,0,0,nan,nan,nan,nan
2,6/3/50,11:40,nan,nan,nan,0,0.036,0,0,0,0,0,nan,nan,nan,0,0,0,0,nan,nan,nan,nan
2,6/3/50,11:41,nan,nan,nan,0,0,0,0,0,0,0,nan,nan,nan,0,0,0,0,nan,nan,nan,nan
2,6/3/50,11:42,nan,nan,nan,0,0,0,0,0,0,0,nan,nan,nan,0,0,0,0,nan,nan,nan,nan
2,6/3/50,11:43,nan,nan,nan,0,3.908,0,0,0,0,0,nan,nan,nan,0,0,0,0,nan,nan,nan,nan
2,6/3/50,11:44,nan,nan,nan,0,30.395,0,0,0,0,0,nan,nan,nan,0,0,0,0,nan,nan,nan,nan
2,6/3/50,11:45,nan,nan,nan,0,32.558,0,0,0,0,0,nan,nan,nan,110.273,0,0,0,nan,nan,nan,nan
2,6/3/50,11:46,nan,nan,nan,0,28.953,0,0,0,0,0,nan,nan,nan,0,0,0,0,nan,nan,nan,nan
2,6/3/50,11:47,nan,nan,nan,0,18.042,0,0,0,0,0,nan,nan,nan,12.947,0,0,0,nan,nan,nan,nan
2,6/3/50,11:48,nan,nan,nan,0,14.385,0,0,0,0,0,nan,nan,nan,8.537,0,0,0,nan,nan,nan,nan
2,6/3/50,11:49,nan,nan,nan,0,20.252,0,0,0,0,0,nan,nan,nan,6.257,0,0,0,nan,nan,nan,nan
2,6/3/50,11:50,nan,nan,nan,0,42.183,0,0,0,0,0,nan,nan,nan,156.042,0,0,0,nan,nan,nan,nan
2,6/3/50,11:51,nan,nan,nan,0,18.899,0,0,0,0,0,nan,nan,nan,12.317,0,0,0,nan,nan,nan,nan
2,6/3/50,11:52,nan,nan,nan,0,3.871,0,0,0,0,0,nan,nan,nan,11.346,0,0,0,nan,nan,nan,nan
2,6/3/50,11:53,nan,nan,nan,0,4.053,0,0,0,0,0,nan,nan,nan,15.756,0,0,0,nan,nan,nan,nan
2,6/3/50,11:54,nan,nan,nan,0,3.501,0,0,0,0,0,nan,nan,nan,0,0,0,0,nan,nan,nan,nan
2,6/3/50,11:55,nan,nan,nan,0,3.351,0,0,0,0,0,nan,nan,nan,0,0,0,0,nan,nan,nan,nan
2,6/3/50,11:56,nan,nan,nan,0,2.849,0,0,0,0,0,nan,nan,nan,0,0,0,0,nan,nan,nan,nan
2,6/3/50,11:57,nan,nan,nan,0,4.512,0,0,0,0,0,nan,nan,nan,0,0,0,0,nan,nan,nan,nan
2,6/3/50,11:58,nan,nan,nan,0,3.71,0,0,0,0,0,nan,nan,nan,0,0,0,0,nan,nan,nan,nan
2,6/3/50,11:59,nan,nan,nan,0,3.313,0,0,0,0,0,nan,nan,nan,0,0,0,0,nan,nan,nan,nan
2,6/3/50,12:00,nan,nan,nan,0,3.043,0,0,0,0,0,nan,nan,nan,0,0,0,0,nan,nan,nan,nan
2,6/3/50,12:01,nan,nan,nan,0,3.405,0,0,0,0,0,nan,nan,nan,0,0,0,0,nan,nan,nan,nan
2,6/3/50,12:02,nan,nan,nan,0,3.287,0,0,0,0,0,nan,nan,nan,0,0,0,0,nan,nan,nan,nan
2,6/3/50,12:03,nan,nan,nan,0,3.926,0,0,0,0,0,nan,nan,nan,0,0,0,0,nan,nan,nan,nan
2,6/3/50,12:04,nan,nan,nan,0,6.474,0,0,0,0,0,nan,nan,nan,0,0,0,0,nan,nan,nan,nan
2,6/3/50,12:05,nan,nan,nan,0,2.764,0,0,0,0,0,nan,nan,nan,0,0,0,0,nan,nan,nan,nan
2,6/3/50,12:06,nan,nan,nan,0,6.553,0,0,0,0,0,nan,nan,nan,0,0,0,0,nan,nan,nan,nan
2,6/3/50,12:07,nan,nan,nan,0,3.184,0,0,0,0,0,nan,nan,nan,0,0,0,0,nan,nan,nan,nan
2,6/3/50,12:08,nan,nan,nan,0,3.151,0,0,0,0,0,nan,nan,nan,0,0,0,0,nan,nan,nan,nan
2,6/3/50,12:09,nan,nan,nan,0,5.793,0,0,0,0,0,nan,nan,nan,0,0,0,0,nan,nan,nan,nan
2,6/3/50,12:10,nan,nan,nan,0,2.846,0,0,0,0,0,nan,nan,nan,0,0,0,0,nan,nan,nan,nan
2,6/3/50,12:11,nan,nan,nan,0,4.21,0,0,0,0,0,nan,nan,nan,0,0,0,0,nan,nan,nan,nan
2,6/3/50,12:12,nan,nan,nan,0,3.608,0,0,0,0,0,nan,nan,nan,0,0,0,0,nan,nan,nan,nan
2,6/3/50,12:13,nan,nan,nan,0,3.299,0,0,0,0,0,nan,nan,nan,0,0,0,0,nan,nan,nan,nan
2,6/3/50,12:14,nan,nan,nan,0,16.383,0,0,0,0,0,nan,nan,nan,0,0,0,0,nan,nan,nan,nan
2,6/3/50,12:15,nan,nan,nan,0,3.098,0,0,0,0,0,nan,nan,nan,0,0,0,0,nan,nan,nan,nan
2,6/3/50,12:16,nan,nan,nan,0,3.239,0,0,0,0,0,nan,nan,nan,0,0,0,0,nan,nan,nan,nan
2,6/3/50,12:17,nan,nan,nan,0,3.249,0,0,0,0,0,nan,nan,nan,0,0,0,0,nan,nan,nan,nan
2,6/3/50,12:18,nan,nan,nan,0,5.293,0,0,0,0,0,nan,nan,nan,0,0,0,0,nan,nan,nan,nan
2,6/3/50,12:19,nan,nan,nan,0,6.128,0,0,0,0,0,nan,nan,nan,0,0,0,0,nan,nan,nan,nan
2,6/3/50,12:20,nan,nan,nan,0,3.405,0,0,0,0,0,nan,nan,nan,0,0,0,0,nan,nan,nan,nan
2,6/3/50,12:21,nan,nan,nan,0,6.149,0,0,0,0,0,nan,nan,nan,0,0,14.823,0,nan,nan,nan,nan
2,6/3/50,12:22,nan,nan,nan,0,4.336,0,0,0,0,0,nan,nan,nan,0,0,7.112,0,nan,nan,nan,nan
2,6/3/50,12:23,nan,nan,nan,0,4.359,0,0,0,0,0,nan,nan,nan,0,0,63.514,0,nan,nan,nan,nan
2,6/3/50,12:24,nan,nan,nan,0,4.227,0,0,0,0,0,nan,nan,nan,0,0,78.875,60.495,nan,nan,nan,nan
2,6/3/50,12:25,nan,nan,nan,0,10.223,0,0,0,0,0,nan,nan,nan,0,0,56.166,55.046,nan,nan,nan,nan
2,6/3/50,12:26,nan,nan,nan,0,3.908,0,0,0,0,0,nan,nan,nan,0,0,0,19.503,nan,nan,nan,nan
2,6/3/50,12:27,nan,nan,nan,0,3.545,0,0,0,0,0,nan,nan,nan,0,0,0,25.21,nan,nan,nan,nan
2,6/3/50,12:28,nan,nan,nan,0,2.944,0,0,0,0,0,nan,nan,nan,0,0,0,21.041,nan,nan,nan,nan
2,6/3/50,12:29,nan,nan,nan,0,2.472,0,0,0,0,0,nan,nan,nan,0,0,0,11.021,nan,nan,nan,nan
2,6/3/50,12:30,nan,nan,nan,0,3.699,0,0,0,0,0,nan,nan,nan,0,0,0,18.186,nan,nan,nan,nan
2,6/3/50,12:31,nan,nan,nan,0,5.781,0,0,0,0,0,nan,nan,nan,0,0,0,0,nan,nan,nan,nan
2,6/3/50,12:32,nan,nan,nan,0,2.948,0,0,0,0,0,nan,nan,nan,0,0,0,0,nan,nan,nan,nan
2,6/3/50,12:33,nan,nan,nan,0,2.887,0,0,0,0,0,nan,nan,nan,0,0,0,0,nan,nan,nan,nan
2,6/3/50,12:34,nan,nan,nan,0,3.384,0,0,0,0,0,nan,nan,nan,0,0,0,0,nan,nan,nan,nan
2,6/3/50,12:35,nan,nan,nan,0,4.331,0,0,0,0,0,nan,nan,nan,0,0,0,0,nan,nan,nan,nan
2,6/3/50,12:36,nan,nan,nan,0,3.738,0,0,0,0,0,nan,nan,nan,0,0,0,0,nan,nan,nan,nan
2,6/3/50,12:37,nan,nan,nan,0,3.513,0,0,0,0,0,nan,nan,nan,0,0,0,0,nan,nan,nan,nan
2,6/3/50,12:38,nan,nan,nan,0,2.851,0,0,0,0,0,nan,nan,nan,0,0,0,0,nan,nan,nan,nan
2,6/3/50,12:39,nan,nan,nan,0,3.324,0,0,0,0,0,nan,nan,nan,0,0,0,0,nan,nan,nan,nan
2,6/3/50,12:40,nan,nan,nan,0,3.437,0,0,0,0,0,nan,nan,nan,0,0,0,0,nan,nan,nan,nan
2,6/3/50,12:41,nan,nan,nan,0,2.705,0,0,0,0,0,nan,nan,nan,0,0,0,0,nan,nan,nan,nan
2,6/3/50,12:42,nan,nan,nan,0,3.404,0,0,0,0,0,nan,nan,nan,0,0,0,0,nan,nan,nan,nan
2,6/3/50,12:43,nan,nan,nan,0,3.122,0,0,nan,nan,nan,nan,nan,nan,0,0,0,0,nan,nan,nan,nan
2,6/3/50,12:44,nan,nan,nan,0,3.322,0,0,nan,nan,nan,nan,nan,nan,0,0,0,0,nan,nan,nan,nan
2,6/3/50,12:45,nan,nan,nan,0,3.782,0,0,nan,nan,nan,nan,nan,nan,0,0,0,0,nan,nan,nan,nan
2,6/3/50,12:46,nan,nan,nan,0,3.413,0,0,nan,nan,nan,nan,nan,nan,0,0,0,0,nan,nan,nan,nan
2,6/3/50,12:47,nan,nan,nan,0,7.711,0,0,nan,nan,nan,nan,nan,nan,0,0,0,0,nan,nan,nan,nan
2,6/3/50,12:48,nan,nan,nan,0,12.04,0,0,nan,nan,nan,nan,nan,nan,0,0,0,0,nan,nan,nan,nan
2,6/3/50,12:49,nan,nan,nan,0,4.281,0,0,nan,nan,nan,nan,nan,nan,0,0,0,0,nan,nan,nan,nan
2,6/3/50,12:50,nan,nan,nan,0,5.467,0,0,nan,nan,nan,nan,nan,nan,0,0,0,0,nan,nan,nan,nan
2,6/3/50,12:51,nan,nan,nan,0,5.454,0,0,nan,nan,nan,nan,nan,nan,0,0,0,0,nan,nan,nan,nan
2,6/3/50,12:52,nan,nan,nan,0,7.022,0,0,nan,nan,nan,nan,nan,nan,0,0,0,0,nan,nan,nan,nan
2,6/3/50,12:53,nan,nan,nan,0,10.262,0,0,nan,nan,nan,nan,nan,nan,0,0,0,0,nan,nan,nan,nan
2,6/3/50,12:54,nan,nan,nan,0,5.12,0,0,nan,nan,nan,nan,nan,nan,nan,nan,nan,nan,nan,nan,nan,nan
2,6/3/50,12:55,nan,nan,nan,0,6.976,0,0,nan,nan,nan,nan,nan,nan,nan,nan,nan,nan,nan,nan,nan,nan
2,6/3/50,12:56,nan,nan,nan,0,7.14,0,0,nan,nan,nan,nan,nan,nan,nan,nan,nan,nan,nan,nan,nan,nan
2,6/3/50,12:57,nan,nan,nan,0,6.017,0,0,nan,nan,nan,nan,nan,nan,nan,nan,nan,nan,nan,nan,nan,nan
2,6/3/50,12:58,nan,nan,nan,0,14.498,0,0,nan,nan,nan,nan,nan,nan,nan,nan,nan,nan,nan,nan,nan,nan
2,6/3/50,12:59,nan,nan,nan,0,13.519,0,0,nan,nan,nan,nan,nan,nan,nan,nan,nan,nan,nan,nan,nan,nan
2,6/3/50,13:00,nan,nan,nan,0,12.947,0,0,nan,nan,nan,nan,nan,nan,nan,nan,nan,nan,nan,nan,nan,nan
2,6/3/50,13:01,nan,nan,nan,0,7.712,0,0,nan,nan,nan,nan,nan,nan,nan,nan,nan,nan,nan,nan,nan,nan
2,6/3/50,13:02,nan,nan,nan,0,6.977,0,0,nan,nan,nan,nan,nan,nan,nan,nan,nan,nan,nan,nan,nan,nan
2,6/3/50,13:03,nan,nan,nan,0,15.035,0,0,nan,nan,nan,nan,nan,nan,nan,nan,nan,nan,nan,nan,nan,nan
2,6/3/50,13:04,nan,nan,nan,0,16.765,0,0,nan,nan,nan,nan,nan,nan,nan,nan,nan,nan,nan,nan,nan,nan
2,6/3/50,13:05,nan,nan,nan,0,4.618,0,0,nan,nan,nan,nan,nan,nan,nan,nan,nan,nan,nan,nan,nan,nan
2,6/3/50,13:06,nan,nan,nan,0,3.017,0,0,nan,nan,nan,nan,nan,nan,nan,nan,nan,nan,nan,nan,nan,nan
2,6/3/50,13:07,nan,nan,nan,0,3.956,0,0,nan,nan,nan,nan,nan,nan,nan,nan,nan,nan,nan,nan,nan,nan
2,6/3/50,13:08,nan,nan,nan,0,4.846,0,0,nan,nan,nan,nan,nan,nan,nan,nan,nan,nan,nan,nan,nan,nan
2,6/3/50,13:09,nan,nan,nan,0,3.72,0,0,nan,nan,nan,nan,nan,nan,nan,nan,nan,nan,nan,nan,nan,nan
2,6/3/50,13:10,nan,nan,nan,0,4.068,0,0,nan,nan,nan,nan,nan,nan,nan,nan,nan,nan,nan,nan,nan,nan
2,6/3/50,13:11,nan,nan,nan,0,14.434,0,0,nan,nan,nan,nan,nan,nan,nan,nan,nan,nan,nan,nan,nan,nan
2,6/3/50,13:12,nan,nan,nan,0,9.064,0,0,nan,nan,nan,nan,nan,nan,nan,nan,nan,nan,nan,nan,nan,nan
2,6/3/50,13:13,nan,nan,nan,0,4.796,0,0,nan,nan,nan,nan,nan,nan,nan,nan,nan,nan,nan,nan,nan,nan
2,6/3/50,13:14,nan,nan,nan,0,4.307,0,0,nan,nan,nan,nan,nan,nan,nan,nan,nan,nan,nan,nan,nan,nan
2,6/3/50,13:15,nan,nan,nan,0,5.461,0,0,nan,nan,nan,nan,nan,nan,nan,nan,nan,nan,nan,nan,nan,nan
2,6/3/50,13:16,nan,nan,nan,0,5.505,0,0,nan,nan,nan,nan,nan,nan,nan,nan,nan,nan,nan,nan,nan,nan
2,6/3/50,13:17,nan,nan,nan,0,4.218,45.422,0,nan,nan,nan,nan,nan,nan,nan,nan,nan,nan,nan,nan,nan,nan
2,6/3/50,13:18,nan,nan,nan,0,4.645,62.05,0,nan,nan,nan,nan,nan,nan,nan,nan,nan,nan,nan,nan,nan,nan
2,6/3/50,13:19,nan,nan,nan,0,4.014,0,0,nan,nan,nan,nan,nan,nan,nan,nan,nan,nan,nan,nan,nan,nan
2,6/3/50,13:20,nan,nan,nan,0,3.39,0,0,nan,nan,nan,nan,nan,nan,nan,nan,nan,nan,nan,nan,nan,nan
2,6/3/50,13:21,nan,nan,nan,0,10.841,0,0,nan,nan,nan,nan,nan,nan,nan,nan,nan,nan,nan,nan,nan,nan
2,6/3/50,13:22,nan,nan,nan,0,3.99,0,0,nan,nan,nan,nan,nan,nan,nan,nan,nan,nan,nan,nan,nan,nan
2,6/3/50,13:23,nan,nan,nan,0,5.392,0,0,nan,nan,nan,nan,nan,nan,nan,nan,nan,nan,nan,nan,nan,nan
2,6/3/50,13:24,nan,nan,nan,0,4.155,0,0,nan,nan,nan,nan,nan,nan,nan,nan,nan,nan,nan,nan,nan,nan
2,6/3/50,13:25,nan,nan,nan,0,5.332,0,0,nan,nan,nan,nan,nan,nan,nan,nan,nan,nan,nan,nan,nan,nan
2,6/3/50,14:35,nan,nan,nan,nan,nan,nan,nan,119.918,118.642,78.102,nan,nan,nan,nan,nan,nan,nan,nan,nan,nan,nan
2,6/3/50,14:36,nan,nan,nan,nan,nan,nan,nan,95.612,184.146,0,nan,nan,nan,nan,nan,nan,nan,nan,nan,nan,nan
2,6/3/50,14:37,nan,nan,nan,nan,nan,nan,nan,113.071,98.003,0,nan,nan,nan,nan,nan,nan,nan,nan,nan,nan,nan
2,6/3/50,14:38,nan,nan,nan,nan,nan,nan,nan,78.028,94.28,0,nan,nan,nan,nan,nan,nan,nan,nan,nan,nan,nan
2,6/3/50,14:39,nan,nan,nan,nan,nan,nan,nan,43.923,71.082,56.008,nan,nan,nan,nan,nan,nan,nan,nan,nan,nan,nan
2,6/3/50,14:40,nan,nan,nan,nan,nan,nan,nan,121.585,8.862,149.927,nan,nan,nan,nan,nan,nan,nan,nan,nan,nan,nan
2,6/3/50,14:41,nan,nan,nan,nan,nan,nan,nan,92.883,39.343,51.568,nan,nan,nan,nan,nan,nan,nan,nan,nan,nan,nan
2,6/3/50,14:42,nan,nan,nan,nan,nan,nan,nan,154.424,116.539,20.05,nan,nan,nan,nan,nan,nan,nan,nan,nan,nan,nan
2,6/3/50,14:43,nan,nan,nan,nan,nan,nan,nan,66.054,92.725,16.094,nan,nan,nan,nan,nan,nan,nan,nan,nan,nan,nan
2,6/3/50,14:44,nan,nan,nan,nan,nan,nan,nan,52.814,28.186,54.271,nan,nan,nan,nan,nan,nan,nan,nan,nan,nan,nan
2,6/3/50,14:45,nan,nan,nan,nan,nan,nan,nan,78.793,81.484,62.846,nan,nan,nan,nan,nan,nan,nan,nan,nan,nan,nan
2,6/3/50,14:46,nan,nan,nan,nan,nan,nan,nan,120.626,49.438,142.109,nan,nan,nan,nan,nan,nan,nan,nan,nan,nan,nan
2,6/3/50,14:47,nan,nan,nan,nan,nan,nan,nan,184.63,109.51,64.169,nan,nan,nan,nan,nan,nan,nan,nan,nan,nan,nan
2,6/3/50,14:48,nan,nan,nan,nan,nan,nan,nan,144.043,25.924,68.365,nan,nan,nan,nan,nan,nan,nan,nan,nan,nan,nan
2,6/3/50,14:49,nan,nan,nan,nan,nan,nan,nan,40.341,49.815,20.065,nan,nan,nan,nan,nan,nan,nan,nan,nan,nan,nan
2,6/3/50,14:50,nan,nan,nan,nan,nan,nan,nan,107.538,26.876,0,nan,nan,nan,nan,nan,nan,nan,nan,nan,nan,nan
2,6/3/50,14:51,nan,nan,nan,nan,nan,nan,nan,38.483,15.669,0,nan,nan,nan,nan,nan,nan,nan,nan,nan,nan,nan
2,6/3/50,14:52,nan,nan,nan,nan,nan,nan,nan,66.817,18.92,0,nan,nan,nan,nan,nan,nan,nan,nan,nan,nan,nan
2,6/3/50,14:53,nan,nan,nan,nan,nan,nan,nan,112.077,0,0,nan,nan,nan,nan,nan,nan,nan,nan,nan,nan,nan
2,6/3/50,14:54,nan,nan,nan,nan,nan,nan,nan,96.349,0,0,nan,nan,nan,nan,nan,nan,nan,nan,nan,nan,nan
2,6/3/50,14:55,nan,nan,nan,nan,nan,nan,nan,54.447,0,5.179,nan,nan,nan,nan,nan,nan,nan,nan,nan,nan,nan
2,6/3/50,14:56,nan,nan,nan,nan,nan,nan,nan,0,0,6.56,nan,nan,nan,nan,nan,nan,nan,nan,nan,nan,nan
2,6/3/50,14:57,nan,nan,nan,nan,nan,nan,nan,0,0,0,nan,nan,nan,nan,nan,nan,nan,nan,nan,nan,nan
2,6/3/50,14:58,nan,nan,nan,nan,nan,nan,nan,0,26.722,0,nan,nan,nan,nan,nan,nan,nan,nan,nan,nan,nan
2,6/3/50,14:59,nan,nan,nan,0,0,0,0,0,21.523,0,nan,nan,nan,nan,nan,nan,nan,nan,nan,nan,nan
2,6/3/50,15:00,nan,nan,nan,46.171,38.577,69.639,0,139.437,25.458,0,nan,nan,nan,nan,nan,nan,nan,nan,nan,nan,nan
2,6/3/50,15:01,nan,nan,nan,4.826,121.156,121.138,46.638,71.934,23.203,0,nan,nan,nan,nan,nan,nan,nan,nan,nan,nan,nan
2,6/3/50,15:02,nan,nan,nan,23.575,79.426,99.819,41.243,89.78,16.953,0,nan,nan,nan,nan,nan,nan,nan,nan,nan,nan,nan
2,6/3/50,15:03,nan,nan,nan,152.015,123.652,48.913,47.85,92.139,57.85,0,nan,nan,nan,nan,nan,nan,nan,nan,nan,nan,nan
2,6/3/50,15:04,nan,nan,nan,130.9,123.752,136.15,55.746,30.606,11.918,0,nan,nan,nan,nan,nan,nan,nan,nan,nan,nan,nan
2,6/3/50,15:05,nan,nan,nan,60.923,187.4,116.393,113.105,64.047,3.89,0,nan,nan,nan,nan,nan,nan,nan,nan,nan,nan,nan
2,6/3/50,15:06,nan,nan,nan,158.894,106.19,31.221,33.507,40.553,3.047,0,nan,nan,nan,nan,nan,nan,nan,nan,nan,nan,nan
2,6/3/50,15:07,nan,nan,nan,153.039,96.376,121.28,0,33.069,66.274,0,nan,nan,nan,nan,nan,nan,nan,nan,nan,nan,nan
2,6/3/50,15:08,nan,nan,nan,97.539,104.002,104.474,0,68.384,37.662,0,nan,nan,nan,nan,nan,nan,nan,nan,nan,nan,nan
2,6/3/50,15:09,nan,nan,nan,48.755,133.837,54.204,11.61,20.992,0,0,nan,nan,nan,nan,nan,nan,nan,nan,nan,nan,nan
2,6/3/50,15:10,nan,nan,nan,114.691,68.973,125.894,45.907,152.83,0,0,nan,nan,nan,nan,nan,nan,nan,nan,nan,nan,nan
2,6/3/50,15:11,nan,nan,nan,147.548,110.491,82.235,75.589,21.445,0,0,nan,nan,nan,nan,nan,nan,nan,nan,nan,nan,nan
2,6/3/50,15:12,nan,nan,nan,31.981,156.487,127.737,22.032,74.256,0,0,nan,nan,nan,nan,nan,nan,nan,nan,nan,nan,nan
2,6/3/50,15:13,nan,nan,nan,53.906,46.634,39.226,34.859,93.775,0,0,nan,nan,nan,nan,nan,nan,nan,nan,nan,nan,nan
2,6/3/50,15:14,nan,nan,nan,53.325,0,54.502,85.329,26.092,6.738,0,nan,nan,nan,nan,nan,nan,nan,nan,nan,nan,nan
2,6/3/50,15:15,nan,nan,nan,109.003,0,42.79,20.064,11.803,36.821,0,nan,nan,nan,nan,nan,nan,nan,nan,nan,nan,nan
2,6/3/50,15:16,nan,nan,nan,63.023,156.543,74.962,12.505,50.767,65.669,0,nan,nan,nan,nan,nan,nan,nan,nan,nan,nan,nan
2,6/3/50,15:17,nan,nan,nan,44.265,84.646,31.927,13.809,10.534,13.906,0,nan,nan,nan,nan,nan,nan,nan,nan,nan,nan,nan
2,6/3/50,15:18,nan,nan,nan,122.377,84.415,2.914,19.029,40.953,7.542,0,nan,nan,nan,nan,nan,nan,nan,nan,nan,nan,nan
2,6/3/50,15:19,nan,nan,nan,10.766,60.693,101.377,11.334,14.136,7.018,0,nan,nan,nan,nan,nan,nan,nan,nan,nan,nan,nan
2,6/3/50,15:20,nan,nan,nan,69.488,22.149,8.175,10.862,69.644,19.089,0,nan,nan,nan,nan,nan,nan,nan,nan,nan,nan,nan
2,6/3/50,15:21,nan,nan,nan,19.919,48.923,33.455,12.042,57.807,35.77,0,nan,nan,nan,nan,nan,nan,nan,nan,nan,nan,nan
2,6/3/50,15:22,nan,nan,nan,0,73.872,37.28,26.707,23.262,0,0,nan,nan,nan,nan,nan,nan,nan,nan,nan,nan,nan
2,6/3/50,15:23,nan,nan,nan,18.572,77.346,22.464,11.695,27.479,0,0,nan,nan,nan,nan,nan,nan,nan,nan,nan,nan,nan
2,6/3/50,15:24,nan,nan,nan,0,19.786,10.263,13.183,74.435,50.171,0,nan,nan,nan,nan,nan,nan,nan,nan,nan,nan,nan
2,6/3/50,15:25,nan,nan,nan,14.34,88.193,47.37,9.616,16.714,10.008,0,nan,nan,nan,nan,nan,nan,nan,nan,nan,nan,nan
2,6/3/50,15:26,nan,nan,nan,0,64.236,1.346,13.236,48.138,12.803,0,nan,nan,nan,nan,nan,nan,nan,nan,nan,nan,nan
2,6/3/50,15:27,nan,nan,nan,31.249,61.943,14.389,36.322,43.336,8.034,0,nan,nan,nan,nan,nan,nan,nan,nan,nan,nan,nan
2,6/3/50,15:28,nan,nan,nan,0,35.674,50.336,12.262,16.45,11.543,0,nan,nan,nan,nan,nan,nan,nan,nan,nan,nan,nan
2,6/3/50,15:29,nan,nan,nan,51.729,35.304,56.948,9.936,24.661,22.417,0,nan,nan,nan,nan,nan,nan,nan,nan,nan,nan,nan
2,6/3/50,15:30,nan,nan,nan,10.649,50.532,52.22,50.886,25.484,12.354,0,nan,nan,nan,nan,nan,nan,nan,nan,nan,nan,nan
2,6/3/50,15:31,nan,nan,nan,0,140.573,117.611,34.052,6.697,9.782,0,nan,nan,nan,nan,nan,nan,nan,nan,nan,nan,nan
2,6/3/50,15:32,nan,nan,nan,16.061,16.085,0,7.65,23.495,26.278,0,nan,nan,nan,nan,nan,nan,nan,nan,nan,nan,nan
2,6/3/50,15:33,nan,nan,nan,0,19.327,0,5.448,21.642,10.933,0,nan,nan,nan,nan,nan,nan,nan,nan,nan,nan,nan
2,6/3/50,15:34,nan,nan,nan,7.694,31.34,0,12.337,13.116,85.928,0,nan,nan,nan,nan,nan,nan,nan,nan,nan,nan,nan
2,6/3/50,15:35,nan,nan,nan,0,26.086,24.42,15.084,27.569,19.605,0,nan,nan,nan,nan,nan,nan,nan,nan,nan,nan,nan
2,6/3/50,15:36,nan,nan,nan,0,0,63.021,7.245,8.752,0,0,nan,nan,nan,nan,nan,nan,nan,nan,nan,nan,nan
2,6/3/50,15:37,nan,nan,nan,0,17.58,0,6.281,73.148,35.01,0,nan,nan,nan,nan,nan,nan,nan,nan,nan,nan,nan
2,6/3/50,15:38,nan,nan,nan,13.299,112.766,0,11.063,22.548,62.114,0,nan,nan,nan,nan,nan,nan,nan,nan,nan,nan,nan
2,6/3/50,15:39,nan,nan,nan,0,13.522,0,23.191,6.487,63.754,0,nan,nan,nan,nan,nan,nan,nan,nan,nan,nan,nan
2,6/3/50,15:40,nan,nan,nan,0,29.274,0,20.29,46.105,38.486,0,nan,nan,nan,nan,nan,nan,nan,nan,nan,nan,nan
2,6/3/50,15:41,nan,nan,nan,0,7.761,59.739,8.387,5.645,80.905,0,nan,nan,nan,nan,nan,nan,nan,nan,nan,nan,nan
2,6/3/50,15:42,nan,nan,nan,37.539,29.911,48.644,21.089,28.943,18.402,0,nan,nan,nan,nan,nan,nan,nan,nan,nan,nan,nan
2,6/3/50,15:43,nan,nan,nan,0,0,0,10.436,51.781,0,0,nan,nan,nan,nan,nan,nan,nan,nan,nan,nan,nan
2,6/3/50,15:44,nan,nan,nan,0,20.682,0,16.658,109.976,0,0,nan,nan,nan,nan,nan,nan,nan,nan,nan,nan,nan
2,6/3/50,15:45,nan,nan,nan,0,22.67,0,14.3,36.819,0,0,nan,nan,nan,nan,nan,nan,nan,nan,nan,nan,nan
2,6/3/50,15:46,nan,nan,nan,0,13.587,0,9.22,21.279,0,18.562,nan,nan,nan,nan,nan,nan,nan,nan,nan,nan,nan
2,6/3/50,15:47,nan,nan,nan,0,42.262,53.49,32.211,27.036,28.292,24.703,nan,nan,nan,nan,nan,nan,nan,nan,nan,nan,nan
2,6/3/50,15:48,nan,nan,nan,0,9.837,0,17.123,0,12.613,0,nan,nan,nan,nan,nan,nan,nan,nan,nan,nan,nan
2,6/3/50,15:49,nan,nan,nan,47.638,33.438,0,15.486,26.723,87.011,0,nan,nan,nan,nan,nan,nan,nan,nan,nan,nan,nan
2,6/3/50,15:50,nan,nan,nan,53.361,81.295,55.842,18.144,6.287,0,0,nan,nan,nan,nan,nan,nan,nan,nan,nan,nan,nan
2,6/3/50,15:51,nan,nan,nan,0,31.29,81.283,17.182,36.212,0,31.484,nan,nan,nan,nan,nan,nan,nan,nan,nan,nan,nan
2,6/3/50,15:52,nan,nan,nan,0,21.167,12.883,10.078,0,0,0,nan,nan,nan,nan,nan,nan,nan,nan,nan,nan,nan
2,6/3/50,15:53,nan,nan,nan,55.63,118.703,21.261,6.754,18.666,19.465,0,nan,nan,nan,nan,nan,nan,nan,nan,nan,nan,nan
2,6/3/50,15:54,nan,nan,nan,33.329,80.751,2.764,10.556,0,13.795,0,nan,nan,nan,nan,nan,nan,nan,nan,nan,nan,nan
2,6/3/50,15:55,nan,nan,nan,19.268,5.206,0,7.099,83.492,10.503,0,nan,nan,nan,nan,nan,nan,nan,nan,nan,nan,nan
2,6/3/50,15:56,nan,nan,nan,0,11.545,0,10.446,0,12.15,38.978,nan,nan,nan,nan,nan,nan,nan,nan,nan,nan,nan
2,6/3/50,15:57,nan,nan,nan,0,8.317,0,20.72,34.357,95.158,0,nan,nan,nan,nan,nan,nan,nan,nan,nan,nan,nan
2,6/3/50,15:58,nan,nan,nan,0,12.814,0,12.884,178.625,8.527,0,nan,nan,nan,nan,nan,nan,nan,nan,nan,nan,nan
2,6/3/50,15:59,nan,nan,nan,0,0,0,20.953,31.998,36.236,0,nan,nan,nan,nan,nan,nan,nan,nan,nan,nan,nan
2,6/3/50,16:00,nan,nan,nan,89.464,35.318,0,8.254,46.529,21.524,0,nan,nan,nan,nan,nan,nan,nan,nan,nan,nan,nan
2,6/3/50,16:01,nan,nan,nan,0,17.494,51.575,17.339,7.199,0,0,nan,nan,nan,nan,nan,nan,nan,nan,nan,nan,nan
2,6/3/50,16:02,nan,nan,nan,0,16.684,29.419,50.434,9.063,1.879,45.741,nan,nan,nan,nan,nan,nan,nan,nan,nan,nan,nan
2,6/3/50,16:03,nan,nan,nan,0,17.561,40.801,51.536,7.045,9.39,71.434,nan,nan,nan,nan,nan,nan,nan,nan,nan,nan,nan
2,6/3/50,16:04,nan,nan,nan,0,41.215,0,10.11,14.405,46.551,0,nan,nan,nan,nan,nan,nan,nan,nan,nan,nan,nan
2,6/3/50,16:05,nan,nan,nan,0,112.12,0,53.818,22.207,53.272,0,nan,nan,nan,nan,nan,nan,nan,nan,nan,nan,nan
2,6/3/50,16:06,nan,nan,nan,17.74,57.037,39.861,0,25.861,0,0,nan,nan,nan,nan,nan,nan,nan,nan,nan,nan,nan
2,6/3/50,16:07,nan,nan,nan,0,0,0,1.077,5.559,0,0,nan,nan,nan,nan,nan,nan,nan,nan,nan,nan,nan
2,6/3/50,16:08,nan,nan,nan,74.84,0,17.676,50.271,5.445,0,0,nan,nan,nan,nan,nan,nan,nan,nan,nan,nan,nan
2,6/3/50,16:09,nan,nan,nan,0,0,0,0,4.725,0,0,nan,nan,nan,nan,nan,nan,nan,nan,nan,nan,nan
2,6/3/50,16:10,nan,nan,nan,0,19.159,0,22.409,5.166,0,0,nan,nan,nan,nan,nan,nan,nan,nan,nan,nan,nan
2,6/3/50,16:11,nan,nan,nan,0,0,0,11.446,6.004,0,11.046,nan,nan,nan,nan,nan,nan,nan,nan,nan,nan,nan
2,6/3/50,16:12,nan,nan,nan,0,7.898,0,18.246,4.698,0,84.341,nan,nan,nan,nan,nan,nan,nan,nan,nan,nan,nan
2,6/3/50,16:13,nan,nan,nan,32.054,12.493,0,28.475,5.224,0,13.361,nan,nan,nan,1.946,0,68.236,27.353,18.139,0,0,0
2,6/3/50,16:14,nan,nan,nan,29.282,8.671,0,8.103,7.603,0,0,nan,nan,nan,13.745,119.162,159.058,79.093,92.33,12.388,0,0
2,6/3/50,16:15,nan,nan,nan,0,10.001,0,8.455,6.062,0,0,nan,nan,nan,6.639,60.718,58.064,34.43,95.688,0.358,43.23,0
2,6/3/50,16:16,nan,nan,nan,0,0,0,17.797,7.065,0,0,nan,nan,nan,16.319,0,0,47.342,47.1,34.534,8.1,0
2,6/3/50,16:17,nan,nan,nan,20.29,0,0,43.534,9.383,0,9.902,nan,nan,nan,82.835,0,0,50.232,77.947,26.931,35.5,0
2,6/3/50,16:18,nan,nan,nan,16.683,11.698,0,31.17,14.947,0,79.95,nan,nan,nan,55.678,0,66.393,0,42.368,0,17.143,0
2,6/3/50,16:19,nan,nan,nan,0,20.253,0,0,9.306,0,18.522,nan,nan,nan,38.705,0,112.055,0,14.615,0,0,0
2,6/3/50,16:20,nan,nan,nan,0,0,0,32.842,10.19,0,33.477,nan,nan,nan,66.705,0,0,0,85.822,0,20.891,0
2,6/3/50,16:21,nan,nan,nan,0,2.201,0,8.796,12.123,0,66.409,nan,nan,nan,46.224,0,0,0,9.055,0,41.054,0
2,6/3/50,16:22,nan,nan,nan,20.396,20.406,0,10.147,11.532,0,55.087,nan,nan,nan,0,0,0,0,0,6.558,24.759,0
2,6/3/50,16:23,nan,nan,nan,21.354,14.788,0,15.675,15.677,0,0,nan,nan,nan,18.029,0,0,4.825,0,98.676,12.804,0
2,6/3/50,16:24,nan,nan,nan,26.995,24.213,0,10.605,15.147,0,5.78,nan,nan,nan,87.917,0,0,15.476,14.09,59.959,0,73.908
2,6/3/50,16:25,nan,nan,nan,11.311,70.961,0,63.796,27.428,0,5.081,nan,nan,nan,38.482,0,0,8.998,26.731,0,0,80.397
2,6/3/50,16:26,nan,nan,nan,0.608,66.596,0,10.657,106.413,0,20.644,nan,nan,nan,13.366,0,0,23.084,10.773,0,0,49.023
2,6/3/50,16:27,nan,nan,nan,21.72,27.832,0,30.144,29.673,0,22.867,nan,nan,nan,22.395,0,0,0,0,67.336,15.149,27.055
2,6/3/50,16:28,nan,nan,nan,0,61.703,0,27.609,26.674,0,43.344,nan,nan,nan,11.008,0,0,0,0,10.159,65.244,20.198
2,6/3/50,16:29,nan,nan,nan,61.663,20.936,0,0,14.337,0,0,nan,nan,nan,9.421,0,0,0,100.933,0,82.417,75.523
2,6/3/50,16:30,nan,nan,nan,61.744,78.919,0,0,16.162,0,59.676,nan,nan,nan,19.662,0,0,0,48.781,0,48.395,0
2,6/3/50,16:31,nan,nan,nan,0.648,54.18,0,16.243,15.594,0,44.146,nan,nan,nan,26.978,0,0,0,120.845,0,30.902,77.002
2,6/3/50,16:32,nan,nan,nan,33.644,43.752,0,0,14.366,0,0.02,nan,nan,nan,21.758,0,0,0,35.681,25.507,0,57.405
2,6/3/50,16:33,nan,nan,nan,8.294,31.621,55.507,18.048,13.728,0,38.831,nan,nan,nan,5.479,0,0,0,123.059,18.575,0,28.178
2,6/3/50,16:34,nan,nan,nan,13.238,52.349,46.225,18.716,20.19,0,0,nan,nan,nan,11.117,0,0,0,10.68,11.084,0,0
2,6/3/50,16:35,nan,nan,nan,1.567,97.189,29.386,0,52.654,0,0,nan,nan,nan,15.239,0,0,0,14.167,4.059,0,0
2,6/3/50,16:36,nan,nan,nan,0,12.17,0,0,37.135,0,79.279,nan,nan,nan,14.584,0,0,0,14.261,7.114,7.319,0
2,6/3/50,16:37,nan,nan,nan,0,13.84,5.964,0,21.229,0,0.828,nan,nan,nan,17.22,0,0,0,10.412,5.277,60.403,29.837
2,6/3/50,16:38,nan,nan,nan,0,22.885,49.103,0,0,0,22.407,nan,nan,nan,18.864,0,0,0,85.267,4.64,105.237,9.318
2,6/3/50,16:39,nan,nan,nan,0,19.274,0,0,14.416,0,33.198,nan,nan,nan,15.155,0,0,0,50.798,3.875,92.054,6.575
2,6/3/50,16:40,nan,nan,nan,0,73.885,0,29.123,7.851,0,29.519,nan,nan,nan,20.754,0,0,0,12.493,2.967,0,5.157
2,6/3/50,16:41,nan,nan,nan,5.068,0,0,33.384,6.778,0,17.462,nan,nan,nan,14.835,0,0,0,5.646,2.984,0,26.311
2,6/3/50,16:42,nan,nan,nan,0,0,120.314,77.806,5.347,0,19.091,4.518,131.275,178.769,53.462,0,0,0,14.922,3.363,0,3.118
2,6/3/50,16:43,nan,nan,nan,0,0,57.124,36.94,9.073,0,17.892,38.102,193.723,140.752,19.203,0,0,0,40.152,3.031,0,27.149
2,6/3/50,16:44,nan,nan,nan,11.037,0,9.948,0,16.548,0,20.944,70.652,102.995,97.286,0.78,0,0,0,59.9,3.511,9.447,15.019
2,6/3/50,16:45,nan,nan,nan,139.538,0,5.409,0,0,0,31.013,126.231,173.779,221.471,81.153,0,0,0,31.598,5.417,73.543,7.636
2,6/3/50,16:46,nan,nan,nan,135.015,11.589,28.707,30.621,0,0,16.906,105.699,0,232.245,0,0,0,0,47.449,10.752,38.91,17.75
2,6/3/50,16:47,nan,nan,nan,30.425,17.718,24.486,3.671,0,0,66.297,43.285,0,136.922,0,0,0,0,109.228,7.98,76.038,16.225
2,6/3/50,16:48,nan,nan,nan,80.174,60.054,98.012,0,0,0,91.083,38.953,150.933,98.92,0,0,0,0,17.087,7.208,15.395,7.189
2,6/3/50,16:49,nan,nan,nan,0,29.842,26.913,0,0,0,14.555,39.578,157.873,158.373,0,0,0,20.089,16.088,8.584,0,7.472
2,6/3/50,16:50,nan,nan,nan,56.804,0,19.015,0,0,0,67.004,58.678,161.69,32.099,0,0,0,47.449,12.738,11.279,0,6.896
2,6/3/50,16:51,nan,nan,nan,26.89,0,14.647,0,102.87,0,19.14,78.827,204.721,0,0,0,0,0,17.134,15.249,0,13.031
2,6/3/50,16:52,nan,nan,nan,22.013,0,12.919,0,101.03,0,21.783,38.376,135.909,0,0,0,0,0,9.093,6.717,0,10.712
2,6/3/50,16:53,nan,nan,nan,40.123,0,13.731,28.429,5.946,0,19.709,68.798,156.435,0,0,0,0,0,8.854,7.4,0,10.652
2,6/3/50,16:54,nan,nan,nan,116.046,43.408,19.916,28.731,9.555,0,20.041,38.205,169.382,0,0,0,0,0,9.125,16.668,0,11.158
2,6/3/50,16:55,nan,nan,nan,20.593,28.524,22.553,0,19.21,0,22.364,41.978,185.536,0,0,0,0,0,6.904,11.307,0,8.727
2,6/3/50,16:56,nan,nan,nan,0,0,12.281,0,13.782,0,22.422,37.979,255.683,132.573,0,40.035,0,0,37.247,12.764,0,11.006
2,6/3/50,16:57,nan,nan,nan,0,19.391,6.063,0,5.361,0,23.113,28.707,127.022,84.017,0,0,0,0,15.24,9.701,0,9.713
2,6/3/50,16:58,nan,nan,nan,18.304,11.072,22.691,53.744,3.832,0,5.577,34.812,215.026,35.145,0,32.387,0,0,67.105,7.577,0,9.544
2,6/3/50,16:59,nan,nan,nan,45.78,5.831,23.141,0,3.581,0,0,28.999,48.053,0,0,91.153,0,0,45.721,5.921,0,12.08
2,6/3/50,17:00,nan,nan,nan,101.436,3.864,22.854,0,4.965,67.701,9.344,22.484,232.556,0,0,81.93,0,0,41.54,2.611,0,8.956
2,6/3/50,17:01,nan,nan,nan,38.317,4.451,7.921,0,16.241,0,19.432,59.445,171.656,0,0,52.792,0,0,97.19,10.264,0,13.371
2,6/3/50,17:02,nan,nan,nan,18.348,3.947,33.976,0,18.615,29.747,6.048,29.499,108.988,0,0,0,0,0,16.671,5.815,0,8.801
2,6/3/50,17:03,nan,nan,nan,47.053,5.042,23.349,0,22.448,49.338,0,28.051,147.756,0,0,0,0,0,14.408,2.725,0,11.153
2,6/3/50,17:04,nan,nan,nan,90.413,4.752,20.41,17.814,22.388,81.674,0,28.795,24.518,0,0,0,0,0,15.252,2.946,0,7.954
2,6/3/50,17:05,nan,nan,nan,34.02,5.225,10.583,18.786,15.958,0,0,24.409,95.479,0,0,0,0,0,16.197,6.442,0,11.153
2,6/3/50,17:06,nan,nan,nan,0,4.257,30.842,12.598,14.503,0,0,24.614,215.842,0,0,0,0,0,18.379,3.126,0,12.272
2,6/3/50,17:07,nan,nan,nan,71.015,5.373,37.694,32.747,16.821,0,3.421,26.719,213.971,0,0,0,0,0,13.106,5.761,0,11.699
2,6/3/50,17:08,nan,nan,nan,0,5.591,96.6,22.716,18.487,23.933,54.759,12.577,51.854,0,0,0,0,0,96.559,3.944,0,13.985
2,6/3/50,17:09,nan,nan,nan,0,6.206,63.735,14.676,22.783,0,112.641,3.707,0,0,0,0,0,0,18.639,8.887,0,14.816
2,6/3/50,17:10,nan,nan,nan,0,5.791,8.86,16.888,18.621,0,57.291,5.669,0,0,0,0,0,0,15.38,16.969,0,7.599
2,6/3/50,17:11,nan,nan,nan,0,4.318,11.827,37.158,5.029,0,80.917,5.366,0,0,0,0,0,0,17.796,7.708,0,9.056
2,6/3/50,17:12,nan,nan,nan,0,5.579,14.811,21.361,4.4,0,35.995,5.616,0,0,0,0,0,0,29.633,8.661,0,15.227
2,6/3/50,17:13,nan,nan,nan,0,4.172,16.866,80.382,5.369,0,0,5.907,132.875,0,0,0,0,0,81.845,12.437,0,13.485
2,6/3/50,17:14,nan,nan,nan,0,4.521,24.014,109.28,4.809,0,0,5.833,63.327,0,0,0,0,0,32.37,6.415,0,14.859
2,6/3/50,17:15,nan,nan,nan,0,4.767,33.867,161.715,4.278,0,0,5.871,110.617,0,0,0,0,0,28.419,7.46,0,13.523
2,6/3/50,17:16,nan,nan,nan,0,39.196,13.531,32.322,4.384,0,0,4.712,237.769,0,0,0,0,0,22.753,7.295,0,20.751
2,6/3/50,17:17,nan,nan,nan,0,42.691,8.979,52.037,4.621,0,20.249,8.319,106.662,0,0,0,0,0,12.666,10.701,108.168,8.519
2,6/3/50,17:18,nan,nan,nan,0,12.38,13.451,18.247,4.374,0,19.171,7.056,0,0,0,0,0,0,9.864,7.284,0,17.861
2,6/3/50,17:19,nan,nan,nan,0,14.924,6.429,8.197,4.572,0,25.283,7.069,0,0,0,0,0,0,17.452,12.505,0,10.68
2,6/3/50,17:20,nan,nan,nan,0,7.938,15.566,8.598,4.312,0,31.092,4.713,0,0,0,0,0,0,18.287,3.341,0,22.518
2,6/3/50,17:21,nan,nan,nan,0,68.073,9.54,8.655,4.663,0,21.916,9.329,23.648,0,0,0,0,0,18.671,3.295,0,42.007
2,6/3/50,17:22,nan,nan,nan,0,72.138,10.563,9.518,3.711,0,29.627,4.378,98.129,0,0,0,0,0,12.188,11.708,0,14.787
2,6/3/50,17:23,nan,nan,nan,0,12.49,5.394,32.795,4.056,0,37.343,3.399,189.316,0,0,0,0,18.997,6.627,6.496,0,10.576
2,6/3/50,17:24,nan,nan,nan,0,68.034,6.047,25.718,4.397,0,8.441,4.557,117.068,0,0,0,0,0,6.442,10.378,0,11.072
2,6/3/50,17:25,nan,nan,nan,0,5.019,6.243,52.355,4.645,0,3.237,3.967,99.798,0,0,0,0,0,20.114,14.437,0,40.929
2,6/3/50,17:26,nan,nan,nan,0,0,6.097,26.457,6.777,0,7.447,4.633,80.865,0,0,0,0,0,20.914,10.431,0,44.574
2,6/3/50,17:27,36.522,96.597,126.221,0,0,5.253,38.966,4.82,0,7.177,3.512,113.242,0,0,0,0,0,14.829,7.217,0,11.129
2,6/3/50,17:28,101.215,205.332,180.079,0,5.349,7.529,14.263,8.326,0,5.974,3.863,104.413,0,0,0,0,0,20.253,17.203,0,13.032
2,6/3/50,17:29,50.536,144.311,208.445,0,111.148,8.71,32.55,4.447,0,4.938,4.055,20.635,0,0,0,0,45.368,20.076,5.051,0,28.752
2,6/3/50,17:30,23.156,121.072,69.072,0,37.373,5.992,23.779,4.427,0,6.537,3.389,100.657,0,0,0,0,33.025,21.774,5.263,0,22.631
2,6/3/50,17:31,11.984,125.271,22.715,0,5.032,7.805,71.359,4.521,0,5.899,4.456,0,0,0,0,0,0,56.398,12.641,0,12.852
2,6/3/50,17:32,0,130.273,73.59,0,4.46,4.723,39.995,4.173,0,5.857,3.703,0,0,0,0,0,0,84.068,10.355,0,9.166
2,6/3/50,17:33,0,167.553,129.692,0,4.79,24.166,1.445,4.995,0,9.897,5.029,0,0,0,0,0,0,41.105,6.435,0,11.892
2,6/3/50,17:34,0,231.652,0,0,4.68,23.681,0,10.916,0,19.688,5.944,0,0,0,0,0,0,23.952,10.158,0,6.402
2,6/3/50,17:35,0,73.512,0,0,4.698,13.634,0,17.67,0,26.068,8.76,0,0,0,0,0,0,8.782,9.756,0,10.965
2,6/3/50,17:36,0,139.074,0,0,5.008,28.7,0,21.712,0,29.232,5.779,0,0,0,0,0,0,0,14.473,0,14.54
2,6/3/50,17:37,0,199.661,0,0,4.654,16.82,0,95.94,0,28.418,20.142,0,0,0,0,0,0,63.881,7.729,0,10.448
2,6/3/50,17:38,18.731,243.955,62.121,0,4.524,31.867,0,73.614,0,22.48,32.612,0,0,0,0,0,0,83.952,9.362,0,13.801
2,6/3/50,17:39,144.322,167.385,105.109,0,4.41,8.896,0,32.772,0,81.363,33.216,0,0,0,0,0,0,37.973,8.367,0,10.567
2,6/3/50,17:40,113.903,177.872,18.547,0,4.571,29.882,0,42.42,0,44.272,34.907,0,0,0,0,0,0,23.063,15.345,0,10.266
2,6/3/50,17:41,23.152,170.094,19.703,0,3.929,29.444,0,46.444,0,118.039,7.815,0,0,0,0,0,0,20.311,11.276,0,7.475
2,6/3/50,17:42,18.879,136.126,23.177,0,4.531,9.802,0,23.49,0,57.138,5.298,0,0,0,0,0,0,18.67,11.171,0,25.241
2,6/3/50,17:43,17.561,219.921,78.034,0,4.567,15.47,0,78.573,0,8.428,4.179,0,0,0,0,0,0,24.131,11.291,0,19.916
2,6/3/50,17:44,0,134.621,155.779,0,5.786,5.506,0,28.892,0,8.837,4.441,0,0,0,0,0,0,16.31,20.552,0,13.179
2,6/3/50,17:45,0,62.84,147.532,0,4.696,8.623,0,30.731,0,15.577,4.749,0,0,0,0,0,0,4.445,9.81,0,10.764
2,6/3/50,17:46,0,11.595,13.602,0,5.145,7.397,0,26.714,0,25.692,34.47,0,0,0,17.429,0,0,5.048,11.297,0,23.508
2,6/3/50,17:47,0,151.87,0,0,5.229,7.947,0,19.043,0,23.493,0,0,0,0,0,0,0,5.432,13.387,0,17.772
2,6/3/50,17:48,0,0.985,0,0,4.776,5.403,0,117.924,0,51.593,44.044,0,0,0,67.868,0,0,4.847,15.993,0,17.881
2,6/3/50,17:49,0,0,0,0,5.081,8.154,0,63.94,0,42.64,59.976,0,53.81,0,7.511,0,0,5.202,12.107,0,33.25
2,6/3/50,17:50,0,202.969,0,0,4.867,8.814,0,73.345,0,5.634,71.551,0,143.835,0,89.952,0,0,4.852,18.417,0,0
2,6/3/50,17:51,0,82.524,0,0,4.677,11.762,0,36.046,0,7.605,46.344,128.461,79.777,0,160.04,0,0,14.457,25.105,0,0
2,6/3/50,17:52,0,146.319,40.477,0,4.774,8.396,0,34.362,0,19.56,91.479,154.389,95.937,0,78.168,0,0,12.948,23.776,0,0
2,6/3/50,17:53,0,167.138,0,0,4.798,11.388,0,5.318,0,32.782,73.203,129.381,16.115,0,136.977,0,0,19.846,3.48,0,0
2,6/3/50,17:54,0,55.915,0,0,3.399,4.955,0,3.81,0,30.093,116.536,49.387,20.812,0,180.252,0,0,26.575,4.583,0,15.904
2,6/3/50,17:55,0,161.416,0,0,4.204,4.463,0,3.306,0,28.019,57.272,34.907,0,0,180.669,14.502,0,25.286,11.834,0,9.964
2,6/3/50,17:56,0,70.172,0,0,4.548,4.271,0,3.858,0,30.152,0,0,0,0,162.225,98.6,0,25.833,69.804,0,0
2,6/3/50,17:57,0,157.808,0,0,4.648,5.575,0,4.155,0,28.026,48.408,0,0,0,177.102,123.681,0,24.207,28.985,0,0
2,6/3/50,17:58,0,93.658,0,0,4.951,3.976,0,4.545,92.023,24.811,74.899,0,0,0,210.235,0,0,38.688,43.517,0,0
2,6/3/50,17:59,0,0,0,0,5.738,3.527,0,4.86,3.057,33.624,61.168,0,0,0,109.403,0,0,45.281,16.707,0,0
2,6/3/50,18:00,0,0,0,15.652,3.83,4.934,0,5.151,0,13.468,20.312,0,0,0,195.392,8.382,0,56.133,8.44,0,0
2,6/3/50,18:01,0,0,0,0,4.885,10.516,0,3.306,24.254,38.291,7.063,0,0,0,160.41,209.794,0,12.092,4.243,31.421,0
2,6/3/50,18:02,0,0,0,0,5.607,6.444,0,3.36,0.156,50.241,4.15,0,0,0,74.886,88.843,0,17.619,3.271,0,0
2,6/3/50,18:03,0,0,0,0,4.838,4.182,0,2.916,0,5.808,4.67,0,0,21.908,139.463,108.51,19.643,19.153,16.249,0,0
2,6/3/50,18:04,0,170.501,0,0,5.564,14.879,0,3.071,47.353,5.829,3.778,0,0,24.779,27.025,36.443,52.905,23.005,4.784,20.219,0
2,6/3/50,18:05,0,210.717,46.398,0,4.002,24.739,0,3.152,0,5.988,5.021,0,0,29.431,0,39.894,9.684,18.808,4.712,0,0
2,6/3/50,18:06,0,169.14,89.911,0,5.133,26.805,0,5.68,0,5.111,3.331,0,0,0,121.381,160.103,0,9.531,3.595,27.168,0
2,6/3/50,18:07,0,48.892,180.206,0,5.625,59.149,0,4.033,0,4.168,4.062,0,0,0,148.637,113.222,0,5.681,3.66,85.542,0
2,6/3/50,18:08,0,0,160.526,0,5.35,78.059,0,6.021,0,4.312,4.894,0,0,0,180.303,44.566,0,5.19,3.347,149.446,0
2,6/3/50,18:09,0,18.049,104.44,0,4.935,54.179,35.525,3.538,0,4.21,5.184,230.614,0,65.074,52.326,42.34,0,3.981,3.477,45.803,0
2,6/3/50,18:10,0,0,37.766,0,4.777,103.609,135.452,5.464,0,4.795,4.658,196.683,0,141.13,75.557,40.392,37.846,4.366,3.202,99.658,0
2,6/3/50,18:11,0,0,23.731,0,5.014,100.793,65.84,4.703,0,3.937,4.247,183.302,0,54.623,113.744,57.903,96.166,4.881,3.726,66.667,0
2,6/3/50,18:12,0,0,0,0,5.119,102.762,33.124,4.766,0,4.703,5.472,91.685,0,53.288,6.274,118.049,20.713,4.808,3.025,21.062,0
2,6/3/50,18:13,0,0,165.788,82.428,5.049,46.328,69.345,4.795,0,4.177,3.171,172.041,0,0,0,108.61,8.706,19.277,3.65,41.177,0
2,6/3/50,18:14,0,0,29.92,75.357,5.267,39.886,134.422,4.364,0,4.061,2.938,176.38,0,0,0,73.282,22.395,28.635,3.19,89.178,0
2,6/3/50,18:15,0,0,53.938,135.547,4.807,32.939,54.443,3.863,0,5.938,2.924,100.787,0,0,9.677,114.524,0,32.163,3.647,86.693,0
2,6/3/50,18:16,0,76.198,11.672,74.282,6.533,12.448,19.893,3.692,0,8.494,4.467,106.164,0,0,21.884,183.167,0,33.287,4.082,108.589,0
2,6/3/50,18:17,0,272.4,57.684,55.146,9.037,11.195,83.066,16.384,0,18.376,3.221,73.679,0,11.808,105.33,42.008,0,31.002,3.823,29.821,0
2,6/3/50,18:18,0,207.25,70.476,86.193,9.156,72.424,117.715,137.899,0,15.587,4.227,0,0,19.207,144.431,32.081,0,46.114,3.44,91.212,0
2,6/3/50,18:19,0,65.71,34.676,89.433,8.518,24.38,93.145,143.549,0,23.83,6.494,62.128,0,0,59.995,100.922,0,20.789,3.405,104.177,0
2,6/3/50,18:20,0,0,100.174,1.182,75.466,29.972,47.539,29.855,0,25.076,3.691,52.364,0,18.573,126.21,29.517,0,39.301,4.768,40.921,0
2,6/3/50,18:21,0,0,167.491,43.986,44.618,27.714,0,73.073,0,75.586,4.636,132.744,0,0,169.045,61.295,0,56.839,3.812,0,0
2,6/3/50,18:22,0,145.593,13.823,1.083,0,25.621,0,191.561,0,88.493,3.677,107.217,0,0,244.429,27.2,0,74.037,3.883,88.457,0
2,6/3/50,18:23,0,86.562,0,18.733,0,24.846,62.191,143.596,0,63.144,5.198,113.441,0,0,245.454,0,0,107.625,7.56,27.123,0
2,6/3/50,18:24,0,144.564,39.873,82.444,0,43.066,0,176.146,0,58.306,3.744,16.46,0,0,220.025,0,0,134.569,19.212,29.143,0
2,6/3/50,18:25,0,136.903,85.881,116.671,16.551,23.716,0,111.279,0,30.057,4.997,76.198,0,0,235.626,0,0,87.369,15.699,27.739,0
2,6/3/50,18:26,0,0,126.678,132.225,28.33,29.777,0,0,0,24.308,4.316,46.859,0,0,129.932,0,0,134.145,17.395,29.265,0
2,6/3/50,18:27,0,0,79.625,83.76,25.382,29.849,0,73.514,0,25.293,10.236,15.73,0,0,49.893,0,0,119.378,31.359,60.816,0
2,6/3/50,18:28,0,0,0.446,112.792,9.253,25.313,0,17.694,6.029,26.357,12.779,130.832,0,0,27.667,0,0,72.973,23.24,141.97,0
2,6/3/50,18:29,0,0,44.65,71.045,11.357,23.039,0,100.093,96.309,22.494,32.766,104.21,0,0,33.838,0,0,132.504,95.931,38.179,32.126
2,6/3/50,18:30,0,0,67.451,25.686,11.752,13.894,0,31.8,26.051,26,33.602,57.834,0,0,43.362,0,0,151.992,13.93,43.161,0
2,6/3/50,18:31,0,36.658,9.982,22.58,11.416,25.568,0,105.371,0,27.253,36.573,26.349,0,0,47.319,0,0,24.344,9.579,68.722,0
2,6/3/50,18:32,0,29.068,0,27.1,10.925,9.565,0,100.134,0,35.028,68.677,0,0,0,38.555,0,0,27.723,10.011,96.16,0
2,6/3/50,18:33,0,0,0,17.672,13.574,18.26,0,32.13,10.164,23.514,110.915,0,32.332,0,0,0,29.651,33.355,3.837,67.729,0
2,6/3/50,18:34,0,0,0,60.996,13.917,12.07,0,163.726,55.351,28.764,153.526,0,42.875,0,0,0,14.583,24.451,35.078,24.337,0
2,6/3/50,18:35,0,44.867,0,0.124,17.013,13.518,0,117.684,49.262,3.788,62.381,0,118.574,0,0,0,0,91.606,7.349,0,0
2,6/3/50,18:36,0,0,0,26.925,14.736,29.142,0,4.969,94.193,19.338,115.388,0,0,0,38.668,0,0,13.914,26.724,52.898,16.58
2,6/3/50,18:37,0,142.468,18.125,128.8,5.895,128.525,0,83.403,62.2,75.338,85.712,0,0,0,70.687,0,0,7.734,43.058,70.833,0
2,6/3/50,18:38,0,117.276,96.495,0,57.37,86.017,0,20.782,85.43,7.155,153.319,28.05,0,0,151.832,0,0,8.005,22.533,15.428,0
2,6/3/50,18:39,0,124.399,98.235,0,26.626,87.632,0,28.022,63.559,19.772,99.03,0,0,0,136.371,0,0,7.36,22.702,36.562,0
2,6/3/50,18:40,0,93.868,92.768,125.745,46.023,27.937,0,29.182,68.227,6.227,116.278,179.711,0,0,172.944,0,0,10.33,17.265,28.331,0
2,6/3/50,18:41,0,116.498,59.991,147.184,72.796,28.237,0,33.893,23.46,5.532,90.125,73.901,0,0,138.909,0,87.673,46.103,6.408,30.136,0
2,6/3/50,18:42,50.692,44.184,0,116.364,108.166,25.095,0,27.292,16.275,7.045,0,62.726,0,0,153.668,75.901,0,104.394,5.991,31.467,0
2,6/3/50,18:43,88.008,63.195,0,0,94.135,19.275,0,20.781,15.025,9.578,0,74.929,0,0,233.832,131.12,0,34.201,14.853,18.04,0
2,6/3/50,18:44,0,90.867,0,0,0,7.942,0,24.957,87.477,5.272,53.478,54.734,0,0,96.511,150.361,0,23.483,18.092,25.866,0
2,6/3/50,18:45,0,0,62.78,0,0,6.267,0,89.757,119.478,3.869,42.958,14.778,0,0,0,117.177,0,28.304,8.563,26.7,0
2,6/3/50,18:46,0,95.842,50.461,0,0,5.512,0,47.525,0,4.842,51.65,0,0,0,0,0,0,15.712,9.694,25.544,0
2,6/3/50,18:47,0,0.901,0,0,0,5.499,0,25.74,16.769,3.312,17.307,0,0,0,16.357,5.962,0,16.634,8.148,30.293,0
2,6/3/50,18:48,0,0,107.628,0,49.76,5.227,0,22.909,0,4.949,41.327,0,0,0,0,137.129,0,24.747,4.714,29.312,0
2,6/3/50,18:49,0,38.968,0,0,21.108,7.916,0,24.414,0,4.179,82.247,0,0,0,0,83.071,0,18.63,4.558,31.337,0
2,6/3/50,18:50,0,218.581,46.354,0,20.074,14.282,0,48.071,0,3.681,136.682,0,0,0,0,34.079,0,9.973,5.406,28.302,0
2,6/3/50,18:51,0,164.084,138.757,0,6.658,16.475,0,35.554,0,3.679,42.806,0,16.745,0,0,167.677,0,18.994,4.053,88.435,0
2,6/3/50,18:52,0,202.427,44.775,0,8.968,2.974,0,28.571,0,3.523,7.93,0,15.51,0,0,115.846,0,16.796,8.849,33.804,0
2,6/3/50,18:53,0,167.242,100.331,0,6.469,8.114,0,94.993,0,3.502,59.185,0,68.903,0,0,171.357,0,24.514,15.908,29.19,0
2,6/3/50,18:54,0,132.539,98.29,0,5.937,4.026,0,101.561,0,2.891,37.444,0,0,0,0,150.164,0,41.659,20.989,28.435,0
2,6/3/50,18:55,0,96.426,116.471,0,6.157,10.742,0,57.274,0,9.453,48.253,0,0,0,0,22.551,0,76.502,19.567,32.257,0
2,6/3/50,18:56,0,233.989,87.716,22.923,5.52,6.688,41.624,24.162,0,7.843,17.5,0,0,0,0,22.216,0,76.34,3.863,54.668,0
2,6/3/50,18:57,0,7.334,16.547,116.698,6.489,8.548,49.715,35.727,0,8.227,6.619,0,0,0,0,0,0,160.402,3.48,39.293,0
2,6/3/50,18:58,0,10.538,99.828,78.821,6.02,11.422,18.817,29.076,0,6.902,10.839,0,0,0,0,0,0,79.01,4.949,32.35,0
2,6/3/50,18:59,0,58.07,44.667,60.769,8.262,2.662,103.541,28.536,0,6.127,17.557,0,0,0,0,0,0,106.548,4.522,20.451,0
2,6/3/50,19:00,0,145.334,0,0,8.711,15.738,18.806,25.498,0,14.136,19.998,0,0,0,0,0,0,85.505,3.451,5.788,0
2,6/3/50,19:01,0,40.458,0,45.383,16.899,11.726,0,20.577,0,24.576,24.558,0,0,0,0,0,0,48.585,4.67,4.929,0
2,6/3/50,19:02,0,143.938,0,66.425,13.568,7.353,42.967,24.265,0,28.074,28.466,0,9.146,0,0,0,0,134.246,4.043,5.685,0
2,6/3/50,19:03,0,181.88,0,113.002,5.077,6.552,35.91,27.185,0,24.697,24.781,0,38.371,0,0,0,0,20.88,3.751,8.691,0
2,6/3/50,19:04,0,159.724,0,0,4.156,6.032,125.587,37.372,0,30.578,13.57,0,169.507,0,0,0,0,33.789,3.468,6.098,0
2,6/3/50,19:05,0,45.259,0,0,5.623,5.246,78.758,94.216,0,24.288,15.844,0,9.605,0,0,0,0,37.075,3.719,5.828,0
2,6/3/50,19:06,0,40.272,0,0,4.313,8.843,0,25.265,0,27.483,20.272,0,25.065,0,0,0,0,31.687,2.244,6.992,0
2,6/3/50,19:07,0,184.409,0,0,5.205,5.089,0,51.987,0,13.701,15.393,0,33.122,0,0,0,0,26.651,2.906,3.076,0
2,6/3/50,19:08,0,96.423,0,5.818,4.69,4.985,0,96.849,0,6.745,10.371,0,0,0,0,0,0,24.769,2.077,3.762,0
2,6/3/50,19:09,0,12.245,0,20.302,5.103,4.346,0,101.412,0,5.443,35.361,0,0,0,0,0,0,41.878,1.868,3.719,0
2,6/3/50,19:10,0,188.44,0,130.558,6.315,7.385,0,104.351,0,23.854,31.625,0,0,0,0,0,0,23.873,2.4,3.334,0
2,6/3/50,19:11,0,106.912,0,73.518,4.816,5.127,0,57.052,0,0,36.604,0,0,0,0,0,0,28.66,4.447,3.223,0
2,6/3/50,19:12,0,138.457,0,29.313,5.089,5.557,0,8.409,0,0,23.567,0,0,0,0,0,0,24.304,16.158,4.014,0
2,6/3/50,19:13,0,51.932,0,25.181,7.918,6.586,0,6.085,0,0,28.939,0,0,0,0,0,0,22.759,22.857,4.972,0
2,6/3/50,19:14,0,21.685,0,68.894,3.532,3.282,0,4.967,0,0,6.136,0,0,0,0,0,0,33.191,21.481,6.242,0
2,6/3/50,19:15,0,148.665,0,145.625,6.547,4.398,0,4.589,0,151.194,4.643,0,0,0,0,0,0,32.325,0,12.819,0
2,6/3/50,19:16,0,131.245,0,19.764,10.361,20.861,0,3.93,0,117.65,3.757,0,0,0,0,0,0,26.068,0,28.957,0
2,6/3/50,19:17,0,187.995,0,68.833,3.486,16.237,0,4.154,0,93.274,3.887,95.648,0,0,0,66.513,0,23.351,8.663,85.958,0
2,6/3/50,19:18,0,164.178,0,101.162,8.579,10.141,0,4.389,0,26.199,4.361,142.953,0,0,0,164.995,0,36.007,50.247,28.713,0
2,6/3/50,19:19,0,170.93,0,29.324,4.93,3.507,0,4.562,0,31.266,12.986,178.657,0,0,0,84.963,0,70.076,74.064,3.583,0
2,6/3/50,19:20,0,209.667,0,0,3.526,9.626,0,4.466,0,18.002,17.163,171.686,0,0,0,96.707,0,74.049,22.275,55.985,0
2,6/3/50,19:21,0,91.658,0,21.798,6.52,11.267,0,4.547,0,25.436,10.3,169.615,0,0,0,190.017,0,47.055,23.8,91.805,0
2,6/3/50,19:22,0,150.729,0,0,4.742,15.047,0,3.949,0,34.572,7.94,161.829,0,0,0,0,65.166,90.785,16.748,38.738,0
2,6/3/50,19:23,0,116.609,0,0,4.603,16.567,0,3.891,0,26.633,5.088,0,0,11.101,0,74.277,0,118.574,19.218,40.446,0
2,6/3/50,19:24,0,209.354,0,0,5.272,12.79,0,5.099,0,7.352,4.555,27.772,0,67.001,0,43.995,0,48.281,14.792,30.539,8.001
2,6/3/50,19:25,0,119.464,0,0,8.796,18.143,0,4.225,0,8.915,5.016,8.376,0,32.717,0,174.793,0,13.598,14.628,33.535,85.975
2,6/3/50,19:26,0,116.506,0,0,5.738,19.191,0,3.916,0,4.715,3.71,0,0,1.01,0,8.857,0,39.754,8.699,106.727,98.56
2,6/3/50,19:27,18.198,6.513,0,0,5.735,5.041,0,4.013,0,4.551,4.838,77.292,0,0,0,6.495,0,152.799,3.118,23.104,131.127
2,6/3/50,19:28,139.6,0,0,0,8.01,13.202,0,4.26,0,7.694,5.763,22.696,0,0,0,29.296,0,112.838,2.908,23.215,6.165
2,6/3/50,19:29,71.326,5.791,0,0,16.71,17.085,0,4.166,0,3.889,4.83,127.35,0,0,0,0,38.168,24.891,3.173,15.896,0
2,6/3/50,19:30,13.823,0,0,0,2.825,20.914,0,16.648,0,3.997,9.894,114.768,0,58.618,0,22.327,75.929,25.589,2.912,14.52,0
2,6/3/50,19:31,45.584,80.906,0,0,9.207,18.675,0,7.117,0,5.152,12.967,15.926,0,0,0,124.786,0,31.782,4.279,19.291,0
2,6/3/50,19:32,76.421,30.205,10.232,0,12.159,13.847,0,34.904,49.754,9.289,9.616,116.292,0,0,50.029,110.787,0,28.644,19.134,25.485,0
2,6/3/50,19:33,13.861,34.015,96.499,0,12.83,33.611,0,2.959,0.267,5.703,6.14,123.325,0,0,62.09,81.547,0,19.078,18.098,30.169,1.483
2,6/3/50,19:34,0,0,0,0,7.316,0.599,0,0,47.271,7.677,8.437,31.212,0,0,148.178,13.069,0,35.572,25.682,19.215,0
2,6/3/50,19:35,0,61.338,0,0,3.623,0,0,16.958,0,3.707,5.117,0,0,28.551,225.64,29.984,0,30.238,9.479,63.817,0
2,6/3/50,19:36,0,161.855,6.636,0,3.584,0,0,79.665,0,3.521,6.17,15.182,0,66.634,110.789,0,0,17.847,3.364,67.434,0
2,6/3/50,19:37,0,213.748,0,0,3.987,0,0,143.771,0,21.92,6.512,0,0,11.532,196.638,0,0,9.896,3.769,116.459,42.353
2,6/3/50,19:38,36.981,122.47,22.552,0,3.462,53.501,0,153.03,25.04,0,4.985,0,0,100.471,156.957,0,0,10.445,3.994,46.181,0
2,6/3/50,19:39,19.225,112.05,51.185,0,6.538,59.943,0,163.794,0,0,3.959,0,0,0,171.882,0,0,3.827,3.079,9.279,0
2,6/3/50,19:40,32.14,77.669,0,0,4.766,25.23,0,139.74,17.904,0,5.981,27.75,0,0,174.275,0,0,5.81,4.347,7.465,0
2,6/3/50,19:41,0,111.975,136.05,0,3.595,25.003,0,76.479,0,65.167,4.559,123.394,0,0,104.564,0,0,23.104,4.076,71.201,0
2,6/3/50,19:42,0,189.563,53.179,0,8.421,82.059,0,81.994,0,89.153,5.209,134.907,15.517,0,152.882,0,0,31.49,3.989,132.361,0
2,6/3/50,19:43,0,142.862,28.503,0,13.875,36.909,0,147.076,0,38.096,5.846,23.478,20.969,0,0,0,0,62.143,3.342,70.511,0
2,6/3/50,19:44,0,96.257,79.992,0,14.084,54.943,0,120.389,0,115.728,7.107,0,15.179,0,0,0,0,144.039,15.78,76.654,0
2,6/3/50,19:45,0,72.571,61.181,0,8.989,74.217,0,30.127,0,83.242,4.855,0,74.264,0,0,0,0,138.464,0,38.949,0
2,6/3/50,19:46,0,206.8,65.687,0,8.932,133.696,104.619,36.011,0,24.079,5.684,0,73.588,0,0,0,0,66.91,0,0,0
2,6/3/50,19:47,0,233.098,0,0,6.624,81.627,87.783,132.792,0,25.076,4.953,0,0,0,0,0,0,57.686,0,0,0
2,6/3/50,19:48,78.908,141.263,0,0,7.468,36.826,94.018,4.869,0,26.009,5.195,0,0,0,11.564,0,0,0,44.358,0,0
2,6/3/50,19:49,14.986,26.666,0,0,11.166,28.861,36.967,0,0,11.08,6.426,0,0,0,121.278,0,0,0,77.206,0,0
2,6/3/50,19:50,0,145.057,0,0,5.266,29.393,27.889,0,0,23.514,3.83,0,0,0,89.556,0,0,0,72.996,0,0
2,6/3/50,19:51,0,137.165,73.127,0,5.448,12.715,90.242,37.738,0,23.55,3.303,0,0,0,118.149,0,0,0,111.837,0,0
2,6/3/50,19:52,0,148.259,136.001,0,5.622,7.733,108.705,106.811,0,28.075,11.806,0,0,0,130.217,97.512,0,0,37.294,0,0
2,6/3/50,19:53,0,244.21,60.92,0,6.636,5.678,64.185,67.21,0,29.074,4.776,0,0,0,93.494,161.716,0,0,14.33,0,0
2,6/3/50,19:54,0,143.709,0,0,14.772,4.743,183.656,0,0,21.857,4.959,0,0,0,117.919,182.359,0,3.265,80.284,0,0
2,6/3/50,19:55,0,161.758,0,0,28.038,4.678,48.587,61.739,0,4.668,5.332,0,0,0,115.203,222.65,0,25.801,119.859,0,0
2,6/3/50,19:56,0,183.462,0,0,0,8.666,48.014,30.101,0,6.031,5.109,0,0,0,270.786,165.538,0,30.105,4.45,0,0
2,6/3/50,19:57,0,202.439,0,20.927,0,8.587,58.119,47.247,0,7.105,5.201,0,0,0,213.45,184.713,0,32.499,147.001,0,0
2,6/3/50,19:58,0,26.186,0,0,0,14.253,76.858,52.669,0,21.651,4.957,0,0,0,139.221,185.365,0,34.645,61.984,0,0
2,6/3/50,19:59,0,143.763,0,0,0,1.733,30.859,40.678,0,16.637,5.438,0,0,0,131.576,0,0,30.945,18.58,0,0
2,6/3/50,20:00,0,177.986,0,111.902,26.466,14.256,14.543,69.88,0,17.829,5.464,0,0,0,140.133,0,0,30.831,23.606,0,0
2,6/3/50,20:01,0,183.226,0,57.167,15.465,90.252,73.944,20.57,0,6.397,5.27,0,0,0,155.605,120.91,0,32.35,24.405,0,0
2,6/3/50,20:02,0,131.648,0,65.729,15.474,33.51,0,28.64,0,4.936,31.644,0,0,0,0,172.619,0,23.229,23.587,0,0
2,6/3/50,20:03,0,231.21,0,38.57,52.268,32.233,0,25.619,0,5.673,0,0,0,0,0,50.485,0,14.604,19.343,0,0
2,6/3/50,20:04,0,180.525,0,0,67.416,17.308,0,28.396,0,5.509,78.199,0,0,0,0,0,0,5.137,5.511,0,0
2,6/3/50,20:05,0,134.129,0,0,73.676,12.275,0,17.29,0,4.11,144.111,0,0,0,15.656,0,0,5.424,3.966,0,0
2,6/3/50,20:06,0,120.507,0,20.346,101.416,8.615,0,20.893,0,2.84,90.97,0,0,0,0,0,0,6.217,2.808,0,0
2,6/3/50,20:07,0,188.527,0,45.128,13.805,10.619,0,30.94,0,12.66,100.315,0,0,0,70.426,0,0,12.753,3.01,0,0
2,6/3/50,20:08,0,133.343,0,3.63,21.795,7.191,0,27.659,0,21.29,43.463,0,0,0,86.833,0,63.467,13.23,3.078,0,0
2,6/3/50,20:09,0,143.707,0,0,17.151,3.768,0,21.262,0,3.724,123.475,0,0,0,0,0,0,6.596,3.782,0,0
2,6/3/50,20:10,0,225.956,0,0,36.792,5.541,0,18.985,0,8.474,4.83,0,0,0,0,0,0,3.86,4.193,0,0
2,6/3/50,20:11,0,107.441,0,55.917,0,7.225,0,20.582,0,8.291,25.325,0,0,0,0,0,43.932,4.463,3.772,0,0
2,6/3/50,20:12,0,22.143,0,116.007,114.715,29.185,0,23.766,0,6.184,0,0,0,0,50.961,0,8.519,4.359,3.832,0,0
2,6/3/50,20:13,0,6.512,0,37.848,24.966,20.942,0,4.263,0,5.597,67.225,0,0,0,44.606,0,0,3.603,4.042,0,0
2,6/3/50,20:14,0,0,0,62.34,0,17.485,0,3.954,0,11.728,27.548,0,0,0,0,0,0,4.948,3.843,0,0
2,6/3/50,20:15,0,68.201,0,31.856,24.568,17.579,0,3.591,0,7.743,30.354,0,0,28.74,0,0,0,4.736,3.595,0,0
2,6/3/50,20:16,0,256.965,0,0,19.006,22.197,0,2.767,0,5.013,32.223,0,0,0,0,0,0,3.555,2.994,0,0
2,6/3/50,20:17,0,185.551,0,0,18.358,17.027,0,2.827,0,4.041,11.847,0,0,0,0,0,23.509,4.42,3.568,0,0
2,6/3/50,20:18,0,278.415,0,17.137,14.6,12.774,0,4.737,0,4.739,15.793,0,0,0,0,0,0,4.751,2.866,0,0
2,6/3/50,20:19,0,127.228,0,0,5.864,18.45,0,4.568,0,4.934,6.589,0,0,0,0,0,0,4.435,3.506,0,0
2,6/3/50,20:20,0,255.181,0,0,18.502,14.532,0,3.048,0,3.627,4.474,0,0,0,0,0,0,4.559,3.791,0,0
2,6/3/50,20:21,0,228.747,0,49.491,24.03,24.205,0,5.062,0,5.288,6.289,0,0,0,0,0,0,4.278,3.55,0,0
2,6/3/50,20:22,0,202.011,0,85.834,28.007,13.863,0,3.79,0,6.263,3.558,0,0,0,0,0,0,19.885,3.699,0,0
2,6/3/50,20:23,0,160.232,0,134.965,20.586,17.387,0,3.459,0,6.059,4.24,0,0,0,28.34,0,0,33.304,2.888,0,0
2,6/3/50,20:24,0,95.496,0,96.539,19.331,14.464,0,4.758,0,14.55,4.813,0,0,0,171.656,0,0,88.067,4.569,0,0
2,6/3/50,20:25,0,8.998,0,124.193,42.85,13.345,0,4.057,0,38.7,4.582,0,0,0,124.643,0,0,88.418,1.956,0,0
2,6/3/50,20:26,0,247.221,0,36.25,63.755,4.559,0,2.589,0,11.277,3.389,0,0,0,93.473,0,0,132.309,2.062,0,0
2,6/3/50,20:27,0,131.595,0,47.12,105.498,5.759,0,2.729,0,0,5.798,0,0,0,228.682,0,0,155.829,2.658,0,0
2,6/3/50,20:28,0,124.141,0,0,23.313,3.991,0,3.775,0,0,4.356,19.477,0,0,183.7,0,0,61.387,2.455,0,0
2,6/3/50,20:29,0,135.681,0,0,8.912,6.876,0,2.704,0,0,6.66,129.448,0,0,249.249,0,0,138.552,3.657,0,0
2,6/3/50,20:30,0,14.697,0,40.949,19.56,12.748,0,4.798,0,26.648,7.498,101.406,0,0,179.135,0,0,127.028,13.481,0,0
2,6/3/50,20:31,0,0,0,91.384,29.343,15.967,0,63.419,0,140.952,7.564,109.628,0,0,190.505,0,0,149.389,3.744,0,0
2,6/3/50,20:32,0,0,0,156.333,11.509,19.668,0,126.76,0,76.699,3.355,171.132,0,0,150.47,0,0,69.003,4.34,0,0
2,6/3/50,20:33,0,36.896,0,0,8.598,11.232,0,180.642,0,32.933,7.293,161.442,0,0,36.526,0,0,95.079,3.208,0,0
2,6/3/50,20:34,0,0,0,0,10.105,12.049,0,91.496,0,39.975,4.801,124.672,0,0,91.615,0,0,61.843,2.506,0,0
2,6/3/50,20:35,0,9.737,0,0,12.777,15.591,0,102.426,0,57.317,5.338,78.243,0,0,138.068,0,0,62.077,2.943,0,0
2,6/3/50,20:36,0,140.411,0,20.092,29.25,4.206,0,209.234,0,45.454,3.677,0,0,0,97.39,0,0,0,3.377,0,0
2,6/3/50,20:37,0,235.967,0,0,0,4.496,0,97.728,19.63,27.244,3.946,0,0,0,68.627,0,0,0,3.41,0,0
2,6/3/50,20:38,0,40.631,0,0,0,2.383,0,170.609,9.22,29.705,4.619,0,0,0,90.342,0,0,0,3.982,0,0
2,6/3/50,20:39,0,128.185,0,0,25.239,20.352,0,0,0,20.254,4.371,0,0,0,0,0,0,28.834,3.844,0,0
2,6/3/50,20:40,0,150.528,0,0.949,19.996,18.281,0,50.109,0,30.837,6.03,92.286,0,0,25.011,0,0,140.959,3.937,0,0
2,6/3/50,20:41,0,148.304,0,35.357,20.494,14.073,0,114.002,0,51.622,4.777,33.592,0,0,16.772,0,0,23.497,2.945,0,0
2,6/3/50,20:42,0,88.473,0,0,18.772,22.472,0,118.941,16.82,0.365,6.737,120.15,0,0,0,34.984,0,109.949,17.416,0,0
2,6/3/50,20:43,0,164.887,0,0,25.324,22.198,0,17.637,0,0,7.612,98.638,156.176,0,0,123.018,0,44.584,21.299,0,0
2,6/3/50,20:44,0,137.532,0,0,24.919,23.148,0,85.919,61.702,3.01,9.09,28.612,47.783,0,0,142.318,0,84.72,20.594,0,0
2,6/3/50,20:45,0,153.016,0,0,6.44,29.384,0,124.386,31.112,78.947,9.606,93.598,14.661,0,0,166.409,0,139.85,7.469,0,0
2,6/3/50,20:46,0,200.59,0,0,6.203,4.603,87.113,91.782,45.251,67.836,7.306,21.333,0,0,0,159.615,0,75.348,7.241,0,0
2,6/3/50,20:47,0,160.63,97.807,0,4.896,0,92.11,10.879,123.207,80.538,7.572,0,0,0,0,0,0,171.109,14.902,0,0
2,6/3/50,20:48,0,148.626,22.998,0,4.874,0,0,19.191,134.236,12.082,6.957,116.682,0,0,0,0,0,60.166,0,0,0
2,6/3/50,20:49,0,202.677,0,0,3.791,0,19.613,116.297,160.575,12.118,6.481,73.203,0,0,0,0,0,87.083,0,0,0
2,6/3/50,20:50,0,74.106,0,0,4.467,0,0,16.518,104.418,18.03,13.079,44.06,0,0,0,0,0,77.99,3.022,0,0
2,6/3/50,20:51,0,34.77,0,0,4.895,0,0,0,103.554,19.013,8.201,16.172,0,0,0,0,0,49.529,33.537,0,0
2,6/3/50,20:52,0,71.579,0,19.159,3.241,0,0,9.757,151.355,27.782,9.423,0,0,0,0,87.125,0,3.547,15.028,0,0
2,6/3/50,20:53,0,109.197,0,0,3.946,0,75.581,96.727,39.566,24.492,6.992,0,0,0,0,28.447,0,13.281,4.419,0,0
2,6/3/50,20:54,0,102.645,0,0,3.939,0,0,53.322,36.148,27.421,8.64,0,0,0,0,25.564,0,33.547,3.963,0,0
2,6/3/50,20:55,32.283,170.441,62.185,0,3.868,29.542,0,60.648,0,7.69,11.69,0,0,0,0,19.173,0,33.64,4.463,10.955,0
2,6/3/50,20:56,93.664,172.511,0,85.773,4.22,6.475,73.282,53.427,0,3.828,6.712,0,0,0,0,25.392,0,33.538,3.723,9.475,0
2,6/3/50,20:57,0,145.388,3.98,0,5.924,5.277,27.852,52.973,0,3.341,5.624,0,0,0,0,25.33,0,29.105,3.695,8.708,0
2,6/3/50,20:58,6.074,147.44,112.617,0,3.066,12.192,81.387,3.408,0,2.85,7.247,0,0,0,0,168.595,0,33.536,2.41,55.049,0
2,6/3/50,20:59,10.242,0,0.967,73.065,3.651,0,26.753,116.522,0,2.356,3.623,0,0,0,0,158.441,0,8.94,3.695,112.314,0
2,6/3/50,21:00,0,0,0,79.405,3.558,18.207,38.217,54.723,0,3.074,6.477,0,0,0,18.34,190.73,0,0,3.025,32.985,0
2,6/3/50,21:01,0,0,0,79.458,5.497,25.824,33.93,65.364,0,2.761,16.726,0,0,0,205.362,0,0,55.733,3.092,96.855,0
2,6/3/50,21:02,0,120.371,2.796,0,4.444,7.468,56.86,30.109,0,14.059,13.586,0,0,0,117.292,0,0,63.924,2.674,140.905,0
2,6/3/50,21:03,0,155.977,60.87,0,3.476,7.213,40.657,56.036,0,5.11,12.971,0,0,0,136.799,0,0,201.517,4.705,13.461,0
2,6/3/50,21:04,87.79,158.506,119.611,31.159,3.502,5.853,58.521,158.38,0,5.685,16.604,0,0,0,135.874,0,0,37.933,2.337,66.829,0
2,6/3/50,21:05,31.747,262.554,161.479,138.692,3.202,5.366,150.42,121.212,0,8.052,3.959,0,0,0,159.072,0,0,51.274,2.434,0,0
2,6/3/50,21:06,58.596,128.063,173.068,0,4.501,4.477,121.473,14.651,0,11.207,5.996,0,0,0,187.601,0,0,29.466,2.339,0,0
2,6/3/50,21:07,92.725,78.33,119.306,95.572,4.631,7.912,40.914,18.245,0,3.519,5.602,0,0,0,37.175,56.122,0,114.543,3.356,0,0
2,6/3/50,21:08,18.089,118.913,75.509,0,5.128,5.378,86.161,25.053,0,2.586,5.831,0,0,17.406,204.047,15.796,0,24.732,2.737,0,0
2,6/3/50,21:09,81.792,133.683,39.281,0,2.615,3.503,81.395,25.689,0,3.983,8.301,0,0,0,169.794,61.462,0,20.091,1.913,0,0
2,6/3/50,21:10,127.717,134.968,105.654,17.863,2.648,3.504,0,26.719,0,7.527,12.478,0,0,0,58.874,62.113,0,31.357,2.245,0,0
2,6/3/50,21:11,0,146.975,5.839,0,3.02,3.859,53.72,19.164,0,14.946,31.853,0,0,0,0,0,0,28.349,3.478,0,37.553
2,6/3/50,21:12,50.718,125.327,66.859,0,6.485,3.503,0,15.434,0,12.514,32.294,0,0,0,82.477,0,0,22.868,1.924,0,0
2,6/3/50,21:13,63.073,230.203,0,0,5.584,5.675,36.449,21.203,0,9.306,45.884,0,0,0,136.491,0,0,30.244,2.615,0,0
2,6/3/50,21:14,32.502,125.513,0,0,16.048,24.204,0,22.643,0,7.806,78.562,0,0,0,114.641,0,0,23.419,2.138,0,0
2,6/3/50,21:15,48.642,157.715,43.941,0,20.261,27.314,58.438,17.529,0,6.001,126.754,0,0,0,126.084,0,0,33.779,2.3,0,0
2,6/3/50,21:16,20.453,179.647,119.018,0,20.952,26.394,109.565,3.907,0,5.846,0,0,0,0,96.362,0,0,29.56,2.018,0,0
2,6/3/50,21:17,27.596,84.712,121.438,0,25.808,0,53.337,4.457,0,5.891,0,0,0,0,50.729,0,0,13.829,2.736,0,0
2,6/3/50,21:18,79.495,119.32,49.061,0,28.352,0,200.38,4.835,0,6.75,6.725,0,0,0,0,0,0,25.405,26.7,0,0
2,6/3/50,21:19,38.537,102.927,55.51,0,32.565,20.875,66.786,5.283,0,5.865,84.908,0,0,0,0,0,0,33.331,20.762,0,0
2,6/3/50,21:20,0,5.704,149.906,0,3.889,7.114,25.572,3.805,0,4.813,100.088,0,0,12.778,0,0,0,28.565,6.981,0,0
2,6/3/50,21:21,0,19.421,120.012,0,29.813,17.893,49.645,8.635,0,4.287,101.274,0,0,35.353,0,0,0,35.287,3.796,0,0
2,6/3/50,21:22,0,5.411,106.639,0,27.758,18.429,33.517,4.04,0,3.736,112.789,0,0,42.23,0,0,0,27.938,4.367,0,0
2,6/3/50,21:23,4.693,79.654,0,0,30.699,18.583,0,5.84,0,4.97,9.612,0,0,0,44.017,0,0,40.103,2.869,0,0
2,6/3/50,21:24,100.367,38.782,0,0,21.706,6.838,0,4.929,0,3.508,69.286,0,0,0,0,0,0,61.975,18.891,0,28.756
2,6/3/50,21:25,78.481,0,126.002,0,5.803,6.784,0,3.68,0,3.758,33.126,0,0,0,0,0,0,104.673,7.629,0,31.705
2,6/3/50,21:26,27.817,0,151.076,0,9.025,6.409,0,6.815,0,6.414,119.569,0,0,0,0,0,0,16.749,0,0,0
2,6/3/50,21:27,120.441,88.432,25.3,0,12.652,6.115,0,24.781,0,5.609,17.76,0,0,0,0,0,25.782,6.012,0,0,22.025
2,6/3/50,21:28,11.781,43.424,118.773,0,6.89,9.331,0,129.728,0,5.085,86.18,0,0,0,0,0,42.676,6.938,0,0,154.959
2,6/3/50,21:29,39.455,0,144.605,0,4.313,10.085,0,148.719,0,10.924,62.753,0,0,25.196,0,0,0,4.378,0,0,0
2,6/3/50,21:30,2.01,38.277,272.349,0,5.333,16.479,0,113.008,0,11.955,17.811,0,0,35.525,0,0,0,3.831,30.358,0,0
2,6/3/50,21:31,0,126.487,133.231,0,5.845,13.162,0,140.287,0,48.575,29.67,0,0,17.035,0,0,0,3.726,7.783,0,0
2,6/3/50,21:32,0,22.287,10.792,0,5.284,10.212,0,182.537,0,27.876,26.758,0,0,117.66,0,0,24.839,24.692,15.818,0,0
2,6/3/50,21:33,0,0,33.195,0,4.691,14.017,0,147.606,0,17.887,22.19,0,0,161.947,0,0,15.887,4.688,65.804,0,0
2,6/3/50,21:34,0,72.374,3.95,0,4.232,12.672,0,93.196,0,19.59,20.991,20.035,0,132.313,0,0,130.675,20.712,14.133,0,0
2,6/3/50,21:35,4.246,175.215,2.056,0,4.997,7.203,0,128.159,0,63.883,22.859,61.15,0,91.577,0,0,99.738,23.187,16.098,0,0
2,6/3/50,21:36,27.616,114.089,0,0,15.937,4.642,0,144.871,0,101.263,17.289,156.996,0,0,0,0,117.283,99.394,22.206,0,0
2,6/3/50,21:37,0,165.821,45.177,0,12.175,6.499,0,0,0,37.142,17.161,0,0,62.305,0,0,0,162.654,9.866,0,0
2,6/3/50,21:38,0,131.261,121.928,0,6.302,5.99,0,0,0,30.47,25.012,0,0,0,0,0,0,133.719,8.406,0,0
2,6/3/50,21:39,0,133.495,154.94,0,7.078,6.842,0,0,0,26.355,5.89,16.449,0,0,0,0,0,141.377,5.566,22.211,0
2,6/3/50,21:40,0,143.741,111.073,0,5.412,3.485,0,158.231,0,78.736,4.713,130.696,0,0,0,0,0,182.447,4.041,9.902,0
2,6/3/50,21:41,0,205.583,95.815,0,5.295,8.232,0,117.266,0,25.427,6.378,140.471,0,0,0,0,0,4.116,4.055,0.266,0
2,6/3/50,21:42,0,31.06,146.535,0,6.179,22.549,0,31.915,22.935,33.524,8.545,153.446,0,0,0,0,0,41.848,4.344,0,0
2,6/3/50,21:43,0,22.874,88.21,0,7.896,15.112,0,33.05,0.331,89.158,4.879,194.533,0,0,0,0,0,109.529,5.077,74.183,0
2,6/3/50,21:44,0,20.336,31.65,0,14.374,8.861,0,26.697,0,23.641,3.545,148.318,0,0,26.676,0,0,102.536,6.246,110.141,0
2,6/3/50,21:45,0,14.621,90.45,0,19.062,6.399,0,28.782,0,4.991,4.155,155.162,0,0,130.785,0,0,38.366,4.228,125.09,0
2,6/3/50,21:46,0,20.734,132.171,0,9.438,7.669,0,26.492,29.345,4.984,7.758,124.813,19.572,0,127.292,0,0,36.656,4.794,116.342,0
2,6/3/50,21:47,0,95.346,114.157,0,6.38,5.567,0,29.263,93.371,5.283,6.746,0,57.707,0,153.766,0,0,25.401,3.714,86.994,0
2,6/3/50,21:48,0,57.623,53.301,0,6.978,9.641,0,18.911,198.498,5.563,5.084,13.048,19.021,0,210.427,0,0,21.192,4.125,64.029,0
2,6/3/50,21:49,0,32.471,19.906,0,21.14,4.295,0,21.834,52.499,3.627,9.05,16.286,0,0,124.714,0,0,39.073,3.378,69.415,0
2,6/3/50,21:50,0,108.178,101.244,0,41.706,11.019,0,24.376,42.295,4.372,7.774,0,0,0,88.019,0,0,79.202,4.283,0,0
2,6/3/50,21:51,0,151.998,0,0,0,10.762,0,46.271,163.364,4.587,4.234,0,0,0,177.336,0,0,67.61,3.215,0,0
2,6/3/50,21:52,0,154.156,0,0,0,3.871,0,4.301,165.747,5.535,3.447,0,0,0,0,0,0,49.627,3.109,0,0
2,6/3/50,21:53,0,0,0,0,25.914,4.246,0,4.756,15.033,11.364,2.377,0,0,0,0,0,0,38.486,3.971,0,0
2,6/3/50,21:54,0,0,0,0,23.347,4.015,0,3.53,83.017,5.967,2.713,0,0,0,134.7,132.491,0,67.032,4.042,19.386,0
2,6/3/50,21:55,0,68.956,0,0,23.804,3.715,0,5.644,176.442,4.855,3.59,0,0,0,83.183,78.647,0,63.523,4.74,0,0
2,6/3/50,21:56,0,0,0,0,10.528,15.667,0,6.085,232.334,2.895,3.21,0,0,0,120.998,115.069,0,34.089,3.958,0,0
2,6/3/50,21:57,0,101.438,0,0,7.384,12.945,0,5.381,121.936,4.96,5.838,75.673,0,0,77.567,167.654,0,31.408,4.333,26.847,0
2,6/3/50,21:58,0,120.064,0,30.631,6.626,5.587,0,6.357,17.119,4.011,26.134,114.914,0,0,0,140.937,0,22.579,4.029,26.686,0
2,6/3/50,21:59,0,181.604,0,24.66,6.336,3.597,0,4.807,38.541,7.789,30.209,0,0,0,0,144.829,0,36.699,3.886,59.466,0
2,6/3/50,22:00,0,207.028,0,29.697,6.704,3.904,0,5.093,0,5.864,37.346,0,0,0,0,197.814,0,28.286,3.752,0.933,0
2,6/3/50,22:01,0,5.128,0,0,5.983,5.287,0,6.232,0,15.758,0,0,0,0,0,90.547,0,30.447,3.371,0,0
2,6/3/50,22:02,0,0,0,0,5.524,10.525,0,6.356,32.222,6.905,0,33.804,0,0,0,42.777,0,31.785,7.263,19.125,0
2,6/3/50,22:03,0,0,0,0,6.982,9.843,0,3.055,85.387,5.028,21.254,84.08,0,0,0,140.881,0,21.837,4.799,0,0
2,6/3/50,22:04,0,0,0,12.403,4.278,8.415,0,21.209,161.767,5.573,34.329,43.223,0,0,20.87,52.624,0,26.397,3.048,0,0
2,6/3/50,22:05,0,0,0,0,7.741,3.147,0,131.075,138.984,5.688,29.249,0,0,0,0,106.386,0,6.229,3.141,0,0
2,6/3/50,22:06,0,50.524,0,0,6.971,3.356,0,139.962,207.02,4.807,28.386,0,0,0,0,49.159,0,6.303,5.531,0,0
2,6/3/50,22:07,0,0,0,20.268,6.615,4.257,0,113.833,312.994,3.921,29.462,0,0,0,0,56.432,0,17.277,7.448,0,0
2,6/3/50,22:08,0,0,0,0,6.04,5.434,0,1.657,251.165,7.035,29.538,16.307,0,0,12.912,0,0,4.667,13.409,0,0
2,6/3/50,22:09,0,0,0,0,4.808,4.135,0,47.675,0,6.554,31.02,0,0,0,82.637,0,0,4.201,5.537,0,0
2,6/3/50,22:10,0,0,0,87.929,3.382,3.45,0,0,16.581,4.351,34.344,0,0,0,39.036,0,0,4.211,3.386,0,0
2,6/3/50,22:11,0,0,0,74.81,3.561,6.89,0,0,0,5.156,31.519,55.307,0,0,33.007,20.139,0,3.211,4.666,0,0
2,6/3/50,22:12,0,0,0,287.756,4.841,10.613,0,0,0,13.953,5.575,50.035,0,0,56.844,169.596,0,4.086,3.627,0,0
2,6/3/50,22:13,0,0,0,275.766,3.709,17.714,0,0,0,6.222,4.772,155.867,0,0,88.068,92.241,0,3.433,5.39,0,0
2,6/3/50,22:14,0,0,0,60.584,3.669,12.45,0,59.069,0,5.453,5.297,59.809,0,0,0,44.191,0,3.162,2.914,0,0
2,6/3/50,22:15,0,0,0,0,2.542,4.374,0,131.889,0,4.906,12.204,144.541,0,0,94.555,67.754,0,4.062,3.509,0,0
2,6/3/50,22:16,0,0,0,61.813,4.144,7.626,0,60.295,0,7.925,11.881,165.015,0,0,0,0,0,4.8,6.899,0,0
2,6/3/50,22:17,0,0,0,15.453,11.16,4.504,0,136.636,0,13.449,15.971,127.808,0,0,0,0,0,14.256,2.53,0,0
2,6/3/50,22:18,0,0,0,0,12.793,10.555,0,126.046,0,19.544,14.641,16.129,0,0,70.73,0,0,5.129,3.2,0,0
2,6/3/50,22:19,0,0,0,17.685,5.337,5.042,0,108.702,0,27.768,15.802,121.483,0,0,41.904,0,0,5.537,8.958,0,0
2,6/3/50,22:20,0,0,0,163.494,4.272,4.406,0,87.687,0,24.825,5.547,138.918,0,0,0,0,0,6.584,7.847,0,0
2,6/3/50,22:21,0,0,0,164.192,5.09,4.498,0,88.492,0,16.837,4.118,113.348,0,0,0,0,0,11.641,10.378,0,0
2,6/3/50,22:22,0,0,0,49.76,10.165,18.434,0,26.58,0,15.471,4.548,51.6,0,0,35.005,0,0,43.262,15.615,0,0
2,6/3/50,22:23,0,0,0,62.765,10.206,9.29,0,32.469,0,29.062,4.983,34.487,0,0,154.236,0,0,0,4.154,0,0
2,6/3/50,22:24,0,0,0,23.327,4.751,14.3,0,33.323,0,20.164,4.891,121.204,0,0,92.15,0,0,77.058,3.357,0,0
2,6/3/50,22:25,0,0,0,56.531,4.15,6.266,0,38.881,0,43.51,6.232,103,0,0,178.232,0,0,57.498,3.235,0,0
2,6/3/50,22:26,0,0,0,0,4.152,10.276,0,302.907,0,25.361,4.265,13.518,0,0,137.946,0,0,157.958,3.257,0,0
2,6/3/50,22:27,0,0,0,18.855,5.448,4.673,0,4.62,0,0,5.205,0,0,0,141.474,0,0,117.551,3.243,0,0
2,6/3/50,22:28,0,0,0,0,2.989,4.639,0,24.255,0,84.472,4.518,0,0,0,226.44,0,0,120.518,3.254,0,0
2,6/3/50,22:29,0,0,0,77.227,2.951,4.435,0,42.442,0,53.733,6.146,0,0,0,102.866,0,0,129.683,3.25,0,0
2,6/3/50,22:30,0,0,0,180.135,5.849,5.152,0,16.367,0,0,6.15,0,0,0,0,0,0,83.532,3.693,14.747,0
2,6/3/50,22:31,0,0,0,191.374,4.528,5.591,32.977,16.25,0,0,4.795,0,0,0,0,0,0,83.579,3.19,0,0
2,6/3/50,22:32,0,0,0,130.648,3.894,8.987,26.396,16.381,0,0,16.346,0,0,0,0,0,0,41.549,16.472,0,0
2,6/3/50,22:33,0,0,0,0,3.509,10.127,2.143,35.725,0,149.224,5.791,0,0,0,34.366,0,0,0,34.189,0,0
2,6/3/50,22:34,0,0,0,17.461,3.021,6.469,0,90.788,0,116.657,5.247,0,0,0,30.689,0,0,0.019,39.932,0,0
2,6/3/50,22:35,0,0,0,0,4.349,5.027,0,206.494,0,68.141,4.307,0,0,0,66.287,0,0,37.074,3.442,0,55.958
2,6/3/50,22:36,0,0,0,0,2.784,5.505,0,70.753,0,79.157,6.153,0,0,0,71.121,0,0,94.182,20.074,0,0
2,6/3/50,22:37,0,0,0,21.138,4.076,5.495,104.309,24.348,0,165.877,6.571,0,0,0,0,0,0,45.109,2.413,0,0
2,6/3/50,22:38,0,0,0,0,2.997,5.148,37.081,157.83,0,76.697,4.439,0,0,0,0,0,0,54.893,0,0,0
2,6/3/50,22:39,0,0,0,0,2.873,4.85,95.467,144.575,0,20.48,4.587,0,0,0,48.836,0,0,22.653,46.923,0,0
2,6/3/50,22:40,0,0,0,0,2.901,6.273,0,0,0,0,5.094,0,0,0,45.221,0,0,13.235,100.563,0,0
2,6/3/50,22:41,0,0,0,0,4.458,13.965,0,151.077,0,0,5.74,0,0,0,88.524,0,0,27.073,55.796,0,0
2,6/3/50,22:42,0,0,0,0,4.186,10.565,0.144,73.588,0,42.526,3.865,0,0,0,138.1,0,0,45.812,22.487,0,0
2,6/3/50,22:43,0,0,0,0,25.623,23.916,101.248,43.945,0,68.431,6.746,0,0,0,166.542,0,0,103.028,0,0,25.334
2,6/3/50,22:44,0,0,0,0,38.998,20.828,101.315,5.79,0,72.772,7.956,0,0,0,136.127,0,0,61.824,24.478,48.466,76.656
2,6/3/50,22:45,0,0,0,0,23.9,24.772,78.461,14.096,0,41.549,6.424,0,0,0,127.637,0,0,77.301,20.28,109.757,14.501
2,6/3/50,22:46,0,0,0,0,25.551,25.113,81.68,30.722,0,72.965,7.809,0,0,0,156.931,0,0,137.21,5.026,129.329,40.796
2,6/3/50,22:47,0,0,0,0,20.561,10.695,89.64,28.511,0,106.52,7.223,0,0,0,165.334,0,0,121.431,3.162,39.008,0
2,6/3/50,22:48,0,0,0,0,26.774,16.511,101.066,28.846,0,76.67,17.659,0,23.474,0,73.366,0,0,150.289,3.734,0,0
2,6/3/50,22:49,0,0,0,0,0,0,150.37,20.672,0,127.061,32.183,0,27.741,0,81.337,114.007,0,35.822,3.895,0,0
2,6/3/50,22:50,0,0,0,0,0,0,76.08,25.054,0,71.25,7.406,0,138.919,0,75.292,97.574,0,11.887,3.291,0,0
2,6/3/50,22:51,18.717,0,0,0,0,19.167,11.321,21.603,0,149.67,11.069,0,96.45,0,81.403,138.794,0,62.962,2.896,0,0
2,6/3/50,22:52,36.911,0,0,0,34.887,46.844,0,23.864,0,72.104,10.066,0,28.771,0,95.353,279.66,0,0,3.113,7.866,0
2,6/3/50,22:53,28.089,0,0,0,22.368,105.747,32.012,11.746,0,91.81,8.313,0,32.309,0,175.143,123.45,0,0,5.442,2.517,0
2,6/3/50,22:54,39.362,0,0,0,18.577,36.627,23.731,7.353,0,63.882,10.687,0,42.516,0,88.034,72.297,20.915,0,3.431,0,0
2,6/3/50,22:55,14.218,0,0,0,27.273,12.172,0,4.721,0,0,20.951,0,31.243,0,31.919,148.172,0,20.932,3.707,0,0
2,6/3/50,22:56,0,0,0,0,28.993,18.41,3.711,4.695,0,64.076,12.192,19.317,0,0,70.79,106.24,0,29.348,3.95,0,0
2,6/3/50,22:57,0,0,0,0,12.907,31.001,121.848,4.47,0,60.135,23.575,0,0,23.026,137.959,135.507,15.743,32.848,2.719,0,0
2,6/3/50,22:58,0,0,0,0,4.597,29.363,0,4.616,0,51.362,11.733,0,0,0,0,59.1,0,15.223,3.316,36.867,0
2,6/3/50,22:59,133.147,26.643,0,0,3.048,28.433,0,21.805,0,74.631,4.239,0,0,0,12.787,23.845,0,29.891,3.023,82.786,0
2,6/3/50,23:00,150.275,156.405,0,0,3.599,28.087,109.72,3.54,0,37.935,3.386,151.683,0,0,12.253,0,0,36.133,2.945,0,0
2,6/3/50,23:01,77.833,26.213,0,0,3.271,9.888,140.52,3.145,0,56.574,5.081,0,0,25.458,0,170.612,0,27.201,2.865,0,0
2,6/3/50,23:02,25.428,0,0,0,39.38,15.591,67.344,2.813,0,22.052,4.321,34.738,0,0,0,111.871,0,18.29,3.308,23.601,0
2,6/3/50,23:03,71.884,0,0,0,51.505,10.572,64.984,3.368,0,44.807,6.562,100.314,0,0,56.395,87.797,0,21.934,10.36,73.182,0
2,6/3/50,23:04,15.156,0,0,0,23.59,12.484,133.933,2.309,0,0,4.124,59.215,0,0,0,50.583,0,26.81,17.668,149.84,0
2,6/3/50,23:05,1.359,0,0,0,29.618,8.924,75.114,5.692,0,0,4.945,0,0,71.227,0,128.126,0,9.326,18.323,77.641,0
2,6/3/50,23:06,3.174,0,0,0,21.306,0,56.086,17.436,0,0,5.253,14.93,0,114.995,0,174.859,0,4.39,25.032,40.11,0
2,6/3/50,23:07,0,0,0,0,19.613,0,0,15.323,0,99.43,5.655,41.861,0,60.892,0,38.629,0,4.898,28.227,41.319,0
2,6/3/50,23:08,0,0,0,0,17.407,0,0,3.89,0,71.41,4.339,64.998,0,20.564,0,170.893,0,3.978,27.622,0,0
2,6/3/50,23:09,0,0,0,0,4.961,0,0,4.474,0,46.777,5.117,70.003,0,0,0,48.765,0,4.483,12.522,0.591,0
2,6/3/50,23:10,0,0,0,0,4.656,32.942,0,4.176,0,112.208,3.624,128.958,0,0,0,249.919,0,4.386,5.05,0,0
2,6/3/50,23:11,0,0,0,0,5.15,27.521,19.174,3.825,0,130.472,4.511,86.538,0,0,0,130.393,0,3.478,4.343,82.22,0
2,6/3/50,23:12,0,0,0,0,4.218,30.726,0,4.546,0,142.972,5.842,182.686,0,0,0,73.635,0,6.75,2.872,69.902,0
2,6/3/50,23:13,0,0,0,0,4.164,29.371,0,3.513,0,80.215,3.282,100.046,0,0,0,128.123,0,6.624,3.371,28.127,0
2,6/3/50,23:14,32.385,0,0,0,4.239,20.313,0,3.618,0,199.915,3.752,109.31,0,0,5.518,5.502,0,4.554,8.463,32.955,0
2,6/3/50,23:15,0,0,0,0,3.195,18.379,0,3.161,0,115.404,4.09,71.271,0,0,49.101,52.039,0,4.323,4.999,92.332,0
2,6/3/50,23:16,92.679,0,0,0,5.349,28.598,0,4.244,0,65.052,5.626,0,0,0,221.634,90.128,0,3.981,3.808,169.318,0
2,6/3/50,23:17,102.405,0,0,0,7.226,12.375,0,4.709,0,27.82,3.506,0,0,0,87.977,86.343,0,4.673,3.073,57.362,0
2,6/3/50,23:18,131.936,0,0,0,4.056,7.448,0,4.925,0,21.929,5.855,0,0,0,87.945,83.206,0,5.113,2.538,0,0
2,6/3/50,23:19,99.744,0,0,0,2.941,5.136,54.682,3.762,0,20.015,5.66,142.375,0,0,192.117,88.474,0,5.824,7.731,0,0
2,6/3/50,23:20,120.701,0,0,0,4.011,3.22,208.159,19.009,0,19.567,3.486,0,15.466,0,196.687,105.737,0,5.088,7.651,0,0
2,6/3/50,23:21,113.099,0,0,0,5.224,4.412,60.541,27.746,0,14.178,3.823,0,26.146,0,139.799,129.971,0,11.08,4.253,0,0
2,6/3/50,23:22,131.754,0,0,0,5.532,4.255,31.562,92.213,0,23.73,3.41,0,111.401,0,158.245,181.013,0,5.169,7.94,0,0
2,6/3/50,23:23,74.43,0,0,0,5.881,4.233,36.728,173.88,0,23.663,3.268,0,20.509,0,101.511,116.561,0,4.936,4.572,39.77,0
2,6/3/50,23:24,84.674,0,0,0,3.81,3.889,32.466,101.716,0,18.225,7.724,0,24.886,0,145.513,197.575,0,4.207,4.316,16.791,0
2,6/3/50,23:25,71.127,0,0,0,5.004,4.428,14.993,47.346,0,10.771,3.964,0,19.634,0,45.95,170.938,0,5.791,4.341,18.951,0
2,6/3/50,23:26,65.102,0,0,0,13.597,4.969,20.822,124.89,0,3.679,5.458,0,80.56,0,114.942,107.782,0,19.212,4.306,118.061,0
2,6/3/50,23:27,0,0,0,0,35.826,4.582,0,127.436,28.165,3.6,32.662,33.214,120.252,0,70.022,140.632,0,4.317,6.354,53.784,0
2,6/3/50,23:28,73.632,0,0,0,24.416,4.378,102.868,83.073,0,3.896,0,0,88.563,0,70.233,93.053,0,4.464,3.87,99.863,0
2,6/3/50,23:29,115.187,0,0,0,7.181,5.144,117.443,0,17.598,3.691,0,82.001,0,0,186.861,0,0,3.944,5.198,0,0
2,6/3/50,23:30,120.696,0,0,0,4.076,33.929,6.928,133.672,0,3.513,0,0,45.287,0,104.54,29.868,0,3.669,6.842,0,0
2,6/3/50,23:31,135.282,0,0,0,5.117,7.926,163.654,17.643,0,5.909,63.184,0,14.136,0,0,58.553,0,3.872,5.333,0,0
2,6/3/50,23:32,130.042,0,0,0,5.531,4.933,190.48,0,0,8.397,16.22,0,0,0,0,191.149,0,4.081,3.391,0,0
2,6/3/50,23:33,46.943,0,0,18.173,12.503,4.028,104.565,0,0,4.182,37.605,0,0,0,0,144.371,0,5.964,2.957,0,0
2,6/3/50,23:34,17.498,0,0,38.108,8.087,4.241,158.019,0,44.794,4.234,36.761,0,0,0,0,134.534,0,5.597,17.851,0,0
2,6/3/50,23:35,0,0,0,8.275,13.849,4.084,228.889,0,119.129,7.771,30.326,19.865,61.284,0,0,125.349,0,3.967,4.351,0,0
2,6/3/50,23:36,0,0,0,19.439,7.898,8.414,98.077,90.42,18.25,9.976,13.833,69.629,0,0,0,142.335,0,7.121,2.735,0,0
2,6/3/50,23:37,18.33,0,0,0,10.817,7.303,0,95.554,0,9.995,14.021,161.452,0,0,0,2.618,0,13.904,3.168,0,0
2,6/3/50,23:38,0,0,0,0,9.253,22.14,0,79.694,0,6.899,19.076,81.312,0,0,0,24.579,0,9.495,3.52,0,0
2,6/3/50,23:39,0,0,0,0,3.973,28.034,7.06,211.162,67.446,5.568,24.418,0,0,0,0,0,0,24.692,3.855,0,0
2,6/3/50,23:40,0,0,0,0,7.06,21.612,215.269,78.739,217.341,4.239,10.396,73.806,0,0,0,0,0,15.261,3.18,0,0
2,6/3/50,23:41,0,0,0,0,4.455,26.549,159.686,62.782,185.033,4.599,37.269,107.712,0,0,0,0,0,12.912,3.342,0,0
2,6/3/50,23:42,0,0,0,28.54,10.096,9.433,29.499,57.218,0,7.741,117.653,66.981,0,0,0,2.607,0,29.87,3.797,0,0
2,6/3/50,23:43,0,0,0,2.667,14.072,0,0,79.237,0,4.847,190.164,100.396,0,0,0,110.153,0,4.596,4.115,0,0
2,6/3/50,23:44,0,0,0,0,10.098,1.013,0,104.488,0,2.836,43.207,74.533,0,0,0,82.356,0,5.273,12.182,0,0
2,6/3/50,23:45,0,0,0,1.122,4.756,10.727,0,82.424,0,2.567,0,49.802,0,0,0,0,0,14.68,28.6,0,0
2,6/3/50,23:46,0,0,0,0,5.959,11.115,0,102.256,0,1.927,0,49.652,0,0,0,0,0,5.201,28.919,0,0
2,6/3/50,23:47,0,0,0,0,7.064,5.978,0,57.659,0,15.619,0,2.987,0,0,0,0,0,15.528,26.357,0,0
2,6/3/50,23:48,0,0,117.728,0,3.71,4.596,0,113.584,0,7.739,60.82,35.35,0,0,0,0,0,4.624,17.181,0,0
2,6/3/50,23:49,0,0,22.077,13.73,4.465,10.75,0,144.237,0,5.35,64.552,0,0,0,0,0,0,9.073,29.283,0,0
2,6/3/50,23:50,0,0,24.935,0,5.947,10.523,0,78.625,0,4.088,101.228,19.836,0,0,83.26,0,0,54.394,18.356,14.296,0
2,6/3/50,23:51,0,0,23.817,63.585,7.302,8.716,0,13.986,0,3.935,31.362,200.965,0,0,146.509,0,45.44,75.113,7.224,0,0
2,6/3/50,23:52,0,0,20.246,0,21.649,17.131,0,115.445,0,3.865,66.067,30.954,0,0,137.654,0,26.73,111.664,0,0,0
2,6/3/50,23:53,0,0,22.594,0,18.752,22.11,0,0,0,3.453,101.431,0,0,0,0,0,6.059,70.211,79.476,0,0
2,6/3/50,23:54,0,0,47.785,0,9.314,134.046,0,0,0,3.294,82.307,20.476,0,25.365,0,0,0,95.806,74.163,0,0
2,6/3/50,23:55,0,0,80.581,127.171,14.118,18.54,0,0,0,2.643,93.599,114.529,0,0,0,0,0,73.243,19.689,74.222,0
2,6/3/50,23:56,0,0,137.83,140.051,36.843,15.819,0,0,0,3.167,72.792,184.689,0,0,0,0,0,20.849,24.347,0,0
2,6/3/50,23:57,0,0,134.344,141.655,32.873,12.026,0,0,0,2.799,115.828,0,0,4.278,0,0,0.973,94.334,2.923,30.544,0
2,6/3/50,23:58,44.329,0,120.812,133.944,14.69,0,0,0,0,3.938,91.169,0,0,7.195,0,0,19.325,40.871,11.243,149.934,0
2,6/3/50,23:59,137.816,0,140.887,69.036,71.174,6.268,0,0,0,3.079,30.979,0,0,0,0,0,69.052,0,31.078,81.292,0
2,6/4/50,0:00,118.034,0,137.092,0,118.197,3.324,0,0,0,3.292,17.697,0,0,10.777,0,0,111.075,127.101,20.275,0,0
2,6/4/50,0:01,165.047,0,145.469,0,0.576,5.972,0,0,0,2.939,20.131,0,0,58.86,0,0,79.346,157.16,36.255,0,0
2,6/4/50,0:02,18.796,0,59.126,0,0,0,0,0,0,2.756,9.579,0,0,0,0,0,59.99,76.608,27.255,0,0
2,6/4/50,0:03,85.401,0,29.599,0,114.903,0,0,0,0,3.669,18.309,0,0,0,0,0,136.995,107.637,14.846,0,0
2,6/4/50,0:04,149.96,0,191.029,183.822,39.907,89.206,0,0,0,13.413,26.649,0,0,0,0,0,226.898,129.046,5.618,0,0
2,6/4/50,0:05,156.938,0,78.009,0,22.527,49.243,0,0,0,5.69,27.183,0,0,0,0,0,229.844,152.346,3.505,63.567,0
2,6/4/50,0:06,33.757,0,0,18.247,26.999,32.39,0,0,0,3.346,28.839,0,0,0,0,0,0,47.914,3.656,49.364,32.013
2,6/4/50,0:07,25.093,0,13.753,0,25.491,84.027,0,0,0,2.856,25.233,0,0,0,0,0,0,20.78,3.041,0,0
2,6/4/50,0:08,23.541,0,35.669,0,24.84,45.243,0,0,0,2.421,20.262,0,0,0,0,0,0,113.4,2.354,81.765,0
2,6/4/50,0:09,26.765,0,80.205,0,26.18,11.267,0,0,0,2.883,20.364,0,0,0,0,0,0,22.661,1.948,128.349,0
2,6/4/50,0:10,34.798,0,125.283,0,25.224,21.481,0,0,0,3.41,24.003,0,0,0,0,0,0,0.482,2.199,208.356,0
2,6/4/50,0:11,0,0,72.87,0,20.041,26.683,0,0,0,16.322,21.05,0,0,0,0,0,0,0,2.116,47.429,0
2,6/4/50,0:12,0,0,0,0,24.7,19.59,0,0,0,32.727,21.554,0,0,0,0,0,0,43.977,12.34,158.773,0
2,6/4/50,0:13,0,0,0,0,22.759,5.461,0,0,0,34.821,29.195,0,0,0,0,0,0,132.637,2.558,43.997,0
2,6/4/50,0:14,0,0,0,0,18.134,5.03,0,0,0,7.058,5.461,0,0,0,0,0,0,86.409,2.764,88.693,16.244
2,6/4/50,0:15,0,0,0,0,5.35,3.89,0,0,0,0,4.618,0,0,0,0,0,0,84.036,2.431,0.421,52.27
2,6/4/50,0:16,0,0,0,0,4.963,4.402,0,0,0,0,4.242,0,0,0,0,0,0,28.284,2.521,0,66.917
2,6/4/50,0:17,0,0,0,0,3.38,4.196,0,0,0,0,5.137,0,0,0,0,0,0,47.823,2.657,17.182,145.661
2,6/4/50,0:18,0,0,0,0,6.01,3.491,0,0,0,0,3.871,0,0,0,0,0,0,89.174,2.391,0,78.542
2,6/4/50,0:19,0,0,0,0,4.289,3.332,0,0,0,44.145,4.02,0,0,0,0,129.694,0,116.121,3.12,0,0
2,6/4/50,0:20,0,0,0,0,3.814,3.345,0,0,0,30.622,3.72,0,0,0,0,149.14,0,104.839,15.142,0,0
2,6/4/50,0:21,0,0,0,0,3.319,8.905,0,0,0,110.462,4.126,0,0,0,0,119.466,0,0,4.135,0,0
2,6/4/50,0:22,0,0,0,0,3.592,6.372,0,0,0,30.016,4.676,0,0,0,0,128.616,0,67.569,5.179,0,0
2,6/4/50,0:23,0,0,0,0,3.623,5.328,0,0,0,85.429,3.556,0,0,0,0,157.9,0,50.442,3.866,0,0
2,6/4/50,0:24,0,0,0,0,4.133,5.508,0,0,0,66.131,3.288,0,0,0,0,214.174,0,209.135,3.168,0,0
2,6/4/50,0:25,0,0,0,0,3.55,5.484,0,0,0,29.493,2.685,0,0,0,0,107.396,0,53.69,3.814,0,0
2,6/4/50,0:26,0,0,0,0,3.78,2.817,0,0,0,8.043,9.533,0,0,0,0,135.628,0,25.134,3.029,0,0
2,6/4/50,0:27,0,0,0,0,4.343,2.778,0,0,0,68.207,5.038,0,0,0,0,137.183,0,29.503,3.216,0,0
2,6/4/50,0:28,0,0,0,0,3.407,3.625,0,0,0,59.072,5.429,0,0,0,0,165.634,0,166.378,2.323,0,0
2,6/4/50,0:29,0,0,0,0,3.696,3.951,0,29.227,0,98.187,3.645,0,0,0,0,220.75,0,108.372,2.985,0,0
2,6/4/50,0:30,0,0,0,0,3.846,3.542,0,50.945,0,56.721,3.799,0,0,0,0,20.725,0,101.37,2.48,0,0
2,6/4/50,0:31,0,0,64.197,0,4.143,4.885,0,23.061,0,90.185,3.596,0,0,0,0,8.056,0,54.5,9.445,0,0
2,6/4/50,0:32,0,0,47.498,0,3.351,3.087,0,0,0,105.459,3.901,0,0,0,0,102.436,0,68.129,5.577,0,0
2,6/4/50,0:33,0,0,0,0,2.984,3.183,0,0,0,132.63,4.659,0,0,0,0,0,0,151.49,4.776,0,0
2,6/4/50,0:34,0,0,0,0,2.043,2.484,0,2.486,0,14.081,4.473,0,0,0,0,44.787,0,1.664,5.733,0,0
2,6/4/50,0:35,0,0,0,0,2.013,3.224,0,14.05,0,23.096,3.831,0,0,0,0,124.649,0,0,3.324,0,0
2,6/4/50,0:36,0,0,0,0,24.286,2.894,0,71.05,0,113.813,4.459,0,0,0,0,72.73,0,27.772,2.956,0,0
2,6/4/50,0:37,0,0,0,0,7.627,4.734,0,115.468,0,90.46,4.942,0,0,0,0,75.488,0,34.575,2.515,0,0
2,6/4/50,0:38,0,0,0,0,33.743,19.866,0,133.591,0,117.665,6.121,0,0,0,0,228.738,0,41.707,14.141,0,0
2,6/4/50,0:39,0,0,0,0,0,5.496,0,30.25,0,12.762,4.748,0,0,0,0,230.868,0,38.148,2.691,0,0
2,6/4/50,0:40,0,0,0,0,0,3.667,0,0,0,0,4.442,0,0,0,0,199.163,0,28.242,2.252,0,0
2,6/4/50,0:41,0,0,0,0,0,3.619,0,0,0,59.597,4.761,0,0,0,0,146.306,0,20.929,2.522,0,0
2,6/4/50,0:42,0,0,0,0,87.419,3.985,0,16.105,0,55.902,4.305,0,0,0,0,170.373,0,30.403,4.783,0,0
2,6/4/50,0:43,0,0,0,0,26.783,2.862,0,0.678,0,30.779,3.564,0,0,0,0,0,0,22.731,3.549,0,0
2,6/4/50,0:44,0,0,0,0,22.189,3.103,0,0,0,10.399,4.28,0,0,0,0,0,0,24.608,4.081,0,0
2,6/4/50,0:45,0,0,0,0,27.682,3.059,0,15.325,0,0,4.065,0,0,0,0,0,0,26.08,2.372,0,0
2,6/4/50,0:46,0,0,0,0,26.199,3.533,0,69.183,0,46.218,3.826,0,0,0,0,0,0,33.329,3.395,0,0
2,6/4/50,0:47,0,1.843,0,0,33.879,15.552,0,44.279,0,59.71,4.137,0,0,0,0,44.956,0,34.754,2.787,0,0
2,6/4/50,0:48,0,29.57,0,0,33.411,15.961,0,68.172,0,94.139,6.808,21.576,0,0,0,99.179,0,47.381,2.648,0,0
2,6/4/50,0:49,0,1.757,0,0,33.413,4.733,0,161.657,0,95.83,12.248,12.767,0,0,0,189.146,0,32.207,2.749,0,0
2,6/4/50,0:50,0,103.489,0,0,23.249,2.436,0,0,0,30.625,24.743,94.378,0,0,0,183.824,0,48.499,8.15,0,0
2,6/4/50,0:51,0,137.659,0,0,5.249,3.55,0,4.267,0,67.017,6.987,55.937,0,0,0,111.696,0,187.156,28.103,0,0
2,6/4/50,0:52,0,96.76,0,0,6.31,5.613,0,85.305,0,85.367,14.804,0,0,0,0,67.398,0,170.572,28.276,0,0
2,6/4/50,0:53,0,131.812,0,0,4.221,3.215,0,112.049,0,41.682,5.02,0,0,0,0,0,0,149.748,27.088,0,0
2,6/4/50,0:54,0,94.678,0,0,4.148,2.722,0,29.545,0,25.552,5.158,97.674,0,0,0,0,0,0,23.685,0,0
2,6/4/50,0:55,0,0,0,0,3.824,2.838,63.505,0,0,81.243,5.153,29.263,0,0,0,0,0,5.222,28.555,0,0
2,6/4/50,0:56,0,0,0,45.897,6.397,2.475,18.446,0,0,130.871,3.951,0,0,0,0,17.305,0,93.615,28.173,0,0
2,6/4/50,0:57,0,0,0,0,2.72,5.247,40.959,0,0,109.167,4.688,0,0,0,0,107.464,0,29.395,39.157,0,0
2,6/4/50,0:58,0,44.186,0,0,3.963,2.208,40.617,0,0,66.872,4.975,33.212,0,0,0,224.598,0,18.116,23.054,0,0
2,6/4/50,0:59,0,114.951,0,0,2.763,2.912,30.687,0,0,112.353,4.323,81.44,0,0,0,144.755,0,4.03,20.704,0,0
2,6/4/50,1:00,0,153.762,0,0,2.928,3.134,30.102,0,0,43.118,5.089,134.905,0,0,0,149.199,0,4.118,0,0,0
2,6/4/50,1:01,0,175.829,0,0,4.355,2.84,27.357,0,0,17.492,88.093,60.926,0,0,0,40.838,0,3.563,31.826,0,0
2,6/4/50,1:02,0,23.119,0,17.279,4.354,2.597,3.462,0,0,27.832,4.639,0,0,0,0,97.343,0,4.21,69.585,0,0
2,6/4/50,1:03,0,148.07,0,16.464,3.985,2.262,0,0,0,28.121,5.281,99.027,0,0,0,150.754,0,4.71,101.742,0,0
2,6/4/50,1:04,0,80.943,0,66.732,6.481,3.463,18.223,0,0,14.037,3.895,19.929,0,0,0,126.547,0,4.964,78.131,0,0
2,6/4/50,1:05,0,211.578,0,22.894,10.148,3.399,0,0,0,25.182,4.901,0,0,0,0,62.165,0,3.984,22.972,0,0
2,6/4/50,1:06,0,56.991,0,35.051,4.491,3.118,33.489,0,0,26.769,3.966,0,0,0,0,108.174,0,3.883,16.66,0,0
2,6/4/50,1:07,0,161.855,0,0,4.833,1.982,106.492,0,0,28.251,3.175,128.613,0,0,0,52.62,0,4.405,23.708,0,0
2,6/4/50,1:08,0,133.182,0,0,6.746,2.904,78.131,0,0,32.5,10.433,22.583,0,0,0,0,0,5.736,28.302,0,0
2,6/4/50,1:09,0,128.811,0,0,3.751,2.813,86.273,0,0,4.999,32.218,0,0,0,0,0,0,5.54,21.945,0,0
2,6/4/50,1:10,0,63.403,0,0,8.111,3.15,18.894,0,0,4.041,56.117,0,0,0,0,1.704,0,36.8,13.57,0,0
2,6/4/50,1:11,0,0,0,0,24.453,2.448,69.506,0,0,20.617,5.996,0,0,0,0,146.951,0,5.486,13.777,0,0
2,6/4/50,1:12,0,0,0,89.561,19.074,3.852,0,0,0,7.166,4.349,0,0,0,0,102.143,0,5.042,19.892,0,0
2,6/4/50,1:13,0,0,0,77.761,4.868,2.057,0,0,0,15.9,5.475,0,0,0,0,166.129,0,5.737,21.651,0,0
2,6/4/50,1:14,0,8.703,0,106.311,3.713,2.195,6.195,0,0,20.418,6.305,0,29.102,0,0,152.741,0,4.659,19.695,0,0
2,6/4/50,1:15,0,88.937,32.664,85.092,3.449,1.937,110.684,0,0,22.862,7.242,0,8.999,0,0,86.015,0,4.654,27.777,0,0
2,6/4/50,1:16,0,31.017,21.037,344.985,5.186,1.638,111.69,0,0,22.417,5.516,0,97.101,0,0,179.308,0,3.964,36.109,0,0
2,6/4/50,1:17,0,183.84,0,337.159,3.554,2.135,144.17,0,0,23.007,4.661,0,92.659,0,0,115.505,0,4.125,95.55,0,0
2,6/4/50,1:18,0,180.685,0,163.018,3.227,3.68,19.473,0,0,18.278,3.191,0,0,0,0,112.94,0,8.391,135.081,0,0
2,6/4/50,1:19,0,150.174,0,159.35,3.604,3.564,32.617,0,0,13.142,4.663,45.171,0,0,0,0,0,3.948,251.121,0,0
2,6/4/50,1:20,0,89.24,8.929,47.297,3.147,6.267,0,0,0,4.435,3.884,92.804,0,17.86,0,0,0,14.34,113.943,0,0
2,6/4/50,1:21,0,122.229,31.439,0,2.753,2.826,0,0,0,3.404,3.721,49.432,0,51.782,0,0,0,3.151,18.759,0,0
2,6/4/50,1:22,0,148.624,0,0,3.167,2.825,0,0,0,3.843,8.854,0,0,0,0,0,0,4.534,11.227,0,0
2,6/4/50,1:23,0,200.426,0,18.026,9.995,2.743,0,0,0,19.115,7.347,63.093,0,0,0,0,0,3.56,3.596,0,0
2,6/4/50,1:24,0,67.693,0,23.156,6.644,2.55,0,0,0,3.057,6.674,96.497,0,0,0,0,0,4.401,3.501,0,0
2,6/4/50,1:25,0,64.935,0,74.143,4.033,6.021,0,0,0,2.208,3.381,190.755,0,11.377,0,0,0,8.72,2.971,0,0
2,6/4/50,1:26,0,0,0,204.795,3.702,18.306,0,0,0,2.757,3.623,98.725,0,0,21.676,0,0,29.636,3.19,0,0
2,6/4/50,1:27,0,76.98,0,221.859,3.386,11.794,0,0,0,2.622,5.532,112.575,0,0,161.99,0,0,2.627,5.72,0,0
2,6/4/50,1:28,0,147.682,0,157.096,3.719,17.205,0,0,0,6.411,5.255,0,0,0,0,0,0,3.213,3.286,0,0
2,6/4/50,1:29,0,182.623,0,28.519,4.39,13.246,0,0,0,4.268,3.496,0,0,49.768,0,0,0,3.663,3.114,0,0
2,6/4/50,1:30,0,122.845,0,37.923,3.921,17.614,0,0,0,3.623,2.689,0,0,78.269,0,0,0,4.365,2.971,0,0
2,6/4/50,1:31,0,0,0,190.395,4.269,23.6,0,0,0,6.324,4.179,0,0,64.042,0,0,0,3.136,3.375,0,0
2,6/4/50,1:32,0,0,0,94.254,3.658,24.349,0,0,0,18.301,5.655,0,0,159.335,113.665,0,0,3.506,2.475,0,0
2,6/4/50,1:33,0,0,0,0.454,3.661,17.482,0,0,0,3.166,7.26,0,0,96.118,0,2.977,0,4.245,2.898,0,0
2,6/4/50,1:34,0,0,0,0,4.466,21.763,0,0,0,3.349,3.151,0,0,50.885,0,94.738,0,2.938,1.822,0,0
2,6/4/50,1:35,0,0,0,0,5.648,11.978,0,0,0,3.12,4.159,0,0,125.805,98.091,123.874,0,4.119,2.155,0,0
2,6/4/50,1:36,16.315,0,0,20.666,4.305,10.449,0,0,0,3.994,2.469,0,0,101.675,137.875,158.966,0,6.9,4.841,0,0
2,6/4/50,1:37,16.476,0,0,146.889,3.707,7.271,0,0,0,6.757,4.96,0,0,60.519,35.99,126.13,0,5.246,4.361,0,0
2,6/4/50,1:38,0,0,0,213.153,3.533,5.908,0,0,0,4.988,5.203,0,0,0,0,99.259,0,6.041,4.473,0,0
2,6/4/50,1:39,0,0,0,180.742,11.093,7.031,0,0,0,4.008,4.182,0,0,0,26.055,64.183,0,5.026,3.552,0,0
2,6/4/50,1:40,34.312,0,0,305.644,5.252,8.055,0,0,0,4.107,5.934,0,0,0,20.4,105.855,0,5.466,3.855,0,0
2,6/4/50,1:41,0,0,0,104.305,7.674,6.93,0,0,0,2.17,4.207,0,0,0,0,111.62,0,3.688,2.805,0,0
2,6/4/50,1:42,0,0,0,4.817,3.375,6.668,0,0,0,2.283,6.7,0,0,139.82,0,91.596,0,40.327,4.764,0,0
2,6/4/50,1:43,0,0,0,0,46.248,8.637,0,0,28.536,4.002,6.77,0,0,166.93,0,85.238,0,0,3.585,109.77,0
2,6/4/50,1:44,0,0,0,0,19.27,12.918,0,0,3.644,2.097,6.675,0,0,21.846,0,116.303,0,51.966,3.501,86.398,0
2,6/4/50,1:45,0,0,0,0,30.74,12.435,0,0,0,4.098,6.397,0,0,0,0,78.634,0,110.002,2.176,49.363,0
2,6/4/50,1:46,0,0,0,0,23.472,9.876,0,0,17.777,4.351,4.859,0,0,0,0,60.329,0,152.823,2.415,161.823,0
2,6/4/50,1:47,0,0,0,11.804,24.371,9.911,0,0,0,2.674,4.54,0,0,0,0,0,0,187.775,3.29,89.803,0
2,6/4/50,1:48,0,0,0,0,29.856,5.365,0,0,12.529,3.627,3.942,0,0,0,0,0,0,46.787,13.916,15.265,0
2,6/4/50,1:49,0,0,0,69.444,0,4.715,0,0,13.997,3.062,5.023,0,0,0,0,0,0,131.835,2.76,0,0
2,6/4/50,1:50,0,0,0,113.272,0,10.334,0,0,246.049,3.68,45.934,0,0,0,0,60.207,0,180.169,3.021,0,0
2,6/4/50,1:51,0,0,0,227.588,0,5.504,0,0,104.094,2.983,2.127,0,0,0,0,124.044,0,0,2.916,19.333,0
2,6/4/50,1:52,0,0,0,335.008,0,6.3,0,0,180.896,3.803,32.002,0,0,0,0,0,0,22.038,3.08,0,0
2,6/4/50,1:53,0,0,0,66.862,33.167,20.574,0,0,28.974,4.682,15.767,0,0,0,0,0,0,35.536,4.028,0,0
2,6/4/50,1:54,0,0,0,0,136.413,14.282,0,0,0,2.574,22.423,0,0,0,0,0,0,91.537,4.281,0,0
2,6/4/50,1:55,0,0,0,0,149.72,21.407,0,0,0,2.958,26.451,0,0,0,0,0,0,0,5.389,0,0
2,6/4/50,1:56,0,0,0,0,22.796,13.557,0,0,0,3.235,24.6,0,0,0,0,0,0,125.304,4.595,0,0
2,6/4/50,1:57,0,0,0,14.221,64.454,6.894,0,0,14.833,2.649,27.403,0,0,0,0,0,0,59.186,3.644,0,19.6
2,6/4/50,1:58,0,0,0,4.326,80.579,13.633,0,0,69.615,2.543,26.2,0,0,0,0,0,0,30.498,6.142,0,0
2,6/4/50,1:59,0,0,0,0,42.407,6.726,0,0,203.919,1.974,18.256,0,0,0,0,0,0,23.591,11.766,0,0
2,6/4/50,2:00,0,0,0,0,29.484,11.54,0,0,105.761,1.831,20.236,0,0,0,0,0,0,29.501,9.889,0,11.992
2,6/4/50,2:01,0,0,0,0,26.062,15.645,0,0,18.696,2.644,20.066,0,0,0,0,0,0,32.144,3.502,0,0
2,6/4/50,2:02,0,0,0,0,30.337,16.297,0,0,0,2.078,32.824,0,0,0,0,0,0,14.983,4.443,0,0
2,6/4/50,2:03,0,0,0,0,27.813,38.315,0,0,0,7.497,17.623,0,0,0,0,0,0,19.467,3.338,0,24.319
2,6/4/50,2:04,0,0,0,0,21.794,13.651,0,0,0,24.555,9.661,0,0,0,0,0,0,39.201,3.117,0,139.993
2,6/4/50,2:05,0,0,0,0,18.267,0,0,0,0,5.129,27.828,0,0,0,0,0,0,24.296,3.104,0,66.057
2,6/4/50,2:06,0,0,0,0,10.305,0,0,0,0,3.896,10.887,0,0,0,0,0,0,22.327,5.301,0,116.754
2,6/4/50,2:07,0,0,0,0,13.008,0,0,0,0,2.86,3.275,0,0,0,0,0,0,17.311,4.664,0,104.889
2,6/4/50,2:08,0,0,0,0,4.394,27.041,0,0,0,2.86,2.908,0,0,0,0,0,0,26.541,4.064,0,104.369
2,6/4/50,2:09,0,0,0,0,4.537,8.872,0,0,0,5.686,4.288,0,0,0,0,0,0,40.064,2.811,0,79.775
2,6/4/50,2:10,0,0,0,0,2.996,5.059,0,0,0,3.445,4.5,0,0,0,0,0,0,21.484,2.384,0,0
2,6/4/50,2:11,0,0,0,0,13.216,4.609,0,0,0,3.495,3.368,0,0,0,0,0,0,19.614,3.603,0,28.639
2,6/4/50,2:12,0,0,0,0,32.187,5.802,0,0,0,5.167,3.513,0,0,0,0,0,0,8.586,10.289,0,124.814
2,6/4/50,2:13,0,0,0,0,23.762,13.032,0,0,0,4.069,4.449,0,0,0,0,0,0,7.659,2.484,0,159.156
2,6/4/50,2:14,0,0,0,0,14.938,46.404,0,0,0,4.144,3.504,0,0,0,0,0,0,5.767,2.759,0,148.341
2,6/4/50,2:15,0,0,0,0,11.353,59.991,0,0,0,3.995,3.382,0,0,0,0,0,0,5.673,4.227,0,173.271
2,6/4/50,2:16,0,0,0,0,5.48,12.859,0,85.118,0,14.461,4.889,0,0,0,0,0,0,4.605,2.211,0,101.541
2,6/4/50,2:17,0,0,0,0,4.376,11.816,0,2.052,0,6.916,4.74,0,0,0,0,0,0,4.279,2.842,0,54.077
2,6/4/50,2:18,0,0,0,0,4.029,13.759,0,0,0,6.865,3.319,0,0,0,0,0,0,3.248,3.376,0,43.841
2,6/4/50,2:19,0,0,0,0,4.97,15.498,0,0,0,6.534,3.687,0,0,0,0,0,0,7.565,3.131,0,23.392
2,6/4/50,2:20,0,0,0,0,5.092,16.86,0,0,0,8.234,5.744,0,0,0,0,0,0,5.74,4.007,0,0
2,6/4/50,2:21,0,0,0,0,9.565,10.317,0,16.417,0,7.777,3.688,0,0,0,0,0,0,3.897,4.849,0,0
2,6/4/50,2:22,0,0,0,0,4.511,13.957,0,0,0,16.682,7.171,0,0,0,0,0,0,4.975,3.364,0,0
2,6/4/50,2:23,0,0,0,0,10.431,4.514,0,0,0,13.912,35.121,0,0,0,0,0,0,8.887,3.735,0,16.848
2,6/4/50,2:24,0,0,0,0,8.248,5.594,0,14.232,0,20.576,10.415,0,0,0,0,0,0,3.511,5.072,0,0
2,6/4/50,2:25,0,0,0,0,4.819,3.179,0,61.485,0,12.247,26.651,0,0,0,0,0,0,13.066,4.046,0,0
2,6/4/50,2:26,0,0,0,0,11.992,3.582,0,0,0,7.085,17.486,0,0,0,0,0,0,41.678,6.816,0,0
2,6/4/50,2:27,0,0,0,0,6.833,3.259,0,0,0,7.221,4.866,0,0,0,0,0,0,5.298,4.858,0,0
2,6/4/50,2:28,0,0,0,0,5.757,2.401,0,0,0,5.383,8.003,0,0,0,0,0,0,5.814,11.487,0,0
2,6/4/50,2:29,0,0,0,0,4.086,2.437,0,0,0,5.443,4.55,0,0,0,0,0,0,3.812,4.75,0,0
2,6/4/50,2:30,0,0,0,0,10.661,2.762,0,0,0,17.002,4.329,0,0,0,0,0,0,5.25,3.576,0,0
2,6/4/50,2:31,0,0,0,0,13.688,3.562,0,0,0,39.435,67.982,0,0,0,0,0,0,4.389,2.439,0,0
2,6/4/50,2:32,0,0,0,0,10.615,6.047,0,0,0,1.86,5.477,0,0,0,0,0,0,3.698,3.154,0,0
2,6/4/50,2:33,0,0,0,0,16.223,2.7,0,0,0,0,4.364,0,0,0,0,0,0,8.235,18.154,0,0
2,6/4/50,2:34,0,0,0,0,7.175,4.828,0,0,0,0,12.793,0,0,0,0,0,0,23.837,0,0,0
2,6/4/50,2:35,0,0,0,0,2.664,6.829,93.46,0,0,0,3.441,0,0,0,0,0,0,5.971,0,0,0
2,6/4/50,2:36,0,0,0,0,2.648,11.953,40.189,0,0,7.969,3.489,0,0,0,0,0,0,6.523,0,0,0
2,6/4/50,2:37,0,0,0,0,9.822,3.218,86.751,0,0,118.307,4.393,0,0,0,0,0,0,4.728,0,0,0
2,6/4/50,2:38,0,0,0,0,5.311,3.836,30.023,0,0,43.357,4.027,0,0,0,0,0,0,9.399,34.19,0,0
2,6/4/50,2:39,0,0,0,0,11.234,4.73,0,0,0,29.797,4.306,0,0,0,0,0,0,4.528,20.128,0,0
2,6/4/50,2:40,0,0,0,0,4.057,2.449,0,0,0,22.476,4.079,0,0,0,0,0,0,16.951,25.788,0,0
2,6/4/50,2:41,0,0,0,0,3.812,3.616,2.189,0,0,11.254,3.106,0,0,0,0,0,0,0.059,23.299,0,0
2,6/4/50,2:42,0,0,0,0,3.472,3.273,48.806,0,0,3.027,3.7,0,0,0,0,0,0,107.558,29.595,0,0
2,6/4/50,2:43,0,0,0,0,4.259,3.141,117.197,0,0,23.915,3.419,0,0,0,0,0,0,97.477,11.56,0,0
2,6/4/50,2:44,0,0,0,0,3.369,3.867,0,0,0,160.299,5.51,0,0,0,0,0,76.999,84.059,4.341,0,0
2,6/4/50,2:45,0,0,0,0,3.777,4.283,7.719,0,0,49.126,3.901,0,0,0,0,0,20.595,91.073,3.006,0,0
2,6/4/50,2:46,0,0,0,0,5.735,3.305,116.348,0,0,92.128,4.29,20.014,0,0,0,0,21.537,0,1.906,0,0
2,6/4/50,2:47,0,0,0,0,4.118,3.904,215.207,0,0,36.531,3.32,0,0,0,0,0,19.529,0,6.4,0,0
2,6/4/50,2:48,0,0,0,0,3.217,3.294,254.632,0,0,29.686,3.849,0,0,0,0,0,16.476,2.254,3.418,0,0
2,6/4/50,2:49,0,0,0,0,8.015,3.517,185.646,0,0,31.527,2.923,0,0,0,0,0,17.887,19.045,2.266,0,0
2,6/4/50,2:50,0,0,0,0,12.827,3.145,95.74,0,0,25.158,4.52,0,0,0,0,0,0,0,3.186,0,0
2,6/4/50,2:51,0,0,0,0,11.009,10.909,83.914,0,0,32.747,3.813,18.458,0,0,0,0,0,24.671,3.171,0,0
2,6/4/50,2:52,0,0,0,0,3.704,3.132,58.387,0,0,12.823,16.418,0,0,0,0,0,0,59.184,10.391,0,0
2,6/4/50,2:53,0,0,0,0,3.196,2.681,26.092,0,0,57.017,4.932,0,0,0,0,0,0,195.63,7.205,0,0
2,6/4/50,2:54,0,0,0,0,5.343,4.175,27.064,0,0,45.169,3.993,0,0,0,0,0,0,221.978,3,0,0
2,6/4/50,2:55,0,0,0,0,9.346,1.734,49.397,0,0,23.777,5.578,126.854,0,0,0,0,0,172.225,6.379,0,0
2,6/4/50,2:56,0,0,0,0,15.516,4.406,30.316,0,0,17.427,6.916,21.222,0,0,0,0,0,61.86,2.637,0,0
2,6/4/50,2:57,0,0,0,0,4.738,3.331,0,0,0,101.26,5.362,0,0,0,0,0,0,63.885,2.765,0,0
2,6/4/50,2:58,0,0,0,0,2.849,9.858,182.484,0,0,103.779,4.632,18.639,0,0,0,0,0,40.71,2.247,0,0
2,6/4/50,2:59,0,0,0,0,2.789,3.644,32.454,0,0,51.393,3.461,126.312,0,0,0,0,0,33.76,13.261,0,0
2,6/4/50,3:00,0,16,0,0,4.942,14.273,47.932,0,0,37.576,3.053,73.836,0,0,0,0,0,38.072,8.467,0,0
2,6/4/50,3:01,0,14.82,0,0,6.647,4.734,0,0,0,94.298,6.523,39.284,23.151,0,0,0,0,31.768,4.68,0,0
2,6/4/50,3:02,0,0,0,0,12.275,5.408,0,0,0,15.261,3.508,158.052,92.604,0,0,0,0,28.053,2.663,0,0
2,6/4/50,3:03,0,0,0,0,3.681,3.158,0,0,0,30.917,4.135,237.157,13.521,0,0,0,0,27.71,3.421,0,0
2,6/4/50,3:04,0,0,0,0,3.552,5.046,0,0,0,29.294,23.392,143.036,67.825,0,0,147.947,0,34.366,12.079,0,0
2,6/4/50,3:05,0,46.855,0,0,20.961,4.133,0,0,0,21.93,29.11,177.717,71.204,0,0,158.753,0,23.505,3.992,0,0
2,6/4/50,3:06,0,0,0,0,7.433,2.815,0,0,0,22.8,31.065,0,34.329,0,0,153.434,0,10.428,2.212,0,0
2,6/4/50,3:07,0,0,0,0,28.639,3.421,50.242,0,0,13.316,28.431,0,137.816,0,0,136.913,0,3.817,2.868,0,0
2,6/4/50,3:08,0,0,0,0,33.701,11.236,64.366,0,0,6.947,9.843,0,0,0,0,117.063,0,5.656,6.209,0,0
2,6/4/50,3:09,0,0,0,0,28.735,5.43,122.064,0,0,3.101,4.265,0,0,0,0,179.933,0,4.337,6.367,0,0
2,6/4/50,3:10,0,0,0,0,28.678,4.713,119.854,0,0,2.285,6.281,0,0,0,0,204.975,0,11.06,12.238,0,0
2,6/4/50,3:11,0,0,0,0,17.191,2.91,17.98,0,0,17.229,6.245,0,64.762,0,0,148.326,0,7.497,5.142,0,0
2,6/4/50,3:12,0,0,0,0,6.512,2.999,0,0,0,36.664,30.602,0,0,0,0,63.363,0,5.076,4.742,0,0
2,6/4/50,3:13,0,0,0,0,4.64,3.453,0,0,0,25.469,0,0,0,0,0,0,0,5.147,9.375,0,0
2,6/4/50,3:14,0,0,0,0,6.611,3.328,0,0,0,6.449,28.405,0,0,0,0,0,0,4.135,8.146,0,0
2,6/4/50,3:15,0,0,0,0,6.217,2.692,0,0,0,72.066,14.508,0,0,0,0,0,0,4.164,2.804,0,0
2,6/4/50,3:16,0,0,0,0,9.804,3.122,0,0,0,28.295,9.671,0,0,0,0,0,0,5.818,3.586,0,0
2,6/4/50,3:17,0,0,0,0,5.663,4.603,0,0,0,0,50.666,0,0,0,0,0,0,5.407,2.627,0,0
2,6/4/50,3:18,0,0,0,0,6.825,2.665,0,0,0,0,13.482,0,0,0,0,68.934,0,4.069,2.71,0,0
2,6/4/50,3:19,0,0,0,0,3.643,3.148,0,0,0,0,33.765,0,0,0,0,77.443,0,4.814,3.198,0,0
2,6/4/50,3:20,0,0,0,0,3.084,3.928,0,0,0,0,25.116,0,0,0,0,149.363,0,5.499,4.091,0,0
2,6/4/50,3:21,0,0,0,0,7.674,6.418,0,0,0,0,16.357,0,0,0,0,30.725,0,3.6,2.911,0,0
2,6/4/50,3:22,0,0,0,0,12.034,8.124,0,0,0,0,0.124,0,0,0,104.485,112.369,0,10.168,2.688,0,0
2,6/4/50,3:23,0,0,0,0,5.632,6.625,0,0,0,17.538,29.413,0,0,0,196.144,97.632,0,20.855,6.031,0,0
2,6/4/50,3:24,0,0,0,0,4.086,5.037,0,0,0,8.934,0,0,0,0,50.365,172.731,0,27.953,3.034,0,0
2,6/4/50,3:25,0,0,0,0,4.79,2.796,0,0,0,116.089,0,0,0,0,0,0,0,22.496,1.91,0,0
2,6/4/50,3:26,0,0,0,0,4.24,4.491,0,0,0,100.731,0,0,0,0,78.647,6.73,0,38.781,2.115,0,0
2,6/4/50,3:27,0,0,0,0,4.111,3.857,0,0,0,27.95,113.617,0,0,0,0,44.884,0,118.722,4.278,0,0
2,6/4/50,3:28,0,0,0,0,5.544,11.757,0,0,0,38.646,74.273,0,0,0,0,34.473,0,84.676,3.561,0,0
2,6/4/50,3:29,0,0,0,0,3.634,11.157,0,0,0,130.577,87.546,0,0,0,0,100.297,0,65.212,2.995,0,0
2,6/4/50,3:30,0,0,0,0,3.585,3.807,0,0,0,85.269,155.301,0,0,0,0,0,0,58.784,12.379,0,0
2,6/4/50,3:31,0,0,0,0,3.015,4.314,0,0,0,51.831,191.551,0,0,0,0,0,0,17.68,2.82,0,0
2,6/4/50,3:32,0,0,0,0,6.131,5.298,0,0,0,146.184,136.135,0,0,0,22.995,0,0,70.441,3.705,0,0
2,6/4/50,3:33,0,0,0,0,3.681,4.499,0,0,0,40.821,52.687,0,0,0,0,0,0,0,3.339,0,0
2,6/4/50,3:34,0,0,0,0,3.531,2.73,0,0,0,101.137,0,0,0,0,0,0,0,0,4.064,0,0
2,6/4/50,3:35,0,0,0,0,10.073,3.281,0,0,0,51.042,0,0,0,0,0,0,0,0,3.601,0,0
2,6/4/50,3:36,0,0,0,0,3.289,7.733,0,0,0,72.199,0,0,0,0,29.214,0,0,83.782,3.664,0,0
2,6/4/50,3:37,0,0,0,0,2.78,8.413,0,0,0,6.745,32.861,0,0,0,93.92,0,0,40.659,2.762,0,0
2,6/4/50,3:38,0,0,0,0,7.012,2.562,0,0,0,4.254,35.322,0,0,0,155.19,0,0,18.78,3.595,0,0
2,6/4/50,3:39,0,0,0,0,3.182,3.566,0,97.3,0,3.225,46.941,0,0,0,108.492,0,0,27.04,3.226,0,0
2,6/4/50,3:40,0,0,0,0,11.768,2.932,0,26.134,0,5.107,170.973,0,0,0,49.364,0,0,41.311,2.327,0,0
2,6/4/50,3:41,0,0,0,0,4.495,3.237,0,11.218,0,19.91,273.967,0,0,0,0,0,0,22.457,3.818,0,0
2,6/4/50,3:42,74.532,0,0,0,5.455,2.169,0,47.787,0,39.004,357.374,0,0,0,0,0,0,10.295,3.342,0,0
2,6/4/50,3:43,20.175,0,0,0,6.894,4.223,0,100.651,0,86.878,120.685,0,0,0,0,0,0,5.219,4.607,0,0
2,6/4/50,3:44,0,0,0,0,4.521,3.165,0,54.054,0,160.527,18.644,0,0,0,0,0,0,5.019,3.126,13.43,0
2,6/4/50,3:45,0,0,0,0,6.277,5.469,0,35.296,0,165.474,16.221,0,0,0,0,0,0,3.653,8.778,158.87,0
2,6/4/50,3:46,14.9,0,55.785,0,3.716,6.317,0,0,0,234.941,20.478,0,0,0,0,0,0,8.105,10.124,133.875,0
2,6/4/50,3:47,0,0,0,0,6.654,4.439,0,131.949,0,53.441,30.688,0,0,0,0,0,0,7.392,3.157,0,0
2,6/4/50,3:48,0,0,0,0,5.417,4.097,0,16.879,0,5.115,25.858,0,0,0,0,0,0,5.661,4.379,0,0
2,6/4/50,3:49,0,0,20.719,0,15.441,2.656,0,30.396,0,3.553,22.664,0,0,0,0,0,0,6.77,4.136,83.728,0
2,6/4/50,3:50,0,0,0,0,27.617,13.542,0,48.712,0,4.137,30.834,0,0,0,0,0,0,6.15,10.162,0,0
2,6/4/50,3:51,0,0,0,0,23.925,20.375,0,0,0,3.594,31.075,0,0,0,0,0,0,5.034,3.536,0,0
2,6/4/50,3:52,0,0,0,0,24.713,20.303,0,0,0,7.264,24.961,0,0,0,0,0,0,11.326,2.735,0,0
2,6/4/50,3:53,0,0,0,0,0,18.572,0,15.838,0,3.414,25.389,0,0,0,0,0,0,11.332,5.788,0,0
2,6/4/50,3:54,0,0,0,0,0,17.991,0,83.589,0,2.991,18.852,0,0,0,0,0,0,5.125,17.672,0,0
2,6/4/50,3:55,0,0,0,0,0,23.255,0,112.099,0,6.741,11.829,0,0,0,0,0,0,11.905,35.952,0,0
2,6/4/50,3:56,0,0,0,0,0,16.706,0,79.326,0,2.966,3.345,0,0,0,0,0,0,6.65,25.283,26.039,0
2,6/4/50,3:57,0,0,0,0,0,3.728,0,0,0,14.486,3.774,0,0,0,0,0,0,5.358,28.769,68.315,0
2,6/4/50,3:58,0,0,0,0,27.933,3.303,0,0,0,13.29,4.069,0,0,0,0,0,0,7.872,11.483,156.703,0
2,6/4/50,3:59,0,0,0,0,25.123,3.878,0,0,0,2.376,3.707,0,0,0,0,0,0,12.708,22.497,33.101,0
2,6/4/50,4:00,0,0,0,0,23.229,3.035,0,0,0,4.299,6.673,0,0,0,0,0,0,4.12,6.885,0,0
2,6/4/50,4:01,0,0,0,0,105.591,4.016,0,0,0,10.003,2.814,0,0,0,0,0,0,5.148,3.77,64.316,0
2,6/4/50,4:02,0,0,0,16.728,74.78,2.582,0,0,0,9.717,3.007,0,0,0,0,0,0,18.481,5.732,27.558,0
2,6/4/50,4:03,0,0,0,65.068,111.86,11.599,0,0,0,3.521,6.324,0,0,0,0,0,0,3.466,3.637,6.155,0
2,6/4/50,4:04,0,0,0,65.137,88.598,6.579,0,0,0,3.571,3.225,0,0,0,0,0,0,4.712,3.779,9.636,0
2,6/4/50,4:05,0,0,0,0,130.453,7.177,0,0,0,3.592,2.851,0,0,0,0,0,0,6.034,43.245,0,0
2,6/4/50,4:06,0,0,0,0,33.039,7.006,0,0,0,3.797,7.936,0,0,0,0,0,0,4.835,0,0,0
2,6/4/50,4:07,0,0,0,0,16.462,9.272,0,0,0,3.528,7.983,0,0,0,0,0,0,4.182,0,0,0
2,6/4/50,4:08,0,0,0,0,28.801,4.815,0,0,0,40.678,3.42,0,0,0,0,0,0,37.411,0.626,0,0
2,6/4/50,4:09,0,0,0,0,24.963,4.179,0,0,0,54.314,7.436,0,0,0,0,0,0,35.412,0,0,0
2,6/4/50,4:10,0,0,0,0,21.927,4.161,0,0,0,7.214,5.53,0,0,0,0,0,0,82.129,0,0,0
2,6/4/50,4:11,0,0,0,0,16.434,3.04,0,0,0,5.918,4.316,0,0,0,0,0,0,56.179,38.531,0,0
2,6/4/50,4:12,0,0,0,15.478,18.384,13.905,0,0,0,4.745,3.625,0,0,0,0,0,0,43.666,85.733,0,0
2,6/4/50,4:13,0,0,0,0,22.348,4.204,0,0,0,5.985,4.718,0,0,0,0,0,0,122.5,101.482,0,0
2,6/4/50,4:14,0,0,0,141.248,18.997,4.068,0,0,0,6.92,3.677,0,0,0,0,0,0,0,75.759,0,0
2,6/4/50,4:15,0,0,0,0,7.953,4.441,0,0,0,5.927,5.737,0,0,0,0,0,0,18.827,23.298,0,0
2,6/4/50,4:16,0,94.201,0,0,8.553,5.581,0,0,0,6.701,5.15,0,0,0,0,0,0,15.851,19.557,0,0
2,6/4/50,4:17,0,70.815,0,0,3.823,2.322,0,0,0,13.878,10.576,0,0,0,0,0,0,34.366,16.688,0,0
2,6/4/50,4:18,0,0,0,17.905,4.439,3.474,0,0,0,8.16,3.075,0,0,0,0,0,0,34.205,26.084,0,0
2,6/4/50,4:19,0,0,0,0,3.622,12.293,0,0,0,3.335,4.522,0,0,0,0,0,0,33.673,14.834,0,0
2,6/4/50,4:20,0,6.551,0,165.062,3.402,5.7,0,0,0,3.379,3.83,0,0,0,0,0,0,23.302,22.464,0,0
2,6/4/50,4:21,0,0,0,252.873,4.092,4.895,77.202,0,0,5.656,4.577,0,0,0,0,0,0,4.799,12.043,0,0
2,6/4/50,4:22,0,0,0,169.267,5.754,23.169,8.104,0,0,23.526,4.946,0,0,0,0,0,0,2.801,9.323,0,0
2,6/4/50,4:23,0,126.189,0,227.055,5.735,0,0,0,0,21.761,3.663,0,0,0,0,0,0,4.443,3.644,0,0
2,6/4/50,4:24,0,146.111,0,174.042,5.758,0,0,0,0,41.253,5.537,0,0,0,0,0,0,5.723,3.428,0,0
2,6/4/50,4:25,0,0,0,0.531,4.218,18.7,0,0,0,0,4.315,0,0,0,0,0,0,5.876,4.78,0,0
2,6/4/50,4:26,0,0,0,0,6.127,16.994,0,0,0,6.208,17.87,0,0,0,0,0,0,4.084,5.028,0,0
2,6/4/50,4:27,0,27.468,0,0,3.745,8.033,0,0,0,0,19.615,0,0,0,0,0,0,3.51,3.708,0,0
2,6/4/50,4:28,0,223.298,0,0,3.151,3.655,0,0,0,0,27.294,0,0,19.174,0,0,0,4.228,3.144,0,0
2,6/4/50,4:29,0,180.424,0,0,10.674,3.051,0,0,0,30.889,3.69,0,0,0,0,0,0,3.455,3.595,0,0
2,6/4/50,4:30,0,194.632,0,0,6.694,4.159,0,0,0,148.695,16.722,0,0,0,30.882,0,0,4.787,3.277,0,0
2,6/4/50,4:31,0,93.74,0,0,4.047,4.752,0,0,0,52.05,21.796,0,0,0,166.382,0,0,3.75,10.917,0,0
2,6/4/50,4:32,0,50.388,0,0,9.4,4.299,17.911,0,0,20.144,3.543,0,0,0,174.163,0,0,31.478,3.473,0,0
2,6/4/50,4:33,0,0,0,0,4.924,5.809,70.272,0,0,1.55,2.689,41.72,0,0,68.239,0,0,31.442,2.948,0,0
2,6/4/50,4:34,0,23.143,0,0,3.983,12.243,28.387,0,0,0,6.053,72.715,0,0,162.286,0,0,34.887,3.03,0,0
2,6/4/50,4:35,0,19.078,0,96.518,3.569,7.568,23.101,0,0,0,5.547,111.171,0,0,0,0,0,84.907,3.117,0,0
2,6/4/50,4:36,0,89.631,0,225.134,3.645,3.351,37.569,0,0,0,3.722,40.712,0,29.627,0,0,0,0,2.87,0,0
2,6/4/50,4:37,0,66.775,0,124.784,3.133,3.363,28.012,0,0,89.625,4.954,109.576,0,23.215,0,88.18,0,0,5.421,35.554,0
2,6/4/50,4:38,0,60.366,0,170.8,7.247,3.17,26.528,0,0,92.432,5.341,0,0,5.354,0,71.822,0,82.165,13.545,0,0
2,6/4/50,4:39,0,0,0,34.328,7.423,3.469,20.763,0,0,23.479,4.838,0,0,153.208,0,0,0,71.595,6.022,0,0
2,6/4/50,4:40,0,0,0,45.276,5.612,6.068,30.052,0,0,0,3.639,0,0,115.941,0,20.915,0,42.198,3.014,0,0
2,6/4/50,4:41,0,0,0,0,4.414,9.286,96.692,0,0,0,4.555,0,0,70.694,99.553,5.387,0,49.067,7.13,0,0
2,6/4/50,4:42,0,0,0,0,6.295,8.247,31.032,0,0,34.065,8.723,48.185,0,17.65,161.501,110.705,0,43.21,3.624,0,0
2,6/4/50,4:43,0,47.21,0,59.567,5.815,6.126,0,0,18.555,129.188,12.815,21.706,0,82.077,125.377,138.289,0,13.659,3.38,0,0
2,6/4/50,4:44,0,153.356,0,304.56,3.639,10.625,0,0,34.662,15.211,5.505,45.738,0,141.14,116.427,101.918,0,0,3.583,0,0
2,6/4/50,4:45,0,0,0,122.825,4.521,3.872,41.517,0,19.424,25.852,6.253,70.728,80.719,55.146,139.729,106.692,0,0,12.308,109.89,0
2,6/4/50,4:46,0,0,0,253.884,4.033,5.396,0,0,0,25.701,10.313,90.282,17.638,0,94.98,47.621,0,124.792,22.921,18.142,0
2,6/4/50,4:47,0,0,0,36.235,9.72,5.52,0,0,18.249,25.554,12.694,160.502,0,0,76.404,0,0,174.968,18.475,0,0
2,6/4/50,4:48,0,0,0,0,6.343,5.741,0,0,0,21.456,8.845,103.525,0,23.13,80.084,47.042,0,68.026,31.519,0,0
2,6/4/50,4:49,111.879,48.565,0,0,29.58,4.147,9.182,0,37.64,23.782,5.827,88.115,6.214,0,137.872,17.421,0,101.706,20.721,0,0
2,6/4/50,4:50,50.614,0,0,0,36.137,5.123,70.198,47.001,18.542,15.304,8.961,26.089,11.155,0,137.561,12.623,0,100.494,27.652,0,0
2,6/4/50,4:51,0,7.694,0,0,31.561,2.795,56.199,55.793,0,24.002,6.036,59.77,0,0,211.937,0,0,123.685,22.081,0,0
2,6/4/50,4:52,0,186.774,0,0,0,5.738,33.137,79.447,110.028,38.292,14.473,63.854,0,0,75.939,42.822,0,136.047,4.023,0,0
2,6/4/50,4:53,0,35.029,0,0,0,4.572,0,0,104.379,2.783,23.115,114.165,0,0,47.934,119.706,0,94.844,4.065,0,0
2,6/4/50,4:54,1.418,51.862,0,0,0,6.422,0,0,0,0,24.171,151.329,0,0,54.35,0,0,102.244,2.97,0,0
2,6/4/50,4:55,108.911,22.71,0,0,19.769,3.553,27.821,42.274,17.274,129.994,34.742,58.011,0,0,26.964,50.089,0,87.894,7.096,0,0
2,6/4/50,4:56,100.627,164.092,0,0,11.901,14.268,30.327,58.112,0,50.921,35.929,0,0,0,132.026,0,0,41.636,1.918,0,0
2,6/4/50,4:57,157.72,127.555,0,0,37.225,28.082,27.248,88.19,8.172,7.387,37.269,0,0,0,107.41,0,0,39.36,3.199,0,0
2,6/4/50,4:58,56.579,144.591,0,0,37.908,27.279,23.32,53.765,86.026,5.504,106.822,107.432,0,0,132.92,0,0,64.336,3.303,0,0
2,6/4/50,4:59,113.254,211.127,0,0,24.391,24.265,68.05,52.853,142.422,4.723,0,8.794,0,0,68.379,0,0,78.088,6.545,0,0
2,6/4/50,5:00,134.148,162.221,0,0,7.847,24.988,0,119.494,253.976,8.698,0,0,0,0,114.15,0,0,56.859,2.427,0,0
2,6/4/50,5:01,166.147,242.233,47.401,0,9.831,30.462,0,28.421,269.617,19.223,0,0,0,0,106.52,0,0,61.845,3.803,0,0
2,6/4/50,5:02,20.526,199.174,117.464,0,10.711,26.065,97.393,16.236,74.585,5.364,0,0,0,0,227.209,0,0,9.374,2.905,0,0
2,6/4/50,5:03,0,216.595,20.585,0,32.226,27.595,96.564,20.147,29.147,3.393,0,0,0,0,70.738,0,0,18.282,4.684,0,0
2,6/4/50,5:04,0,69.128,3.978,0,49.127,5.363,55.036,85.223,0,9.789,40.288,0,0,0,31.569,0,0,0,20.653,0,0
2,6/4/50,5:05,0,23.564,0,0,11.549,58.769,98.841,132.588,0,20.337,5.942,0,0,0,118.305,0,0,0,5.234,0,0
2,6/4/50,5:06,0,128.29,0,0,10.054,61.961,78.138,0,0,2.672,5.493,0,0,0,64.635,0,0,9.194,3.899,0,0
2,6/4/50,5:07,0,103.789,0,0,11.222,0,0,3.356,0,3.58,20.075,0,0,0,82.421,0,0,50,7.096,0,0
2,6/4/50,5:08,0,138.796,0,0,11.597,0,0,141.781,0,8.533,6.486,0,0,0,169.109,0,0,73.184,5.995,0,0
2,6/4/50,5:09,0,171.306,0,0,8.928,8.222,0,120.158,0,4.44,32.107,0,0,0,117.254,0,0,100.91,4.733,0,33.549
2,6/4/50,5:10,0,163.578,0,0,22.644,8.638,0,103.37,0,4.191,0,0,0,0,0,0,0,147.246,5.592,0,3.586
2,6/4/50,5:11,0,102.742,97.666,0,9.835,72.53,0,121.608,0,10.8,0,0,0,0,0,0,0,5.648,72.998,0,0
2,6/4/50,5:12,0,0,82.1,0,56.085,114.287,31.305,0,0,4.563,0,0,0,0,0,47.816,0,25.172,0,0,0
2,6/4/50,5:13,0,19.774,170.478,0,0,42.728,0,0,0,4.487,38.205,0,0,0,41.279,166.387,0,5.791,0,0,0
2,6/4/50,5:14,0,0,151.029,0,0,14.149,0,8.001,0,4.401,5.422,0,0,0,46.976,0,0,21.6,0,0,0
2,6/4/50,5:15,0,0,128.301,0,73.665,8.218,0,99.004,0,3.247,23.448,0,0,0,109.097,111.415,19.846,41.611,0,0,0
2,6/4/50,5:16,0,0,0,0,32.694,6.087,0,177.164,0,4.936,48.738,0,0,0,20.021,95.557,0,113.587,0,0,53.016
2,6/4/50,5:17,0,0,72.135,0,37.244,13.758,0,157.237,0,4.584,117.481,0,0,0,132.863,0,0,68.07,38.084,0,95.83
2,6/4/50,5:18,0,33.385,43.153,0,52.93,18.796,0,191.795,0,3.418,104.017,0,0,0,84.682,0,0,86.443,30.411,0,165.368
2,6/4/50,5:19,0,125.472,114.451,0,108.154,21.995,0,241.604,0,3.151,78.424,0,0,0,163.43,0,19.481,76.997,108.081,0,71.558
2,6/4/50,5:20,0,91.936,61.236,0,93.268,83.921,0,136.291,0,4.211,87.243,0,0,0,70.504,17.204,0,97.344,111.006,0,106.963
2,6/4/50,5:21,0,132.399,0,0,32.884,19.233,0,17.37,0,3.803,110.173,0,0,0,61.194,24.368,0,128.703,107.683,0,224.248
2,6/4/50,5:22,0,0,0,0,15.816,42.459,0,0,0,4.849,39.209,0,0,0,121.342,65.846,0,99.585,25.265,0,252.289
2,6/4/50,5:23,0,44.952,0,0,0,101.459,0,34.156,0,3.761,83.342,0,0,0,195.167,65.669,17.301,36.86,0,0,358.987
2,6/4/50,5:24,0,90.035,0,0,0,9.882,0,127.752,0,3.336,34.592,0,0,0,165.862,0.981,97.436,62.022,37.009,0,281.501
2,6/4/50,5:25,0,0,0,0,0,27.399,0,77.781,0,3.577,59.207,0,0,0,83.066,98.353,100.043,77.197,64.006,0,80.436
2,6/4/50,5:26,0,0,0,0,0,17.866,0,71.117,0,6.456,95.033,0,0,0,116.408,10.352,88.97,66.267,24.335,0,33.866
2,6/4/50,5:27,0,0,0,0,0,25.335,0,0,0,4.458,64.123,0,0,0,146.105,0,11.514,50.272,56.047,0,0
2,6/4/50,5:28,23.568,0,0,0,0,19.961,0,0,0,2.91,0,0,0,0,107.27,0,20.999,103.455,53.103,118.23,0
2,6/4/50,5:29,0,0,102.246,0,0,16.252,0,0,0,2.928,0,0,0,0,34.088,0,0,141.824,42.511,51.769,0
2,6/4/50,5:30,0,0,88.908,38.918,57.722,18.541,0,0,0,3.03,0,0,0,0,53.823,0,0,101.236,0,81.032,0
2,6/4/50,5:31,0,0,23.979,0,15.689,5.179,0,0,0,3.009,0,0,0,0,0,0,0,108.935,0,118.871,0
2,6/4/50,5:32,0,0,0,0,0,3.624,0,71.365,0,3.6,69.227,0,0,0,43.89,0,0,151.015,0,1.481,0
2,6/4/50,5:33,0,0,0,20.354,94.945,2.854,0,133.912,0,15.735,61.525,0,0,0,157.345,0,0,120.956,63.889,0,0
2,6/4/50,5:34,0,0,0,36.933,166.136,4.428,0,39.836,0,39.839,50.722,0,0,0,79.252,0,0,85.46,72.47,0,0
2,6/4/50,5:35,0,0,0,0,0,4.787,0,42.68,0,69.715,80.672,0,0,0,39.949,0,0,0,19.568,0,0
2,6/4/50,5:36,0.644,0,7.479,0,0,3.022,0,53.993,0,73.07,173.963,0,0,0,0,0,0,37.212,0.503,53.025,0
2,6/4/50,5:37,129.741,150.609,44.901,0,0,3.286,0,98.77,0,4.122,261.21,0,0,0,0,0,0,35.7,57.254,85.799,0
2,6/4/50,5:38,75.086,101.879,18.022,0,29.941,3.831,0,111.232,0,54.7,205.538,0,0,0,3.255,0,0,34.913,55.398,4.976,0
2,6/4/50,5:39,97.011,154.054,26.856,0,0,4.418,0,80.304,0,4.269,85.892,0,0,0,9.584,0,0,30.287,71.51,0,0
2,6/4/50,5:40,0.034,49.979,20.472,0,0,3.058,0,18.476,0,0.168,29.768,0,0,0,33.31,0,0,14.902,115.239,0,0
2,6/4/50,5:41,0,0,106.473,0,17.17,2.783,57.416,42.168,0,0,61.378,0,0,0,154.186,0,0,12.554,34.891,66.263,0
2,6/4/50,5:42,0,0,80.622,0,0,14.055,104.43,101.092,0,0,64.287,0,37.1,0,98.16,0,0,13.369,0,52.559,0
2,6/4/50,5:43,0,0,147.22,0,0,5.983,71.607,0,0,0,38.978,0,148.249,0,7.692,0,136.084,23.003,65.318,125.224,0
2,6/4/50,5:44,0,0,54.115,0,0,26.785,80.235,16.627,0,0,17.606,0,130.279,0,83.215,0,0,35.781,129.088,86.605,0
2,6/4/50,5:45,0,0,64.306,0,0,16.861,19.431,0,0,0,23.084,49.302,0,0,151.592,0,0,96.991,94.327,81.844,0
2,6/4/50,5:46,0,0,31.547,34.686,0,2.979,49.61,0,0,0,28.47,0,45.845,0,89.618,0,0,120.427,0,147.129,0
2,6/4/50,5:47,0,0,23.229,91.204,0,1.996,116.358,0,0,0,26.911,0,30.343,0,0,0,0,47.493,0,29.421,0
2,6/4/50,5:48,0,0,80.117,16.52,0,0,65.423,0,0,205.832,20.502,41.239,112.447,0,40.394,0,0,5.213,0,162.137,0
2,6/4/50,5:49,0,0,119.958,0,0,0,102.393,0,0,180.106,7.082,234.162,1.704,0,54.705,0,0,3.05,0,0,0
2,6/4/50,5:50,0,0,0,0,0,66.675,99.613,0,0,126.288,5.904,151.351,0,0,0,0,0,3.035,0,0,0
2,6/4/50,5:51,46.037,0,0,0,0,76.266,33.548,0,0,42.77,3.973,1.792,17.092,0,0,0,0,9.027,0,178.764,0
2,6/4/50,5:52,0,0,0,0,0,15.324,73.624,0,0,153.001,5.165,136.527,37.384,0,0,0,0,4.355,0,34.128,0
2,6/4/50,5:53,0,0,0,0,0,4.947,128.468,74.198,0,199.256,4.561,21.177,106.929,0,134.704,0,0,2.957,0,0,0
2,6/4/50,5:54,0,0,0,0,0,5.031,37.491,55.144,0,266.122,3.635,26.642,75.216,0,82.381,0,0,3.628,0,62.277,0
2,6/4/50,5:55,0,0,0,0,0,12.153,76.508,43.646,0,241.047,5.602,129.493,1.903,0,214.653,0,0,5.486,0,46.322,0
2,6/4/50,5:56,0,0,0,0,0,24.245,70.693,121.654,0,42.102,7.366,43.847,0,0,191.493,0,0,3.87,0,0,0
2,6/4/50,5:57,0,0,0,0,0,34.588,0,294.238,0,76.172,4.314,113.592,56.956,0,169.444,0,0,3.659,0,0,0
2,6/4/50,5:58,0,0,0,0,0,56.661,0,166.381,0,47.98,5.703,0.779,152.758,0,107.508,0,0,3.706,0,0,0
2,6/4/50,5:59,0,0,0,0,0,66.069,0,184.246,0,94.669,6.52,82.937,87.956,0,115.922,0,0,6.422,0,0,0
3,6/4/50,6:00,0,0,0,0,0,16.997,0,0,0,47.701,3.373,27.449,54.537,0,137.021,0,0,4.382,0,0,0
3,6/4/50,6:01,0,0,0,0,0,0,71.706,0,0,36.436,4.766,111.805,83.652,0,87.824,0,0,3.593,0,0,0
3,6/4/50,6:02,0,0,0,0,0,82.281,130.013,0,0,29.597,2.691,141.986,119.785,0,0,0,0,3.766,0,0,0
3,6/4/50,6:03,0,0,0,0,41.267,57.484,109.669,63.589,0,83.979,11.342,238.331,35.991,0,0,0,0,2.501,0,0,0
3,6/4/50,6:04,0,0,0,0,19.095,72.772,88.045,113.058,0,221.094,3.626,111.496,0,0,0,0,0,2.978,21.233,0,0
3,6/4/50,6:05,0,0,0,0,0,31.715,0,0,0,119.129,3.307,0,0,0,4.02,0,28.252,2.98,0,0,0
3,6/4/50,6:06,0,0,0,0,12.744,70.201,55.47,0,0,19.307,3,0,0,0,126.146,0,10.215,5.94,0,0,0
3,6/4/50,6:07,0,0,0,0,0,123.598,104.149,0,0,24.209,12.91,114.374,50.51,29.243,3.972,0,12.371,3.573,0,0,0
3,6/4/50,6:08,0,0,0,0,0,88.748,99.129,0,0,15.964,3.384,37.125,0,0,0,0,0,5.575,0,0,0
3,6/4/50,6:09,0,0,0,0,0,40.66,22.507,0,0,14.498,4.339,70.021,16.275,0,0,0,0,4.918,36.808,0,0
3,6/4/50,6:10,0,0,0,0,0,26.792,48.972,0,0,14.602,5.103,5.62,0,0,0,0,37.039,4.573,0,0,0
3,6/4/50,6:11,34.334,0,0,0,0,17.479,51.428,0,0,23.108,5.425,26.075,0,0,0,0,93.632,4.146,0,0,0
3,6/4/50,6:12,0,0,0,0,0,13.546,34.534,0,0,19.647,4.082,0,0,13.265,0,0,127.201,29.275,0,0,0
3,6/4/50,6:13,0,157.709,0,0,0,17.924,144.517,0,0,24.623,4.347,0,0,56.773,0,0,18.368,4.258,0,0,0
3,6/4/50,6:14,0,0,0,0,0,10.876,176.962,0,0,18.755,7.427,0,0,72.268,0,0,34.441,3.683,0,0,0
3,6/4/50,6:15,0,0,0,0,0,13.525,140.643,0,0,18.156,5.536,0,0,0,0,0,55.304,4.729,0,0,0
3,6/4/50,6:16,0,0,0,0,0,20.591,64.785,0,0,14.168,3.219,0,0,0,0,0,24.193,4.536,0,0,0
3,6/4/50,6:17,0,0,0,0,0,12.847,0,0,0,10.003,3.194,0,0,0,0,0,0,4.514,0,0,0
3,6/4/50,6:18,0,0,0,0,0,8.052,0,0,0,3.117,3.539,6.669,0,0,0,0,0,3.837,0,0,26.339
3,6/4/50,6:19,39.024,21.133,0,46.943,0,3.282,0,0,30.276,3.33,2.991,136.67,0,0,0,0,113.242,4.306,0,0,16.732
3,6/4/50,6:20,38.725,154.018,0,13.279,0,3.555,0,0,0,2.802,3.403,28.982,0,0,0,0,155.928,4.237,0,0,0
3,6/4/50,6:21,12.707,197.645,0,33.997,0,3.498,0,0,19.336,2.798,6.624,64.656,0,0,0,0,168.463,7.91,0,0,0
3,6/4/50,6:22,98.393,49.43,0,0,0,3.488,0,0,0,4.735,5.929,127.944,0,0,0,0,132.682,5.6,0,0,0
3,6/4/50,6:23,102.318,52.189,0,0,0,3.466,0,0,0,4.876,4.851,171.069,0,0,0,0,71.883,5.164,0,0,0
3,6/4/50,6:24,98.023,41.925,0,0,0,2.725,0,0,78.376,3.581,4.856,0,0,0,0,0,60.509,6.313,0,0,0
3,6/4/50,6:25,34.122,0,0,0,0,20.581,0,0,14.68,3.149,3.948,0,0,0,0,0,245.853,6.815,0,0,24.607
3,6/4/50,6:26,0,0,0,0,0,55.507,0,0,8.771,2.931,14.264,0,0,0,0,0,218.712,6.662,0,0,36.607
3,6/4/50,6:27,0,0,0,0,0,15.254,0,0,225.897,9.161,13.656,0,0,0,0,0,47.683,4.386,0,0,0
3,6/4/50,6:28,0,0,0,0,0,14.512,0,0,172.478,14.728,4.525,0,0,0,0,0,106.72,3.366,0,0,0
3,6/4/50,6:29,0,0,0,0,0,6.2,0,0,61.083,7.194,4.264,0,0,0,0,0,108.557,6.296,0,0,0
3,6/4/50,6:30,0,0,0,13.645,0,8.471,0,0,97.987,5.43,19.377,0,0,0,0,0,31.22,5.65,0,0,0
3,6/4/50,6:31,0,0,0,53.495,0,5.515,0,0,107.163,3.055,32.447,0,0,0,0,0,39.458,31.559,0,0,0
3,6/4/50,6:32,0,0,0,84.688,0,4.829,0,0,35.72,5.378,35.982,0,0,0,0,0,82.661,67.671,0,0,0
3,6/4/50,6:33,0,0,0,63.857,0,4.414,0,0,83.371,4.045,45.462,0,0,0,0,0,64.409,17.942,0,0,0
3,6/4/50,6:34,0,0,0,0,0,5.817,0,0,0,4.587,2.749,0,0,0,0,0,4.433,24.449,0,0,0
3,6/4/50,6:35,0,0,0,0,0,14.083,0,0,0,4.919,0,0,0,0,0,0,32.056,79.171,0,0,0
3,6/4/50,6:36,0,0,0,131.542,0,13.851,0,0,0,3.358,0,0,0,0,0,0,0,160.994,0,0,0
3,6/4/50,6:37,0,0,0,154.868,0,8.077,0,0,0,3.094,0,0,0,0,0,0,19.564,1.021,0,0,0
3,6/4/50,6:38,0,0,0,213.722,0,17.85,0,0,0,3.639,18.642,0,0,0,0,0,0,0,0,0,0
3,6/4/50,6:39,0,0,0,184.725,0,4.613,0,0,0,3.612,62.136,0,0,0,0,0,0,20.378,0,0,0
3,6/4/50,6:40,0,0,0,48.797,0,4.424,0,0,0,3.846,156.564,0,0,0,0,0,9.53,12.649,0,0,0
3,6/4/50,6:41,0,0,0,0,0,4.608,0,0,0,3.522,77.943,0,0,0,0,0,29.851,0,0,0,0
3,6/4/50,6:42,0,0,0,0,0,7.872,0,0,0,5.275,25.199,0,0,0,0,0,215.208,7.902,0,0,0
3,6/4/50,6:43,0,0,0,0,0,4.212,0,0,0,3.685,61.533,0,0,0,0,0,162.144,86.443,0,0,0
3,6/4/50,6:44,0,0,0,0,0,8.828,0,0,0,4.884,28.427,0,0,0,0,0,20.478,70.635,0,0,0
3,6/4/50,6:45,0,0,0,0,0,5.21,0,0,0,4.024,66.712,0,0,0,0,0,20.708,36.259,0,0,0
3,6/4/50,6:46,0,0,0,0,0,5.462,0,0,0,2.966,73.083,0,0,0,0,0,0,32.372,0,0,0
3,6/4/50,6:47,0,0,0,0,0,6.35,0,0,0,3.601,25.275,0,0,0,0,0,0,21.647,0,0,0
3,6/4/50,6:48,0,0,0,0,0,17.248,0,0,0,4.243,22.184,0,0,0,0,0,0,27.608,0,0,0
3,6/4/50,6:49,0,0,0,30.866,0,21.461,0,0,0,10.154,14.466,0,0,0,0,0,0,23.765,0,0,0
3,6/4/50,6:50,0,0,0,29.51,0,23.854,0,0,0,3.258,21.468,0,0,0,0,0,0,21.006,0,0,0
3,6/4/50,6:51,0,0,0,0,25.847,18.109,0,0,0,5.277,25.968,0,0,0,0,0,0,18.437,0,0,0
3,6/4/50,6:52,0,0,0,15.394,0,14.785,0,0,0,3.381,20.802,0,0,0,0,0,0,14.135,0,0,0
3,6/4/50,6:53,0,0,0,101.106,0,0,0,0,0,5.91,20.287,0,119.897,0,0,5.667,0,5.043,0,0,0
3,6/4/50,6:54,0,0,0,155.704,17.449,0,0,0,0,2.305,28.146,0,2.411,0,0,177.613,0,3.976,0,0,0
3,6/4/50,6:55,0,0,0,0,0,0,0,0,0,2.935,20.108,0,0,0,0,41.161,0,3.652,0,0,0
3,6/4/50,6:56,0,0,0,0,0,0,0,0,0,3.449,5.788,0,0,0,0,5.805,0,3.121,0,0,0
3,6/4/50,6:57,0,0,0,0,0,0,0,0,0,7.562,3.918,0,15.773,0,0,128.328,0,3.58,0,0,0
3,6/4/50,6:58,0,0,0,0,0,22.368,0,0,0,3.967,5.225,0,0,0,0,106.265,0,5.868,0,0,0
3,6/4/50,6:59,0,0,0,40.895,0,15.774,0,0,0,2.82,4.689,0,0,0,0,21.859,0,3.604,0,0,0
3,6/4/50,7:00,0,0,0,0,0,19.851,0,0,0,3.637,3.322,0,0,0,0,0,0,3.691,0,0,0
3,6/4/50,7:01,0,0,0,0,0,18.917,0,0,0,3.333,2.907,0,0,0,0,30.001,0,4.459,0,0,0
3,6/4/50,7:02,0,0,0,0,0,18.382,0,0,0,3.27,4.214,0,0,0,0,63.88,0,3.948,0,0,0
3,6/4/50,7:03,0,0,0,0,0,7.729,0,0,0,3.34,4.048,0,0,0,0,39.485,0,3.487,0,0,0
3,6/4/50,7:04,0,0,0,0,0,6.058,0,0,0,3.156,4.018,0,0,0,0,125.98,0,4.445,0,0,0
3,6/4/50,7:05,0,0,0,0,0,14.634,0,0,0,3.244,4.403,0,0,26.527,0,0,0,5.065,0,19.653,0
3,6/4/50,7:06,0,0,0,0,0,16.52,0,0,0,3.939,5.722,0,0,0,0,0,0,19.658,0,0,0
3,6/4/50,7:07,0,0,0,0,0,4.212,0,0,0,3.774,3.174,0,0,0,0,0,0,5.571,0,0,0
3,6/4/50,7:08,0,0,0,0,0,7.365,0,0,0,3.992,5.106,0,0,0,0,0,0,6.232,0,0,0
3,6/4/50,7:09,0,0,0,0,0,3.496,0,0,0,4.236,7.25,0,0,21.196,0,0,0,7.451,0,0,0
3,6/4/50,7:10,0,0,0,0,0,4.538,0,0,0,18.311,4.011,0,0,49.682,0,0,0,10.342,0,0,0
3,6/4/50,7:11,0,0,0,0,0,4.791,0,0,0,4.352,3.908,0,0,0,0,0,0,5.84,0,0,0
3,6/4/50,7:12,0,0,0,0,0,5.434,0,0,0,3.424,3.986,0,0,115.129,0,0,0,7.786,0,55.227,0
3,6/4/50,7:13,0,0,0,0,0,10.384,0,0,0,4.809,4.817,0,0,139.1,0,0,0,12.74,0,17.149,0
3,6/4/50,7:14,0,0,0,0,0,21.473,0,0,0,10.511,3.604,0,0,153.102,0,0,0,17.38,0,35.716,0
3,6/4/50,7:15,0,0,0,0,0,11.338,0,0,0,11.805,4.302,0,0,193.299,0,0,0,8.513,0,52.081,0
3,6/4/50,7:16,0,0,0,0,0,4.87,0,0,0,21.223,13.18,0,0,73.8,0,0,0,5.534,0,0,0
3,6/4/50,7:17,0,0,0,0,0,8.158,0,0,0,13.434,4.248,0,0,38.78,0,0,0,5.767,0,0,0
3,6/4/50,7:18,0,0,0,0,0,3.957,0,0,0,4.166,4.361,0,0,0,0,0,0,5.779,0,0,0
3,6/4/50,7:19,0,0,0,0,0,6.393,0,0,0,8.934,4.336,0,0,0,0,0,0,5.979,0,0,0
3,6/4/50,7:20,0,0,0,0,0,7.66,0,0,0,3.039,2.662,0,0,0,0,0,0,13.087,0,0,0
3,6/4/50,7:21,0,0,0,0,0,8.286,0,0,0,3.938,3.742,0,0,0,0,0,0,12.563,0,0,0
3,6/4/50,7:22,0,0,0,0,93.632,4.062,0,0,0,2.554,3.216,0,0,0,0,0,0,10.555,0,0,0
3,6/4/50,7:23,22.007,0,0,0,2.978,2.918,0,0,0,3.396,4.518,0,0,0,0,0,0,7.692,0,0,0
3,6/4/50,7:24,0,0,0,0,21.693,3.08,0,0,0,2.368,14.236,0,0,0,0,0,0,7.982,0,0,0
3,6/4/50,7:25,0,0,0,0,0,3.854,0,0,0,11.741,3.175,0,0,0,0,0,0,9.267,0,0,0
3,6/4/50,7:26,0,0,0,0,0,9.165,0,0,0,3.561,3.001,0,0,0,0,0,0,7.136,0,0,0
3,6/4/50,7:27,0,0,0,0,78.859,5.511,0,0,0,4.113,2.876,0,0,0,0,0,0,5.875,0,0,0
3,6/4/50,7:28,0.707,0,0,0,147.076,3.404,0,0,40.601,3.106,3.228,0,0,0,0,0,0,3.964,0,0,0
3,6/4/50,7:29,46.243,0,0,0,225.834,6.683,0,0,4.975,2.981,3.105,0,0,0,0,0,0,5.837,0,0,0
3,6/4/50,7:30,90.392,0,0,0,54.665,15.58,0,0,0,3.494,3.176,0,0,0,0,0,0,5.46,0,0,0
3,6/4/50,7:31,56.415,0,0,0,0,3.742,0,0,0,3.255,4.399,0,0,0,0,0,0,4.125,0,0,0
3,6/4/50,7:32,122.876,0,0,0,0,5.676,0,0,0,4.47,3.153,0,0,0,0,0,0,3.39,0,0,0
3,6/4/50,7:33,152.085,0,0,0,0,11.804,0,0,0,3.961,4.139,0,0,0,0,0,0,4.446,0,0,0
3,6/4/50,7:34,165.383,0,22.208,0,0,5.823,0,0,19.331,4.681,4.312,0,0,0,0,0,0,4.611,0,0,0
3,6/4/50,7:35,112.291,0,10.293,0,0,14.317,0,0,103.381,4.549,3.966,0,0,0,0,0,0,3.595,0,0,0
3,6/4/50,7:36,32.148,0,0,0,0,13.43,0,0,198.43,4.759,4.366,0,0,0,0,0,0,5.253,0,0,0
3,6/4/50,7:37,77.294,0,0,0,0,6.082,0,0,234.926,5.93,5.25,0,0,0,0,0,0,6.669,0,0,0
3,6/4/50,7:38,147.514,0,0,0,0,6.621,0,0,137.852,5.454,3.647,0,0,0,0,0,0,4.388,0,0,0
3,6/4/50,7:39,0,0,0,0,0,3.404,0,0,207.48,6.988,4.711,0,0,0,0,0,0,3.978,0,0,0
3,6/4/50,7:40,0,0,18.188,0,0,3.567,0,0,0,6.929,3.816,0,0,0,0,0,0,3.893,22.373,0,0
3,6/4/50,7:41,0,0,0,0,0,6.082,0,0,0,3.442,2.782,0,0,0,0,0,0,3.132,0,0,0
3,6/4/50,7:42,0,0,0,0,0,16.937,0,0,0,3.982,5.959,0,0,0,0,0,0,3.715,0,0,0
3,6/4/50,7:43,0,0,0,0,0,12.856,0,0,0,6.514,4.851,0,0,0,0,0,0,3.283,21.857,0,0
3,6/4/50,7:44,0,0,0,0,0,25.56,0,0,0,7.891,3.061,0,0,0,0,0,0,15.425,48.254,0,0
3,6/4/50,7:45,0,0,0,0,0,8.801,0,0,0,12.677,4.234,0,0,0,0,0,0,5.796,21.052,0,0
3,6/4/50,7:46,0,0,0,0,0,14.948,0,0,0,11.667,4.444,0,0,0,0,0,0,6.137,0,0,0
3,6/4/50,7:47,0,21.49,0,0,0,32.934,0,0,0,11.024,4.757,0,0,0,0,0,0,4.381,13.482,0,0
3,6/4/50,7:48,0,0,53.481,0,0,26.828,0,0,0,11.879,4.336,0,0,0,0,0,0,6.071,4.768,0,0
3,6/4/50,7:49,0,0,124.99,0,0,28.686,0,0,0,86.589,4.045,0,0,0,0,0,0,4.165,0,0,0
3,6/4/50,7:50,0,0,0,0,0,23.619,0,0,0,21.857,4.226,0,0,0,0,0,0,3.445,0,0,0
3,6/4/50,7:51,0,0,0,0,0,25.743,0,0,0,24.619,3.702,0,0,0,0,0,0,4.421,0,0,0
3,6/4/50,7:52,0,0,0,0,0,0,0,0,0,25.619,4.113,0,0,0,0,0,0,3.98,0,0,0
3,6/4/50,7:53,0,0,0,0,0,0,54.135,0,0,18.155,3.253,0,0,0,0,0,0,4.029,0,0,0
3,6/4/50,7:54,0,15.77,0,0,0,14.162,20.972,0,0,18.188,3.792,0,0,0,0,0,0,3.797,0,0,0
3,6/4/50,7:55,0,78.772,0,0,0,13.152,23.677,0,0,20.492,5.941,0,0,0,0,0,0,8.854,0,0,0
3,6/4/50,7:56,0,0,0,0,0,6.876,16.362,0,0,24.918,5.642,0,0,0,0,0,0,35.352,0,0,0
3,6/4/50,7:57,0,0,0,0,0,10.611,0,0,0,11.472,3.614,0,0,0,0,0,0,15.7,0,0,0
3,6/4/50,7:58,0,0,0,0,0,16.479,0,0,0,3.2,3.439,0,0,0,0,0,0,3.533,0,0,0
3,6/4/50,7:59,0,0,0,0,0,8.733,0,0,0,2.581,4.289,0,0,0,0,0,0,4.034,0,0,0
3,6/4/50,8:00,0,0,0,0,0,22.361,0,0,0,4.141,2.861,0,0,0,0,0,0,4.489,0,0,0
3,6/4/50,8:01,0,0,0,0,0,13.391,0,0,0,2.879,4.467,0,0,0,0,0,0,3.269,0,0,0
3,6/4/50,8:02,0,0,0,0,0,5.832,0,0,0,10.048,3.926,0,0,0,0,0,0,3.593,0,0,0
3,6/4/50,8:03,0,0,0,0,0,3.355,0,0,0,7.074,16.936,0,0,0,0,0,0,30.659,0,0,0
3,6/4/50,8:04,0,0,0,0,23.245,4.239,122.889,0,0,4.578,5.729,0,0,0,0,0,0,27.549,0,0,0
3,6/4/50,8:05,0,0,0,0,16.275,4.493,113.94,0,0,3.931,4.053,0,0,0,0,0,0,20.666,0,0,0
3,6/4/50,8:06,0,0,0,0,0,16.427,79.642,0,0,2.316,24.434,0,0,0,0,0,0,19.025,0,0,0
3,6/4/50,8:07,0,0,0,0,0,5.632,44.836,0,0,5.489,32.835,30.12,0,0,0,0,0,7.999,0,0,0
3,6/4/50,8:08,0,0,0,0,0,3.791,35.21,0,0,10.969,45.172,0,0,0,0,0,0,9.473,0,0,0
3,6/4/50,8:09,0,0,0,0,0,2.393,45.765,0,0,2.697,0,75.406,0,0,0,0,0,34.045,0,0,0
3,6/4/50,8:10,0,0,30.646,0,22.532,5.328,44.943,0,0,4.839,0,0,0,0,0,0,0,84.534,0,0,0
3,6/4/50,8:11,0,0,7.996,0,0,7.453,0,0,0,3.981,0,0,0,0,0,0,0,4,0,0,0
3,6/4/50,8:12,0,0,0,0,0,16.498,30.871,0,0,4.135,0,0,0,0,0,0,0,0,0,0,0
3,6/4/50,8:13,0,0,0,0,0,7.025,0,0,0,3.307,0,0,0,0,0,0,0,66.238,0,0,12.331
3,6/4/50,8:14,0,0,0,0,17.193,4.272,0,0,0,5.02,0,23.907,0,0,0,0,0,36.074,0,0,28.84
3,6/4/50,8:15,0,0,0,0,0,5.653,0,0,0,3.446,45.436,0,0,0,0,0,0,0,0,0,0
3,6/4/50,8:16,0,0,0,0,0,3.063,0,0,0,2.837,19.801,0,0,0,0,0,0,32.433,0,0,0
3,6/4/50,8:17,0,0,0,0,0,3.414,0,0,0,5.707,17.644,0,0,0,0,0,42.678,153.568,0,29.25,2.513
3,6/4/50,8:18,0,0,18.31,0,0,4.481,0,0,0,6.474,19.91,0,0,0,0,0,97.589,25.391,0,0,0
3,6/4/50,8:19,0,0,0,0,0,11.395,0,0,0,5.338,28.244,0,0,0,0,0,0,28.476,0,0,0
3,6/4/50,8:20,0,0,0,0,0,22.539,0,0,0,7.402,21.947,14.974,0,0,0,0,0,21.331,0,0,22.614
3,6/4/50,8:21,0,0,0,0,0,6.698,0,0,0,5.255,29.927,0,0,0,0,0,0,26.551,0,0,16.933
3,6/4/50,8:22,0,0,0,0,0,87.538,0,0,0,4.998,17.721,0,0,0,0,0,0,25.852,0,5.157,0
3,6/4/50,8:23,0,0,0,0,0,14.797,0,0,0,3.327,18.793,0,0,0,0,0,19.621,14.505,0,23.14,0
3,6/4/50,8:24,0,0,0,0,0,19.408,0,0,0,3.37,11.588,0,0,0,0,0,0,12.055,0,0,0
3,6/4/50,8:25,0,0,0,0,0,6.772,0,0,0,4.812,10.029,0,0,0,0,0,0,9.612,0,0,0
3,6/4/50,8:26,0,0,0,0,0,4.126,0,0,0,5.314,8.723,0,0,0,0,0,0,3.763,0,0,0
3,6/4/50,8:27,0,0,0,0,0,4.406,0,0,0,4.508,15.784,0,0,0,0,0,0,3.94,0,0,0
3,6/4/50,8:28,0,0,0,0,0,3.757,0,0,0,4.115,5.828,0,0,0,0,0,0,4.272,0,0,0
3,6/4/50,8:29,0,0,0,0,0,6.135,0,0,0,2.563,6.772,0,0,0,0,0,0,4.223,0,0,0
3,6/4/50,8:30,0,0,0,0,0,5.123,0,0,0,2.474,5.256,0,0,0,111.447,0,0,3.762,0,0,0
3,6/4/50,8:31,0,0,0,0,0,4.716,0,0,0,8.703,5.845,0,0,0,0,0,0,5.591,0,0,0
3,6/4/50,8:32,0,0,0,0,0,5.358,0,0,0,4.248,6.42,0,0,0,14.487,0,0,3.595,0,0,0
3,6/4/50,8:33,0,0,0,0,0,2.852,0,0,0,2.043,4.119,0,0,0,0,0,0,4.853,0,0,0
3,6/4/50,8:34,0,0,0,0,0,2.692,0,0,0,1.906,5.154,0,0,0,39.854,0,0,4.86,0,0,0
3,6/4/50,8:35,0,0,0,0,0,5.464,0,0,0,4.772,3.772,0,0,0,139.329,0,0,4.571,0,0,0
3,6/4/50,8:36,0,0,0,0,0,5.312,0,0,0,8.39,3.12,0,0,0,87.56,0,0,4.577,0,0,0
3,6/4/50,8:37,0,0,0,0,0,7.498,0,0,0,3.028,3.618,0,0,0,141.746,0,0,4.538,0,0,0
3,6/4/50,8:38,0,0,0,0,0,14.95,0,0,0,20.798,6.086,0,0,0,64.754,0,0,7.122,0,0,0
3,6/4/50,8:39,0,0,0,0,0,3.841,0,0,0,28.539,13.431,0,0,0,0,0,0,4.15,0,0,0
3,6/4/50,8:40,0,0,0,0,0,4.95,0,0,0,28.406,4.025,0,0,0,0,0,0,4.425,0,0,0
3,6/4/50,8:41,0,0,0,0,0,5.569,0,0,0,25.675,3.97,0,0,0,0,0,0,4.486,0,0,0
3,6/4/50,8:42,0,0,0,0,0,4.04,0,0,0,4.02,2.779,0,0,18.442,0,0,0,7.021,0,0,0
3,6/4/50,8:43,0,0,0,0,0,8.221,0,0,0,3.784,3.469,0,0,0,0,0,0,8.151,0,0,0
3,6/4/50,8:44,0,0,0,0,0,8.341,0,0,0,9.527,16.021,0,0,0,0,19.31,0,3.231,0,0,0
3,6/4/50,8:45,0,0,0,0,0,5.663,0,0,0,6.084,3.85,0,0,0,0,3.54,0,3.163,0,0,0
3,6/4/50,8:46,0,0,0,0,0,2.38,0,0,0,6.017,4.952,0,0,0,0,43.358,0,2.94,0,0,0
3,6/4/50,8:47,0,0,0,0,0,8.342,0,0,0,2.431,4.278,0,0,14.183,0,0,0,2.785,0,0,0
3,6/4/50,8:48,0,0,0,0,0,6.652,0,0,0,7.283,4.082,0,0,0,0,0,0,2.508,0,0,0
3,6/4/50,8:49,0,0,0,0,0,5.66,0,0,0,7.755,2.952,0,0,0,0,0,0,12.595,0,0,0
3,6/4/50,8:50,0,0,0,0,0,5.691,0,0,0,4.629,3.854,0,0,0,0,0,0,3.86,0,0,0
3,6/4/50,8:51,0,0,0,0,0,6.02,0,0,0,10.375,4.19,0,0,0,0,0,0,3.329,0,0,0
3,6/4/50,8:52,0,0,0,0,0,5.413,0,0,0,23.556,3.968,0,0,0,0,0,0,4.322,0,0,0
3,6/4/50,8:53,0,0,0,0,0,23.201,0,0,0,8.207,4.232,0,0,0,0,0,0,4.812,0,0,0
3,6/4/50,8:54,0,0,0,0,0,21.79,0,0,0,4.985,4.811,0,0,0,0,0,0,4.135,0,0,0
3,6/4/50,8:55,0,0,0,0,0,0,0,0,0,7.864,4.113,0,0,0,0,0,0,3.763,0,0,0
3,6/4/50,8:56,0,0,0,0,0,9.939,0,0,0,3.477,3.113,0,23.237,0,0,0,0,6.374,0,0,0
3,6/4/50,8:57,0,0,0,0,0,9.761,0,0,0,6.725,3.525,0,99.211,0,0,0,0,5.266,0,0,0
3,6/4/50,8:58,0,0,0,0,0,16.552,0,0,0,2.984,5.146,0,148.539,0,0,0,0,5.04,0,0,0
3,6/4/50,8:59,0,0,0,0,0,4.922,0,0,0,3.012,7.675,0,125.903,0,0,0,0,6.583,0,0,0
3,6/4/50,9:00,0,0,0,0,0,32.589,0,0,0,2.816,4.616,0,145.488,0,0,0,0,3.264,0,0,0
3,6/4/50,9:01,0,0,0,0,0,34.833,0,0,0,2.976,8.692,0,32.31,0,0,0,0,4.607,0,0,0
3,6/4/50,9:02,0,0,0,0,0,90.698,0,0,0,4.323,6.785,0,0,0,0,0,0,4.488,0,0,0
3,6/4/50,9:03,0,0,0,0,0,112.659,0,0,0,7.121,3.675,0,0,0,0,0,0,3.928,0,0,0
3,6/4/50,9:04,0,0,0,0,0,59.574,0,0,0,2.819,5.055,0,0,0,0,0,0,6.182,0,0,0
3,6/4/50,9:05,0,0,0,0,0,105.234,0,0,0,3.957,3.192,0,0,0,0,0,0,3.187,0,0,0
3,6/4/50,9:06,0,0,0,27.943,0,11.689,0,0,0,3.549,7.184,0,27.698,0,0,0,0,4.411,0,0,0
3,6/4/50,9:07,0,0,0,26.297,0,5.291,0,0,0,4.602,3.043,0,34.565,0,0,0,0,4.236,0,0,0
3,6/4/50,9:08,0,0,0,2.377,0,3.236,0,0,0,6.984,7.622,0,104.946,0,0,0,0,4.665,0,0,0
3,6/4/50,9:09,0,0,0,16.502,0,3.038,0,0,0,3.502,12.565,0,0,0,0,0,0,5.728,0,0,0
3,6/4/50,9:10,0,0,0,0,0,11.114,0,0,0,3.813,3.594,0,0,0,0,0,0,13.051,0,0,0
3,6/4/50,9:11,0,0,0,17.406,0,17.086,0,0,0,12.12,4.014,0,0,0,0,0,0,4.755,0,0,0
3,6/4/50,9:12,0,0,0,1.447,0,26.307,0,0,0,10.438,4.008,0,0,0,0,0,0,5.053,0,0,0
3,6/4/50,9:13,11.62,0,0,0,0,17.962,0,0,0,5.831,4.16,0,0,0,0,0,0,4.202,0,0,0
3,6/4/50,9:14,14.103,0,0,18.519,0,16.353,0,0,0,2.895,3.95,0,0,0,0,0,0,4.318,0,0,0
3,6/4/50,9:15,0,0,0,58.671,0,6.408,0,0,0,7.237,4.087,0,0,0,0,0,0,4.478,0,0,0
3,6/4/50,9:16,0,0,0,65.106,0,4.005,0,0,0,3.766,4.968,0,0,0,0,0,0,4.756,0,0,0
3,6/4/50,9:17,0,0,0,59.392,0,3.119,0,0,0,4.427,6.31,0,0,0,0,0,0,6.898,0,0,0
3,6/4/50,9:18,0,0,0,7.048,0,3.235,0,0,0,5.903,32.573,0,0,0,0,0,0,18.759,0,0,0
3,6/4/50,9:19,0,0,0,51.634,0,2.608,0,0,0,4.258,43.342,0,0,0,0,0,0,4.826,0,0,0
3,6/4/50,9:20,0,0,0,0,0,5.055,0,0,0,6.293,100.848,0,0,0,0,0,0,5.881,0,0,0
3,6/4/50,9:21,39.217,0,0,0,0,3.756,0,0,0,5.539,16.382,0,0,0,0,0,0,6.017,0,0,0
3,6/4/50,9:22,0,0,0,0,0,2.323,0,0,0,3.296,7.608,0,0,0,0,0,0,7.305,0,0,0
3,6/4/50,9:23,0,0,0,0,0,2.455,0,0,0,2.899,8.454,0,0,0,0,0,0,4.405,0,0,0
3,6/4/50,9:24,0,0,0,0,0,9.129,0,0,0,2.85,4.67,0,0,0,0,0,0,11.679,0,0,0
3,6/4/50,9:25,0,0,0,0,0,2.562,0,0,0,4.401,6.461,0,0,0,0,0,0,40.654,0,0,0
3,6/4/50,9:26,0,0,0,0,0,2.449,0,0,0,5.056,3.052,0,0,0,0,0,0,32.27,0,0,0
3,6/4/50,9:27,0,0,0,0,0,4.433,0,0,0,3.22,4.654,0,0,0,0,0,0,17.586,0,0,0
3,6/4/50,9:28,0,0,0,0,0,3.549,0,0,0,3.875,5.416,0,0,0,0,0,0,28.677,0,0,0
3,6/4/50,9:29,0,0,0,0,0,3.587,0,0,0,14.85,4.746,0,0,0,0,0,0,29.263,0,0,0
3,6/4/50,9:30,0,0,0,0,0,3.512,0,0,0,5.313,5.472,0,0,0,0,0,0,20.844,0,0,0
3,6/4/50,9:31,0,0,0,0,0,3.64,0,0,0,3.119,4.872,0,0,0,0,0,0,15.189,0,0,0
3,6/4/50,9:32,0,0,0,0,0,2.29,0,0,0,3.626,5.978,0,0,0,0,0,0,24.438,0,0,0
3,6/4/50,9:33,0,0,0,0,0,3.619,0,0,0,4.09,4.352,0,0,0,0,0,0,14.227,0,0,0
3,6/4/50,9:34,0,0,0,0,0,2.735,0,0,0,3.42,3.601,0,0,0,0,0,0,8.817,0,0,0
3,6/4/50,9:35,0,0,0,0,0,3.64,0,0,0,3.496,7.38,0,0,0,0,0,0,6.746,0,0,127.43
3,6/4/50,9:36,0,0,0,0,0,3.675,0,0,0,4.055,20.898,0,0,0,0,0,0,5.272,0,0,71.022
3,6/4/50,9:37,0,0,0,0,0,3.467,0,0,0,8.61,4.69,0,0,0,0,0,0,2.791,0,0,67.494
3,6/4/50,9:38,0,0,0,0,0,3.627,0,0,0,11.14,4.119,0,0,0,0,0,0,2.958,0,0,0
3,6/4/50,9:39,0,0,0,0,0,8.955,0,0,0,17.783,6.256,0,0,0,0,0,0,3.721,0,0,0
3,6/4/50,9:40,0,0,0,0,0,13.277,0,0,0,21.661,7.996,0,0,0,0,0,0,5.647,0,0,0
3,6/4/50,9:41,0,0,0,0,0,4.923,0,0,0,22.924,7.423,0,0,0,0,0,0,4.549,0,0,0
3,6/4/50,9:42,0,0,0,0,0,4.562,0,0,0,25.849,4.289,0,0,0,0,0,0,3.865,0,0,21.413
3,6/4/50,9:43,0,0,0,0,0,4.554,0,0,0,24.572,5.668,0,0,0,0,0,0,2.694,0,0,0
3,6/4/50,9:44,0,0,0,0,0,4.655,0,0,0,22.792,4.266,0,0,0,0,0,0,8.791,0,0,0
3,6/4/50,9:45,0,0,0,0,0,4.494,0,0,0,20.718,13.164,0,0,0,0,0,0,3.023,0,0,0
3,6/4/50,9:46,0,0,0,0,0,4.303,0,0,0,28.462,2.905,0,0,0,0,0,0,3.288,0,0,0
3,6/4/50,9:47,0,0,0,0,0,2.844,0,0,0,26.03,2.908,0,0,0,0,0,0,2.887,0,0,0
3,6/4/50,9:48,0,0,0,0,0,15.882,0,0,0,21.249,4.219,0,0,0,0,0,0,2.041,0,0,0
3,6/4/50,9:49,0,161.86,0,0,0,5.307,0,0,0,61.444,4.289,0,0,0,0,0,0,1.95,0,0,0
3,6/4/50,9:50,0,1.076,0,0,0,7.959,0,0,0,53.508,3.335,0,0,0,0,0,0,3.681,0,0,0
3,6/4/50,9:51,0,0,0,0,0,2.102,0,0,0,5.356,3.292,0,0,0,0,0,0,7.472,119.191,0,0
3,6/4/50,9:52,0,0,0,0,0,4.593,0,0,0,0,3.396,0,0,0,0,0,0,3.023,56.742,0,0
3,6/4/50,9:53,0,100.671,0,0,0,4.484,0,0,0,0,3.371,0,0,0,0,0,0,3.421,24.331,0,0
3,6/4/50,9:54,0,107.04,0,0,0,1.883,0,0,0,13.505,3.502,0,0,0,0,0,0,3.205,13.945,0,0
3,6/4/50,9:55,0,0,0,0,0,2.609,0,0,0,151.631,6.408,0,0,0,0,0,0,2.704,68.828,0,0
3,6/4/50,9:56,0,0,0,0,0,2.814,0,0,0,43.499,4.423,0,0,0,0,0,0,2.691,16.465,0,0
3,6/4/50,9:57,0,0,0,0,0,5.425,0,0,0,184.157,3.817,0,0,0,0,0,0,2.456,0,0,0
3,6/4/50,9:58,0,0,0,0,0,2.624,0,0,0,172.004,6.379,0,0,0,0,0,0,2.688,15.552,0,0
3,6/4/50,9:59,0,0,0,0,0,2.919,0,0,0,110.186,3.557,0,0,0,0,0,0,3.446,0,0,0
3,6/4/50,10:00,0,0,0,0,0,3.294,0,0,0,46.107,2.837,0,0,0,0,0,0,3.53,0,0,0
3,6/4/50,10:01,0,0,0,0,0,4.705,0,0,0,71.229,4.017,0,0,0,0,0,0,3.645,0,0,0
3,6/4/50,10:02,0,0,0,0,0,3.704,0,0,0,51.813,4.033,0,0,0,0,0,0,3.571,0,0,0
3,6/4/50,10:03,0,0,0,0,0,3.922,0,0,0,57.012,4.037,0,0,0,0,0,0,3.034,0,0,0
3,6/4/50,10:04,0,0,0,0,0,2.482,0,0,0,107.803,4.863,0,0,0,0,0,0,2.825,0,0,0
3,6/4/50,10:05,0,0,0,0,0,2.732,0,0,0,72.134,4.054,0,0,0,0,0,0,5.265,0,0,0
3,6/4/50,10:06,0,0,0,0,0,3.076,0,0,0,119.93,3.792,0,0,0,0,0,0,4.038,0,0,0
3,6/4/50,10:07,0,0,0,0,0,14.985,0,0,0,27.702,3.856,0,0,0,0,0,0,3.647,0,0,0
3,6/4/50,10:08,0,0,0,0,0,3.761,0,0,0,77.448,3.558,0,0,0,0,0,0,2.937,0,0,0
3,6/4/50,10:09,0,0,0,0,0,3.171,0,0,0,60.752,4.171,0,0,0,0,0,0,4.058,0,0,0
3,6/4/50,10:10,0,0,0,0,0,2.794,0,0,0,50.854,5.882,0,0,0,0,0,0,2.928,0,0,0
3,6/4/50,10:11,0,0,0,0,0,3.25,0,0,0,49.722,4.051,0,0,0,0,0,0,4.163,0,0,0
3,6/4/50,10:12,0,0,0,0,0,3.901,0,0,0,54.122,3.757,0,0,0,0,0,0,3.953,0,0,0
3,6/4/50,10:13,0,0,0,0,0,3.698,0,0,0,11.805,3.452,0,0,0,0,0,0,4.071,0,0,0
3,6/4/50,10:14,0,0,0,0,0,5.972,0,0,0,9.586,42.169,0,0,0,0,0,0,3.804,0,0,0
3,6/4/50,10:15,0,0,0,0,0,10.214,0,0,0,11.393,23.553,0,0,0,0,0,0,4.291,0,0,0
3,6/4/50,10:16,0,0,0,0,0,7.853,0,0,0,22.824,21.147,0,0,0,0,0,0,3.923,0,0,0
3,6/4/50,10:17,0,0,0,0,0,4.295,0,0,0,15.175,3.609,0,0,0,0,0,0,5.423,0,0,0
3,6/4/50,10:18,0,0,0,0,0,5.771,0,0,0,19.077,4.354,0,0,0,0,0,0,3.99,0,0,0
3,6/4/50,10:19,0,0,0,0,0,3.872,0,0,0,23.23,4.004,0,0,0,0,0,0,4.398,0,0,0
3,6/4/50,10:20,0,0,0,0,0,3.676,0,0,0,19.852,4.441,0,0,0,0,0,0,10.224,0,0,0
3,6/4/50,10:21,0,0,0,0,0,4.543,0,0,0,20.306,4.011,0,0,0,0,0,0,5.285,0,0,0
3,6/4/50,10:22,0,0,0,0,0,3.893,0,0,0,19.968,5.006,0,0,0,0,0,0,8.054,0,0,0
3,6/4/50,10:23,0,0,0,0,0,3.193,0,0,0,19.449,27.192,0,0,0,0,0,0,4.724,0,0,0
3,6/4/50,10:24,0,0,0,0,0,11.956,0,0,0,19.274,7.539,0,0,0,0,0,0,9.639,0,0,0
3,6/4/50,10:25,0,0,0,0,0,3.938,0,0,0,17.387,4.396,0,0,0,0,0,0,6.084,0,0,0
3,6/4/50,10:26,0,0,0,0,0,3.257,0,0,0,18.435,4.593,0,0,0,0,0,0,3.983,0,0,0
3,6/4/50,10:27,0,0,0,0,0,4.039,0,0,0,17.188,4.5,0,0,0,0,0,0,4.833,0,0,0
3,6/4/50,10:28,0,0,0,0,0,4.687,0,0,0,4.65,3.693,0,0,0,0,0,0,29.859,0,0,0
3,6/4/50,10:29,0,0,0,0,0,8.889,0,0,0,6.675,4.433,0,0,0,0,0,0,4.929,0,0,0
3,6/4/50,10:30,0,0,0,0,0,9.035,0,0,0,13.449,4.128,0,0,0,0,0,0,4.901,0,0,0
3,6/4/50,10:31,0,0,0,0,0,5.168,0,0,0,10.015,4.706,0,0,0,0,0,0,4.46,0,0,0
3,6/4/50,10:32,0,0,0,0,0,3.527,0,0,0,9.087,6.177,0,0,0,0,0,0,4.445,0,0,0
3,6/4/50,10:33,0,0,0,0,0,9.569,0,0,0,5.259,4.026,0,0,0,0,0,0,4.073,0,0,0
3,6/4/50,10:34,0,0,0,0,0,3.579,0,0,0,3.82,9.243,0,0,0,0,0,0,3.546,0,0,0
3,6/4/50,10:35,0,0,0,0,0,3.831,0,0,0,2.113,4.582,0,0,0,0,0,0,4.908,0,0,0
3,6/4/50,10:36,0,0,0,0,0,3.624,0,0,0,7.552,3.61,0,0,0,0,0,0,4.034,0,0,0
3,6/4/50,10:37,0,0,0,0,0,2.933,0,0,0,4.908,5.784,0,0,0,0,0,0,3.815,0,0,0
3,6/4/50,10:38,0,0,0,0,0,2.994,0,0,0,4.403,14.529,0,0,0,0,0,0,3.646,0,0,0
3,6/4/50,10:39,0,0,0,0,0,11.595,0,0,0,7.591,10.55,0,0,0,0,0,0,3.768,0,0,0
3,6/4/50,10:40,0,0,0,0,0,24.331,0,0,0,4.754,4.843,0,0,0,0,0,0,4.147,0,0,0
3,6/4/50,10:41,0,0,0,0,0,22.529,0,0,0,4.593,10.305,0,0,0,0,0,0,4.747,0,0,0
3,6/4/50,10:42,0,0,0,0,0,16.26,0,0,0,5.022,6.828,0,0,0,0,0,0,17.856,0,0,0
3,6/4/50,10:43,0,0,0,0,0,19.144,0,0,0,3.115,4.936,0,0,0,0,0,0,4.205,0,0,0
3,6/4/50,10:44,0,0,23.109,0,0,23.932,0,0,0,5.197,6.571,0,0,0,0,0,29.739,3.318,0,0,0
3,6/4/50,10:45,0,0,14.032,0,0,14.864,0,0,0,6.188,8.762,0,0,0,0,0,0,7.064,0,0,0
3,6/4/50,10:46,0,0,26.643,0,0,15.191,0,79.397,0,7.389,33.508,0,0,0,0,0,0,4.059,0,0,0
3,6/4/50,10:47,0,0,0,0,0,14.168,0,0,0,4.497,22.975,0,0,0,0,0,39.976,5.988,0,0,0
3,6/4/50,10:48,0,0,7.258,0,0,2.899,0,0,0,7.177,8.226,0,0,0,0,0,0,4.34,0,0,0
3,6/4/50,10:49,0,0,26.768,0,0,5.613,0,0,0,3.416,4.301,0,0,0,0,0,0,3.812,0,0,0
3,6/4/50,10:50,0,0,0,0,0,4.159,0,0,0,3.764,3.953,0,0,0,0,0,0,9.09,0,0,0
3,6/4/50,10:51,0,0,18.148,0,0,5.399,0,0,0,3.596,4.013,0,0,0,0,0,0,3.484,0,0,0
3,6/4/50,10:52,0,0,96.686,0,0,20.295,0,0,0,4.057,5.069,0,0,0,0,0,0,12.657,0,0,0
3,6/4/50,10:53,0,0,35.208,0,0,7.124,0,0,0,3.31,8.815,0,0,0,0,0,0,6.981,0,0,0
3,6/4/50,10:54,0,0,78.852,0,0,4.833,0,0,0,3.503,6.082,0,0,0,0,0,0,5.975,0,0,0
3,6/4/50,10:55,0,0,91.558,0,0,4.63,0,0,0,3.254,5.66,0,0,0,0,0,0,3.645,0,0,0
3,6/4/50,10:56,0,0,0,0,0,10.074,0,0,0,3.301,3.939,0,0,0,0,0,0,3.925,0,0,0
3,6/4/50,10:57,0,0,0,0,0,8.117,0,0,0,2.7,3.379,0,0,0,0,0,0,8.675,0,0,0
3,6/4/50,10:58,0,0,0,0,0,4.529,0,0,0,3.152,3.319,0,0,0,0,0,0,3.808,0,0,0
3,6/4/50,10:59,0,0,37.186,0,0,5.167,0,0,0,4.565,6.176,0,0,18.429,0,0,0,14.21,0,0,0
3,6/4/50,11:00,0,0,65.173,0,0,3.963,0,0,0,3.808,4.919,0,0,18.14,0,0,0,4.771,0,0,0
3,6/4/50,11:01,0,0,78.958,0,0,2.676,0,0,0,10.702,7.291,0,0,0,0,0,0,4.444,0,0,0
3,6/4/50,11:02,0,0,34.476,0,0,2.708,0,0,0,9.91,10.145,0,0,0,0,0,0,3.912,0,0,0
3,6/4/50,11:03,0,0,0,0,0,3.328,0,0,0,2.807,20.32,0,0,0,0,0,0,4.877,0,0,0
3,6/4/50,11:04,0,0,0,0,0,3.344,0,0,0,2.268,7.913,0,0,0,0,0,0,3.282,0,0,0
3,6/4/50,11:05,0,0,18.444,0,0,4.885,0,0,0,2.452,6.022,0,0,0,0,0,0,4.605,0,0,0
3,6/4/50,11:06,0,0,0,0,0,4.005,0,0,0,3.137,6.367,0,0,0,0,0,0,3.372,0,0,0
3,6/4/50,11:07,0,0,0,0,0,3.987,0,0,0,2.179,4.411,0,0,0,0,0,0,3.341,0,0,0
3,6/4/50,11:08,0,0,0,0,0,3.958,0,0,0,2.139,5.193,0,0,0,0,0,0,3.678,0,0,0
3,6/4/50,11:09,0,0,0,0,0,3.502,0,0,0,1.789,12.399,0,0,0,0,0,0,4.312,0,0,0
3,6/4/50,11:10,0,0,0,0,0,3.356,0,0,0,7.855,4.524,0,0,0,0,0,0,5.486,0,0,0
3,6/4/50,11:11,0,0,0,0,0,14.209,0,0,0,9.597,5.439,0,0,0,0,0,0,5.598,0,0,0
3,6/4/50,11:12,0,0,0,0,0,3.765,0,0,0,3.295,5.222,0,0,0,0,0,0,3.934,0,3.008,0
3,6/4/50,11:13,0,0,0,0,0,17.678,0,0,0,4.344,4.42,0,0,0,0,0,0,3.498,0,56.415,0
3,6/4/50,11:14,0,0,0,nan,nan,nan,nan,0,0,3.445,15.825,0,0,0,0,0,0,3.284,0,0,0
3,6/4/50,11:15,0,0,0,nan,nan,nan,nan,0,0,3.282,25.913,0,0,0,0,0,0,2.897,0,0,0
3,6/4/50,11:16,0,0,0,nan,nan,nan,nan,0,0,3.672,29.139,0,0,0,0,0,0,5.526,0,0,0
3,6/4/50,11:17,0,0,0,nan,nan,nan,nan,0,0,6.838,23.397,0,0,0,0,0,0,6.022,0,0,0
3,6/4/50,11:18,0,0,0,nan,nan,nan,nan,0,0,3.487,15.605,0,0,0,0,0,0,4.443,0,0,0
3,6/4/50,11:19,0,0,0,nan,nan,nan,nan,0,0,4.002,16.975,0,0,0,0,0,0,4.414,0,0,0
3,6/4/50,11:20,0,0,0,nan,nan,nan,nan,0,0,3.601,35.184,0,0,0,0,0,0,4.085,0,8.048,0
3,6/4/50,11:21,0,0,0,nan,nan,nan,nan,0,0,3.611,66.555,0,0,0,0,0,0,7.218,0,30.11,0
3,6/4/50,11:22,0,0,0,nan,nan,nan,nan,0,0,3.488,20.049,0,0,0,0,0,0,6.087,0,0,0
3,6/4/50,11:23,0,0,0,nan,nan,nan,nan,0,0,8.085,12.04,0,0,0,0,0,0,4.086,0,0,0
3,6/4/50,11:24,0,0,0,nan,nan,nan,nan,0,0,4.505,13.666,0,0,0,0,0,0,4.665,0,0,0
3,6/4/50,11:25,0,0,0,nan,nan,nan,nan,0,0,2.795,83.476,0,0,0,0,0,0,5.288,0,0,0
3,6/4/50,11:26,0,0,0,nan,nan,nan,nan,0,0,2.354,83.997,0,0,0,0,0,0,5.125,0,0,0
3,6/4/50,11:27,0,0,0,nan,nan,nan,nan,0,0,5.378,164.765,0,0,0,0,0,0,3.569,0,0,0
3,6/4/50,11:28,0,0,0,nan,nan,nan,nan,0,0,16.701,53.545,0,0,0,0,0,0,16.526,0,0,0
3,6/4/50,11:29,0,0,0,nan,nan,nan,nan,0,0,8.662,35.435,0,0,0,0,0,0,3.558,0,0,0
3,6/4/50,11:30,0,0,0,nan,nan,nan,nan,0,0,4.456,28.262,0,0,0,0,0,0,4.358,0,0,0
3,6/4/50,11:31,0,0,0,nan,nan,nan,nan,0,0,4.615,16.273,0,0,0,0,0,0,4.977,0,0,0
3,6/4/50,11:32,0,0,0,nan,nan,nan,nan,0,0,3.666,20.249,0,0,0,0,0,0,5.569,0,0,0
3,6/4/50,11:33,0,0,0,nan,nan,nan,nan,0,0,8.304,25.393,0,0,0,0,0,0,5.57,0,0,0
3,6/4/50,11:34,0,0,0,nan,nan,nan,nan,0,0,5.61,16.546,0,0,0,0,0,0,10.362,0,0,0
3,6/4/50,11:35,0,0,0,nan,nan,nan,nan,0,0,4.931,23.231,0,0,0,0,0,0,6.574,0,0,0
3,6/4/50,11:36,0,0,0,nan,nan,nan,nan,0,0,4.426,35.128,0,0,0,0,0,0,3.942,0,0,0
3,6/4/50,11:37,0,0,0,nan,nan,nan,nan,0,0,7.012,30.52,0,0,0,0,0,0,4.646,0,0,0
3,6/4/50,11:38,0,0,0,nan,nan,nan,nan,0,0,5.439,27.718,0,0,0,0,0,0,4.397,0,0,0
3,6/4/50,11:39,0,0,0,nan,nan,nan,nan,0,0,6.07,17.696,0,0,0,0,0,0,5.915,0,0,0
3,6/4/50,11:40,0,0,0,nan,nan,nan,nan,0,0,3.186,29.31,0,0,0,0,0,0,24.425,0,0,0
3,6/4/50,11:41,0,0,0,nan,nan,nan,nan,0,0,4.65,20.119,0,0,0,0,0,0,19.176,0,0,0
3,6/4/50,11:42,0,0,0,nan,nan,nan,nan,0,0,3.38,6.581,38.889,0,0,0,0,0,33.749,0,0,0
3,6/4/50,11:43,0,0,0,nan,nan,nan,nan,0,0,3.857,3.701,41.889,0,0,0,0,0,27.82,0,0,0
3,6/4/50,11:44,0,0,0,nan,nan,nan,nan,0,0,4.614,5.997,0,0,0,0,0,0,15.934,0,0,0
3,6/4/50,11:45,0,0,0,nan,nan,nan,nan,0,0,3.505,5.186,0,32.44,0,0,0,0,29.659,0,0,0
3,6/4/50,11:46,0,0,0,nan,nan,nan,nan,0,0,5.514,6.919,0,80.552,0,0,0,0,7.452,0,0,0
3,6/4/50,11:47,0,0,0,nan,nan,nan,nan,0,0,5.959,6.934,0,75.235,0,0,0,0,0,0,0,0
3,6/4/50,11:48,0,0,0,nan,nan,nan,nan,0,0,13.343,4.446,0,107.796,0,0,0,0,0,0,0,0
3,6/4/50,11:49,0,0,0,nan,nan,nan,nan,0,0,6.634,4.353,0,0,0,0,0,0,61,0,0,0
3,6/4/50,11:50,0,0,0,nan,nan,nan,nan,0,0,5.716,5.899,0,0,0,0,0,0,103.919,0,0,0
3,6/4/50,11:51,0,0,0,nan,nan,nan,nan,0,0,5.613,4.926,0,0,0,0,0,0,97.198,0,0,0
3,6/4/50,11:52,0,0,0,nan,nan,nan,nan,0,0,5.293,8.086,0,0,0,0,0,0,160.598,0,0,0
3,6/4/50,11:53,0,0,0,nan,nan,nan,nan,0,0,6.262,3.881,0,0,0,0,0,0,205.22,0,0,24.535
3,6/4/50,11:54,0,0,0,nan,nan,nan,nan,0,0,4.892,5.922,0,0,0,0,0,0,124.427,0,0,0
3,6/4/50,11:55,0,0,0,0,0,0,0,0,0,4.635,5.163,0,0,0,0,0,0,104.728,0,0,0
3,6/4/50,11:56,0,0,0,0,0,0,0,0,0,0.421,5.061,0,0,0,0,0,0,34.795,0,0,0
3,6/4/50,11:57,0,0,0,0,0,0,0,nan,nan,nan,5.69,0,0,0,0,0,0,133.199,0,0,35.447
3,6/4/50,11:58,0,0,0,0,0,0,0,nan,nan,nan,5.697,0,0,0,0,0,0,285.089,0,0,30.026
3,6/4/50,11:59,0,0,0,0,0,0,0,nan,nan,nan,4.744,0,0,0,0,0,0,108.474,0,0,55.996
3,6/4/50,12:00,0,0,0,0,0,0,0,nan,nan,nan,3.299,0,0,0,0,0,0,58.645,0,0,106.788
3,6/4/50,12:01,0,0,0,0,0,0,0,nan,nan,nan,3.435,0,0,0,0,0,0,41.889,0,0,32.147
3,6/4/50,12:02,0,18.845,0,0,0,0,0,nan,nan,nan,6.678,0,0,0,0,0,0,112.643,0,0,0
3,6/4/50,12:03,0,0,0,0,0,0,0,nan,nan,nan,10.296,0,0,0,0,0,0,209.925,0,0,0
3,6/4/50,12:04,0,0,0,0,0,0,0,nan,nan,nan,12.081,0,0,0,0,0,0,183.508,0,0,0
3,6/4/50,12:05,0,0,0,0,0,0,0,nan,nan,nan,14.016,0,0,0,0,0,0,26.096,0,0,0
3,6/4/50,12:06,0,7.329,0,0,0,0,0,nan,nan,nan,5.201,0,0,0,0,0,0,17.491,0,0,0
3,6/4/50,12:07,0,190.237,0,0,0,0,0,nan,nan,nan,4.488,0,0,0,0,0,0,10.758,0,0,0
3,6/4/50,12:08,0,34.897,0,0,0,0,0,nan,nan,nan,3.473,0,0,nan,nan,nan,nan,26.621,0,0,0
3,6/4/50,12:09,0,0,0,0,0,0,0,nan,nan,nan,4.737,0,0,nan,nan,nan,nan,23.725,0,0,0
3,6/4/50,12:10,0,17.176,0,0,0,0,0,nan,nan,nan,3.221,0,0,nan,nan,nan,nan,15.724,0,0,0
3,6/4/50,12:11,0,125.531,0,0,0,26.08,0,nan,nan,nan,4.016,0,0,nan,nan,nan,nan,22.475,0,0,0
3,6/4/50,12:12,0,88.728,0,0,0,45.557,0,nan,nan,nan,3.045,0,0,nan,nan,nan,nan,17.317,0,0,0
3,6/4/50,12:13,0,78.175,0,0,0,0,0,nan,nan,nan,4.354,0,0,nan,nan,nan,nan,17.401,0,0,0
3,6/4/50,12:14,0,83.438,0,0,0,0,0,0,0,23.927,4.537,0,0,nan,nan,nan,nan,16.401,0,0,0
3,6/4/50,12:15,0,70.643,0,0,0,0,0,0,0,0,3.911,0,0,nan,nan,nan,nan,21.643,0,0,0
3,6/4/50,12:16,0,74,0,0,0,0,0,0,0,0,4.859,0,0,nan,nan,nan,nan,17.065,0,0,0
3,6/4/50,12:17,0,0,0,0,0,0,0,0,0,26.936,5.977,0,0,nan,nan,nan,nan,7.762,0,0,0
3,6/4/50,12:18,0,0,0,0,0,0,0,0,0,32.35,4.007,0,0,nan,nan,nan,nan,4.104,0,0,0
3,6/4/50,12:19,0,43.532,0,0,0,0,0,0,0,29.414,3.872,0,0,nan,nan,nan,nan,4.048,0,0,0
3,6/4/50,12:20,0,75.119,0,0,0,0,0,0,0,67.309,4.437,0,0,nan,nan,nan,nan,3.732,0,0,0
3,6/4/50,12:21,0,0,0,0,0,0,0,0,0,164.807,3.356,0,0,nan,nan,nan,nan,3.878,0,0,0
3,6/4/50,12:22,0,0,0,0,0,0,0,0,0,49.077,4.932,0,0,nan,nan,nan,nan,3.639,0,0,0
3,6/4/50,12:23,0,0,0,0,0,0,0,0,0,25.166,3.375,0,0,nan,nan,nan,nan,5.933,0,0,0
3,6/4/50,12:24,0,0,0,0,0,0,0,0,0,17.925,3.462,0,0,nan,nan,nan,nan,5.492,0,0,0
3,6/4/50,12:25,0,0,0,0,0,0,0,0,0,57.632,4.035,0,0,nan,nan,nan,nan,14.955,0,0,0
3,6/4/50,12:26,0,0,0,0,0,0,0,0,0,24.797,3.412,0,0,0,0,0,37.84,5.714,0,0,0
3,6/4/50,12:27,0,0,0,0,0,0,0,0,0,40.156,3.549,0,0,0,0,0,0,3.653,0,0,0
3,6/4/50,12:28,0,0,0,0,0,0,0,0,0,18.034,3.364,0,0,0,0,0,0,2.942,0,0,0
3,6/4/50,12:29,0,0,0,0,0,0,0,0,0,18.377,3.904,0,0,0,0,0,0,3.248,0,0,0
3,6/4/50,12:30,0,0,0,0,0,0,0,0,0,19.303,4.118,0,0,0,0,0,0,5.469,0,0,0
3,6/4/50,12:31,0,0,0,0,0,0,0,0,0,67.783,4.448,0,0,0,0,0,0,2.697,0,0,0
3,6/4/50,12:32,0,0,0,0,0,0,0,0,0,46.589,5.221,0,0,0,0,0,0,4.166,0,0,0
3,6/4/50,12:33,0,0,0,0,0,0,0,0,0,139.4,5.471,0,0,0,0,0,0,3.59,24.31,0,0
3,6/4/50,12:34,0,0,0,0,0,0,0,0,0,79.706,3.801,0,0,0,0,0,0,3.229,0,0,0
3,6/4/50,12:35,0,0,0,0,0,0,0,0,0,106.631,3.376,0,0,0,0,0,0,3.344,0,0,0
3,6/4/50,12:36,0,0,0,0,0,0,0,0,0,51.925,3.388,0,0,0,0,0,0,2.952,45.282,0,0
3,6/4/50,12:37,0,0,0,0,0,0,0,0,0,0,11.013,0,0,0,0,0,0,3.834,0,0,0
3,6/4/50,12:38,0,0,0,0,0,0,0,0,0,71.332,9.995,0,0,0,0,0,0,4.983,0,0,0
3,6/4/50,12:39,0,0,0,0,0,0,0,0,0,144.011,6.39,0,0,0,0,0,0,5.356,0,0,0
3,6/4/50,12:40,0,0,0,0,0,0,0,0,0,107.816,24.023,0,0,0,0,0,0,3.798,0,0,0
3,6/4/50,12:41,0,0,0,0,0,0,0,0,0,223.343,5.265,0,0,0,0,0,0,3.177,0,0,0
3,6/4/50,12:42,0,0,0,0,0,0,0,0,0,53.817,5.433,0,0,0,0,0,0,6.732,0,0,0
3,6/4/50,12:43,0,0,0,0,0,0,0,0,0,101.127,3.643,0,0,0,0,0,0,3.729,0,0,0
3,6/4/50,12:44,0,0,0,0,0,0,0,0,0,12.556,4.712,0,0,0,0,0,0,6.566,0,0,0
3,6/4/50,12:45,0,0,0,0,0,0,0,0,0,73.037,5.051,0,0,0,0,0,0,7.098,0,0,0
3,6/4/50,12:46,0,0,0,0,0,0,0,0,0,0,3.094,0,0,0,0,0,0,6.275,0,0,0
3,6/4/50,12:47,0,0,0,0,0,0,0,0,0,13.95,2.589,0,0,0,0,0,0,3.509,0,0,0
3,6/4/50,12:48,0,0,0,0,0,0,0,0,0,122.242,2.905,0,0,0,0,0,0,4.185,0,0,0
3,6/4/50,12:49,0,0,0,0,0,0,0,0,0,37.639,3.443,0,0,0,0,0,0,3.752,0,0,0
3,6/4/50,12:50,21.334,0,0,0,0,0,0,0,0,8.179,3.479,0,0,0,0,0,0,3.882,0,0,0
3,6/4/50,12:51,5.785,0,0,0,0,0,0,0,0,8.473,2.994,0,0,0,0,0,0,17.301,0,0,0
3,6/4/50,12:52,0,0,0,0,0,0,0,0,0,10.053,2.851,0,0,0,0,0,0,4.69,0,0,0
3,6/4/50,12:53,0,0,0,0,0,0,0,0,0,8.269,2.426,0,0,0,0,0,0,4.234,0,0,0
3,6/4/50,12:54,0,0,0,0,62.666,0,0,0,0,10.212,3.712,0,0,0,0,0,0,7.553,0,0,0
3,6/4/50,12:55,0,0,0,0,0,0,0,0,0,11.591,3.262,0,0,0,0,0,0,5.174,0,0,0
3,6/4/50,12:56,0,0,0,0,41.718,0,0,0,0,15.76,4.109,0,0,0,0,0,0,4.957,0,0,0
3,6/4/50,12:57,0,0,0,0,29.344,0,0,0,0,15.495,6.229,0,0,0,0,0,0,5.065,0,0,0
3,6/4/50,12:58,1.063,0,0,0,40.207,0,0,0,0,54.076,2.464,0,0,0,0,0,0,4.655,0,0,0
3,6/4/50,12:59,76.56,0,0,0,0,0,0,0,0,12.779,5.027,0,0,0,0,0,0,4.346,0,0,0
3,6/4/50,13:00,146.734,0,0,0,0,0,0,0,0,12.108,3.226,0,0,0,0,0,0,3.055,0,0,0
3,6/4/50,13:01,110.195,0,0,0,0,0,0,0,0,15.998,3.9,0,0,0,0,0,0,2.719,0,0,0
3,6/4/50,13:02,13.117,0,0,0,0,0,0,0,0,19.552,3.694,0,0,0,0,0,0,3.915,0,0,0
3,6/4/50,13:03,104.54,0,0,0,0,0,0,0,0,16.486,7.517,0,0,0,0,0,0,4.088,0,0,0
3,6/4/50,13:04,142.164,0,0,0,0,0,0,0,0,15.419,3.954,0,0,0,0,0,0,5.11,0,0,0
3,6/4/50,13:05,125.459,0,0,0,0,0,0,0,0,8.611,12.548,0,0,0,0,0,0,4.189,0,0,0
3,6/4/50,13:06,75.171,0,0,0,0,0,0,0,0,13.771,3.188,0,0,0,0,0,0,5.351,0,0,0
3,6/4/50,13:07,68.988,0,0,0,0,0,0,0,0,8.862,4.265,0,0,0,0,0,0,6.893,0,0,0
3,6/4/50,13:08,87.937,0,0,0,0,0,0,0,0,18.118,8.061,0,0,0,0,0,0,3.624,0,0,0
3,6/4/50,13:09,53.864,0,0,0,0,0,0,0,0,54.699,3.338,0,0,0,0,0,0,4.307,0,0,0
3,6/4/50,13:10,15.124,0,0,0,0,0,0,0,0,44.678,5.907,0,0,0,0,0,0,5.305,0,0,0
3,6/4/50,13:11,0,0,0,0,0,0,0,0,0,45.737,4.803,0,0,0,0,0,0,4.263,0,0,0
3,6/4/50,13:12,4.004,0,0,0,0,0,0,0,0,49.339,4.988,0,0,0,0,0,0,4.037,0,0,0
3,6/4/50,13:13,153.012,0,0,0,0,0,0,0,0,45.361,5.178,0,0,0,0,0,0,3.819,0,0,0
3,6/4/50,13:14,0,0,0,0,0,0,0,0,0,0,3.938,0,0,0,0,0,0,4.937,0,0,0
3,6/4/50,13:15,36.983,0,0,0,0,0,0,0,0,0,4.616,0,0,0,55.356,0,0,4.236,0,0,0
3,6/4/50,13:16,60.024,0,0,0,0,0,0,0,0,0,3.6,0,0,0,92.65,0,0,3.937,0,0,0
3,6/4/50,13:17,0,0,0,0,0,0,0,0,0,0,4.001,0,0,0,33.385,0,0,3.116,0,0,0
3,6/4/50,13:18,0,0,0,0,0,0,0,0,0,0,15.482,0,0,0,80.786,0,0,3.352,0,0,0
3,6/4/50,13:19,58.374,0,0,0,0,0,0,0,0,0,4.415,0,0,0,128.78,0,0,2.952,0,0,0
3,6/4/50,13:20,73.582,0,0,0,0,0,0,0,0,0,4.623,0,0,0,181.001,0,0,4.324,0,0,0
3,6/4/50,13:21,54.507,0,0,0,0,0,0,0,0,0,5.682,0,0,0,176.186,0,0,8.86,0,0,0
3,6/4/50,13:22,7.509,0,0,0,0,0,0,0,0,0,7.926,0,0,0,144.19,0,0,8.303,0,0,0
3,6/4/50,13:23,36.598,0,0,0,0,0,0,0,0,0,3.102,0,0,0,66.097,0,0,4.775,0,0,0
3,6/4/50,13:24,65.192,0,0,0,0,0,0,0,0,0,5.28,0,0,0,57.929,0,0,3.715,0,0,0
3,6/4/50,13:25,0,0,0,0,0,0,0,0,0,0,3.279,0,0,0,162.441,0,0,3.463,0,0,0
3,6/4/50,13:26,0,0,0,0,0,0,0,0,0,0,3.249,0,0,0,23.299,0,0,4.081,0,0,0
3,6/4/50,13:27,0,0,31.265,0,0,0,0,0,0,0,3.695,0,0,0,137.214,0,0,4.112,0,0,0
3,6/4/50,13:28,0,0,14.504,0,0,0,0,0,0,0,6.389,0,0,0,66.691,0,0,7.243,0,0,0
3,6/4/50,13:29,0,0,0,0,0,0,0,0,0,0,3.643,0,0,0,0,0,0,32.484,0,0,0
3,6/4/50,13:30,0,0,0,0,0,0,0,0,0,0,3.808,0,0,0,0,0,0,3.659,0,0,0
3,6/4/50,13:31,0,0,0,25.176,0,23.714,0,0,0,0,5.712,0,0,0,0,0,0,4.383,0,0,0
3,6/4/50,13:32,0,0,16.267,73.755,0,46.117,0,0,0,0,4.227,0,0,0,0,0,0,4.019,0,0,0
3,6/4/50,13:33,0,0,0,70.356,0,62.208,0,0,0,0,2.603,0,0,0,0,0,0,5.546,0,0,0
3,6/4/50,13:34,0,0,0,24.548,0,41.732,0,0,0,0,5.941,0,0,0,0,0,0,4.011,0,0,0
3,6/4/50,13:35,0,0,0,49.928,0,45.06,0,0,0,0,5.826,0,0,0,0,0,0,3.69,0,0,0
3,6/4/50,13:36,0,0,0,43.417,0,9.646,0,0,0,0,3.396,0,0,0,0,0,0,4.812,0,0,0
3,6/4/50,13:37,0,0,0,10.158,0,0,0,0,0,0,8.18,0,0,0,0,0,0,5.005,0,0,0
3,6/4/50,13:38,0,0,0,122.508,0,0,0,0,0,0,4.777,0,0,0,0,0,0,5.114,0,0,0
3,6/4/50,13:39,0,0,0,62.972,0,0,0,0,0,0,15.6,0,0,0,0,0,0,5.869,0,0,0
3,6/4/50,13:40,0,0,0,54.836,0,0,0,0,0,0,4.382,0,0,0,0,0,0,8.891,0,0,0
3,6/4/50,13:41,0,0,0,154.703,0,0,0,0,0,0,5.117,0,0,0,0,0,0,3.085,0,0,0
3,6/4/50,13:42,0,0,0,50.69,0,0,0,0,0,0,19.191,0,0,0,0,0,0,4.284,0,0,0
3,6/4/50,13:43,0,0,0,88.711,0,0,0,0,0,0,20.989,0,0,0,0,0,0,3.811,0,0,0
3,6/4/50,13:44,0,0,0,177.062,0,0,0,0,0,0,27.725,0,0,0,0,0,0,3.831,0,0,0
3,6/4/50,13:45,0,0,0,187.209,0,0,0,0,0,0,26.532,0,0,0,0,0,0,3.919,0,0,0
3,6/4/50,13:46,0,0,0,32.692,0,0,0,0,0,0,19.884,0,0,0,0,0,0,6.31,0,0,0
3,6/4/50,13:47,0,0,0,232.984,0,0,0,0,0,0,26.608,0,0,0,0,0,0,4.277,0,0,0
3,6/4/50,13:48,0,0,0,75.492,0,0,0,0,0,0,8.632,0,0,0,0,0,48.47,4.874,0,0,0
3,6/4/50,13:49,0,0,0,42.449,0,0,0,0,0,0,34.064,0,0,0,0,0,45.188,3.856,0,0,0
3,6/4/50,13:50,0,0,0,0,0,0,0,0,0,0,51.22,0,0,0,0,0,43.242,4.168,0,0,0
3,6/4/50,13:51,0,0,0,0,0,0,0,0,0,0,0,0,0,0,0,0,93.56,2.898,0,0,0
3,6/4/50,13:52,0,0,0,0,0,0,0,0,0,0,10.064,0,0,0,0,0,166.927,3.247,0,0,0
3,6/4/50,13:53,0,0,0,0,19.21,0,0,0,0,0,34.623,0,0,0,0,0,41.541,4.587,0,0,0
3,6/4/50,13:54,0,0,0,0,46.74,0,0,0,0,0,11.079,0,0,0,0,0,0,2.955,0,0,0
3,6/4/50,13:55,0,0,0,0,48.139,0,0,0,0,0,98.402,0,0,25.638,0,0,47.486,4.34,0,0,0
3,6/4/50,13:56,0,0,0,0,31.054,0,36.81,0,0,0,210.771,0,0,2.283,0,0,29.762,9.559,0,0,0
3,6/4/50,13:57,0,35.416,0,0,34.867,0,69.784,0,0,0,264.465,0,0,121.501,0,0,63.939,8.632,0,0,0
3,6/4/50,13:58,0,0,0,0,59.131,0,35.163,0,0,0,249.545,0,0,101.385,0,0,45.541,6.852,0,0,0
3,6/4/50,13:59,0,0,0,0,38.393,0,26.204,0,0,0,129.475,0,0,0,0,0,58.837,3.188,0,0,0
3,6/4/50,14:00,0,0,0,0,27.959,0,28.576,0,0,0,166.579,0,0,0,0,0,55.089,3.915,0,0,0
3,6/4/50,14:01,0,0,0,0,27.817,0,46.274,0,0,0,281.405,0,0,24.349,0,0,35.723,4.138,0,0,0
3,6/4/50,14:02,0,0,0,0,0,0,33.048,0,0,0,101.389,0,0,70.418,0,0,0,9.043,0,0,0
3,6/4/50,14:03,0,0,0,0,0,0,126.171,0,0,0,32.957,0,0,42.636,0,0,0,3.495,0,0,0
3,6/4/50,14:04,0,146.315,0,0,89.931,0,41.067,0,0,0,29.578,0,0,161.38,0,0,0,2.884,0,0,0
3,6/4/50,14:05,0,128.373,0,0,36.154,0,0,0,0,0,16.354,0,0,138.656,0,0,0,16.306,0,0,0
3,6/4/50,14:06,0,37.508,0,0,0,0,0,0,0,0,22.249,0,0,52.7,0,0,0,3.44,0,0,0
3,6/4/50,14:07,0,97.666,0,0,0,0,0,0,0,0,25.692,0,0,34.486,0,0,0,3.509,0,0,0
3,6/4/50,14:08,0,152.243,0,0,0,0,0,0,0,0,12.444,0,0,0,0,0,0,2.693,0,0,0
3,6/4/50,14:09,0,224.927,0,0,0,0,0,0,0,0,6.954,0,0,0,0,0,0,2.53,0,0,0
3,6/4/50,14:10,0,0,0,0,0,0,0,0,0,0,4.402,0,0,0,0,0,0,2.989,0,0,0
3,6/4/50,14:11,0,53.767,0,0,0,0,0,0,0,0,6.758,0,0,0,0,0,0,3.664,0,0,0
3,6/4/50,14:12,0,51.105,0,0,0,0,0,0,0,0,5.14,0,0,0,0,0,0,3.56,0,0,0
3,6/4/50,14:13,0,0,0,0,0,0,0,0,0,0,4.797,0,0,0,0,0,0,3.756,0,0,0
3,6/4/50,14:14,0,0,0,0,0,0,0,0,0,0,7.78,0,0,0,0,0,0,3.484,0,0,0
3,6/4/50,14:15,0,0,0,0,0,0,0,0,0,0,6.431,0,0,0,0,0,0,3.342,0,0,0
3,6/4/50,14:16,0,0,0,0,0,0,0,0,0,0,6.888,0,0,0,0,0,0,4.331,0,0,0
3,6/4/50,14:17,0,0,0,0,0,0,0,0,0,0,7.341,0,0,0,0,0,0,5.43,0,0,0
3,6/4/50,14:18,0,0,0,0,0,0,0,0,0,0,5.209,0,0,0,0,0,0,5.438,0,21.698,0
3,6/4/50,14:19,0,0,0,0,0,0,0,0,0,0,8.383,0,0,0,0,0,0,5.925,0,48.549,0
3,6/4/50,14:20,0,0,0,0,0,0,0,0,0,0,6.363,0,0,0,0,0,0,4.656,0,0,0
3,6/4/50,14:21,0,0,0,0,0,0,0,0,0,21.108,4.884,0,0,0,0,0,0,4.488,0,0,0
3,6/4/50,14:22,0,0,0,0,0,0,0,0,0,38.487,4.01,0,0,0,0,0,0,4.365,0,0,0
3,6/4/50,14:23,0,0,0,0,0,0,0,0,0,25.48,3.488,0,0,0,0,0,0,3.544,0,0,0
3,6/4/50,14:24,0,0,0,0,0,0,0,0,0,70.929,4.038,0,0,0,0,102.202,0,3.657,0,13.838,0
3,6/4/50,14:25,0,0,0,0,0,0,0,0,0,67.932,3.48,0,0,0,0,77.357,0,4.871,0,71.555,0
3,6/4/50,14:26,0,0,0,0,0,0,0,0,0,158.539,10.225,0,0,0,0,53.283,0,11.502,0,94.637,0
3,6/4/50,14:27,0,0,0,0,0,0,0,0,0,54.936,8.632,0,0,0,0,89.29,0,3,0,173.515,0
3,6/4/50,14:28,0,0,0,0,0,0,0,0,0,66.222,4.455,0,96.153,0,0,82.568,0,4.129,66.701,102.835,0
3,6/4/50,14:29,0,0,0,0,0,0,0,0,0,0,6.65,0,58.012,0,0,163.692,0,3.44,21.933,26.882,0
3,6/4/50,14:30,0,0,0,0,0,0,0,0,0,0,6.599,0,0,0,0,72.906,0,2.71,0,60.626,0
3,6/4/50,14:31,0,0,0,0,0,0,0,0,0,0,11.547,0,0,0,0,99.9,0,4.618,0,60.32,0
3,6/4/50,14:32,0,0,0,0,0,0,0,0,0,0,7.505,0,0,0,0,0,0,3.479,8.504,188.604,0
3,6/4/50,14:33,0,0,0,0,0,0,0,0,0,0,4.029,0,0,0,0,0,0,3.829,2.949,105.589,0
3,6/4/50,14:34,0,0,0,0,0,0,0,0,0,0,3.261,0,0,0,0,0,0,3.062,17.632,86.251,0
3,6/4/50,14:35,0,0,0,0,0,0,0,0,0,0,4.077,0,0,0,0,0,0,20.562,0,60.553,0
3,6/4/50,14:36,0,0,0,0,0,0,0,0,0,0,4.206,0,0,0,0,0,0,20.417,0,115.49,0
3,6/4/50,14:37,0,0,0,0,0,0,0,0,0,0,7.167,0,0,0,0,0,0,12,0,199.403,0
3,6/4/50,14:38,0,0,0,0,0,0,0,0,0,0,8.058,0,0,0,0,0,0,24.637,0,56.528,0
3,6/4/50,14:39,0,0,0,0,0,0,0,0,0,0,4.601,0,0,0,0,0,0,40,0,0,0
3,6/4/50,14:40,0,0,0,0,0,0,0,0,0,0,4.383,0,0,0,0,0,0,0,0,3.936,0
3,6/4/50,14:41,0,0,0,0,0,0,0,0,0,0,2.611,0,0,0,0,0,0,17.479,0,3.539,0
3,6/4/50,14:42,0,0,0,0,0,0,0,0,0,0,3.129,0,0,0,0,0,0,82.864,0,16.207,0
3,6/4/50,14:43,0,0,0,0,0,0,0,0,0,0,3.045,0,0,0,0,0,0,81.212,0,0,0
3,6/4/50,14:44,0,0,0,0,0,0,0,0,0,0,15.161,0,0,0,0,0,0,0,0,0,0
3,6/4/50,14:45,0,0,0,0,0,0,0,0,0,0,6.011,0,0,0,0,0,0,0,0,0,0
3,6/4/50,14:46,0,0,0,0,0,0,0,0,0,0,3.937,0,0,0,0,0,0,0,0,0,0
3,6/4/50,14:47,0,0,0,0,0,0,0,0,0,0,4.002,0,0,0,0,0,0,0,0,0,0
3,6/4/50,14:48,0,0,0,0,0,0,0,0,0,0,3.666,0,0,0,0,0,0,0.98,0,0,0
3,6/4/50,14:49,0,0,0,0,0,0,0,0,0,0,3.489,0,0,0,0,0,0,52.214,0,0,0
3,6/4/50,14:50,0,0,0,0,0,0,0,0,0,0,5.647,0,0,0,0,0,0,188.79,0,0,0
3,6/4/50,14:51,0,0,0,0,0,0,0,0,0,0,4.39,0,0,0,0,0,0,79.119,0,0,0
3,6/4/50,14:52,0,0,0,0,0,0,0,0,0,0,4.301,0,0,0,0,0,0,28.254,0,0,0
3,6/4/50,14:53,0,0,0,0,0,0,0,0,0,0,4.721,0,0,0,0,0,0,20.726,0,0,0
3,6/4/50,14:54,0,0,0,0,0,0,0,0,0,0,3.772,0,0,0,0,0,0,29.261,0,0,0
3,6/4/50,14:55,0,0,0,0,0,0,0,0,0,0,4.89,0,0,0,0,0,0,17.679,0,0,0
3,6/4/50,14:56,0,0,0,0,0,0,0,0,0,0,2.901,0,0,0,0,0,0,16.877,0,0,0
3,6/4/50,14:57,0,0,0,0,0,0,0,0,0,0,3.018,0,0,0,0,0,0,19.789,0,0,0
3,6/4/50,14:58,0,0,0,0,0,0,0,0,0,0,6.04,0,0,0,0,0,0,20.924,0,0,0
3,6/4/50,14:59,0,0,0,0,0,0,0,0,0,0,3.315,0,0,0,0,0,0,24.086,0,0,0
3,6/4/50,15:00,0,0,0,0,0,0,0,0,0,0,2.843,0,0,0,0,0,0,35.869,0,0,0
3,6/4/50,15:01,0,0,0,0,0,0,0,0,0,0,3.473,0,0,0,0,0,0,19.687,0,0,0
3,6/4/50,15:02,0,0,0,0,0,0,0,0,0,0,2.988,0,0,0,0,0,0,23.955,0,0,0
3,6/4/50,15:03,0,0,0,0,0,0,0,0,0,0,14.845,0,0,0,0,0,0,21.437,0,0,0
3,6/4/50,15:04,0,0,0,0,0,0,0,0,0,0,3.373,0,0,0,0,0,0,30.143,0,0,0
3,6/4/50,15:05,0,0,0,0,0,0,0,0,0,0,5.268,0,0,0,0,0,0,34.113,0,0,0
3,6/4/50,15:06,0,0,0,0,0,0,0,0,0,0,5.684,0,0,0,0,0,0,24.114,0,0,0
3,6/4/50,15:07,0,0,0,0,0,0,0,0,0,0,5.717,0,0,0,0,0,0,13.828,0,0,0
3,6/4/50,15:08,0,0,0,0,0,0,0,0,0,0,6.394,0,0,0,0,0,0,19.643,0,0,0
3,6/4/50,15:09,0,0,0,0,0,0,0,0,0,0,4.454,0,0,0,0,0,0,11.677,0,0,0
3,6/4/50,15:10,0,0,0,0,0,0,0,0,0,0,4.361,0,0,0,0,0,0,8.642,0,0,0
3,6/4/50,15:11,0,0,0,0,0,0,0,0,0,0,3.621,0,0,0,0,0,0,7.641,0,0,0
3,6/4/50,15:12,0,0,0,0,0,0,0,0,0,0,8.758,0,0,0,0,0,0,11.546,0,0,0
3,6/4/50,15:13,0,0,0,0,0,0,0,0,0,0,2.677,0,0,0,0,0,0,5.754,0,0,0
3,6/4/50,15:14,0,0,0,0,0,0,0,0,0,0,3.834,0,0,0,0,0,0,3.669,0,0,0
3,6/4/50,15:15,0,0,0,0,0,0,0,0,0,0,3.116,0,0,0,0,0,0,5.059,0,0,0
3,6/4/50,15:16,0,0,0,0,0,0,0,0,0,0,5.189,0,0,0,0,0,0,3.639,0,0,0
3,6/4/50,15:17,0,0,0,0,0,0,0,0,0,0,4.563,0,0,0,0,0,0,5.087,0,0,0
3,6/4/50,15:18,0,0,0,0,0,0,0,0,0,0,5.458,0,0,0,0,0,0,3.904,0,0,0
3,6/4/50,15:19,0,0,0,0,0,0,0,0,0,0,3.332,0,0,0,0,0,0,3.811,0,0,0
3,6/4/50,15:20,0,0,0,0,0,0,0,53.114,4.272,0,4.052,0,0,0,0,0,0,2.919,0,0,0
3,6/4/50,15:21,0,0,0,0,0,0,0,59.827,26.608,0,2.912,0,0,0,0,0,0,4.057,0,0,0
3,6/4/50,15:22,0,0,0,0,0,0,0,43.238,18.344,0,3.589,0,0,0,0,0,0,4.189,0,0,0
3,6/4/50,15:23,0,0,0,0,0,0,0,54.68,80.358,0,3.391,0,0,0,0,0,0,7.918,0,0,0
3,6/4/50,15:24,0,0,0,0,0,0,0,27.915,47.512,0,4.067,0,0,0,30.074,0,0,3.012,0,0,0
3,6/4/50,15:25,0,0,0,0,0,0,0,38.33,38.696,0,5.783,23.286,0,0,143.172,0,0,6.475,0,0,28.459
3,6/4/50,15:26,0,0,0,0,0,0,0,34.064,0,0,15.167,0,0,0,47.073,0,0,4.207,0,0,0
3,6/4/50,15:27,0,0,0,0,0,0,0,105.166,22.177,0,33.566,0,0,0,155.528,0,0,5.719,0,0,0
3,6/4/50,15:28,0,0,0,0,0,24.401,0,0,105.716,0,31.797,0,0,0,77.226,0,0,6.711,0,0,0
3,6/4/50,15:29,0,0,0,0,0,44.926,0,0,99.819,0,34.401,4.66,0,0,64.494,0,0,2.891,0,0,0
3,6/4/50,15:30,0,0,0,0,0,54.106,0,0,63.98,0,36.848,114.614,0,0,70.168,0,0,9.685,0,0,0
3,6/4/50,15:31,0,0,0,0,0,50.112,0,0,12.32,0,32.068,147.341,0,0,37.608,0,0,5.053,0,0,0
3,6/4/50,15:32,0,0,0,0,0,45.926,0,0,42.945,0,27.576,95.104,0,0,117.603,0,0,4.468,0,0,0
3,6/4/50,15:33,0,0,0,0,0,87.354,0,0,0,0,10.288,262.284,0,0,113.505,0,0,6.172,0,0,0
3,6/4/50,15:34,0,0,0,0,0,59.425,0,0,98.379,0,4.76,269.988,0,0,103.166,0,0,2.697,0,0,37.352
3,6/4/50,15:35,0,0,0,0,0,77.369,0,0,40.112,0,4.201,0,0,0,138.027,0,0,5.473,0,0,83.957
3,6/4/50,15:36,0,0,0,0,0,117.656,0,0,42.296,0,6.147,0,0,0,159.439,0,0,3.866,0,0,56.686
3,6/4/50,15:37,0,0,0,0,0,29.644,0,0,0,0,3.417,29.272,0,56.58,178.408,0,0,6.019,0,0,83.915
3,6/4/50,15:38,0,0,0,0,0,65.752,0,0,11.112,0,5.153,119.553,0,42.059,116.809,0,0,4.673,0,0,0
3,6/4/50,15:39,0,0,0,0,0,51.289,0,0,109.174,0,6.465,199.866,0,38.582,145.204,0,0,5.918,0,0,0
3,6/4/50,15:40,0,0,0,0,0,44.684,0,0,187.851,0,10.583,218.747,0,55.222,50.723,0,0,4.122,0,0,0
3,6/4/50,15:41,0,0,0,0,0,33.129,0,0,204.205,0,21.932,155.591,0,44.162,144.265,0,0,4.278,0,0,0
3,6/4/50,15:42,0,0,0,0,0,0,0,0,128.51,0,22.982,189.351,0,43.797,137.974,0,0,3.249,0,0,0
3,6/4/50,15:43,0,0,0,0,0,0,0,0,16.487,0,28.891,95.717,0,60.161,0,0,0,5.383,0,0,0
3,6/4/50,15:44,0,0,0,0,0,0,0,0,0,0,34.097,148.637,0,44.074,0,0,0,3.377,0,0,0
3,6/4/50,15:45,0,0,0,0,0,0,0,0,0,0,36.581,48.866,0,0,0,0,0,3.615,0,0,0
3,6/4/50,15:46,0,0,0,0,0,0,0,0,0,0,30.805,27.451,0,0,0,0,0,3.77,0,0,0
3,6/4/50,15:47,0,0,0,0,0,0,0,0,0,0,14.231,0,0,0,0,0,0,16.059,0,0,0
3,6/4/50,15:48,0,0,0,0,0,0,0,0,0,0,3.67,0,0,0,0,0,0,5.676,0,0,0
3,6/4/50,15:49,0,0,0,0,0,0,0,0,0,0,4.158,15.474,0,6.184,0,0,0,3.691,0,0,0
3,6/4/50,15:50,0,0,0,0,0,0,0,0,0,0,4.622,0,0,160.466,0,0,0,4.012,0,0,0
3,6/4/50,15:51,nan,nan,nan,0,0,0,0,0,0,0,6.271,0,0,43.205,0,0,0,10.243,0,0,0
3,6/4/50,15:52,nan,nan,nan,0,0,0,0,0,0,0,5.15,0,0,0,0,0,0,3.39,0,0,0
3,6/4/50,15:53,nan,nan,nan,23.982,0,0,0,0,0,0,4.643,0,0,5.598,0,0,0,3.819,0,0,0
3,6/4/50,15:54,nan,nan,nan,22.279,0,0,0,0,0,0,6.583,15.154,0,0,0,0,0,5.057,0,0,0
3,6/4/50,15:55,nan,nan,nan,49.103,0,0,0,0,0,0,7.262,90.268,0,0,0,0,0,5.835,0,0,0
3,6/4/50,15:56,nan,nan,nan,67.691,0,0,0,0,0,0,9.051,0,0,0,0,0,0,4.241,0,0,0
3,6/4/50,15:57,nan,nan,nan,63.089,0,0,0,0,0,0,3.943,0,0,0,0,0,0,3.851,0,0,0
3,6/4/50,15:58,nan,nan,nan,0,0,0,0,0,0,0,4.842,0,0,0,0,0,0,3.95,0,0,0
3,6/4/50,15:59,nan,nan,nan,0,0,0,0,0,0,0,4.242,0,0,0,0,0,0,5.512,0,0,0
3,6/4/50,16:00,nan,nan,nan,0,0,0,0,0,0,0,7.604,0,0,0,0,0,0,2.988,0,0,0
3,6/4/50,16:01,nan,nan,nan,0,0,0,0,0,0,0,3.617,9.708,0,0,0,0,0,19.449,0,0,0
3,6/4/50,16:02,nan,nan,nan,0,0,0,0,0,0,0,3.1,0,0,0,0,0,0,3.873,0,0,0
3,6/4/50,16:03,nan,nan,nan,0,0,0,0,0,0,0,4.533,0,0,0,0,0,0,5.257,0,0,0
3,6/4/50,16:04,nan,nan,nan,0,0,0,0,0,0,0,13.178,0,0,0,0,0,41.244,3.097,0,0,0
3,6/4/50,16:05,nan,nan,nan,0,0,0,1.602,0,0,28.082,53.465,0,0,0,0,0,60.321,3.193,0,0,0
3,6/4/50,16:06,nan,nan,nan,0,0,0,45.937,0,0,34.811,12.169,0,0,0,0,0,30.143,6.027,0,0,0
3,6/4/50,16:07,nan,nan,nan,0,0,0,131.332,0,0,56.308,4.773,0,14.733,0,0,0,84.484,4.881,0,0,0
3,6/4/50,16:08,nan,nan,nan,0,0,0,73.043,0,0,57.573,3.601,0,50.652,0,0,0,176.655,4.845,0,0,0
3,6/4/50,16:09,nan,nan,nan,0,0,0,41.278,0,0,80.352,4.476,0,21.274,0,0,0,111.99,2.858,0,0,0
3,6/4/50,16:10,nan,nan,nan,0,0,0,96.733,0,0,26.683,5.697,0,17.049,0,0,0,39.176,3.343,0,0,0
3,6/4/50,16:11,nan,nan,nan,0,0,0,72.215,0,0,0,12.221,0,0,0,0,0,65.743,2.962,0,0,0
3,6/4/50,16:12,nan,nan,nan,0,0,0,0,0,0,0,3.627,0,0,0,0,0,98.992,15.102,0,0,0
3,6/4/50,16:13,nan,nan,nan,0,0,0,0,0,0,0,4.859,0,0,0,0,0,122.479,27.059,0,0,0
3,6/4/50,16:14,nan,nan,nan,0,0,0,0,0,0,0,4.189,0,0,0,0,0,99.397,11.246,0,0,0
3,6/4/50,16:15,nan,nan,nan,0,0,0,0,0,0,0,3.397,0,0,0,0,0,60.602,6.799,0,0,0
3,6/4/50,16:16,nan,nan,nan,0,0,0,0,0,0,0,3.416,0,0,0,0,0,129.811,4.636,0,0,0
3,6/4/50,16:17,nan,nan,nan,0,0,0,0,0,0,0,3.816,0,0,0,0,0,32.466,5.003,0,0,0
3,6/4/50,16:18,64.26,0,0,0,0,0,0,0,0,0,3.591,0,0,0,0,0,58.354,13.61,0,0,0
3,6/4/50,16:19,71.415,172.84,62.726,0,0,0,0,0,0,0,23.032,0,0,0,0,0,84.992,5.992,0,0,0
3,6/4/50,16:20,74.262,106.336,92.033,0,0,0,0,0,0,0,6.497,0,0,0,0,45.167,96.362,1.662,0,0,0
3,6/4/50,16:21,108.6,147.764,92.924,0,44.476,0,0,29.288,0,0,4.213,0,0,0,0,140.072,65.829,nan,nan,nan,nan
3,6/4/50,16:22,64.079,14.233,49.752,0,18.343,0,0,65.903,0,0,3.812,0,0,0,0,51.953,81.694,nan,nan,nan,nan
3,6/4/50,16:23,54.682,102.243,51.558,0,43.2,0,0,28.227,0,0,4.516,0,0,0,0,12.832,22.801,nan,nan,nan,nan
3,6/4/50,16:24,76.151,44.494,26.355,0,31.998,0,0,38.578,0,0,4.845,0,0,0,0,0,21.437,nan,nan,nan,nan
3,6/4/50,16:25,104.227,56.017,12.796,0,17.31,0,0,0,0,0,4.666,0,0,0,0,0,60.756,nan,nan,nan,nan
3,6/4/50,16:26,62.023,118.447,2.711,0,22.003,0,0,0,0,0,3.929,0,0,0,0,0,59.921,nan,nan,nan,nan
3,6/4/50,16:27,53.244,56.079,153.757,0,37.927,0,0,0,0,0,5.919,0,0,0,0,0,102.497,nan,nan,nan,nan
3,6/4/50,16:28,114.285,134.072,15.507,0,92.151,0,0,0,0,0,6.64,0,0,0,0,0,75.67,nan,nan,nan,nan
3,6/4/50,16:29,149.574,101.959,39.54,0,137.342,0,0,0,0,0,9.864,0,0,0,0,0,20.816,nan,nan,nan,nan
3,6/4/50,16:30,104.259,55.381,12.831,0,30.764,0,0,0,0,0,4.821,0,0,0,0,0,31.48,nan,nan,nan,nan
3,6/4/50,16:31,129.52,0,72.33,0,94.773,0,0,0,0,0,4.73,0,0,0,0,0,72.597,nan,nan,nan,nan
3,6/4/50,16:32,154.628,0,140.978,0,88.528,0,0,0,0,0,5.513,0,0,0,0,0,26.663,nan,nan,nan,nan
3,6/4/50,16:33,52.529,0,94.47,0,0,0,0,0,0,0,6.068,0,0,0,0,0,31.672,nan,nan,nan,nan
3,6/4/50,16:34,49.087,0,130.703,0,114.29,0,0,0,0,0,5.589,0,0,0,0,0,90.934,nan,nan,nan,nan
3,6/4/50,16:35,82.733,0,135.977,0,54.952,0,0,0,0,0,4.13,0,0,0,0,0,86.516,nan,nan,nan,nan
3,6/4/50,16:36,100.312,0,90.907,0,99.513,0,0,0,0,0,4.651,0,0,0,0,0,63.762,nan,nan,nan,nan
3,6/4/50,16:37,60.158,0,107.555,0,29.011,0,0,0,0,0,8.939,0,0,0,0,0,47.797,nan,nan,nan,nan
3,6/4/50,16:38,0,0,59.539,0,0,0,0,0,0,0,9.095,0,0,0,0,0,25.157,nan,nan,nan,nan
3,6/4/50,16:39,0,0,168.247,0,50.058,0,0,0,0,0,10.094,0,0,0,0,0,59.667,nan,nan,nan,nan
3,6/4/50,16:40,0,0,44.182,0,90.257,0,0,0,0,0,nan,nan,nan,0,0,0,59.739,nan,nan,nan,nan
3,6/4/50,16:41,0,0,0,0,59.245,0,0,0,0,0,nan,nan,nan,0,0,0,44.035,nan,nan,nan,nan
3,6/4/50,16:42,0,0,97.894,0,32.043,0,0,0,0,0,nan,nan,nan,0,0,0,92.499,nan,nan,nan,nan
3,6/4/50,16:43,0,0,68.391,0,0,0,0,0,0,0,nan,nan,nan,0,0,0,48.77,nan,nan,nan,nan
3,6/4/50,16:44,0,0,0,0,0,0,0,0,0,0,nan,nan,nan,0,0,0,48.676,nan,nan,nan,nan
3,6/4/50,16:45,0,0,0,0,0,0,0,0,0,0,nan,nan,nan,0,0,0,103.394,0,0,0,0
3,6/4/50,16:46,0,0,0,0,0,0,0,0,0,0,nan,nan,nan,0,0,0,56.989,0,0,0,0
3,6/4/50,16:47,0,0,0,0,0,0,0,0,0,0,nan,nan,nan,0,0,0,118.459,0,0,0,0
3,6/4/50,16:48,0,0,0,0,0,0,0,0,0,0,nan,nan,nan,0,0,0,29.366,0,0,0,0
3,6/4/50,16:49,0,0,0,0,0,0,0,0,0,0,nan,nan,nan,0,0,0,0,0,0,0,0
3,6/4/50,16:50,0,0,0,31.12,0,0,0,0,0,0,nan,nan,nan,0,0,0,0,0,0,0,0
3,6/4/50,16:51,0,0,0,50.43,0,0,0,0,0,0,nan,nan,nan,0,0,0,0,0,0,0,0
3,6/4/50,16:52,0,0,0,18.951,0,37.877,0,0,0,0,nan,nan,nan,0,0,0,182.499,0,0,0,0
3,6/4/50,16:53,0,0,0,65.935,0,18.603,0,0,0,0,0,0,0,0,0,0,211.503,0,0,0,0
3,6/4/50,16:54,0,0,0,159.104,0,5.764,0,0,0,0,0,10.764,0,0,0,0,0,0,0,0,0
3,6/4/50,16:55,0,0,0,73.395,0,49.608,0,0,0,0,0,39.692,0,0,0,0,0,0,0,0,0
3,6/4/50,16:56,0,0,0,61.813,0,64.679,0,0,0,0,0,0,0,0,0,0,0,0,0,0,0
3,6/4/50,16:57,0,0,0,50.832,0,17.214,0,0,0,0,0,42.443,0,0,0,0,0,0,0,0,0
3,6/4/50,16:58,0,0,0,34.785,0,0,0,0,0,0,0,24.759,0,0,0,0,0,0,0,0,0
3,6/4/50,16:59,0,0,0,44.096,0,0,0,0,0,0,0,35.405,0,0,0,0,0,0,0,0,0
3,6/4/50,17:00,0,0,0,61.409,0,0,0,0,0,0,0,63.705,0,0,0,0,0,0,0,0,0
3,6/4/50,17:01,0,0,0,185.578,0,0,0,0,0,0,0,34.627,0,0,0,0,0,0,0,0,0
3,6/4/50,17:02,0,0,0,60.696,0,0,52.686,0,0,0,0,144.358,0,0,0,0,0,0,0,0,0
3,6/4/50,17:03,0,0,0,0,0,0,138.223,0,0,0,0,142.99,0,0,69.882,27.535,0,0,0,0,0
3,6/4/50,17:04,0,0,0,49.171,0,0,116.654,0,0,0,0,130.236,0,0,73.477,26.704,0,0,0,0,0
3,6/4/50,17:05,0,0,0,59.121,0,0,92.401,0,0,0,0,0,0,0,143.671,20.834,0,0,0,0,0
3,6/4/50,17:06,0,0,0,70.191,0,0,69.537,0,0,0,0,0,0,0,53.477,0,0,0,0,0,0
3,6/4/50,17:07,0,0,0,76.809,0,0,0,0,0,0,0,0,0,0,74.578,0,0,0,0,0,0
3,6/4/50,17:08,0,0,0,9.041,0,0,0,10.859,0,0,0,0,0,0,104.245,0,0,0,0,0,0
3,6/4/50,17:09,0,0,0,0,0,24.942,0,37.49,0,0,0,0,0,0,117.236,0,0,0,0,0,0
3,6/4/50,17:10,0,0,0,0,0,75.861,0,156.3,25.612,0,0,0,0,0,121.111,0,0,0,0,0,0
3,6/4/50,17:11,0,0,0,0,0,46.06,0,43.569,46.035,0,0,0,0,0,73.72,0,0,0,0,0,0
3,6/4/50,17:12,0,0,0,0,0,26.496,0,78.101,49.342,0,0,0,0,0,0,0,0,0,0,0,0
3,6/4/50,17:13,0,0,0,0,0,0,0,69.373,20.276,0,0,0,0,0,0,0,0,0,0,0,0
3,6/4/50,17:14,0,0,0,0,0,0,0,9.37,85.327,0,0,0,0,0,0,0,0,0,0,0,0
3,6/4/50,17:15,0,0,0,0,0,0,0,180.429,27.417,0,0,0,0,0,0,0,0,55.591,0,0,0
3,6/4/50,17:16,0,0,0,0,0,0,0,41.818,0,0,0,0,0,0,0,0,0,42.475,0,0,0
3,6/4/50,17:17,0,0,0,0,0,0,0,77.902,27.875,68.755,0,0,0,0,0,0,0,61.218,0,0,0
3,6/4/50,17:18,0,0,0,0,0,0,0,47.668,0,24.643,0,0,0,0,0,0,0,82.571,0,13.153,0
3,6/4/50,17:19,0,0,0,0,0,0,0,109.728,0,0,0,0,0,0,0,0,0,78.02,0,26.033,0
3,6/4/50,17:20,0,0,0,0,0,0,0,12.359,0,0,0,0,0,0,0,0,0,53.145,0,87.77,0
3,6/4/50,17:21,0,0,0,0,0,0,0,98.27,0,0,0,0,0,0,0,0,0,23.155,0,21.197,0
3,6/4/50,17:22,0,0,0,0,0,0,0,0,0,0,0,0,0,0,0,0,0,43.183,0,29.057,0
3,6/4/50,17:23,0,0,0,0,0,0,0,34.105,0,0,0,0,0,0,0,0,0,0,0,82.829,0
3,6/4/50,17:24,0,0,0,0,0,0,0,101.413,0,0,0,0,0,0,0,0,0,57.483,0,72.793,0
3,6/4/50,17:25,0,0,0,0,0,0,23.104,72.797,0,0,0,0,0,0,0,0,0,110.852,0,14.807,0
3,6/4/50,17:26,0,0,0,0,0,0,85.797,0,0,74.561,0,0,0,0,0,0,0,149.275,0,95.477,0
3,6/4/50,17:27,0,0,0,0,0,0,73.472,0,0,59.282,0,0,0,0,0,0,0,155.201,0,36.261,0
3,6/4/50,17:28,0,0,0,0,0,0,18.669,0,0,60.1,0,0,0,0,0,0,0,1.1,0,51.05,0
3,6/4/50,17:29,0,0,0,0,0,0,42.984,0,0,68.746,0,0,0,0,0,0,0,65.339,0,108.771,0
3,6/4/50,17:30,0,0,0,0,0,0,66.726,0,0,60.365,0,0,0,17.894,0,7.331,0,0,0,99.9,0
3,6/4/50,17:31,0,0,0,0,0,0,1.256,0,0,75.42,0,0,0,52.107,0,69.47,0,0,0,72.42,0
3,6/4/50,17:32,0,0,0,0,0,0,48.7,0,0,90.819,0,0,0,54.355,0,0,0,0,0,100.235,54.91
3,6/4/50,17:33,0,0,0,0,0,0,54.779,0,0,0,0,0,0,81.021,0,77.009,0,0,0,0,32.991
3,6/4/50,17:34,0,0,0,0,0,0,44.529,0,0,0,0,0,0,76.387,0,43.737,0,0,0,0,39.941
3,6/4/50,17:35,0,0,0,0,0,0,56.069,0,0,0,0,0,0,87.894,0,72.038,0,0,0,0,76.533
3,6/4/50,17:36,0,0,0,0,0,0,0,0,0,0,0,0,0,49.785,0,110.831,0,0,0,0,32.865
3,6/4/50,17:37,0,0,0,0,0,0,0,0,0,0,0,0,0,0,0,62.668,0,0,0,0,31.492
3,6/4/50,17:38,0,0,0,0,0,69.59,0,0,0,0,0,0,0,0,0,166.219,0,0,0,0,133.781
3,6/4/50,17:39,0,0,0,0,0,0,0,0,0,0,0,0,0,0,0,114.022,0,0,0,0,95.751
3,6/4/50,17:40,0,0,29.493,0,0,66.597,0,0,0,0,0,0,0,0,0,31.239,0,0,0,0,69.76
3,6/4/50,17:41,0,0,13.13,0,0,14.613,0,0,0,0,0,0,0,0,0,0,0,0,0,0,52.334
3,6/4/50,17:42,0,0,6.773,0,0,57.385,0,0,0,0,64.026,0,0,0,0,0,0,0,0,0,38.248
3,6/4/50,17:43,0,56.294,12.454,0,0,33.956,0,0,0,0,36.571,0,0,0,0,131.63,0,0,0,0,17.359
3,6/4/50,17:44,0,119.913,58.181,0,0,0,0,0,0,0,56.701,0,0,0,0,120.15,0,0,0,0,98.391
3,6/4/50,17:45,0,89.292,18.246,0,0,0,0,0,0,0,70.599,0,0,0,0,29.625,0,0,0,0,180.912
3,6/4/50,17:46,0,128.503,56.753,0,0,0,0,0,0,0,67.504,0,0,0,0,0,0,0,0,0,0
3,6/4/50,17:47,0,114.102,31.721,0,0,0,0,83.531,0,0,37.331,0,0,0,0,0,0,0,0,0,0
3,6/4/50,17:48,0,175.692,21.396,0,0,0,0,5.896,0,0,95.083,0,0,0,0,0,0,0,0,0,0
3,6/4/50,17:49,0,193.944,0,0,0,0,0,5.988,0,0,57.056,0,0,0,0,0,0,0,0,0,0
3,6/4/50,17:50,0,176.388,0,0,0,0,0,6.293,0,0,45.548,0,0,0,0,0,0,0,0,0,0
3,6/4/50,17:51,0,91.482,0,0,0,0,0,28.811,0,0,0,0,0,0,0,0,0,0,0,0,0
3,6/4/50,17:52,0,95.196,0,0,0,0,0,0,0,0,0,0,0,0,0,0,0,0,0,0,0
3,6/4/50,17:53,0,146.023,0,0,0,0,0,0,0,0,0,0,0,0,0,0,0,0,0,0,0
3,6/4/50,17:54,0,58.37,0,0,0,0,0,0,0,0,0,0,0,0,0,0,0,0,0,0,0
3,6/4/50,17:55,0,111.909,0,0,0,0,0,0,0,24.191,0,0,0,0,0,0,0,0,134.678,0,0
3,6/4/50,17:56,0,116.974,0,0,0,0,0,0,0,30.027,0,0,0,0,0,0,0,0,45.277,0,0
3,6/4/50,17:57,0,159.356,0,0,0,110.423,0,0,0,13.783,0,1.073,0,0,0,0,0,0,59.684,0,0
3,6/4/50,17:58,0,0,0,0,0,147.452,50.042,0,0,18.75,0,0,0,0,0,0,0,0,30.223,0,0
3,6/4/50,17:59,0,0,0,55.155,0,79.796,147.135,0,0,90.275,0,0,0,0,0,0,0,0,94.282,0,0
3,6/4/50,18:00,0,0,0,79.341,0,32.844,0,0,0,49.003,0,0,0,0,0,0,0,0,118.708,0,0
3,6/4/50,18:01,0,0,0,48.319,0,50.283,24.427,0,0,71.295,0,30.075,0,0,0,0,0,0,85.726,0,0
3,6/4/50,18:02,0,0,0,0,0,47.541,36.88,0,0,87.58,0,10.158,0,0,0,0,0,0,166.817,0,0
3,6/4/50,18:03,0,0,0,0,0,28.037,38.417,0,0,79.339,0,102.205,0,0,0,0,0,0,112.055,0,0
3,6/4/50,18:04,0,224.318,0,0,0,21.608,171.929,0,0,98.696,0,116.494,0,0,0,36.276,0,0,34.749,0,0
3,6/4/50,18:05,0,136.176,94.781,0,0,68.404,137.315,29.344,0,221.49,0,163.684,0,0,0,74.005,0,0,49.355,0,0
3,6/4/50,18:06,0,148.429,141.2,0,0,51.62,170.855,183.194,0,106.106,0,205.261,0,0,0,170.709,0,0,192.11,182.776,0
3,6/4/50,18:07,0,152.036,74.197,0,0,63.224,126.797,121.456,0,141.531,92.595,169.614,96.505,0,0,283.338,0,0,161.579,42.167,0
3,6/4/50,18:08,0,144.388,119.049,0,0,78.024,219.291,82.027,0,118.313,0,123.843,110.377,0,114.94,168.526,48.469,0,165.068,228.419,0
3,6/4/50,18:09,0,73.174,84.28,0,0,31.782,31.038,231.355,0,80.016,0,120.76,84.087,0,223.769,216.967,153.277,0,57.475,68.452,0
3,6/4/50,18:10,0,158.821,111.639,0,0,97.982,0,74.785,0,112.456,0,161.846,149.335,0,226.506,238.716,19.36,73.204,99.108,242.891,102.221
3,6/4/50,18:11,108.073,187.219,0,0,128.26,80.74,0,152.162,0,113.266,79.393,213.739,51.137,0,169.023,197.5,23.273,81.693,76.525,223.159,185.298
3,6/4/50,18:12,95.136,177.201,39.855,0,103.999,34.911,56.162,150.234,0,109.154,50.1,50.469,57.289,158.494,140.355,102.812,35.888,183.62,137.673,64.06,33.446
3,6/4/50,18:13,68.689,181.264,186.443,31.973,49.734,80.984,37.094,185.244,0,70.082,0,142.492,70.667,118.081,230.647,32.472,126.352,179.123,98.89,65.668,0
3,6/4/50,18:14,91.323,169.421,132.177,74.382,65.606,21.33,0,100.585,0,66.77,0,171.343,49.202,94.189,203.558,52.221,149.525,87.725,28.634,101.962,61.801
3,6/4/50,18:15,42.098,28.425,96.961,149.196,91.961,23.336,0,110.658,37.183,114.309,0,141.009,52.451,40.871,185.555,52.911,140.484,172.103,60.62,143.931,120.341
3,6/4/50,18:16,85.261,27.121,102.653,158.431,114.771,33.42,142.192,129.451,49.442,32.588,0,15.307,70.042,114.311,162.203,105.61,143.396,169.423,61.333,25.813,65.263
3,6/4/50,18:17,104.47,95.48,83.592,86.317,106.494,82.941,188.855,46.641,32.903,4.788,0,0,151.718,76.214,0,146.267,197.311,108.09,35.953,97.987,192.795
3,6/4/50,18:18,80.417,159.646,105.625,76.266,104.34,42.756,151.861,30.57,59.836,0,0,0,108.03,209.333,0,72.98,146.607,108.194,127.29,91.788,196.982
3,6/4/50,18:19,27.781,35.654,86.015,165.132,84.691,86.48,67.691,66.091,61.029,3.477,0,0,75.886,97.425,2.719,114.178,0,98.711,116.425,149.864,199.156
3,6/4/50,18:20,51.127,0,22.353,0,125.915,44.616,0,189.013,35.279,0,102.08,0,47.103,95.719,172.564,78.904,38.145,220.335,45.536,114.734,49.697
3,6/4/50,18:21,85.382,0,146.585,0,112.59,22.214,68.835,43.36,105.76,0,154.013,0,17.132,98.722,110.469,0,53.23,177.567,33.602,1.504,105.661
3,6/4/50,18:22,29.703,0,51.413,0,0,0,161.238,71.255,55.73,0,71.567,0,90.846,32.348,17.758,0,120.985,112.069,13.753,51.035,113.857
3,6/4/50,18:23,62.938,0,182.321,0,0,16.855,72.569,42.139,33.85,84.574,17.532,0,112.598,68.367,0,0,108.641,99.358,53.762,31.4,56.66
3,6/4/50,18:24,50.243,0,63.176,0,0,25.148,134.883,108.357,93.299,123.214,68.788,0,87.291,105.733,112.872,0,25.386,156.145,66.782,45.236,73.127
3,6/4/50,18:25,30.54,0,20.858,17.342,0,64.372,110.18,110.604,53.693,151.06,97.057,0,103.374,58.776,208.241,3.565,34.86,162.798,0,90.994,95.658
3,6/4/50,18:26,31.947,0,95.805,107.017,60.048,52.352,73.508,71.879,0,27.887,79.058,0,190.593,39.691,188.445,163.431,75.695,73.538,63.608,155.445,0
3,6/4/50,18:27,32.898,0,165.66,31.142,22.932,39.967,108.841,29.01,0,122.571,0,0,114.217,89.912,234.886,75.303,123.015,110.895,32.481,79.283,0
3,6/4/50,18:28,135.733,0,99.042,77.859,53.12,13.755,0,145.636,43.455,46.958,53.767,25.321,130.873,64.02,115.46,34.775,43.672,24.375,117.42,106.409,0
3,6/4/50,18:29,39.01,14.669,27.245,88.115,5.435,15.127,110.941,60.784,134.451,10.313,42.456,89.482,118.036,19.224,168.766,197.243,27.19,0,78.599,234.034,0
3,6/4/50,18:30,32.321,266.53,89.343,140.296,117.896,22.367,136.809,73.465,11.366,2.698,29.358,131.015,57.506,79.011,50.794,152.153,64.671,0,128.955,55.995,35.354
3,6/4/50,18:31,0,150.708,73.535,40.151,43.091,19.013,101.253,98.501,35.096,86.995,19.03,73.947,59.41,95.982,71.918,19.016,34.69,0,71.079,194.572,127.944
3,6/4/50,18:32,0,215.691,179.516,61.845,50.417,0,76.435,163.844,0,49.755,59.028,37.649,97.095,44.381,75.3,19.067,40.727,0,47.942,84.458,43.902
3,6/4/50,18:33,0,205.678,113.435,102.445,13.692,0,63.652,149.302,0,50.442,0,137.991,104.235,100.103,75.754,101.689,45.406,0,27.604,70.64,30.356
3,6/4/50,18:34,0,130.998,143.81,147.822,129.29,0,82.138,90.858,24.71,17.654,0,0,38.779,28.602,0,171.802,29.267,0,0,90.27,118.816
3,6/4/50,18:35,0,74.474,33.603,185.866,0,0,101.12,87.464,119.01,13.077,0,33.953,0,0,0,134.488,81.995,0,37.412,108.566,69.953
3,6/4/50,18:36,129.409,155.883,29.503,192.037,0,0,97.544,42.429,43.207,15.389,0,85.935,0,53.177,53.136,124.24,77.244,0,47.231,26.101,93.727
3,6/4/50,18:37,138.419,152.678,139.172,232.868,0,0,97.693,117.066,0,14.377,0,40.071,0,0,100.288,106.808,24.99,116.654,0,20.612,0
3,6/4/50,18:38,30.075,148.731,200.265,66.057,0,0,100.189,101.496,0,17.146,0,113.859,0,0,0,18.056,53.652,158.17,0,74.791,147.778
3,6/4/50,18:39,17.094,108.826,121.088,11.92,0,0,123.396,153.283,0,11.374,0,18.676,0,0,0,0,21.096,0,0,137.239,28.068
3,6/4/50,18:40,63.284,114.133,160.147,0,0,0,41.414,52.977,0,10.709,0,0,0,0,167.734,10.373,4.738,63.92,0,175.265,206.719
3,6/4/50,18:41,58.813,131.947,163.178,42.127,0,0,0,117.894,0,53.85,62.657,39.107,0,0,135.962,105.657,0,162.401,0,50.001,96.626
3,6/4/50,18:42,98.992,82.918,128.081,0,0,0,0,51.504,0,124.333,68.862,150.273,0,0,218.343,59.486,10.536,56.953,0,62.599,0
3,6/4/50,18:43,95.177,183.055,136.754,0,0,0,0,116.497,0,112.234,46.365,76.64,0,0,71.103,143.709,150.129,30.849,0,154.215,3.997
3,6/4/50,18:44,70.719,332.771,106.529,0,0,0,0,115.062,0,118.803,16.495,21.72,0,0,98.06,158.526,108.817,61.956,0,190.658,71.429
3,6/4/50,18:45,17.392,29.984,0,0,0,0,0,32.877,0,62.584,0,62.014,0,0,110.746,184.633,51.989,19.861,0,9.239,91.652
3,6/4/50,18:46,44.987,148.073,57.427,95.521,0,0,0,119.92,0,79.155,78.253,22.681,0,0,81.177,136.795,0,48.822,0,96.895,32.689
3,6/4/50,18:47,68.659,169.869,128.613,166.16,0,0,0,94.788,0,93.403,0,0,0,0,120.3,109.224,0,55.551,0,148.595,95.77
3,6/4/50,18:48,8.516,45.366,58.346,24.826,0,0,0,9.107,0,19.445,0,110.502,0,0,74.166,26.275,0,96.52,0,161.286,59.655
3,6/4/50,18:49,13.56,183.921,99.012,28.033,0,0,0,0,0,14.838,61.752,61.015,0,0,0,17.2,6.2,145.998,0,73.169,57.867
3,6/4/50,18:50,0,224.728,41.35,68.558,0,0,0,101.954,0,11.375,0,96.701,0,0,66.462,88.035,156.564,0,0,61.562,53.199
3,6/4/50,18:51,0,159.383,97.137,64.334,0,0,0,50.707,0,15.728,0,64.949,0,0,20.114,183.609,81.512,27.753,0,29.973,125.864
3,6/4/50,18:52,30.607,185.054,67.996,105.966,0,0,0,57.244,0,12.675,0,117.718,0,0,91.184,78.527,0,128.575,0,29.583,40.329
3,6/4/50,18:53,54.875,213.414,38.098,183.889,0,0,0,173.13,0,14.419,0,83.196,0,0,62.78,55.014,0,162.664,0,134.874,0
3,6/4/50,18:54,0,167.432,119.96,55.538,0,0,0,73.484,0,8.741,0,0,0,0,110.706,119.474,0,0,0,99.925,0
3,6/4/50,18:55,0,276.67,155.646,159.138,0,0,0,49.263,0,10.303,0,0,0,0,121.782,162.575,0,17.756,0,80.48,0
3,6/4/50,18:56,0,194.003,133.556,178.088,0,0,0,85.445,0,10.068,0,0,0,0,134.687,31.274,0,58.344,0,84.836,0
3,6/4/50,18:57,0,190.156,0,62.54,0,0,0,167.213,0,10.031,0,0,0,0,144.235,164.675,0,50.608,0,96.377,68.271
3,6/4/50,18:58,50.573,135.398,26.348,96.702,0,0,0,112.438,0,74.355,0,0,0,0,0,168.66,0,0,0,126.4,0
3,6/4/50,18:59,28.341,52.029,0,61.787,0,0,0,81.186,0,51.462,0,0,0,0,7.714,131.479,0,75.514,0,62.172,0
3,6/4/50,19:00,26.163,86.003,0,120.491,0,0,0,91.28,0,48.729,0,0,0,0,14.553,29.607,0,39.258,0,42.556,0
3,6/4/50,19:01,152.904,126.86,0,29.583,0,0,0,62.263,0,87.223,0,28.663,0,0,132.421,17.821,0,0,0,140.631,0
3,6/4/50,19:02,191.604,239.732,0,58.998,0,0,0,0,0,110.818,0,143.724,0,0,198.131,21.642,0,0,0,1.056,50.142
3,6/4/50,19:03,38.387,161.105,97.151,30.553,108.48,0,0,0,0,94,0,124.941,0,0,111.461,108.428,0,0,0,78.498,142.298
3,6/4/50,19:04,108.881,211.899,162.236,84.463,60.225,0,0,0,0,87.993,0,128.751,0,0,148.188,21.9,0,0,0,82.763,51.652
3,6/4/50,19:05,40.437,175.577,71.346,0,171.876,0,0,0,0,71.665,0,0,0,0,126.557,0,0,0,0,52.551,128.482
3,6/4/50,19:06,12.128,140.209,57.152,0,53.572,0,0,0,0,117.963,0,32.316,0,0,135.355,0,0,0,0,93.911,0
3,6/4/50,19:07,27.697,189.749,75.583,0,106.733,0,0,0,0,40.435,0,34.539,0,0,100.372,0,0,0,0,160.509,0
3,6/4/50,19:08,85.141,100.122,51.82,24.82,139.465,0,0,0,0,18.119,0,71.691,26.812,0,61.798,0,0,0,0,73.753,0
3,6/4/50,19:09,47.06,121.782,141.289,15.948,69.996,0,0,0,0,9.953,0,120.046,63.389,0,111.099,41.786,0,0,0,0,0
3,6/4/50,19:10,82.141,110.857,12.611,17.384,21.911,0,0,0,0,7.767,0,0,115.75,160.176,0,62.664,0,0,31.2,0,0
3,6/4/50,19:11,27.765,150.703,10.353,29.249,0,0,0,0,0,56.387,0,0,77.548,40.806,49.426,241.162,0,0,117.186,64.241,0
3,6/4/50,19:12,144.101,63.302,81.994,88.243,0,0,0,0,0,90.263,0,0,111.893,62.18,157.021,196.539,0,0,73.519,183.272,0
3,6/4/50,19:13,27.17,290.693,38.977,58.618,0,0,0,0,0,33.671,0,0,85.918,125.795,63.65,58.733,0,0,147.514,65.745,0
3,6/4/50,19:14,41.156,218.767,21.602,115.977,0,0,66.081,0,0,29.664,0,0,81.105,108.806,94.264,18.02,0,0,87.414,100.153,0
3,6/4/50,19:15,0,107.39,107.95,21.239,0,0,152.811,0,0,2.779,0,0,123.851,17.598,107.811,113.143,0,0,67.387,156.313,0
3,6/4/50,19:16,107.17,88.226,62.21,32.733,0,0,76.167,0,0,29.218,0,0,132.382,108.795,115.573,118.28,0,0,64.003,71.288,0
3,6/4/50,19:17,0,165.399,27.622,60.102,0,0,84.416,0,0,88.768,0,0,76.002,21.608,63.847,120.412,0,0,48.265,30.601,0
3,6/4/50,19:18,152.917,69.846,61.132,125.174,0,0,99.808,0,0,78.817,0,0,148.473,24.604,31.031,0,0,0,18.526,24.345,0
3,6/4/50,19:19,71.677,30.555,80.129,140.013,0,0,116.442,0,0,116.768,0,0,88.566,101.579,19.073,0,0,0,51.844,206.098,0
3,6/4/50,19:20,0,150.792,101.895,33.933,0,0,68.963,2.648,0,72.178,0,0,131.285,47.23,32.018,0,0,0,63.641,135.604,0
3,6/4/50,19:21,0,161.933,96.615,0,0,0,55.72,107.613,0,100.151,0,0,113.541,101.375,25.429,0,0,0,36.906,66.061,0
3,6/4/50,19:22,0,113.101,85.341,81.618,0,0,96.909,51.624,0,57.21,0,97.629,128.158,65.726,154.586,0,0,0,25.004,125.393,0
3,6/4/50,19:23,0,116.658,68.272,74.499,0,0,0,102.069,0,107.379,0,148.208,100.383,0,101.383,50.511,0,0,53.071,205.474,0
3,6/4/50,19:24,0,185.019,142.289,0,0,0,80.887,114.713,0,46.211,0,129.035,95.041,0,111.834,20.531,0,0,96.297,201.214,0
3,6/4/50,19:25,0,64.703,208.806,0,0,0,120.256,0,0,9.163,0,84.716,63.456,0,77.987,13.233,0,0,126.977,35.986,0
3,6/4/50,19:26,0,205.098,150.991,0,0,0,99.187,37.132,0,19.876,0,23.44,99.775,0,82.405,19.044,0,0,87.672,37.946,0
3,6/4/50,19:27,0,184.153,115.046,0,0,0,159.645,139.152,0,27.95,0,183.242,86.748,0,245.423,86.845,0,0,0,0,0
3,6/4/50,19:28,0,105.928,153.962,0,0,0,51.371,89.074,0,41.623,0,40.366,143.991,0,99.821,132.261,0,0,65.877,67.737,0
3,6/4/50,19:29,0,211.041,120.236,0,0,0,91.721,81.487,0,29.951,0,61.922,108.29,0,83.652,146.069,0,0,97.933,65.307,0
3,6/4/50,19:30,0,167.449,130.991,0,0,0,69.365,71.912,0,37.888,0,93.982,70.231,0,131.295,51.852,0,0,61.923,81.877,0
3,6/4/50,19:31,0,115.132,26.314,0,0,0,103.039,84.604,0,45.958,0,32.997,64.333,0,50.86,104.67,0,0,73.415,51.709,0
3,6/4/50,19:32,0,113.004,16.97,0,0,0,9.093,0,0,22.788,0,18.232,92.228,0,38.303,64.997,0,177.799,0,115.695,0
3,6/4/50,19:33,0,130.618,17.683,0,0,0,61.723,0,0,6.262,0,174.563,22.241,0,0,79.031,0,94.519,10.044,19.487,0
3,6/4/50,19:34,0,58.466,14.136,0,0,0,51.915,0,0,4.344,0,141.784,0,0,0,174.984,0,72.513,92.047,0,0
3,6/4/50,19:35,0,15.363,88.534,0,0,0,123.729,0,0,4.137,0,0,0,0,0,29.418,0,114.951,111.732,0,0
3,6/4/50,19:36,0,145.703,43.615,0,0,0,43.112,0,0,2.923,0,0,0,0,0,15.677,0,145.866,79.732,64.531,0
3,6/4/50,19:37,0,82.76,0,0,0,0,17.019,0,0,3.353,80.056,11.469,0,0,0,65.001,0,8.917,81.137,69.2,0
3,6/4/50,19:38,0,152.715,172.291,0,0,26.288,45.042,0,0,4.127,72.335,90.676,0,23.144,0,44.216,0,25.276,48.865,64.006,0
3,6/4/50,19:39,0,163.868,64.195,0,0,10.969,201.919,0,0,3.724,90.37,42.599,0,39.836,0,16.348,0,194.616,66.745,165.915,0
3,6/4/50,19:40,0,201.696,77.955,0,0,25.077,82.034,0,0,51.985,0,0,0,0,0,0,0,55.579,104.702,54.377,0
3,6/4/50,19:41,0,78.115,136.896,0,0,13.867,0,0,0,26.095,0,0,0,100.756,0,0,0,40.745,43.873,37.014,62.914
3,6/4/50,19:42,0,181.691,98.23,0,0,0,0,0,0,0,0,0,0,83.553,0,0,0,0,98.642,0,132.041
3,6/4/50,19:43,0,55.678,147.172,0,0,0,0,0,0,0,0,0,0,77.937,0,0,0,0,0,0,153.723
3,6/4/50,19:44,0,98.998,79.959,0,0,0,0,0,0,0,0,0,0,59.681,0,0,0,0,0,0,144.891
3,6/4/50,19:45,130.659,136.427,0,0,0,0,0,0,0,0,48.915,0,0,73.917,0,0,0,0,0,0,168.951
3,6/4/50,19:46,26.266,99.82,0,0,0,0,0,0,0,0,21.2,0,0,29.234,0,0,0,0,0,0,72.119
3,6/4/50,19:47,116.805,126.799,0,0,0,0,0,0,0,0,87.933,0,0,106.756,0,0,0,9.323,0,0,44.87
3,6/4/50,19:48,107.665,199.171,0,0,0,17.792,0,0,0,0,193.506,43.491,0,24.72,0,0,0,108.426,0,0,57.319
3,6/4/50,19:49,84.911,180.947,0,0,0,65.144,0,0,0,0,15.702,0,0,62.09,0,0,0,92.071,0,0,49.265
3,6/4/50,19:50,66.652,88.849,0,0,0,0,0,0,0,0,0,0,0,34.824,0,0,0,141.695,0,0,44.783
3,6/4/50,19:51,99.749,172.62,53.275,0,0,0,0,0,0,0,0,0,0,34.305,0,0,0,103.848,0,0,45.653
3,6/4/50,19:52,19.967,194.831,102.576,23.717,0,0,0,0,0,0,0,0,0,32.184,0,0,0,80.512,0,0,124.767
3,6/4/50,19:53,122.544,122.067,23.483,156.583,0,0,0,0,0,0,21.087,0,0,64.896,0,0,0,165.764,0,0,79.468
3,6/4/50,19:54,104.717,219.282,0,67.451,0,0,0,0,0,0,37.955,0,0,27.88,0,0,0,106.765,0,0,0
3,6/4/50,19:55,81.834,155.367,0,180.142,0,0,0,0,0,0,49.759,0,0,0,0,0,0,0,0,0,0
3,6/4/50,19:56,35.709,183.9,0,213.259,0,0,0,0,0,0,37.905,0,0,0,0,0,0,0,0,0,0
3,6/4/50,19:57,27.798,123.906,0,83.452,0,0,0,0,0,0,33.815,0,0,153.609,0,0,0,175.099,0,0,0
3,6/4/50,19:58,31.419,219.591,0,109.233,0,0,0,0,0,0,38.934,0,0,54.952,0,0,0,62.482,0,0,0
3,6/4/50,19:59,0,191.315,0,154.616,0,0,0,0,0,0,0,0,0,24.524,0,0,0,103.186,0,0,0
3,6/4/50,20:00,60.319,82.91,0,91.674,0,0,0,0,0,0,0,0,0,35.092,0,0,0,86.928,0,0,0
3,6/4/50,20:01,60.711,120.19,0,26.44,0,0,0,0,0,0,0,0,0,77.213,0,0,0,127.213,0,0,0
3,6/4/50,20:02,30.07,59.867,0,19.38,0,0,0,0,0,0,0,0,0,46.733,0,0,0,65.112,0,0,0
3,6/4/50,20:03,94.311,165.384,0,78.735,0,0,0,0,0,0,0,0,0,113.748,26.644,0,0,44.59,0,0,0
3,6/4/50,20:04,169.181,58.469,0,132.761,0,0,0,0,0,0,0,0,0,44.214,146.788,0,0,97.276,0,0,0
3,6/4/50,20:05,51.625,96.646,0,64.915,91.176,0,0,0,0,0,0,0,0,57.875,144.4,0,0,75.98,0,0,82.575
3,6/4/50,20:06,29.201,100.709,123.996,73.088,42.908,0,0,0,0,0,0,0,0,0,212.306,0,0,54.172,0,0,110.706
3,6/4/50,20:07,38.144,172.78,81.413,44.004,65.97,0,0,0,0,0,0,0,0,71.065,151.813,0,0,55.806,0,0,97.387
3,6/4/50,20:08,37.841,218.743,0,50.492,37.212,0,0,0,0,0,0,0,0,121.975,181.659,0,0,45.193,0,0,85.862
3,6/4/50,20:09,39.536,134.048,0,111.157,34.843,0,0,0,0,24.829,0,0,0,0,105.246,0,0,60.449,0,0,112.18
3,6/4/50,20:10,32.914,241.381,0,51.942,50.875,0,0,0,0,93.361,0,0,0,0,192.896,0,0,53.916,0,0,85.751
3,6/4/50,20:11,22.808,198.6,0,108.529,67.419,0,0,0,0,95.533,0,0,0,0,96.922,0,0,43.785,0,0,50.941
3,6/4/50,20:12,27.952,209.906,0,157.264,60.114,0,0,34.487,0,19.871,0,0,0,0,149.589,128.247,0,29.49,0,0,39.282
3,6/4/50,20:13,23.801,166.629,0,64.231,59.843,0,0,23.997,0,69.937,0,0,27.667,0,21.192,326.369,0,83.945,0,0,29.904
3,6/4/50,20:14,136.844,160.632,0,0,0,0,0,30.315,0,74.803,0,0,22.651,0,0,145.592,0,38.012,0,0,46.488
3,6/4/50,20:15,63.446,119.996,0,110.541,15.093,0,0,114.628,0,71.987,0,0,127.539,0,197.176,178.167,0,44.577,0,0,136.776
3,6/4/50,20:16,0,222.783,0,10.612,73.066,0,0,131.038,0,24.623,0,0,24.101,0,64.967,74.124,0,0,0,0,100.259
3,6/4/50,20:17,0,235.023,0,51.826,19.342,0,0,45.28,0,34.884,0,0,143.77,0,90.106,114.516,0,0,0,0,126.712
3,6/4/50,20:18,0,85.263,0,56.857,0,0,0,0,0,70.849,0,0,75.142,0,117.445,116.681,0,0,0,0,82.598
3,6/4/50,20:19,0,88.846,0,64.795,30.94,0,0,0,0,101.5,0,0,151.326,0,74.524,96.878,0,0,0,0,11.087
3,6/4/50,20:20,0,75.914,0,57.519,52.125,0,0,66.745,0,38.155,0,0,99.503,0,10.178,181.486,0,0,0,0,0
3,6/4/50,20:21,0,0,0,150.004,0,0,0,61.798,0,92.185,0,0,123.584,0,58.351,47.454,0,0,0,0,0
3,6/4/50,20:22,0,159.914,0,17.855,15.019,0,0,0,29.916,109.159,0,0,48.353,0,79.236,107.798,0,0,0,0,0
3,6/4/50,20:23,0,135.236,0,63.972,78.912,0,0,0,10.362,117.966,0,0,47.612,0,154.983,70.224,0,0,0,0,0
3,6/4/50,20:24,0,200.647,0,38.185,7.285,0,0,0,43.579,101.66,0,0,22.365,0,112.519,218.668,0,0,0,0,0
3,6/4/50,20:25,0,4.007,0,0,116.683,0,0,27.961,31.002,63.36,0,0,63.955,0,83.675,115.938,0,0,0,0,0
3,6/4/50,20:26,0,195.471,0,43.84,122.482,0,0,128.151,38.723,0,0,0,108.529,0,73.267,133.761,0,0,0,38.744,0
3,6/4/50,20:27,0,66.32,0,30.278,51.935,0,0,42.14,51.919,0,0,0,129.42,0,27.562,103.142,0,0,0,134.514,0
3,6/4/50,20:28,0,67.075,0,37.385,43.82,0,0,129.855,152.033,73.772,0,0,41.36,0,0,32.713,0,0,0,130.361,0
3,6/4/50,20:29,0,0,0,39.851,86.609,0,0,19.277,78.298,12.532,0,0,55.114,0,23.073,0,0,0,0,166.934,0
3,6/4/50,20:30,0,130.102,0,64.273,56.087,0,0,26.336,35.33,11.408,0,0,93.46,0,0,0,0,0,0,108.874,0
3,6/4/50,20:31,0,169.773,0,49.86,56.381,0,0,159.275,42.563,11.577,0,0,19.916,0,64.044,151.441,0,0,0,42.316,41.33
3,6/4/50,20:32,0,121.643,0,25.496,33.569,0,0,82.861,69.023,16.665,0,0,52.944,0,78.77,70.521,0,0,0,61.901,70.315
3,6/4/50,20:33,0,69.783,0,100.917,0,0,0,125.201,0,10.44,0,0,66.556,0,123.322,169.571,0,19.244,0,51.278,30.934
3,6/4/50,20:34,0,98.783,0,20.112,0,0,0,151.852,0,9.38,0,0,80.353,0,39.119,128.866,0,151.369,0,143.532,97.948
3,6/4/50,20:35,0,220.318,0,78.912,0,0,0,103.622,0,75.01,0,0,0,0,133.398,35.01,0,49.891,0,99.192,33.186
3,6/4/50,20:36,0,101.719,0,39.035,0,32.947,0,45.966,0,18.113,0,0,0,0,162.271,28.732,0,96.594,0,44.321,50.619
3,6/4/50,20:37,0,41.985,0,84.472,0,13.316,0,94.925,0,0,0,0,0,0,29.657,107.048,0,140.662,0,116.282,65.632
3,6/4/50,20:38,0,152.341,0,88.288,0,11.417,0,24.938,0,0,0,0,0,0,0,56.948,0,130.237,0,23.138,53.023
3,6/4/50,20:39,0,0,0,39.749,0,29.91,0,19.969,0,52.39,0,0,0,0,116.436,200.977,0,83.333,0,0,154.457
3,6/4/50,20:40,0,46.118,0,0,0,25.369,0,32.54,7.986,53.768,0,0,0,0,108.358,55.781,0,27.215,0,108.145,118.252
3,6/4/50,20:41,0,99.343,0,0,0,34.933,0,0,57.757,108.688,0,0,0,0,0,71.334,0,35.162,0,147.531,50.695
3,6/4/50,20:42,0,62.779,0,0,0,177.524,0,39.641,77.699,109.552,0,0,0,0,0,193.64,0,17.236,0,105.858,35.552
3,6/4/50,20:43,0,77.128,0,0,0,71.588,0,28.303,67.119,24.156,0,0,0,0,0,145.694,0,30.492,0,124.474,0
3,6/4/50,20:44,0,119.868,0,0,0,47.187,0,0,96.288,114.358,0,0,0,0,0,69.193,0,138.366,0,95.978,0
3,6/4/50,20:45,0,89.274,0,0,0,17.616,0,0,44.164,52.887,0,0,0,0,0,3.948,0,113.513,0,51.415,0
3,6/4/50,20:46,0,1.771,0,0,0,15.15,0,0,0,108.074,0,0,0,0,0,0,0,0,0,104.028,0
3,6/4/50,20:47,0,117.727,0,0,0,57.545,0,0,0,91.746,0,0,0,0,0,0,0,62.584,0,92.154,0
3,6/4/50,20:48,0,162.172,0,0,0,33.121,0,0,0,103.29,0,0,0,0,0,108.653,0,90.282,0,74.117,0
3,6/4/50,20:49,0,175.754,0,0,0,40.383,0,0,0,80.583,0,0,0,0,0,76.466,0,23.775,0,30.469,0
3,6/4/50,20:50,0,100.926,0,0,0,33.446,0,0,0,70.268,0,0,0,0,0,0,0,14.699,0,165.15,0
3,6/4/50,20:51,0,0,0,0,0,37.444,0,0,0,0,0,0,30.216,0,0,0,0,0,0,28.253,0
3,6/4/50,20:52,0,0,0,0,0,37.627,0,0,3.938,0,0,0,34.493,0,0,0,0,0,0,114.436,0
3,6/4/50,20:53,0,128.547,0,0,0,29.36,0,0,7.518,0,0,0,90.739,0,0,0,0,0,0,128.621,0
3,6/4/50,20:54,0,40.286,0,0,0,54.718,76.784,0,6.606,0,0,0,117.539,0,0,0,0,68.887,0,23.358,13.144
3,6/4/50,20:55,0,108.601,0,0,0,19.467,176.964,0,46.824,0,0,0,64.242,0,0,0,0,7.119,0,0,25.243
3,6/4/50,20:56,0,142.583,0,0,0,51.597,92.057,0,133.956,0,0,0,0,0,0,0,0,0,0,57.345,0
3,6/4/50,20:57,0,111.824,0,0,0,34.896,156.815,0,37.056,0,0,0,0,0,0,80.659,0,149.556,0,86.572,0
3,6/4/50,20:58,0,212.394,0,0,0,19.699,90.964,0,25.129,0,0,6.123,0,0,0,223.289,0,35.632,0,8.267,0
3,6/4/50,20:59,0,208.939,0,0,0,0,96.147,0,0,0,0,26.594,0,0,0,148.476,0,26.312,0,10.488,0
3,6/4/50,21:00,0,70.389,0,0,0,0,163.805,0,0,0,0,184.92,0,0,0,218.662,0,57.658,0,13.467,0
3,6/4/50,21:01,0,193.47,0,0,0,0,71.776,0,0,0,0,0,0,0,0,225.396,0,24.165,0,32.872,0
3,6/4/50,21:02,0,159.41,0,0,0,0,48.738,0,0,0,0,0,0,0,0,139.711,0,72.046,0,83.086,0
3,6/4/50,21:03,0,24.083,0,0,0,0,9.545,0,0,0,0,0,0,0,0,124.752,0,83.453,31.5,65.701,0
3,6/4/50,21:04,49.919,0,0,0,0,0,101.938,0,0,0,0,0,0,0,0,57.119,0,44.28,102.334,155.552,0
3,6/4/50,21:05,49.781,0,0,0,0,0,94.36,28.889,0,0,0,0,0,0,0,139.269,0,46.407,108.472,134.047,0
3,6/4/50,21:06,87.291,0,0,0,0,0,111.081,57.059,0,0,0,27.066,0,0,0,146.773,0,0,39.981,66.653,0
3,6/4/50,21:07,11.578,0,0,0,0,0,85.496,97.215,0,0,47.992,92.693,0,0,0,39.842,0,0,21.786,165.28,0
3,6/4/50,21:08,122.07,0,0,0,0,0,104.838,111.012,0,0,60.71,147.959,0,0,0,87.959,0,0,36.338,8.012,0
3,6/4/50,21:09,76.872,0,0,0,0,0,83.743,13.624,0,0,92.576,89.945,0,0,0,146.308,0,0,69.45,54.302,0
3,6/4/50,21:10,9.818,0,0,0,0,0,99.64,81.233,0,0,156.08,18.881,0,0,0,110.737,0,0,50.638,112.945,0
3,6/4/50,21:11,49.923,0,0,64.089,0,0,85.828,77.775,0,0,45.137,30.074,0,0,0,38.066,0,0,25.158,105.196,0
3,6/4/50,21:12,59.157,0,0,91.542,0,0,93.162,108.41,0,0,34.715,75.596,0,0,0,17.147,0,0,0,95.7,0
3,6/4/50,21:13,20.044,0,0,113.102,0,0,107.121,107.341,0,0,0,120.377,0,0,0,13.456,0,0,0,55.715,0
3,6/4/50,21:14,90.682,0,0,138.131,0,0,106.141,159.846,0,0,0,57.761,0,0,0,40.498,0,0,0,93.495,0
3,6/4/50,21:15,77.359,0,0,116.627,0,0,22.24,37.827,0,0,0,14.162,0,0,0,62.387,0,0,0,79.247,0
3,6/4/50,21:16,0,0,0,123.235,0,0,52.736,53.896,0,0,0,106.669,0,0,0,111.56,0,0,0,52.33,0
3,6/4/50,21:17,0,96.552,0,116.415,0,0,118.231,144.711,0,0,0,91.616,0,0,0,130.971,0,0,0,93.578,0
3,6/4/50,21:18,0,141.541,0,137.489,0,0,38.682,165.027,0,0,0,43.676,0,0,0,94.633,0,0,0,37.07,0
3,6/4/50,21:19,0,115.54,32.805,33.081,0,0,0,13.405,0,0,0,79.654,0,0,0,122.959,0,0,0,117.182,0
3,6/4/50,21:20,0,123.127,31.908,18.717,0,0,20.687,83.5,0,0,0,84.119,0,0,0,119.204,0,0,0,78.701,0
3,6/4/50,21:21,0,105.78,64.159,62.286,0,0,105.205,22.295,0,0,40.781,34.407,0,0,0,126.817,0,0,0,45.355,0
3,6/4/50,21:22,0,57.336,52.588,138.535,0,0,54.378,55.72,0,0,41.795,23.962,0,0,0,134.07,0,25.726,0,128.638,0
3,6/4/50,21:23,0,152.726,0,95.044,0,0,87.676,87.555,0,0,62.454,103.847,0,0,0,197.202,0,126.362,0,102.009,0
3,6/4/50,21:24,0,38.578,1.638,77.62,0,0,39.69,117.918,0,0,151.428,60.152,0,0,0,62.004,0,139.654,0,82.473,0
3,6/4/50,21:25,0,1.858,65.138,62.328,0,0,0,110.689,0,0,0,0,0,0,0,0,0,29.346,0,36.561,0
3,6/4/50,21:26,0,112.705,0,48.596,0,0,130.836,57.478,0,0,0,0,0,0,0,51.915,0,76.288,0,110.679,0
3,6/4/50,21:27,0,159.606,31.17,0,0,0,55.266,0,0,0,0,0,0,0,0,133.37,0,14.387,0,54.298,0
3,6/4/50,21:28,0,76.362,88.124,0,0,0,76.846,0,0,0,0,0,0,0,0,0,0,0,0,0,0
3,6/4/50,21:29,0,0,173.832,0,0,0,74.369,0,0,0,0,0,0,0,0,0,0,34.657,0,41.603,0
3,6/4/50,21:30,0,0,133.241,0,0,0,92.903,0,0,0,0,0,0,0,0,0,0,49.013,0,118.77,0
3,6/4/50,21:31,0,15.479,82.442,73.012,0,0,38.283,0,0,0,0,0,0,0,0,0,0,133.286,0,133.108,0
3,6/4/50,21:32,0,96.444,0,83.917,0,0,0,0,0,0,0,0,0,0,0,0,0,99.382,0,69.316,0
3,6/4/50,21:33,0,32.353,35.613,108.784,0,0,0,0,0,0,0,0,0,0,0,0,0,241.793,0,57.664,0
3,6/4/50,21:34,0,0,27.444,103.409,0,0,0,0,0,0,0,0,48.566,0,0,0,0,66.872,0,82.041,0
3,6/4/50,21:35,0,0,61.982,82.904,0,0,0,0,0,0,0,0,106.932,0,0,0,0,94.57,0,117.829,0
3,6/4/50,21:36,0,0,28.369,94.385,0,0,0,0,0,0,0,0,67.249,0,0,0,0,166.09,0,94.2,0
3,6/4/50,21:37,0,0,19.841,107.671,0,0,0,0,0,0,0,0,67.455,0,0,0,0,133.014,0,24.873,0
3,6/4/50,21:38,0,0,23.254,34.311,0,0,0,0,0,0,0,0,78.594,0,0,0,0,23.061,0,61.736,0
3,6/4/50,21:39,0,0,68.599,68.154,0,0,68.442,0,0,0,0,0,83.169,0,0,0,0,0,0,0,0
3,6/4/50,21:40,0,0,22.748,81.495,0,0,39.547,0,0,0,0,0,175.588,0,0,0,0,107.282,0,31.773,0
3,6/4/50,21:41,0,0,0,0,0,0,0,0,0,0,0,0,18.062,0,0,0,0,146.649,0,58.582,0
3,6/4/50,21:42,0,0,0,0,0,0,105.344,0,0,0,0,0,106.866,0,0,0,0,49.2,0,101.245,0
3,6/4/50,21:43,0,0,0,54.724,0,0,45.001,0,0,0,0,0,7.988,0,0,0,0,111.992,0,149.695,0
3,6/4/50,21:44,0,0,0,37.481,0,0,0,0,0,0,0,0,111.761,0,0,0,0,70.267,0,77.635,0
3,6/4/50,21:45,0,0,0,37.842,0,0,0,0,0,0,0,0,130.563,0,0,0,0,115.806,0,43.623,0
3,6/4/50,21:46,0,0,98.182,40.317,0,0,0,0,0,0,0,0,85.616,0,0,0,0,127.3,0,79.337,0
3,6/4/50,21:47,0,0,0,37.247,0,0,0,0,0,0,0,0,107.899,0,0,0,0,101.846,0,170.134,0
3,6/4/50,21:48,0,0,0,37.794,0,0,0,0,0,17.735,0,0,33.958,0,0,0,0,146.161,0,77.3,0
3,6/4/50,21:49,0,0,0,50.328,0,0,0,0,0,29.032,0,0,64.129,0,0,0,0,53.083,0,34.196,0
3,6/4/50,21:50,0,0,0,50.478,0,0,37.62,0,0,52.31,0,0,114.865,0,0,0,0,61.339,0,69.23,0
3,6/4/50,21:51,0,0,0,75.506,0,0,97.58,0,0,18.862,0,0,88.932,0,0,0,0,0,0,52.662,0
3,6/4/50,21:52,0,0,0,72.021,0,0,0,0,0,47.181,0,0,153.833,0,0,0,0,0,0,84.613,0
3,6/4/50,21:53,0,0,0,122.62,0,0,0,0,0,65.372,0,0,62.116,0,0,0,25.011,100.035,0,101.074,0
3,6/4/50,21:54,0,0,0,96.408,0,0,0,0,0,65.117,0,0,17.704,0,0,0,22.277,0,0,56.219,0
3,6/4/50,21:55,0,0,0,115.476,0,0,0,0,0,87.599,0,0,86.78,0,0,0,10.286,0,0,0,0
3,6/4/50,21:56,0,0,0,66.139,0,0,0,0,0,75.939,0,0,25.834,0,0,0,116.673,0,0,0,0
3,6/4/50,21:57,0,0,0,5.816,0,0,0,0,0,56.966,0,0,42.607,0,0,0,92.031,0,0,0,0
3,6/4/50,21:58,0,0,0,87.345,0,0,0,0,0,53.734,0,0,47.441,0,0,0,40.692,0,0,0,0
3,6/4/50,21:59,0,0,0,75.529,0,0,0,0,0,68.486,0,0,0,0,0,0,0,0,0,0,0
3,6/4/50,22:00,0,0,0,41.26,0,0,0,0,0,83.613,0,0,0,0,0,0,0,0,0,0,0
3,6/4/50,22:01,0,0,0,0,0,0,0,0,0,153.56,0,0,0,0,0,0,109.741,0,0,0,0
3,6/4/50,22:02,0,0,0,0,0,0,0,0,0,18.704,0,0,0,0,0,0,0,101.107,0,0,0
3,6/4/50,22:03,0,0,0,0,0,0,0,0,0,45.462,0,0,0,0,0,0,0,121.054,0,0,0
3,6/4/50,22:04,0,0,0,0,0,0,0,0,0,22.864,0,0,0,0,0,0,0,51.047,0,0,0
3,6/4/50,22:05,0,0,0,0,0,0,0,0,0,15.871,0,0,0,0,0,0,0,93.045,0,0,0
3,6/4/50,22:06,0,0,0,0,0,0,0,50.511,0,15.14,0,0,0,0,0,0,0,10.489,0,0,0
3,6/4/50,22:07,0,0,0,0,0,0,0,46.16,0,13.804,0,0,0,0,187.782,0,0,0,0,0,0
3,6/4/50,22:08,0,0,0,0,106.915,0,0,112.881,0,16.309,0,0,0,0,123.487,0,0,0,0,0,0
3,6/4/50,22:09,0,0,0,0,80.898,0,0,79.136,0,18.696,0,0,0,0,192.997,0,0,0,0,0,0
3,6/4/50,22:10,0,0,0,0,0,0,0,28.12,0,52.566,0,0,0,0,173.242,0,0,0,0,0,0
3,6/4/50,22:11,0,0,0,0,0,0,0,52.134,0,51.866,0,0,0,0,225.929,0,0,0,17.899,0,0
3,6/4/50,22:12,0,0,0,0,118.142,0,0,116.743,0,65.575,0,0,0,0,150.728,0,0,0,67.738,0,0
3,6/4/50,22:13,0,0,0,0,27.971,0,0,21.045,0,37.404,0,0,0,0,213.248,0,0,0,96.302,0,0
3,6/4/50,22:14,0,0,0,0,0,0,0,148.908,0,112.196,0,22.109,0,0,120.831,0,0,0,30.005,0,0
3,6/4/50,22:15,0,0,0,0,0,0,0,93.469,0,137.397,0,116.744,0,0,3.601,123.962,0,0,11.729,0,0
3,6/4/50,22:16,0,0,0,0,0,0,0,73.234,0,75.338,0,101.693,0,0,152.482,186.396,0,0,32.107,0,0
3,6/4/50,22:17,0,0,0,0,0,0,0,70.958,0,90.665,0,123.729,0,0,212.66,188.793,0,0,22.105,0,0
3,6/4/50,22:18,0,0,0,0,0,0,113.558,15.4,0,26.533,0,35.643,0,0,111.198,202.243,0,0,115.147,0,0
3,6/4/50,22:19,0,0,0,0,0,0,97.935,57.365,0,46.743,0,101.225,0,0,23.278,119.661,0,0,69.873,0,0
3,6/4/50,22:20,0,0,0,0,0,0,121.809,100.393,0,105.816,0,88.281,0,0,56.119,0,0,0,47.375,0,0
3,6/4/50,22:21,0,0,0,0,0,0,57.478,85.244,0,28.404,0,106.992,0,174.686,55.937,46.054,0,0,76.613,0,0
3,6/4/50,22:22,0,0,0,0,0,37.729,121.65,61.75,0,151.806,0,145.079,0,94.823,150.469,124.343,0,0,17.028,0,0
3,6/4/50,22:23,0,0,0,0,0,39.388,148.808,134.34,0,40.477,0,56.844,0,119.254,115.717,196.149,0,0,56.283,0,0
3,6/4/50,22:24,0,0,0,0,0,9.493,140.317,65.066,0,71.338,0,123.598,0,52.212,127.161,79.444,0,0,57.299,0,0
3,6/4/50,22:25,0,0,0,0,0,49.236,133.373,0,0,35.632,0,64.782,0,29.585,47.537,33.9,0,0,41.113,0,0
3,6/4/50,22:26,0,0,0,0,0,14.211,67.419,36.749,0,73.818,0,158.323,0,0,48.806,131.53,0,0,31.191,64.18,0
3,6/4/50,22:27,0,0,0,0,0,55.853,92.144,69.823,0,49.462,0,109.15,0,0,0,94.371,0,0,40.63,56.971,0
3,6/4/50,22:28,0,0,0,0,0,27.675,104.995,21.229,0,0,0,80.008,0,0,29.443,140.286,0,0,38.03,171.338,0
3,6/4/50,22:29,0,0,0,0,0,0,70.113,75.314,0,0,0,46.103,0,0,0,172.404,0,0,28.08,128.122,0
3,6/4/50,22:30,0,0,0,0,0,0,60.568,187.103,0,0,0,112.888,0,0,21.062,104.259,0,0,107.205,130.738,0
3,6/4/50,22:31,0,0,0,0,0,0,21.064,55.276,0,0,0,66.272,0,0,148.877,88.572,0,0,12.854,0,0
3,6/4/50,22:32,0,0,0,0,0,0,42.73,62.811,0,0,0,81.322,0,0,174.304,166.686,0,0,27.833,83.016,0
3,6/4/50,22:33,0,0,0,0,0,0,0,51.96,0,0,0,60.323,0,0,65.658,112.98,0,0,58.244,134.418,0
3,6/4/50,22:34,0,0,0,0,0,0,80.036,46.343,0,5.785,0,47.129,0,0,0,64.493,0,0,33.653,131.919,0
3,6/4/50,22:35,0,0,0,0,0,0,38.632,95.532,0,79.944,0,66.854,0,0,0,52.264,0,0,45.773,96.987,0
3,6/4/50,22:36,0,22.243,0,0,0,0,20.128,71.202,0,73.708,0,93.124,0,23.189,14.514,163.924,0,0,16.421,67.474,0
3,6/4/50,22:37,0,135.269,0,58.959,0,0,0,0,0,42.438,0,47.376,0,0,35.514,114.325,0,0,0,32.817,0
3,6/4/50,22:38,0,86.057,0,0,0,0,0,0,0,45.121,0,0,0,23.349,44.608,124.592,0,0,0,60.927,0
3,6/4/50,22:39,0,66.075,0,21.335,0,0,0,0,0,43.317,0,30.573,0,0,23.169,93.718,0,0,0,21.744,0
3,6/4/50,22:40,0,62.023,0,129.694,0,8.99,29.288,0,0,53.743,0,35.79,0,0,97.639,130.841,0,0,0,18.609,0
3,6/4/50,22:41,0,74.003,0,121.347,0,35.893,76.65,0,0,0,0,134.103,0,0,106.144,28.363,0,0,0,66.998,0
3,6/4/50,22:42,29.293,45.048,0,39.574,0,0,131.82,0,0,0,0,71.109,0,0,146.768,43.318,0,0,0,64.625,0
3,6/4/50,22:43,85.483,136.102,0,125.644,0,29.175,47.275,0,0,0,0,69.384,0,0,129.469,109.292,0,0,0,11.273,0
3,6/4/50,22:44,0,126.842,0,104.949,0,23.608,67.323,0,0,0,0,93.739,0,0,20.401,62.355,0,0,0,121.226,0
3,6/4/50,22:45,0,161.846,0,84.44,0,0,35.71,0,0,0,0,160.802,0,0,56.49,140.719,0,0,0,107.473,0
3,6/4/50,22:46,0,84.737,0,56.338,0,0,0,0,0,0,0,61.432,0,0,97.473,103.329,0,0,0,61.772,0
3,6/4/50,22:47,0,92.659,0,100.592,0,0,0,0,0,0,0,66.143,0,0,138.213,151.786,0,0,0,29.515,0
3,6/4/50,22:48,0,32.744,0,140.706,0,34.596,0,0,0,0,0,0,0,0,19.389,82.106,0,0,0,26.262,0
3,6/4/50,22:49,0,38.568,0,166.945,0,47.019,62.264,0,0,0,0,0,0,0,38.39,68.298,0,0,0,99.918,0
3,6/4/50,22:50,0,149.363,0,28.578,0,40.184,59.666,0,0,0,0,0,0,0,139.15,26.64,0,0,0,75.291,0
3,6/4/50,22:51,0,167.97,0,84.672,0,13.866,58.306,0,0,0,0,0,0,0,80.643,44.675,0,0,0,0,0
3,6/4/50,22:52,0,108.174,0,118.551,0,8.703,52.767,0,0,0,0,0,0,0,0,45.02,0,0,0,44.564,0
3,6/4/50,22:53,0,102.128,0,33.166,0,19.391,54.64,0,0,0,0,0,0,0,0,16.033,0,0,0,43.593,0
3,6/4/50,22:54,0,6.997,0,76.827,0,28.021,57.547,0,0,0,0.298,0,0,0,0,177.45,0,0,0,34.947,0
3,6/4/50,22:55,0,129.487,0,85.595,0,0,10.903,30.638,0,0,76.99,0,0,0,51.107,95.354,0,162.701,0,145.977,0
3,6/4/50,22:56,0,101.34,0,0,0,0,65.12,44.475,0,0,70.486,0,0,22.902,138.276,125.893,0,64.736,0,40.096,0
3,6/4/50,22:57,0,154.387,0,0,0,0,54.723,156.79,0,0,149.369,0,0,81.38,169.694,120.859,0,91.545,0,143.128,0
3,6/4/50,22:58,0,171.083,0,46.854,0,32.879,35.772,120.561,0,0,24.351,0,0,112.136,80.254,66.441,0,119.039,0,139.977,0
3,6/4/50,22:59,0,115.675,0,0,0,105.454,47.302,110.06,0,0,13.23,0,0,132.757,75.346,165.491,0,65.11,0,59.718,0
3,6/4/50,23:00,0,143.288,0,0,0,167.067,86.928,51.425,0,0,19.802,0,0,40.706,105.035,48.599,0,23.585,0,41.112,0
3,6/4/50,23:01,0,36.737,0,0,0,144.154,99.319,20.099,0,0,28.206,0,0,17.745,149.153,48.27,0,176.353,0,75.469,0
3,6/4/50,23:02,0,99.961,0,0,0,95.025,67.488,25.46,0,0,39.31,0,0,23.621,77.715,0,0,73.589,0,49.996,0
3,6/4/50,23:03,0,141.255,0,0,0,37.916,24.218,22.555,0,0,26.751,0,0,0,0,0,0,164.087,0,176.415,0
3,6/4/50,23:04,0,74.361,0,79.618,0,51.158,0,214.494,0,0,45.446,0,0,0,0,0,0,118.729,0,87.545,0
3,6/4/50,23:05,0,186.356,0,57.198,0,47.566,0,101.864,0,35.246,0,0,0,15.154,0,0,0,38.985,0,102.003,0
3,6/4/50,23:06,0,36.326,0,65.213,0,93.907,0,27.598,0,11.677,17.336,0,0,41.028,0,132.666,0,86.983,0,77.366,0
3,6/4/50,23:07,0,119.216,0,87.406,0,0,0,164.938,0,17.624,63.571,0,0,8.255,0,144.641,0,97.271,0,67.814,0
3,6/4/50,23:08,0,96.45,0,88.865,0,0,0,41.759,0,12.178,24.518,0,0,55.418,0,99.232,0,117.763,0,155.97,0
3,6/4/50,23:09,0,0,0,100.43,0,108.861,0,60.33,0,16.374,30.26,0,0,69.945,0,105.184,0,48.991,0,0,0
3,6/4/50,23:10,0,12.768,0,46.752,0,106.6,0,46.19,0,14.505,92.519,0,0,106.328,0,26.058,0,105.142,0,0,0
3,6/4/50,23:11,0,0,0,30.877,0,162.941,0,27.283,0,19.076,73.961,0,0,44.63,0,16.852,0,51.791,0,8.93,0
3,6/4/50,23:12,0,0,0,27.5,0,49.344,0,212.091,0,102.755,28.592,9.389,0,14.724,0,136.76,0,94.048,0,50.793,0
3,6/4/50,23:13,0,0,0,76.543,0,49.281,0,86.383,0,16.06,28.244,54.993,0,32.57,0,82.142,0,70.51,0,122.647,0
3,6/4/50,23:14,0,0,0,33.581,0,0,0,64.315,0,25.535,39.857,168.804,0,14.897,0,103.817,0,33.542,0,189.441,0
3,6/4/50,23:15,0,0,0,176.389,0,29.469,0,25.365,0,172.135,0,66.242,0,0,0,99.435,0,25.845,0,25.238,0
3,6/4/50,23:16,0,0,0,25.668,0,25.1,0,91.76,0,25.753,58.816,103.695,0,0,0,159.512,0,0,0,0,0
3,6/4/50,23:17,0,0,0,17.928,0,11.254,0,24.811,0,97.754,0,131.457,0,0,0,177.753,0,50.6,0,8.579,0
3,6/4/50,23:18,0,0,0,70.585,0,36.97,0,85.122,0,26.276,0,45.365,0,0,0,129.703,0,119.699,0,105.748,0
3,6/4/50,23:19,0,0,0,35.141,0,0,0,118.338,60.043,24.156,0,37.202,0,20.988,0,193.036,0,179.13,0,215.106,0
3,6/4/50,23:20,0,0,0,0,0,84.566,0,14.002,34.629,0,0,0,0,41.182,0,122.205,0,99.939,0,33.511,0
3,6/4/50,23:21,0,96.349,0,65.724,0,157.979,0,29.064,38.494,0,0,0,0,0,0,128.995,0,162.084,0,43.722,0
3,6/4/50,23:22,0,96.665,0,0,0,69.242,0,0,102.706,0,17.538,29.031,0,120.337,0,94.445,0,73.342,0,0,0
3,6/4/50,23:23,0,103.158,0,0,0,0,0,0,39.297,0,61.703,10.713,0,116.205,0,125.475,0,35.586,0,0,0
3,6/4/50,23:24,0,74.449,0,0,0,0,0,0,40.153,0,0,56.995,0,58.264,0,57.994,0,118.116,0,0,0
3,6/4/50,23:25,0,65.733,73.234,0,0,0,0,0,24.753,0,34.3,64.373,0,15.762,0,18.458,0,112.505,0,0,0
3,6/4/50,23:26,0,34.729,37.083,14.552,0,0,0,0,0,0,45.578,0,0,0,0,5.216,0,99.154,0,0,0
3,6/4/50,23:27,0,0,8.472,74.916,0,0,0,0,0,0,0,0,0,0,0,117.473,0,150.303,0,0,0
3,6/4/50,23:28,0,0,62.028,41.971,0,0,0,0,0,0,148.609,0,0,0,0,97.714,0,0,0,0,0
3,6/4/50,23:29,0,0,0,25.515,0,0,0,0,9.378,0,87.184,0,0,17.336,0,151.942,0,0,0,0,0
3,6/4/50,23:30,0,0,0,41.339,0,0,0,0,0,0,28.454,0,0,30.896,0,47.284,0,0,0,0,0
3,6/4/50,23:31,0,0,38.335,34.634,0,0,0,0,0,0,0,0,0,30.437,0,79.314,0,0,0,0,0
3,6/4/50,23:32,0,0,151.45,76.522,0,0,0,0,0,0,0,0,0,21.476,0,18.328,0,0,0,0,0
3,6/4/50,23:33,0,0,92.455,20.079,0,0,0,0,0,0,0,0,0,68.919,0,0,0,0,0,0,0
3,6/4/50,23:34,0,0,77.629,87.833,0,0,0,0,0,0,0,0,0,0,0,0,0,0,0,0,0
3,6/4/50,23:35,0,0,124.431,106.03,0,0,0,0,0,0,0,0,75.894,0,0,16.096,0,0,0,0,0
3,6/4/50,23:36,0,0,48.599,96.412,0,0,0,0,0,0,0,0,1.392,32.852,0,0,0,0,0,0,0
3,6/4/50,23:37,0,0,127.057,81.412,0,0,0,0,0,0,0,0,0,0,0,0,0,0,0,0,0
3,6/4/50,23:38,0,0,76.364,41.58,0,0,0,0,0,0,0,0,0,0,0,0,0,0,0,0,0
3,6/4/50,23:39,0,0,0,0,0,0,0,0,0,0,0,0,0,68.785,0,0,0,0,0,0,0
3,6/4/50,23:40,0,0,140.97,0,38.015,0,0,0,0,23.883,0,0,0,30.378,0,0,0,0,0,0,0
3,6/4/50,23:41,0,0,143.676,0,0,0,0,0,0,74.261,0,0,0,26.387,0,0,0,0,0,0,0
3,6/4/50,23:42,0,0,32.771,0,25.708,0,0,0,0,0,0,0,0,29.447,0,0,0,0,0,0,0
3,6/4/50,23:43,0,0,38.332,0,143.956,0,0,0,0,0,0,0,0,37.053,0,0,0,0,0,0,0
3,6/4/50,23:44,0,0,85.592,0,0,0,0,0,0,18.744,0,0,0,56.297,0,0,0,0,0,0,0
3,6/4/50,23:45,0,0,209.238,0,0,0,0,0,0,42.522,0,0,45.708,50.82,0,0,0,0,0,0,0
3,6/4/50,23:46,0,0,143.902,0,30.573,0,0,0,0,36.556,0,0,60.405,51.872,0,0,0,0,0,0,0
3,6/4/50,23:47,0,0,165.871,0,0,0,0,0,0,66.652,0,0,184.286,105.831,0,0,0,0,0,0,0
3,6/4/50,23:48,0,0,0,0,15.022,0,0,0,0,47.325,0,0,38.365,76.074,0,0,0,0,0,0,0
3,6/4/50,23:49,0,0,0,0,64.464,0,0,0,0,90.501,0,0,36.91,75.058,0,0,0,0,0,0,0
3,6/4/50,23:50,0,0,0,0,24.521,0,0,0,0,131.275,0,0,117.556,54.724,0,0,0,0,0,0,0
3,6/4/50,23:51,0,0,22.59,0,17.623,0,0,0,0,31.846,0,0,63.139,15.142,0,0,0,0,0,0,0
3,6/4/50,23:52,0,0,52.054,0,137.216,0,0,0,0,14.335,0,0,168.319,7.475,0,0,0,0,0,0,0
3,6/4/50,23:53,0,0,73.02,0,0,0,73.032,0,0,15.617,0,0,24.031,16.621,0,0,0,0,0,0,0
3,6/4/50,23:54,0,0,73.715,0,37.841,0,86.877,0,0,20.248,0,0,112.876,51.477,0,0,0,0,0,0,0
3,6/4/50,23:55,0,0,86.921,0,30.899,0,136.658,0,0,45.342,0,0,27.831,60.061,0,0,0,0,0,0,0
3,6/4/50,23:56,0,0,34.372,0,36.436,0,0,0,0,71.165,0,0,75.522,0,0,0,0,0,0,0,0
3,6/4/50,23:57,0,0,0,0,31.859,0,38.903,0,0,67.728,0,0,19.147,0,0,0,0,0,0,0,0
3,6/4/50,23:58,0,0,0,0,93.691,0,142.127,0,0,0,0,0,104.182,0,0,0,0,0,0,0,0
3,6/4/50,23:59,0,0,0,0,118.176,0,52.631,2.584,0,0,0,0,34.775,78.543,0,0,0,0,0,0,0
3,6/5/50,0:00,0,0,0,0,12.706,0,0,87.029,0,0,0,0,86.463,49.356,0,0,0,0,0,0,0
3,6/5/50,0:01,0,0,0,0,0,0,33.603,83.216,0,0,0,0,24.268,111.717,0,0,0,0,0,0,0
3,6/5/50,0:02,0,0,0,0,0,0,61,59.719,0,0,0,0,25.505,122.461,0,0,0,0,0,0,0
3,6/5/50,0:03,0,0,0,0,0,0,42.822,45.173,0,0,0,0,35.899,82.843,0,0,0,0,0,0,0
3,6/5/50,0:04,0,0,0,0,67.58,0,166.179,110.089,0,0,0,0,32.976,148.768,0,0,0,0,0,0,0
3,6/5/50,0:05,63.585,0,0,0,57.316,0,111.924,93.51,0,0,0,0,40.573,1.484,0,0,0,0,0,0,0
3,6/5/50,0:06,123.457,0,0,0,24.725,0,41.737,54.692,0,0,0,0,21.084,65.23,0,0,0,0,0,0,0
3,6/5/50,0:07,35.429,0,0,0,49.293,0,111.813,31.009,0,0,0,0,0,34.373,0,0,0,0,0,0,0
3,6/5/50,0:08,49.385,0,0,0,76.119,0,67.049,140.096,0,0,0,0,0,47.524,0,0,0,0,0,0,0
3,6/5/50,0:09,52.475,0,0,0,70.24,0,23.8,62.285,0,0,0,0,0,50.808,0,0,0,0,0,0,0
3,6/5/50,0:10,89.596,0,0,0,37.999,0,56.564,76.269,0,0,0,0,0,0,0,0,0,0,0,0,0
3,6/5/50,0:11,0,0,0,0,29.131,0,75.887,36.18,0,0,0,0,0,0,0,0,0,0,0,0,0
3,6/5/50,0:12,0,0,0,0,41.136,0,63.386,105.452,0,0,0,23.133,0,0,0,0,0,0,0,0,0
3,6/5/50,0:13,0,0,0,0,2.932,0,40.674,134.581,0,0,0,96.088,0,0,0,0,0,0,0,0,0
3,6/5/50,0:14,0,134.84,0,0,0,0,13.7,87.039,0,0,0,84.619,0,0,0,0,0,0,0,0,0
3,6/5/50,0:15,0,121.321,0,0,0,0,101.507,31.367,0,0,0,131.05,0,0,0,0,0,0,0,0,0
3,6/5/50,0:16,0,80.89,0,0,0,0,104.579,13.853,0,0,0,148.205,0,0,0,0,0,0,0,0,0
3,6/5/50,0:17,0,166.303,0,0,0,0,40.288,108.473,0,0,0,139.547,0,0,0,0,0,0,0,0,0
3,6/5/50,0:18,0,68.66,0,0,0,0,0,109.461,0,0,0,33.321,0,0,0,0,0,0,0,0,0
3,6/5/50,0:19,0,94.554,0,0,0,0,0,39.053,0,0,0,69.368,0,0,0,0,0,0,0,0,0
3,6/5/50,0:20,0,88.556,0,0,0,0,0,0,0,0,0,61.709,0,0,0,0,0,0,44.691,0,0
3,6/5/50,0:21,0,132.358,0,0,0,0,0,0,0,0,0,68.782,0,0,0,0,0,0,88.252,0,0
3,6/5/50,0:22,0,196.274,0,0,0,0,0,0,0,0,0,110.63,0,0,0,0,0,0,71.97,0,0
3,6/5/50,0:23,0,94.51,0,0,0,0,0,0,0,0,0,109.62,0,0,0,0,0,0,119.13,0,0
3,6/5/50,0:24,0,168.88,0,0,0,0,0,0,0,0,0,45.848,0,0,0,0,0,0,63.695,0,0
3,6/5/50,0:25,0,228.007,0,0,0,0,0,0,0,0,0,55.166,0,0,0,0,0,27.593,64.366,0,0
3,6/5/50,0:26,0,164.018,0,0,0,0,0,0,0,0,0,58.748,0,0,0,0,0,136.529,34.914,0,0
3,6/5/50,0:27,0,163.182,0,0,0,0,0,0,0,0,0,113.101,0,0,0,0,0,93.376,42.611,0,0
3,6/5/50,0:28,0,185.643,0,0,0,0,0,0,0,0,0,67.253,0,0,0,0,0,58.295,0,0,0
3,6/5/50,0:29,0,162.549,0,0,0,0,0,0,0,0,0,80.852,0,0,0,0,0,105.735,0,0,0
3,6/5/50,0:30,0,118.04,0,0,0,0,0,1.392,0,0,0,61.908,0,0,0,0,0,54.853,39.529,0,0
3,6/5/50,0:31,0,147.426,0,0,0,0,0,75.898,0,0,0,122.434,0,0,0,0,0,147.051,35.174,0,0
3,6/5/50,0:32,0,61.966,0,0,0,0,0,67.39,0,0,0,0,0,0,0,0,0,26.352,43.954,0,0
3,6/5/50,0:33,0,116.037,0,0,0,0,0,0,0,0,0,0,0,0,0,0,0,113.964,173.206,0,0
3,6/5/50,0:34,0,78.305,0,0,0,0,0,0,0,0,0,0,0,0,0,0,0,88.8,79.285,0,0
3,6/5/50,0:35,0,97.852,0,0,0,0,0,0,0,0,0,0,0,0,0,0,0,65.107,0,0,0
3,6/5/50,0:36,0,60.94,0,0,0,0,0,0,0,0,0,0,0,0,0,0,0,105.537,0,0,0
3,6/5/50,0:37,0,57.443,0,0,0,0,0,0,0,0,0,0,0,0,0,0,0,95.398,0,0,0
3,6/5/50,0:38,0,124.317,0,0,0,0,0,0,0,0,0,0,0,0,0,0,0,37.075,0,0,0
3,6/5/50,0:39,0,200.885,0,0,0,0,0,0,0,0,0,0,0,0,0,0,0,0,0,0,0
3,6/5/50,0:40,0,99.377,0,0,0,0,0,0,0,0,0,0,0,0,0,0,0,83.433,0,0,0
3,6/5/50,0:41,0,54.013,0,0,0,0,0,0,0,0,0,0,0,0,0,0,0,118.428,0,0,0
3,6/5/50,0:42,0,81.87,0,0,0,0,0,0,0,0,0,0,0,0,0,0,0,18.619,0,0,0
3,6/5/50,0:43,0,200.393,0,0,0,0,0,0,0,0,0,0,0,0,0,0,0,30.563,0,0,0
3,6/5/50,0:44,0,157.09,0,0,0,0,0,0,0,0,0,0,0,0,0,0,0,32.986,0,0,0
3,6/5/50,0:45,0,68.323,0,0,0,0,0,0,0,0,0,0,0,0,0,0,0,27.105,0,24.572,0
3,6/5/50,0:46,0,172.022,0,0,0,0,0,0,0,0,0,0,0,0,0,0,0,0,0,162.724,0
3,6/5/50,0:47,0,115.109,0,0,0,0,0,0,0,0,0,0,0,0,0,0,0,35.073,0,33.013,0
3,6/5/50,0:48,0,176.13,0,0,0,0,0,0,0,0,0,0,0,0,0,0,0,102.637,0,0,0
3,6/5/50,0:49,0,137.884,0,0,0,0,0,0,0,0,0,0,0,0,0,0,0,44.003,0,90.878,0
3,6/5/50,0:50,0,206.63,0,0,0,0,0,0,0,0,0,0,0,0,0,0,0,61.481,0,164.755,0
3,6/5/50,0:51,0,140.662,0,0,0,0,0,0,0,0,0,0,0,0,0,0,0,101.9,0,60.132,0
3,6/5/50,0:52,0,17.03,0,0,0,0,0,0,0,0,0,0,0,0,0,0,0,141.905,0,14.618,0
3,6/5/50,0:53,0,110.407,0,0,0,0,0,0,0,0,0,0,0,0,11.31,0,0,208.045,0,61.842,0
3,6/5/50,0:54,0,192.203,0,0,0,0,0,0,0,0,0,0,0,0,153.131,0,0,181.931,0,56.289,0
3,6/5/50,0:55,0,116.467,0,0,0,0,0,0,0,0,0,0,0,0,141.03,0,0,182.696,0,151.333,0
3,6/5/50,0:56,0,66.835,0,0,0,0,0,0,0,0,0,0,0,0,74.657,0,0,174.851,0,84.722,0
3,6/5/50,0:57,0,95.271,0,0,0,0,0,0,0,0,0,0,0,0,99.527,0,0,111.961,0,39.699,0
3,6/5/50,0:58,0,50.301,0,0,0,0,0,0,0,0,0,0,0,0,106.115,0,0,200.464,0,87.933,0
3,6/5/50,0:59,0,0,0,0,0,0,0,0,0,0,0,0,0,0,0,0,0,209.648,0,20.863,0
3,6/5/50,1:00,0,0,0,0,0,0,0,0,0,0,0,0,0,0,0,0,0,161.333,0,107.257,0
3,6/5/50,1:01,0,0,0,0,0,0,0,0,0,0,0,0,0,0,82.126,0,0,37.889,0,44.881,0
3,6/5/50,1:02,0,0,0,0,0,0,0,0,0,0,0,0,0,0,207.494,0,0,39.955,0,175.516,0
3,6/5/50,1:03,0,0,0,0,0,0,0,0,0,0,0,0,0,0,81.252,0,0,65.438,0,18.182,0
3,6/5/50,1:04,0,0,0,0,0,0,0,0,0,0,0,0,0,0,193.483,0,0,0,0,54.301,0
3,6/5/50,1:05,0,0,0,0,0,0,32.74,0,0,0,0,0,0,0,184.031,0,0,0,0,91.789,0
3,6/5/50,1:06,0,0,0,0,0,0,43.633,0,0,0,0,0,0,0,103.27,0,0,0,0,81.29,0
3,6/5/50,1:07,0,0,0,0,0,0,159.731,0,0,0,0,0,0,0,127.343,0,0,0,0,92.982,0
3,6/5/50,1:08,0,0,0,0,0,0,124.285,0,0,0,0,0,0,0,104.286,0,0,0,0,39.219,48.875
3,6/5/50,1:09,0,0,0,0,0,0,68.862,0,0,0,0,0,0,0,121.241,0,0,0,0,30.985,100.729
3,6/5/50,1:10,0,0,0,0,0,0,59.688,20.104,0,0,0,0,0,0,140.507,0,0,0,0,19.004,153.004
3,6/5/50,1:11,0,0,0,0,0,0,58.596,58.234,0,0,0,0,0,0,135.123,0,0,0,0,45.902,142.685
3,6/5/50,1:12,0,0,0,0,0,0,40.957,0,0,0,0,0,0,0,52.38,0,0,0,0,97.039,112.732
3,6/5/50,1:13,0,0,0,0,0,0,59.425,48.904,0,0,0,0,0,0,70.579,0,0,0,0,0,86.987
3,6/5/50,1:14,0,0,0,0,0,0,113.69,47.504,0,0,0,0,0,0,75.55,0,0,0,0,0,51.523
3,6/5/50,1:15,0,0,0,0,0,0,58.601,33.499,0,0,0,0,0,0,136.829,0,0,0,0,24.153,50.225
3,6/5/50,1:16,0,0,0,0,0,0,0,128.952,0,0,0,0,0,0,4.725,0,0,0,0,38.749,0
3,6/5/50,1:17,0,0,0,0,0,0,0,117.644,0,0,0,0,0,0,105.889,31.73,0,0,0,32.903,39.182
3,6/5/50,1:18,0,0,0,0,0,0,0,72.132,0,0,0,0,0,0,35.159,142.374,0,0,0,0,118.103
3,6/5/50,1:19,0,0,0,0,0,0,0,92.001,0,0,0,0,0,0,86.721,156.877,0,0,0,0,74.055
3,6/5/50,1:20,0,0,0,0,0,0,0,88.284,0,0,0,0,0,0,86.083,161.145,0,0,0,0,14.714
3,6/5/50,1:21,0,0,0,0,0,0,0,76.065,0,0,0,0,0,0,187.098,154.096,0,0,0,0,23.335
3,6/5/50,1:22,0,0,0,0,0,0,0,0,0,0,0,0,0,0,94.939,193.977,0,0,0,0,99.17
3,6/5/50,1:23,0,0,0,0,0,0,18.936,38.788,0,0,0,0,0,0,95.657,97.449,0,0,0,0,108.118
3,6/5/50,1:24,0,0,0,0,0,17.968,90.959,3.998,0,0,0,0,0,0,126.911,121.396,0,0,0,0,99.907
3,6/5/50,1:25,0,0,0,0,0,44.141,158.694,47.552,0,0,0,0,0,0,122.154,43.482,0,0,0,0,43.972
3,6/5/50,1:26,0,0,0,0,0,0,69.451,73.571,0,0,0,0,0,0,35.532,0,0,0,0,0,16.176
3,6/5/50,1:27,0,0,0,0,0,0,0,0,0,0,0,0,0,0,66.846,120.754,29.118,0,0,0,83.502
3,6/5/50,1:28,0,0,0,0,0,0,0,0,0,0,0,0,0,0,82.817,241.432,52.31,0,0,0,79.394
3,6/5/50,1:29,0,0,0,0,0,0,0,0,0,0,0,0,0,0,121.006,91.748,39.224,0,0,0,128.708
3,6/5/50,1:30,0,0,0,0,0,0,0,0,0,0,0,0,0,0,108.035,182.75,135.927,0,0,0,74.814
3,6/5/50,1:31,0,0,0,0,0,0,0,0,0,0,0,0,0,0,88.794,133.575,0,0,0,0,41.169
3,6/5/50,1:32,0,0,0,0,0,0,0,47.49,0,0,0,0,0,0,65.519,118.001,0,0,0,0,34.558
3,6/5/50,1:33,0,0,0,0,0,0,0,24.985,0,0,0,0,0,0,102.829,112.145,0,0,0,0,31.765
3,6/5/50,1:34,0,0,0,0,0,0,0,0,0,0,0,0,0,0,49.406,95.887,0,0,0,0,83.597
3,6/5/50,1:35,0,0,0,0,0,0,0,0,0,0,0,0,0,0,75.876,32.367,0,0,0,0,0
3,6/5/50,1:36,0,0,0,0,0,0,0,0,0,0,0,0,0,0,0,0,0,0,0,0,0
3,6/5/50,1:37,0,0,0,0,0,0,0,0,0,0,0,0,0,0,0,126.505,0,0,0,0,0
3,6/5/50,1:38,0,0,0,0,0,0,0,0,0,0,0,0,0,0,0,62.401,0,0,0,0,0
3,6/5/50,1:39,0,0,0,0,0,0,0,0,0,0,0,0,0,0,0,189.409,0,0,0,0,0
3,6/5/50,1:40,0,0,0,0,0,0,0,0,0,0,0,0,0,0,0,0,0,0,0,0,0
3,6/5/50,1:41,0,0,0,0,0,0,0,0,0,0,0,0,0,0,0,0,0,0,0,0,0
3,6/5/50,1:42,0,0,0,0,0,0,0,0,0,0,0,0,0,0,0,0,0,0,0,0,0
3,6/5/50,1:43,0,0,0,0,0,0,0,0,0,0,0,0,0,0,0,0,0,0,0,0,0
3,6/5/50,1:44,0,0,0,0,0,0,0,0,0,0,0,93.359,0,0,0,41.365,0,0,0,0,0
3,6/5/50,1:45,0,0,0,0,0,0,0,0,0,0,0,211.307,0,0,0,159.925,0,0,0,0,0
3,6/5/50,1:46,0,0,0,0,0,0,0,0,0,0,0,121.757,0,0,0,103.014,0,0,0,0,0
3,6/5/50,1:47,0,0,0,0,0,0,0,0,0,0,0,70.08,0,0,0,158.639,0,0,0,0,0
3,6/5/50,1:48,0,0,0,0,0,0,0,0,0,0,0,128.962,0,0,0,138.482,0,0,0,0,0
3,6/5/50,1:49,0,0,0,0,0,0,0,0,0,0,0,173.218,0,0,0,102.984,0,0,0,0,0
3,6/5/50,1:50,0,0,0,0,0,0,0,0,0,0,0,53.891,0,0,0,160.108,0,0,0,0,0
3,6/5/50,1:51,0,0,0,0,0,0,0,0,0,0,0,7.943,0,0,0,170.058,0,0,0,0,0
3,6/5/50,1:52,0,0,0,0,0,0,0,0,0,0,0,37.982,0,0,0,190.895,0,0,0,0,0
3,6/5/50,1:53,0,0,0,0,0,0,0,0,0,47.816,0,46.315,0,0,0,72.05,0,0,0,0,0
3,6/5/50,1:54,0,0,0,0,0,0,0,0,0,93.129,0,0,0,0,0,0,0,158.001,0,0,0
3,6/5/50,1:55,0,0,0,0,0,0,0,0,0,105.459,0,1.424,0,0,0,0,0,102.989,0,0,0
3,6/5/50,1:56,0,0,0,0,0,0,0,0,0,65.012,0,59.236,0,0,0,0,0,72.108,0,0,0
3,6/5/50,1:57,0,0,0,0,0,0,0,0,0,34.819,0,66.961,0,0,0,30.882,0,47.871,0,0,0
3,6/5/50,1:58,0,0,0,0,0,0,0,0,0,0,0,0,0,0,0,105.743,0,184.329,0,0,0
3,6/5/50,1:59,0,0,0,31.815,0,0,0,0,0,42.027,0,34.437,0,0,0,103.691,0,27.43,0,0,0
3,6/5/50,2:00,0,0,0,138.614,0,0,0,0,0,86.776,0,48.131,0,0,0,27.936,0,27.799,0,0,0
3,6/5/50,2:01,0,0,0,0,0,0,0,0,0,114.172,0,162.792,0,0,0,0,0,0,0,0,0
3,6/5/50,2:02,0,0,0,0,0,0,0,0,0,45.434,0,17.368,0,0,0,0,0,0,0,0,0
3,6/5/50,2:03,0,0,0,0,0,0,0,0,0,47.94,0,59.1,0,0,0,0,0,0,0,0,0
3,6/5/50,2:04,0,0,0,0,0,0,0,0,0,18.12,0,38.977,0,0,0,0,0,121.732,0,0,0
3,6/5/50,2:05,0,0,0,0,0,0,0,0,0,23.196,0,0,0,0,0,0,0,149.45,0,0,0
3,6/5/50,2:06,0,0,0,0,0,0,0,0,0,80.139,0,0,0,0,0,0,0,73.658,0,0,0
3,6/5/50,2:07,0,0,0,0,0,0,0,0,0,33.375,0,0,0,0,0,0,0,147.78,0,0,0
3,6/5/50,2:08,0,0,0,0,0,0,1.841,0,0,44.539,0,0,0,0,0,0,0,139.558,0,0,0
3,6/5/50,2:09,0,0,0,0,0,0,116.736,0,0,28.678,0,0,0,0,0,0,0,72.924,0,0,0
3,6/5/50,2:10,0,24.511,0,0,0,0,135.15,0,0,63.93,0,0,0,0,0,0,0,144.622,0,0,0
3,6/5/50,2:11,0,87.3,0,0,0,0,114.48,0,0,33.328,0,0,0,0,0,0,0,53.742,0,0,0
3,6/5/50,2:12,0,56.699,0,0,0,0,77.884,0,0,20.871,0,0,0,0,0,0,0,0,0,0,0
3,6/5/50,2:13,0,49.211,0,0,0,0,36.414,0,0,15.488,0,0,0,0,0,0,0,0,0,0,0
3,6/5/50,2:14,0,31.692,0,0,0,0,26.497,0,0,9.534,0,0,0,0,0,0,0,0,0,0,0
3,6/5/50,2:15,0,208.713,0,0,0,0,59.754,0,0,9.01,0,0,0,0,0,0,0,0,0,0,0
3,6/5/50,2:16,0,83.718,0,0,0,0,36.29,0,0,8.268,0,0,0,0,0,0,0,0,0,0,0
3,6/5/50,2:17,0,98.482,0,0,0,0,0,0,0,9.22,0,0,0,0,0,0,0,0,0,0,0
3,6/5/50,2:18,0,95.738,0,0,0,0,0,0,0,11.772,0,0,0,0,0,0,0,0,0,0,0
3,6/5/50,2:19,0,104.088,0,0,0,0,0,0,0,32.547,0,0,0,0,0,0,0,0,0,0,0
3,6/5/50,2:20,0,89.131,0,0,0,0,57.92,0,0,40.282,0,0,0,0,0,0,0,0,0,0,0
3,6/5/50,2:21,0,103.506,0,0,0,0,94.224,0,0,37.166,0,0,0,0,0,0,0,0,0,0,0
3,6/5/50,2:22,0,146.891,0,0,0,0,34.768,0,0,0,0,0,0,0,0,0,0,0,0,0,0
3,6/5/50,2:23,0,163.751,0,0,0,0,42.427,0,0,0,0,0,0,0,0,0,0,0,0,0,0
3,6/5/50,2:24,0,156.012,0,0,0,0,51.215,0,0,0,0,0,0,0,0,0,0,0,0,0,0
3,6/5/50,2:25,0,142.055,0,0,0,0,139.789,0,0,40.631,0,0,0,0,0,0,0,0,0,0,0
3,6/5/50,2:26,0,144.026,0,0,0,0,65.154,0,0,22.74,0,0,0,0,0,0,0,0,0,0,0
3,6/5/50,2:27,0,82.141,0,0,0,0,30.614,0,0,27.119,0,0,0,0,0,0,0,0,0,0,0
3,6/5/50,2:28,0,77.217,0,0,0,0,57.495,0,0,0,0,0,0,0,0,0,0,0,0,0,0
3,6/5/50,2:29,0,0,0,0,0,0,29.313,0,0,28.661,0,0,0,0,0,0,0,0,0,0,0
3,6/5/50,2:30,0,0,0,0,0,0,18.086,0,0,38.062,0,0,0,0,0,0,0,0,0,0,0
3,6/5/50,2:31,0,0,0,0,0,0,58.61,0,0,29.437,0,0,0,0,0,0,0,0,0,0,0
3,6/5/50,2:32,0,0,0,0,0,0,76.303,0,0,0,0,0,0,0,0,0,0,0,0,0,0
3,6/5/50,2:33,0,0,0,0,0,0,48.924,0,0,0,0,0,0,0,0,0,0,0,0,0,0
3,6/5/50,2:34,0,0,0,0,0,0,66.434,0,0,0,0,0,25.12,0,0,0,0,0,0,0,0
3,6/5/50,2:35,0,0,0,0,0,0,42.634,0,0,0,0,0,19.691,0,0,0,0,0,0,0,0
3,6/5/50,2:36,0,0,0,0,0,0,79.213,0,0,0,0,0,104.532,0,0,0,0,0,0,0,0
3,6/5/50,2:37,0,0,0,0,0,0,22.182,0,0,0,0,0,40.066,0,0,0,0,0,0,0,0
3,6/5/50,2:38,0,0,0,0,0,0,0,0,0,0,0,0,73.36,0,0,0,0,0,0,0,0
3,6/5/50,2:39,74.895,0,0,0,0,0,0,0,0,0,0,0,41.213,0,0,0,0,0,0,0,0
3,6/5/50,2:40,71.566,0,0,0,0,0,56.054,0,0,0,0,0,63.7,0,0,0,0,0,0,0,0
3,6/5/50,2:41,22.948,0,0,0,0,0,68.859,0,0,0,0,0,33.59,0,0,0,0,0,0,0,0
3,6/5/50,2:42,33.315,0,0,0,0,0,52.134,0,0,0,0,0,30.488,0,0,0,0,0,0,0,0
3,6/5/50,2:43,0,0,0,0,0,0,95.205,0,0,0,0,0,26.782,0,0,0,0,0,0,0,0
3,6/5/50,2:44,0,0,0,0,0,0,60.471,0,0,0,0,0,45.393,0,0,0,0,0,0,0,0
3,6/5/50,2:45,0,0,0,0,0,0,3.14,0,0,0,0,0,27.215,0,0,0,0,0,0,0,0
3,6/5/50,2:46,0,0,0,0,0,0,0,0,0,0,0,0,0,0,0,0,0,0,0,0,0
3,6/5/50,2:47,0,0,0,0,0,0,0,0,0,0,0,0,7.808,0,0,0,0,0,0,0,0
3,6/5/50,2:48,0,0,0,0,0,0,0,0,0,0,37.587,0,14.429,0,0,0,0,0,0,0,0
3,6/5/50,2:49,0,0,0,0,0,0,0,27.541,0,0,21.093,0,47.807,0,0,0,0,0,0,0,0
3,6/5/50,2:50,0,0,0,0,0,0,0,22.868,0,0,93.695,0,0,0,3.878,0,0,0,0,0,0
3,6/5/50,2:51,0,0,0,0,0,0,0,0,0,0,111.603,0,0,0,175.952,0,0,0,0,0,0
3,6/5/50,2:52,0,0,0,0,0,0,0,16.324,0,0,31.852,0,0,0,126.652,0,0,0,0,0,0
3,6/5/50,2:53,0,0,0,0,0,0,0,19.273,0,0,5.96,0,0,0,141.682,0,0,0,0,0,0
3,6/5/50,2:54,0,0,0,0,0,0,0,39.886,0,0,0,0,0,0,166.343,0,0,0,0,0,0
3,6/5/50,2:55,0,0,0,0,0,0,0,0,0,0,0,0,0,0,168.391,0,0,0,0,0,0
3,6/5/50,2:56,0,0,0,0,0,0,0,0,0,0,38.096,0,0,0,26.808,0,0,0,0,0,0
3,6/5/50,2:57,0,0,0,0,0,0,0,0,0,0,41.086,0,0,0,15.254,0,0,0,0,0,0
3,6/5/50,2:58,0,18.949,0,0,0,0,0,0,0,0,83.757,0,0,0,55.838,0,0,0,0,0,0
3,6/5/50,2:59,0,71.033,0,0,0,0,0,0,0,0,57.984,0,0,0,77.715,0,0,0,0,0,0
3,6/5/50,3:00,0,0,0,0,0,0,0,0,0,0,37.375,0,0,0,80.745,0,0,2.019,0,0,0
3,6/5/50,3:01,0,0,0,0,0,0,0,0,0,0,6.12,0,0,0,185.413,0,0,108.501,0,0,0
3,6/5/50,3:02,0,0,0,0,0,0,0,84.32,0,0,0,0,0,0,94.486,0,0,136.212,0,0,0
3,6/5/50,3:03,0,0,0,0,0,0,0,103.68,0,0,0,0,0,0,81.589,0,0,36.072,0,0,0
3,6/5/50,3:04,0,0,0,0,0,0,0,89.666,0,0,0,0,0,0,165.113,0,0,77.384,0,0,0
3,6/5/50,3:05,0,0,0,0,0,0,0,84.679,0,0,0,0,0,0,63.023,0,0,14.527,0,0,0
3,6/5/50,3:06,0,0.612,0,0,0,25.649,0,148.179,0,0,2.142,0,0,0,18.138,0,0,16.599,0,0,0
3,6/5/50,3:07,0,139.039,0,0,0,148.588,0,98.542,0,0,12.666,126.731,0,0,19.767,0,0,36.872,0,0,0
3,6/5/50,3:08,0,161.993,0,0,0,0,0,89.164,0,0,11.233,50.886,0,0,23.752,0,0,57.61,0,0,0
3,6/5/50,3:09,0,121.79,0,21.587,0,0,0,31.52,0,0,17.256,64.896,0,0,0,0,0,69.77,0,0,0
3,6/5/50,3:10,0,112.034,0,136.849,0,0,0,41.292,0,0,20.595,134.365,0,0,92.851,0,0,30.979,0,0,0
3,6/5/50,3:11,0,91.836,0,36.218,0,0,0,147.123,0,0,8.131,0,0,0,30.687,0,0,74.76,0,0,0
3,6/5/50,3:12,0,0,0,33.065,0,0,0,0,0,0,48.504,0,0,0,34.9,0,0,17.309,0,0,0
3,6/5/50,3:13,0,0,0,67.767,0,0,0,0,0,0,20.678,0,0,0,24.772,0,0,0,0,0,0
3,6/5/50,3:14,0,0,0,115.377,0,0,0,0,0,0,39.346,0,0,0,0,0,0,0,0,0,0
3,6/5/50,3:15,0,0,0,0,0,0,0,0,0,0,14.792,0,0,0,0,0,0,0,0,0,0
3,6/5/50,3:16,0,0,0,0,0,0,0,0,0,0,10.979,0,0,0,0,0,0,0,0,0,0
3,6/5/50,3:17,0,0,0,45.338,0,0,0,0,0,0,18.036,0,0,0,0,0,0,0,0,0,0
3,6/5/50,3:18,0,0,0,152.453,0,0,0,0,0,0,53.108,0,0,0,0,0,0,0,0,0,0
3,6/5/50,3:19,0,0,0,0,0,0,0,0,0,0,10.743,0,0,0,0,0,0,0,0,0,0
3,6/5/50,3:20,0,55.189,0,23.684,0,0,0,0,0,0,30.531,0,0,0,0,0,0,0,0,0,0
3,6/5/50,3:21,0,67.063,0,0,0,0,0,0,0,0,0,0,0,0,0,0,0,0,0,0,0
3,6/5/50,3:22,0,63.7,0,97.788,0,0,0,0,0,0,0,0,0,0,0,0,0,0,0,0,0
3,6/5/50,3:23,0,0,0,98.2,0,0,0,0,0,0,0,0,0,0,0,0,0,0,0,0,0
3,6/5/50,3:24,0,0,0,33.663,0,0,0,0,0,0,0,0,0,0,0,0,0,0,0,0,0
3,6/5/50,3:25,0,0,0,88.942,0,0,0,0,0,0,0,0,0,0,0,0,0,0,0,0,0
3,6/5/50,3:26,0,0,0,0,0,0,0,0,0,0,0,0,0,0,0,0,0,0,0,0,0
3,6/5/50,3:27,0,0,0,15.483,0,0,0,0,0,0,0,0,0,0,0,0,0,0,0,0,0
3,6/5/50,3:28,0,0,0,0,0,0,0,0,0,0,0,0,0,0,0,0,0,0,0,0,0
3,6/5/50,3:29,0,0,0,3.053,0,0,0,0,0,0,0,0,0,0,0,0,0,0,0,0,0
3,6/5/50,3:30,0,0,0,0,0,0,0,0,0,0,0,0,0,0,0,0,0,0,0,0,0
3,6/5/50,3:31,0,0,0,0,0,0,0,0,0,0,0,0,0,0,0,0,0,0,0,0,0
3,6/5/50,3:32,0,0,0,0,0,0,0,0,0,0,0,0,0,0,0,0,0,0,0,0,0
3,6/5/50,3:33,0,0,0,0,0,0,0,0,0,0,0,0,0,0,0,0,0,0,0,125.508,0
3,6/5/50,3:34,0,0,0,0,0,0,0,0,0,0,0,0,0,0,0,0,0,0,0,134.865,0
3,6/5/50,3:35,0,0,0,0,0,0,0,0,0,0,0,0,0,184.099,0,0,0,0,0,0,0
3,6/5/50,3:36,0,0,0,0,0,0,0,0,0,0,0,0,0,9.784,0,0,0,0,0,95.646,0
3,6/5/50,3:37,0,0,0,0,0,0,0,0,0,0,0,0,0,0,0,93.259,0,0,0,105.999,0
3,6/5/50,3:38,0,0,0,0,0,0,0,0,0,0,0,0,0,25.657,0,113.593,0,0,0,11.57,0
3,6/5/50,3:39,0,0,0,0,0,0,0,0,0,0,0,0,0,35.231,0,80.544,0,0,0,89.244,0
3,6/5/50,3:40,0,0,0,0,0,0,0,0,0,0,0,0,0,94.676,0,113.158,0,0,0,105.768,0
3,6/5/50,3:41,0,0,0,0,0,0,0,0,0,0,0,0,0,81.543,0,148.018,0,0,0,28.294,0
3,6/5/50,3:42,0,0,0,0,0,0,0,0,0,0,0,0,0,23.537,0,144.597,0,0,0,47.666,0
3,6/5/50,3:43,0,0,0,0,0,0,0,0,0,0,0,0,0,29.795,0,127.353,0,0,0,180.97,0
3,6/5/50,3:44,0,0,0,0,0,0,0,0,0,0,0,0,0,67.152,0,185.798,0,0,0,46.033,0
3,6/5/50,3:45,0,0,26.491,0,0,0,0,0,0,0,0,0,0,157.135,0,175.544,0,0,0,41.825,0
3,6/5/50,3:46,72.873,153.381,35.445,0,0,0,0,0,0,0,0,0,0,24.441,0,107.033,0,0,0,25.394,0
3,6/5/50,3:47,0,37.11,0,0,0,0,0,0,0,0,0,0,0,14.448,0,64.273,0,0,0,25.262,0
3,6/5/50,3:48,0,0,0,0,0,0,0,0,0,0,0,0,0,14.568,0,70.603,0,0,0,150.13,0
3,6/5/50,3:49,0,0,0,0,0,0,0,0,0,0,0,0,0,68.371,0,0,0,0,0,78.724,0
3,6/5/50,3:50,0,0,0,0,0,0,0,0,0,0,0,0,0,34.555,0,0,0,64.272,0,68.111,0
3,6/5/50,3:51,0,0,0,0,0,0,0,0,0,0,0,0,0,48.088,0,0,0,50.004,0,0,0
3,6/5/50,3:52,0,0,55.704,0,0,0,0,0,0,0,0,0,0,0,0,0,0,112.37,0,0,0
3,6/5/50,3:53,0,0,37.853,0,0,0,0,0,0,0,0,0,0,0,0,144.986,0,56.645,0,25.635,0
3,6/5/50,3:54,0,0,3.997,0,0,0,0,0,0,0,0,0,0,0,0,96.824,0,112.478,0,63.169,0
3,6/5/50,3:55,0,0,0,0,0,0,0,0,0,0,0,0,0,0,0,41.211,0,29.269,0,56.548,0
3,6/5/50,3:56,0,0,0,0,0,0,0,0,0,66.79,0,0,0,0,0,0,0,146.549,0,40.851,0
3,6/5/50,3:57,0,0,0,0,0,0,0,0,0,0,0,0,0,0,0,0,0,0,0,83.188,0
3,6/5/50,3:58,0,0,0,0,0,0,0,0,0,0,0,0,0,0,0,0,0,0,0,125.383,0
3,6/5/50,3:59,0,0,0,0,0,0,0,0,0,0,0,0,0,0,0,0,0,0,0,0,0
3,6/5/50,4:00,0,0,0,0,0,0,0,0,0,0,0,0,0,0,0,0,0,0,0,0,0
3,6/5/50,4:01,0,172.092,0,0,0,0,0,0,0,0,0,0,0,0,0,0,0,0,0,0,0
3,6/5/50,4:02,0,141.405,0,0,0,0,0,0,0,0,0,0,0,0,0,0,0,0,0,82.684,0
3,6/5/50,4:03,0,107.849,0,0,0,0,0,0,0,0,0,0,0,0,0,0,0,0,0,73.529,0
3,6/5/50,4:04,0,146.521,0,0,0,0,0,0,0,67.011,0,0,0,0,0,0,0,0,0,61.369,0
3,6/5/50,4:05,0,78.482,0,0,0,0,0,0,0,64.43,0,0,0,0,0,0,0,0,0,43.592,0
3,6/5/50,4:06,0,169.895,0,0,0,0,0,0,0,56.937,0,0,0,0,0,0,0,0,0,67.261,0
3,6/5/50,4:07,0,59.419,0,0,0,0,0,0,0,58.127,0,0,0,0,0,0,0,0,0,80.263,0
3,6/5/50,4:08,0,23.005,0,0,0,0,0,0,0,61.564,0,0,0,0,0,0,0,0,0,58.161,0
3,6/5/50,4:09,0,95.778,0,0,0,0,0,0,0,101.405,0,0,0,0,0,0,0,0,0,133.721,0
3,6/5/50,4:10,0,150.743,0,0,0,0,0,0,0,24.705,0,0,0,0,0,0,0,0,0,27.469,0
3,6/5/50,4:11,0,93.398,0,0,0,0,0,0,0,73.088,0,0,0,0,0,0,0,0,0,9.577,0
3,6/5/50,4:12,0,79.383,0,0,0,0,0,0,0,99.252,0,0,0,0,0,0,0,0,0,43.543,0
3,6/5/50,4:13,0,75.675,0,0,0,0,0,0,0,93.116,0,0,0,0,0,0,0,0,0,31.574,0
3,6/5/50,4:14,0,97.03,0,0,0,0,0,0,0,45.475,0,54.695,0,0,0,0,0,0,0,0,0
3,6/5/50,4:15,0,157.007,0,0,0,0,0,0,0,0,0,52.91,0,0,0,0,0,0,0,0,0
3,6/5/50,4:16,0,141.211,0,0,0,0,66.451,0,0,0,0,124.805,0,0,0,0,0,0,0,0,0
3,6/5/50,4:17,0,150.358,0,0,0,0,154.235,0,0,0,0,128.472,0,0,0,0,0,0,0,0,0
3,6/5/50,4:18,0,126.315,0,0,0,0,133.701,0,0,41.992,0,59.099,0,0,0,0,0,0,0,0,0
3,6/5/50,4:19,0,150.265,0,0,0,0,93.848,0,0,40.274,0,59.965,0,0,0,0,0,0,0,0,0
3,6/5/50,4:20,0,133.698,0,0,0,0,71.263,0,0,49.536,0,64.026,0,0,0,0,0,0,0,0,0
3,6/5/50,4:21,0,64.879,0,0,0,0,87.188,0,0,49.106,0,0,0,0,24.182,0,0,0,0,0,0
3,6/5/50,4:22,0,117.854,0,0,0,0,70.885,0,0,31.593,0,0,0,0,128.039,0,0,0,0,0,0
3,6/5/50,4:23,0,83.059,0,0,0,0,74.001,0,0,30.033,0,57.955,51.738,0,109.296,0,0,0,0,0,0
3,6/5/50,4:24,0,174.364,0,0,0,0,135.758,0,0,0,0,39.166,0,0,142.842,0,0,0,0,0,0
3,6/5/50,4:25,0,90.417,0,0,0,0,37.359,0,0,69.699,0,91.276,0,0,3.952,0,0,0,130.032,0,0
3,6/5/50,4:26,0,133.725,0,0,0,0,32.471,0,45.432,83.72,0,20.383,0,0,73.951,0,0,0,109.637,0,0
3,6/5/50,4:27,0,131.085,0,0,0,0,160.474,0,54.369,57.163,0,0,0,0,0,0,0,0,79.353,0,0
3,6/5/50,4:28,0,114.134,0,0,0,0,83.746,0,48.638,66.839,0,0,31.877,0,116.786,0,0,53.144,28.581,0,0
3,6/5/50,4:29,0,0,0,0,0,0,18.188,99.877,15.976,0,0,0,94.319,0,91.939,0,0,103.841,26.379,0,0
3,6/5/50,4:30,0,0,0,0,0,0,0,83.48,41.975,0,0,5.352,40.962,0,142.204,0,0,197.85,32.685,0,0
3,6/5/50,4:31,0,0,0,0,0,0,92.649,88.939,0,0,0,18.703,0,0,162.147,0,0,100.719,74.903,0,0
3,6/5/50,4:32,0,0,0,0,0,0,46.766,84.865,0,0,0,81.939,0,0,42.022,0,0,28.858,80.852,0,0
3,6/5/50,4:33,0,0,0,0,0,0,0,56.204,0,0,0,30.181,0,0,39.999,0,0,109.628,18.382,0,0
3,6/5/50,4:34,0,88.867,0,0,0,0,22.611,26.128,0,0,0,0,19.753,0,181.455,0,0,0,28.069,0,0
3,6/5/50,4:35,101.321,133.864,0,0,0,0,150.92,38.336,0,0,0,0,11.421,0,125.678,0,0,0,41.156,0,0
3,6/5/50,4:36,35.703,67.107,0,0,0,0,56.78,155.668,0,0,0,0,0,0,40.014,0,0,0,0,0,0
3,6/5/50,4:37,20.798,154.869,0,0,0,0,54.218,94.555,0,0,0,0,77.523,0,27.954,0,42.582,0,0,0,0
3,6/5/50,4:38,82.872,92.506,0,0,0,0,50.537,24.526,0,0,0,0,28.447,0,48.174,0,133.216,0,0,0,0
3,6/5/50,4:39,18.58,80.725,0,0,0,0,21.937,81.661,0,0,0,0,40.905,0,0,0,91.902,62.474,0,0,0
3,6/5/50,4:40,98.732,96.387,0,0,0,0,0,55.897,0,0,0,0,65.509,0,27.111,0,0,70.147,0,0,0
3,6/5/50,4:41,139.754,35.125,0,0,0,0,0,70.021,0,0,0,0,5.883,0,67.825,0,0,29.272,0,0,0
3,6/5/50,4:42,38.053,107.837,0,0,0,0,22.737,48.025,0,0,0,0,11.811,0,110.986,0,15.322,165.39,0,0,0
3,6/5/50,4:43,34.222,39.235,0,0,139.431,0,63.182,49.576,0,0,0,0,36.902,0,55.154,0,18.503,75.481,0,0,0
3,6/5/50,4:44,18.294,0,0,0,33.609,0,44.887,0,0,0,0,0,15.771,0,89.12,119.926,0,53.184,0,0,0
3,6/5/50,4:45,35.186,0,0,0,0,0,33.955,0,0,0,100.9,0,76.284,0,178.412,180.479,70.51,119.815,0,0,0
3,6/5/50,4:46,88.831,0,0,0,0,0,73.208,0,0,0,59.069,0,73.212,0,98.804,144.204,0,43.832,0,0,0
3,6/5/50,4:47,9.306,0,0,0,101.552,0,51.087,0,0,0,32.829,0,88.131,0,37.322,122.595,0,154.39,0,0,0
3,6/5/50,4:48,25.263,0,0,0,84.163,0,0,46.271,0,0,96.168,0,32.594,0,161.149,100.401,0,136.024,0,0,0
3,6/5/50,4:49,64.298,0,0,0,25.885,0,0,19.114,0,0,28.881,0,30.765,0,89.802,52.942,0,115.931,0,0,0
3,6/5/50,4:50,84.804,0,0,0,20.514,0,0,0,0,0,103.101,0,41.247,0,0,99.104,0,78.849,0,0,0
3,6/5/50,4:51,31.535,0,0,0,35.655,0,0,0,0,0,39.224,0,55.391,0,54.01,119.018,0,49.025,0,0,44.421
3,6/5/50,4:52,33.872,0,0,0,56.449,0,0,0,0,0,125.099,0,25.494,0,34.699,153.213,0,52.359,0,0,99.103
3,6/5/50,4:53,20.488,0,0,0,28.477,0,0,0,0,0,64.299,0,0,0,0,76.648,0,88.005,0,0,74.496
3,6/5/50,4:54,0,0,0,0,0,0,0,0,0,0,109.041,0,43.587,0,0,147.617,0,0,0,0,43.64
3,6/5/50,4:55,0,0,0,39.125,51.038,25.293,0,0,0,0,55.971,0,0,0,0,132.4,0,0,0,0,0
3,6/5/50,4:56,0,0,0,148.608,80.156,9.289,0,0,0,0,11.077,0,35.218,0,0,53.257,0,0,0,0,0
3,6/5/50,4:57,0,0,0,0,50.525,16.219,0,0,0,0,62.943,0,0,0,0,0,0,0,0,0,34.146
3,6/5/50,4:58,0,2.182,0,0,0,4.114,0,0,0,0,27.7,0,0,0,0,0,0,0,0,0,105.911
3,6/5/50,4:59,0,118.177,35.449,0,0,53.763,0,0,0,0,39.859,0,43.237,0,0,0,0,0,0,0,133.876
3,6/5/50,5:00,0,16.681,131.948,0,0,63.1,0,0,0,0,13.748,0,126.876,0,0,0,0,0,0,0,112.235
3,6/5/50,5:01,0,76.605,144.768,0,0,94.87,0,0,0,0,26.078,0,156.724,0,0,0,0,0,0,0,81.405
3,6/5/50,5:02,0,125.84,77.367,0,0,53.047,0,0,0,0,34.353,0,118.772,0,0,0,0,0,0,0,61.992
3,6/5/50,5:03,0,110.803,25.554,0,0,16.458,0,0,0,0,27.982,0,94.258,0,0,18.929,0,0,0,0,39.851
3,6/5/50,5:04,0,33.684,27.8,0,0,9.135,0,0,0,0,83.095,0,0,0,0,48.268,0,0,0,0,42.659
3,6/5/50,5:05,0,84.705,38.148,0,0,0,0,0,0,0,20.206,27.087,0,0,0,108.887,0,0,0,0,42.783
3,6/5/50,5:06,0,42.132,114.402,0,0,0,0,0,0,0,26.911,167.297,20.305,0,0,80.601,0,0,0,0,110.864
3,6/5/50,5:07,0,23.642,92.068,0,0,25.637,0,0,0,0,26.815,135.042,0,0,0,0,0,0,0,0,22.154
3,6/5/50,5:08,0,23.348,120.226,0,0,13.234,0,0,0,0,76.886,74.302,28.037,0,0,0,0,0,0,0,0
3,6/5/50,5:09,0,16.07,0,0,0,41.704,0,0,0,0,70.087,184.809,9.024,0,0,0,0,0,0,0,0
3,6/5/50,5:10,0,49.928,0,0,0,0,0,0,0,0,38.637,18.832,18.22,0,0,0,0,0,0,0,0
3,6/5/50,5:11,0,169.08,0,36.62,0,0,0,0,0,0,43.231,48.028,22.34,0,0,0,0,0,0,0,0
3,6/5/50,5:12,0,82.746,0,125.834,0,0,0,0,0,0,0,102.485,0,0,0,0,0,0,0,0,0
3,6/5/50,5:13,0,26.249,0,16.99,0,0,0,0,0,0,0,0,0,0,0,0,0,0,0,0,0
3,6/5/50,5:14,0,123.455,0,93.893,0,0,0,0,0,0,0,0,0,0,0,0,0,0,0,0,0
3,6/5/50,5:15,0,157.406,0,0,0,0,0,0,0,0,5.009,0,0,0,0,0,0,0,0,0,0
3,6/5/50,5:16,0,91.67,0,156.473,0,0,0,0,0,0,222.632,0,0,0,0,0,0,0,0,0,0
3,6/5/50,5:17,0,126.414,0,50.487,0,0,0,0,0,0,53.84,39.441,0,0,0,0,0,0,0,0,0
3,6/5/50,5:18,0,0,0,69.622,0,0,0,0,0,0,95.362,110.501,0,0,0,0,0,0,0,0,0
3,6/5/50,5:19,0,0,0,1.427,0,0,0,0,0,0,74.873,0,0,0,0,0,0,0,0,0,0
3,6/5/50,5:20,0,38.585,0,34.372,0,0,0,0,0,0,128.121,23.78,0,0,0,0,0,0,0,0,0
3,6/5/50,5:21,0,88.679,0,82.356,0,0,0,0,0,0,2.14,153.575,0,0,0,0,0,0,0,0,0
3,6/5/50,5:22,0,20.976,0,15.931,0,0,0,69.68,0,0,0,31.897,0,0,0,0,0,108.307,0,0,0
3,6/5/50,5:23,0,2.903,0,18.151,0,0,0,86.073,0,0,0,16.831,0,0,0,0,0,90.092,0,0,0
3,6/5/50,5:24,0,0,0,0,0,0,0,94.361,0,0,40.638,0,0,0,0,0,0,86.097,0,0,0
3,6/5/50,5:25,0,0,0,0,0,0,81.919,41.428,0,0,57.506,56.568,0,0,0,0,0,83.314,0,0,0
3,6/5/50,5:26,0,0,0,0,0,0,170.079,157.141,0,0,34.978,31.577,0,0,0,0,0,62.922,0,0,0
3,6/5/50,5:27,0,0,0,0,0,0,41.147,101.145,0,0,52.491,47.237,0,0,0,0,0,43.426,0,0,0
3,6/5/50,5:28,0,0,0,39.528,0,0,52.423,94.831,0,0,0,0,0,0,0,0,0,44.039,0,0,0
3,6/5/50,5:29,0,0,0,37.429,0,0,59.428,82.302,0,0,93.165,61.516,0,0,0,0,0,4.602,0,0,0
3,6/5/50,5:30,0,0,0,109.887,0,0,71.159,33.496,0,0,45.427,127.563,0,0,0,0,0,107.163,0,0,0
3,6/5/50,5:31,0,0,0,72.797,0,0,82.339,65.285,0,0,14.314,72.741,0,0,0,0,0,55.661,0,0,0
3,6/5/50,5:32,0,0,0,39.775,0,0,90.696,33.869,0,46.235,34.085,0,0,0,0,0,0,26.381,0,0,0
3,6/5/50,5:33,0,0,0,34.691,0,0,50.671,60.923,0,27.643,34.77,56.304,0,0,0,0,0,0,0,0,0
3,6/5/50,5:34,0,0,0,51.7,0,0,85.231,137.286,0,33.649,29.203,16.72,0,0,0,0,0,69.405,0,0,0
3,6/5/50,5:35,0,0,0,34.079,0,0,43.642,96.435,44.285,123.478,36.705,4.111,0,0,0,0,0,33.404,0,38.538,0
3,6/5/50,5:36,0,0,0,29.34,0,0,62.731,0,103.764,14.718,27.85,145.61,0,0,0,0,0,67.054,0,80.988,0
3,6/5/50,5:37,0,0,0,18.909,0,0,41.545,24.568,0,11.941,42.515,66.085,0,0,0,0,0,0,0,136.443,0
3,6/5/50,5:38,0,0,0,32.049,0,0,0,51.905,24.764,18.236,54.76,0,0,0,0,0,0,0,0,121.987,0
3,6/5/50,5:39,0,0,0,32.251,0,0,0,34.777,0,43.816,0,0,0,0,0,0,0,0,0,134.311,0
3,6/5/50,5:40,0,0,0,38.467,0,0,0,12.214,22.23,45.791,0,0,0,0,0,0,0,0,0,9.711,0
3,6/5/50,5:41,0,0,0,55.153,0,0,0,85.929,24.034,119.197,0,0,0,0,0,0,0,0,0,59.89,0
3,6/5/50,5:42,0,141.687,0,29.07,0,0,85.623,97.943,42.094,79.948,0,0,0,0,146.895,0,0,0,0,83.23,0
3,6/5/50,5:43,0,50.705,0,0,0,0,56.843,25.156,0,0,0,0,0,0,171.223,0,0,0,0,77.361,0
3,6/5/50,5:44,0,35.534,0,0,0,0,0,0,28.372,31.392,0,0,0,0,138.646,0,0,0,0,176.778,0
3,6/5/50,5:45,0,0,0,0,0,0,64.517,59.512,57.914,78.955,0,0,0,0,134.32,0,0,0,0,20.319,0
3,6/5/50,5:46,0,0,0,0,0,0,41.085,111.936,120.03,69.799,0,0,0,0,270.914,0,0,0,0,0,0
3,6/5/50,5:47,0,0,0,0,0,0,46.912,28.585,118.537,26.855,0,0,0,0,140.512,0,86.023,0,0,55.868,0
3,6/5/50,5:48,0,0,128.41,0,0,0,0,0,0,0,0,0,0,0,139.572,0,150.621,0,0,0,0
3,6/5/50,5:49,0,0,34.791,0,0,0,0,0,0,69.856,0,0,0,0,116.111,0,8.5,0,0,51.758,0
3,6/5/50,5:50,0,0,0,0,0,0,0,0,0,52.248,0,0,0,0,53.453,0,65.808,0,0,96.498,0
3,6/5/50,5:51,0,0,26.175,0,0,0,0,0,92.061,75.59,0,0,0,0,0,0,2.893,0,0,128.401,0
3,6/5/50,5:52,0,0,151.648,0,0,0,0,0,87.52,108.168,0,0,0,0,27.032,0,48.194,0,0,23.088,0
3,6/5/50,5:53,0,0,192.002,0,0,0,0,0,0,85.555,0,0,0,0,232.097,0,30.23,0,0,127.155,0
3,6/5/50,5:54,0,0,77.41,0,0,0,0,0,0,52.365,0,0,0,0,116.454,0,21.873,0,0,20.011,0
3,6/5/50,5:55,0,0,105.175,0,0,0,0,0,0,47.137,0,0,0,0,155.885,0,58.304,0,0,43.833,0
3,6/5/50,5:56,0,0,115.63,0,0,0,0,0,0,0,0,0,0,103.449,175.523,0,37.023,0,0,24.429,0
3,6/5/50,5:57,0,0,19.525,0,0,0,0,0,0,0,0,0,0,179.829,152.533,0,133.231,0,0,114.457,0
3,6/5/50,5:58,0,0,25.276,0,0,0,0,0,0,59.927,0,0,0,166.19,144.674,0,28.52,0,0,27.781,0
3,6/5/50,5:59,0,0,72.251,0,0,0,0,0,0,53.092,0,0,0,79.802,69.123,0,40.659,0,0,76.135,0
4,6/5/50,6:00,0,0,3.592,0,0,0,0,0,0,153.828,0,0,0,120.501,32.928,0,125.627,0,0,130.071,0
4,6/5/50,6:01,0,0,0,0,0,0,0,0,0,58.654,0,0,0,81.628,44.322,0,82.32,0,0,125.545,0
4,6/5/50,6:02,0,0,20.719,0,0,0,0,0,0,21.012,0,0,0,77.115,156.178,0,0,0,0,71.993,0
4,6/5/50,6:03,0,0,0,0,0,0,0,0,0,0,0,0,0,52.094,56.929,0,71.636,0,0,0,0
4,6/5/50,6:04,0,0,0,0,0,0,0,0,0,15.224,0,0,0,9.964,0,0,18.11,0,0,0,0
4,6/5/50,6:05,0,44.128,0,0,0,0,0,0,0,26.04,0,0,0,47.696,117.745,0,8.454,0,0,0,0
4,6/5/50,6:06,0,94.899,0.833,0,0,0,0,0,0,0,0,0,0,0,0,0,17.242,0,0,0,0
4,6/5/50,6:07,0,65.448,67.542,0,0,0,0,0,0,15.421,0,0,0,0,6.915,0,6.349,0,0,0,0
4,6/5/50,6:08,0,98.486,11.26,0,0,0,79.405,0,0,89.919,0,0,0,0,90.583,0,28.463,0,0,5.724,0
4,6/5/50,6:09,0,95.937,78.008,0,0,0,33.595,0,0,57.262,0,0,0,0,0,0,30.38,0,0,6.863,0
4,6/5/50,6:10,0,0,13.152,0,0,0,100.404,0,0,0,0,0,0,0,0,0,44.021,0,0,48.535,0
4,6/5/50,6:11,0,0,35.943,0,0,0,16.86,0,0,0,0,0,0,0,74.358,0,27.357,0,0,49.726,0
4,6/5/50,6:12,18.678,107.952,4.126,0,0,0,0,0,0,0,0,0,0,0,57.301,0,38.082,0,0,69.467,0
4,6/5/50,6:13,49.914,5.471,0,0,0,0,0,0,0,0,0,0,0,0,126.494,0,83.148,0,0,0,0
4,6/5/50,6:14,70.694,0,48.299,0,0,0,0,0,0,0,0,0,0,0,35.518,0,0,0,0,0,0
4,6/5/50,6:15,34.861,0,65.45,0,0,68.587,0,0,0,0,0,0,0,0,1.876,0,0,0,0,0,0
4,6/5/50,6:16,0,0,122.327,0,0,24.533,0,0,0,0,0,0,0,0,130.092,0,0,0,0,0,0
4,6/5/50,6:17,0,0,97.301,0,0,22.687,0,0,0,0,0,0,0,0,125.617,0,0,0,0,0,0
4,6/5/50,6:18,0,0,0,0,0,0,0,0,0,0,0,0,0,0,43.261,0,0,0,0,0,0
4,6/5/50,6:19,0,0,0,0,0,11.64,0,0,0,0,0,0,0,0,0,0,0,0,0,0,0
4,6/5/50,6:20,51.192,0,0,0,0,38.952,0,0,0,0,0,0,0,0,0,0,0,0,0,0,0
4,6/5/50,6:21,13.185,0,0,0,0,0,0,0,0,0,0,0,0,0,0,0,0,0,0,0,0
4,6/5/50,6:22,26.042,0,0,0,0,0,0,0,0,0,0,0,0,0,0,0,0,0,0,0,0
4,6/5/50,6:23,58.097,0,0,0,0,0,0,0,0,0,0,0,0,0,0,0,0,0,0,0,0
4,6/5/50,6:24,29.286,0,0,0,0,0,0,0,0,0,0,0,0,0,0,0,0,0,0,0,0
4,6/5/50,6:25,28.783,0,0,0,0,0,0,0,0,0,0,0,0,0,0,0,0,0,0,0,0
4,6/5/50,6:26,20.552,0,0,0,0,0,0,0,0,0,0,0,0,0,0,0,0,0,0,0,0
4,6/5/50,6:27,51.919,0,0,0,0,0,0,0,0,0,0,0,0,0,0,0,0,0,0,0,0
4,6/5/50,6:28,30.03,0,0,0,0,0,0,0,0,0,0,0,0,0,0,0,0,0,35.26,0,0
4,6/5/50,6:29,127.493,0,0,0,0,0,0,0,0,0,0,0,0,0,0,0,0,0,68.119,0,0
4,6/5/50,6:30,77.877,0,0,0,0,0,0,0,0,0,0,0,0,0,0,0,0,65.52,31.78,0,0
4,6/5/50,6:31,0,0,0,0,0,0,0,0,0,0,0,0,0,0,0,0,0,22.318,37.519,0,0
4,6/5/50,6:32,0,0,0,0,0,0,0,0,0,0,0,0,0,0,0,0,0,0,114.727,0,0
4,6/5/50,6:33,0,0,0,0,0,0,0,0,0,0,0,0,0,0,0,0,0,0,45.103,0,0
4,6/5/50,6:34,0,0,0,0,0,0,0,0,0,0,0,0,0,0,0,0,0,0,40.198,0,0
4,6/5/50,6:35,10.831,0,0,0,0,0,0,0,0,0,0,0,0,0,0,0,0,0,29.548,0,0
4,6/5/50,6:36,126.43,0,0,0,0,0,0,0,0,0,0,0,0,0,0,0,0,0,23.928,0,0
4,6/5/50,6:37,86.164,0,0,0,0,0,0,0,0,0,0,0,0,0,0,0,0,0,28.849,0,0
4,6/5/50,6:38,0,0,0,0,0,0,0,0,0,0,0,0,0,0,0,0,0,0,26.69,0,0
4,6/5/50,6:39,37.915,0,0,0,0,0,0,0,0,0,0,0,0,0,0,0,0,0,31.191,0,0
4,6/5/50,6:40,27.348,0,0,0,0,0,0,0,0,0,0,0,0,0,0,0,0,0,38.499,0,0
4,6/5/50,6:41,41.206,0,0,0,0,0,0,0,0,0,0,0,0,0,0,0,0,0,37.453,0,0
4,6/5/50,6:42,44.331,0,0,0,0,0,0,0,0,0,0,0,0,0,0,0,0,0,75.843,0,0
4,6/5/50,6:43,0,0,0,0,0,0,0,0,0,0,0,0,0,0,0,0,0,0,26.349,0,0
4,6/5/50,6:44,0,0,0,0,0,0,0,0,0,0,0,0,0,0,0,0,0,0,79.54,0,0
4,6/5/50,6:45,0,0,0,0,0,0,0,0,0,0,0,0,0,0,0,0,0,0,0,0,0
4,6/5/50,6:46,0,0,0,0,0,0,0,0,0,0,0,0,0,0,0,0,0,0,0,0,0
4,6/5/50,6:47,0,0,0,0,0,0,0,0,0,0,0,0,0,0,0,0,0,0,0,0,0
4,6/5/50,6:48,0,0,0,0,0,0,0,0,0,0,0,0,0,0,0,0,0,0,0,0,0
4,6/5/50,6:49,0,0,0,0,0,0,0,0,0,0,0,0,0,0,0,0,0,0,0,0,0
4,6/5/50,6:50,0,0,0,0,0,0,0,0,0,0,0,0,0,0,0,0,0,0,0,0,0
4,6/5/50,6:51,0,0,0,0,0,0,0,0,0,0,0,19.842,0,0,0,0,0,0,0,0,0
4,6/5/50,6:52,0,0,0,0,0,0,0,0,0,0,0,35.617,0,0,0,0,0,0,0,0,0
4,6/5/50,6:53,0,0,0,0,0,0,0,0,0,0,0,113.065,0,0,0,0,0,0,0,0,0
4,6/5/50,6:54,0,0,0,0,0,0,0,0,0,0,0,55.177,0,0,0,0,0,0,0,0,0
4,6/5/50,6:55,0,0,0,0,0,0,0,0,0,0,0,12.556,0,0,0,0,0,0,0,0,0
4,6/5/50,6:56,0,0,0,0,0,0,0,0,0,0,0,0,0,0,0,0,0,0,0,0,0
4,6/5/50,6:57,0,0,0,0,0,0,0,0,0,0,0,0,0,0,0,0,0,0,0,0,0
4,6/5/50,6:58,0,0,0,0,0,0,0,0,0,0,0,0,0,0,0,0,0,0,0,0,0
4,6/5/50,6:59,0,0,0,0,0,0,0,0,0,0,0,0,0,0,0,13.82,0,0,0,0,0
4,6/5/50,7:00,0,0,0,0,0,0,0,0,0,0,0,0,0,0,0,124.822,0,0,0,0,0
4,6/5/50,7:01,0,0,0,0,0,0,0,0,0,0,0,0,0,0,0,122.222,0,0,0,0,0
4,6/5/50,7:02,0,0,0,0,0,0,0,0,0,0,0,0,0,0,0,147.223,0,0,0,0,0
4,6/5/50,7:03,0,0,0,0,0,0,0,0,0,0,0,0,0,0,0,122.159,0,0,0,0,0
4,6/5/50,7:04,0,0,0,0,0,0,0,0,0,0,0,0,0,0,0,134.996,0,0,0,0,0
4,6/5/50,7:05,0,0,0,0,0,0,0,0,0,0,0,0,0,0,0,112.307,0,0,0,0,0
4,6/5/50,7:06,0,0,0,0,0,0,0,0,0,0,0,0,0,0,0,117.716,0,0,0,0,0
4,6/5/50,7:07,0,0,0,0,0,0,0,0,0,0,0,0,0,0,0,82.648,0,0,0,0,0
4,6/5/50,7:08,0,0,0,0,0,0,0,0,0,0,0,0,0,0,0,24.335,0,0,0,0,0
4,6/5/50,7:09,0,0,0,0,0,0,0,0,0,0,0,0,0,0,0,0,0,0,0,0,0
4,6/5/50,7:10,0,0,0,0,0,0,9.307,0,0,0,0,0,0,0,0,0,0,31.259,0,0,0
4,6/5/50,7:11,0,0,0,0,0,0,106.282,0,0,0,0,0,0,0,0,0,0,34.917,0,0,0
4,6/5/50,7:12,0,0,0,0,0,0,24.853,0,0,0,0,0,0,0,0,0,0,0,0,0,0
4,6/5/50,7:13,0,0,0,0,0,0,0,0,0,0,0,0,0,0,0,0,0,30.754,0,0,0
4,6/5/50,7:14,0,0,0,0,0,0,23.203,0,0,0,0,0,0,0,0,0,0,0,0,0,0
4,6/5/50,7:15,0,0,0,0,0,36.1,90.382,0,0,0,0,0,0,0,0,0,0,85.953,0,0,0
4,6/5/50,7:16,0,0,0,0,0,0,97.995,0,0,0,0,0,0,0,0,0,0,44.066,0,0,0
4,6/5/50,7:17,0,0,0,0,0,41.556,66.314,0,0,0,0,0,0,0,0,0,0,121.806,0,0,90.426
4,6/5/50,7:18,0,0,0,0,0,0,0,0,0,0,0,0,0,0,0,0,0,54.627,0,0,121.378
4,6/5/50,7:19,0,0,0,0,0,0,0,0,0,0,0,0,0,0,0,0,0,21.622,0,0,84.166
4,6/5/50,7:20,0,0,0,0,0,42.572,0,0,0,0,0,0,0,0,0,0,0,31.15,0,0,86.349
4,6/5/50,7:21,0,0,0,0,0,69.264,0,0,0,0,0,0,0,0,0,0,0,77.549,0,0,41.954
4,6/5/50,7:22,0,0,0,0,0,40.733,0,0,0,0,0,0,0,0,0,0,0,51.143,0,0,99.143
4,6/5/50,7:23,0,0,0,0,56.55,73.294,0,0,0,0,0,0,0,0,0,0,0,41.006,0,0,90.693
4,6/5/50,7:24,0,0,0,0,40.912,38.378,0,0,0,0,0,0,0,0,0,0,0,33.203,0,0,81.692
4,6/5/50,7:25,0,0,0,0,44.574,0,0,0,0,0,0,0,0,0,0,0,0,45.599,0,0,4.774
4,6/5/50,7:26,0,0,0,0,0,0,0,0,0,0,0,0,0,0,0,0,0,49.764,0,0,93.717
4,6/5/50,7:27,0,0,0,0,32.413,0,0,0,0,0,0,0,0,0,0,0,0,0,0,0,45.817
4,6/5/50,7:28,0,0,0,0,0,0,0,0,0,0,0,0,0,0,0,0,0,0,0,0,105.182
4,6/5/50,7:29,0,0,0,0,0,0,0,0,0,0,0,0,0,0,0,0,0,0,0,0,177.153
4,6/5/50,7:30,0,0,0,0,0,0,0,0,0,0,0,0,0,0,0,0,0,0,0,0,6.652
4,6/5/50,7:31,0,0,0,0,0,0,0,0,0,0,0,0,0,0,0,0,0,0,0,0,0
4,6/5/50,7:32,0,0,0,0,0,0,0,0,0,0,0,0,0,0,0,0,0,0,0,0,0
4,6/5/50,7:33,0,0,0,0,0,0,0,0,0,0,0,0,0,0,0,0,0,0,0,0,0
4,6/5/50,7:34,0,0,0,0,0,0,0,0,0,0,0,0,0,0,0,0,0,0,0,0,0
4,6/5/50,7:35,0,0,0,0,0,0,0,0,0,0,0,0,0,0,0,0,0,0,0,0,41.133
4,6/5/50,7:36,0,0,0,0,0,0,0,0,0,0,0,0,0,0,0,0,0,0,0,0,0
4,6/5/50,7:37,0,0,0,0,0,0,0,0,0,0,0,0,0,0,0,0,0,0,0,0,0
4,6/5/50,7:38,0,0,0,0,0,0,0,0,0,0,0,0,0,0,0,0,0,0,0,0,0
4,6/5/50,7:39,0,0,0,0,0,0,0,0,0,0,0,0,0,0,0,0,0,0,0,0,0
4,6/5/50,7:40,0,0,0,0,0,0,0,0,0,0,0,0,0,0,0,0,0,0,0,0,0
4,6/5/50,7:41,0,0,0,0,0,0,0,0,0,0,0,0,0,0,0,0,0,0,0,0,0
4,6/5/50,7:42,0,0,0,0,0,0,0,0,0,0,0,0,0,0,0,0,0,0,0,0,0
4,6/5/50,7:43,0,0,0,0,0,0,0,0,0,0,0,0,0,0,0,0,0,0,0,0,0
4,6/5/50,7:44,0,0,0,0,0,0,0,0,0,0,0,0,0,0,0,0,0,0,0,0,0
4,6/5/50,7:45,0,0,0,0,0,0,0,0,0,0,0,0,0,0,0,0,0,0,0,0,0
4,6/5/50,7:46,0,0,0,0,0,0,0,0,0,0,0,0,0,0,0,0,0,0,0,0,0
4,6/5/50,7:47,0,0,0,0,0,0,0,0,0,0,0,0,0,0,0,0,0,0,0,0,0
4,6/5/50,7:48,0,0,0,0,0,0,0,0,0,0,0,0,0,0,136.976,0,0,0,0,0,0
4,6/5/50,7:49,0,0,0,0,0,0,0,0,0,0,0,0,0,0,130.367,0,0,0,0,0,0
4,6/5/50,7:50,0,0,0,0,0,0,0,0,0,0,0,0,0,0,140.985,0,0,0,0,0,0
4,6/5/50,7:51,0,0,0,0,0,0,0,0,0,0,0,0,0,0,98.654,0,0,0,0,0,0
4,6/5/50,7:52,0,0,0,0,0,0,0,0,0,0,0,0,0,0,55.181,0,0,0,0,0,0
4,6/5/50,7:53,0,0,0,0,0,0,0,0,0,0,0,0,0,0,39.683,0,0,0,0,0,0
4,6/5/50,7:54,0,0,0,0,0,0,0,0,0,0,0,0,0,0,82.549,0,0,0,0,0,0
4,6/5/50,7:55,0,0,0,0,0,0,0,0,0,0,0,0,0,0,11.179,0,0,0,0,0,0
4,6/5/50,7:56,0,0,0,0,0,0,0,0,0,0,0,0,0,0,0,0,0,0,0,0,0
4,6/5/50,7:57,0,0,0,0,0,0,0,0,0,0,0,0,0,0,28.635,0,0,0,0,0,0
4,6/5/50,7:58,0,0,0,0,0,0,0,0,0,0,0,0,0,0,35.339,0,0,0,0,0,0
4,6/5/50,7:59,0,0,0,0,0,0,0,0,0,0,0,0,42.36,0,132.884,0,0,0,0,0,0
4,6/5/50,8:00,0,0,0,0,0,0,0,0,0,0,0,0,74.314,0,46.823,0,0,0,0,0,0
4,6/5/50,8:01,0,0,0,0,0,0,0,0,0,0,0,0,71.278,0,5.445,0,0,0,0,0,0
4,6/5/50,8:02,0,0,0,0,0,0,0,0,0,0,0,0,13.034,0,0,0,0,0,0,0,0
4,6/5/50,8:03,0,0,0,0,0,0,0,0,0,0,0,0,21.114,0,0,0,0,0,0,0,0
4,6/5/50,8:04,0,0,0,0,0,0,0,0,0,0,0,0,81.817,0,82.395,0,0,0,0,0,0
4,6/5/50,8:05,0,0,0,0,0,0,0,0,0,0,0,0,98.718,0,0,0,0,0,0,0,0
4,6/5/50,8:06,0,0,0,0,0,0,0,0,0,0,0,0,0,0,0,0,0,0,0,0,0
4,6/5/50,8:07,0,0,0,0,0,0,0,0,0,0,0,0,0,0,0,0,0,0,0,0,0
4,6/5/50,8:08,0,0,0,0,0,0,0,0,0,0,0,0,0,0,0,0,0,0,0,0,0
4,6/5/50,8:09,0,0,0,0,0,0,0,0,0,0,0,0,0,0,0,0,0,0,0,0,0
4,6/5/50,8:10,0,0,0,0,0,0,0,0,0,0,0,0,0,0,0,0,0,0,0,0,0
4,6/5/50,8:11,0,0,0,0,0,0,0,0,0,0,0,0,0,0,0,0,0,0,0,0,0
4,6/5/50,8:12,0,0,0,0,0,0,0,0,0,0,0,0,0,0,0,0,0,0,0,0,0
4,6/5/50,8:13,0,0,0,0,0,0,0,0,0,0,0,0,0,0,0,0,0,0,0,0,0
4,6/5/50,8:14,0,0,0,0,0,0,0,0,0,0,0,0,0,37.828,0,0,0,0,0,0,0
4,6/5/50,8:15,0,0,0,0,0,0,0,0,0,0,0,0,0,120.198,0,0,0,0,0,0,0
4,6/5/50,8:16,0,0,0,0,0,0,0,0,0,0,0,0,0,112.757,0,0,0,0,0,0,0
4,6/5/50,8:17,0,0,0,0,0,0,0,0,0,0,0,0,0,101.76,0,0,0,0,0,0,0
4,6/5/50,8:18,0,0,0,0,0,0,0,0,0,0,0,0,0,59.813,0,0,0,0,0,0,0
4,6/5/50,8:19,0,0,0,0,0,0,0,0,0,0,0,0,0,26.787,0,0,0,0,0,0,0
4,6/5/50,8:20,0,0,0,0,0,0,0,0,0,0,0,0,0,38.84,0,90.579,0,0,0,0,0
4,6/5/50,8:21,0,0,0,0,0,0,0,0,0,0,0,0,0,12.295,0,108.475,0,0,0,0,0
4,6/5/50,8:22,0,0,0,0,0,0,0,0,0,0,0,0,0,174.066,0,76.381,0,0,0,0,0
4,6/5/50,8:23,0,0,0,0,0,0,0,0,0,0,0,0,0,149.651,0,110.361,0,0,0,0,0
4,6/5/50,8:24,0,0,0,0,0,0,0,0,0,0,0,0,0,49.193,0,76.253,0,0,0,0,0
4,6/5/50,8:25,0,0,0,0,0,0,0,0,0,0,0,0,0,78.667,0,0,0,0,0,0,0
4,6/5/50,8:26,0,0,0,0,0,0,0,0,0,0,0,0,0,6.99,0,0,0,0,0,0,0
4,6/5/50,8:27,0,0,0,0,0,0,0,0,0,0,0,0,0,22.842,0,0,0,0,0,0,0
4,6/5/50,8:28,0,0,0,0,0,0,0,0,0,0,0,0,0,0,0,0,0,0,0,0,0
4,6/5/50,8:29,0,0,0,0,0,0,0,0,0,0,0,0,0,0,0,15.844,0,0,0,0,0
4,6/5/50,8:30,0,0,0,0,0,0,0,0,0,0,0,0,0,0,0,0,0,0,0,0,0
4,6/5/50,8:31,0,0,0,0,0,0,0,0,0,0,0,0,0,0,0,0,0,0,0,0,0
4,6/5/50,8:32,0,0,0,0,0,0,0,0,0,0,0,0,0,0,0,0,0,0,0,0,0
4,6/5/50,8:33,0,0,0,0,0,0,0,0,0,0,0,0,0,0,0,0,0,0,0,0,0
4,6/5/50,8:34,0,0,0,0,0,0,0,0,0,0,0,0,0,0,0,0,0,0,0,0,0
4,6/5/50,8:35,0,0,0,0,0,0,0,0,0,0,0,0,0,0,0,0,0,0,0,0,0
4,6/5/50,8:36,0,0,0,0,0,0,0,0,0,0,0,0,0,0,0,0,0,0,0,0,0
4,6/5/50,8:37,0,0,0,0,0,0,0,0,0,0,0,0,0,0,0,0,0,0,0,0,0
4,6/5/50,8:38,0,0,0,0,0,0,0,0,0,0,0,0,0,0,0,0,0,0,0,0,0
4,6/5/50,8:39,0,0,0,0,0,0,0,0,0,0,0,0,0,0,0,0,0,0,0,0,0
4,6/5/50,8:40,0,0,0,0,0,0,0,0,0,0,0,0,0,0,0,0,0,0,0,0,0
4,6/5/50,8:41,0,0,0,0,0,0,0,0,0,0,0,0,0,0,0,0,0,0,0,0,0
4,6/5/50,8:42,0,0,0,0,0,0,0,0,0,0,0,0,0,0,0,0,0,0,0,0,0
4,6/5/50,8:43,0,0,0,0,0,0,0,0,0,0,0,0,0,0,0,0,0,0,0,0,0
4,6/5/50,8:44,0,0,0,0,0,0,0,0,0,0,0,0,0,0,0,0,0,0,0,0,0
4,6/5/50,8:45,0,0,0,0,0,58.913,0,0,0,0,0,0,0,0,0,0,0,0,0,0,0
4,6/5/50,8:46,0,0,0,0,0,0,0,0,0,0,0,0,0,0,0,0,0,0,0,0,0
4,6/5/50,8:47,0,0,0,0,0,0,0,0,0,0,0,0,0,0,0,0,0,0,0,0,0
4,6/5/50,8:48,0,0,0,0,0,0,0,0,0,0,0,0,0,0,0,0,0,0,0,0,0
4,6/5/50,8:49,0,0,0,0,0,0,0,0,0,0,0,0,0,0,0,0,0,0,0,0,0
4,6/5/50,8:50,0,0,0,0,0,0,0,0,0,0,0,0,0,0,0,0,0,0,0,0,0
4,6/5/50,8:51,0,0,0,0,0,0,0,0,0,0,0,0,0,0,0,0,0,0,0,0,0
4,6/5/50,8:52,0,0,0,0,0,0,0,0,0,0,0,0,0,0,0,0,0,0,0,0,0
4,6/5/50,8:53,0,0,0,0,0,0,0,0,0,0,0,0,0,0,0,0,0,0,0,0,0
4,6/5/50,8:54,0,0,0,0,0,0,0,0,0,0,0,0,0,0,0,0,0,0,0,0,0
4,6/5/50,8:55,0,0,0,0,0,0,0,0,0,0,0,0,0,0,0,0,0,0,0,0,0
4,6/5/50,8:56,0,0,0,0,0,0,0,0,0,0,0,0,0,0,0,0,0,0,0,0,0
4,6/5/50,8:57,0,0,0,0,0,0,0,0,0,0,0,0,0,0,0,0,0,0,0,0,0
4,6/5/50,8:58,0,0,0,0,0,0,0,0,0,0,0,0,0,0,0,0,0,0,0,0,0
4,6/5/50,8:59,0,0,0,0,0,0,0,0,0,0,0,0,0,0,0,0,0,0,0,0,0
4,6/5/50,9:00,0,0,0,0,0,0,0,0,0,0,0,0,0,0,0,0,0,0,0,0,0
4,6/5/50,9:01,0,0,0,0,0,0,0,0,0,0,0,0,0,0,0,0,0,0,0,0,0
4,6/5/50,9:02,0,0,0,0,0,0,0,0,0,0,0,0,0,0,0,0,0,0,0,0,0
4,6/5/50,9:03,0,0,0,0,0,0,0,0,0,0,0,0,0,0,0,0,0,0,0,0,0
4,6/5/50,9:04,0,0,0,0,0,0,0,0,0,0,0,0,0,0,0,0,0,0,0,0,0
4,6/5/50,9:05,0,0,0,0,0,0,0,0,0,0,0,0,0,0,0,0,0,0,0,0,0
4,6/5/50,9:06,0,0,0,0,0,0,0,0,0,0,0,0,0,0,0,0,0,0,0,0,0
4,6/5/50,9:07,0,0,0,0,0,0,0,0,0,0,0,0,0,0,0,0,0,0,0,0,0
4,6/5/50,9:08,0,0,0,0,0,0,0,0,0,0,0,0,0,0,0,0,0,0,0,0,0
4,6/5/50,9:09,0,0,0,0,0,0,0,0,0,0,0,0,0,0,0,0,0,0,0,0,0
4,6/5/50,9:10,0,0,0,0,0,0,0,0,0,0,0,0,0,0,0,0,0,0,0,0,0
4,6/5/50,9:11,0,0,0,0,0,0,0,0,0,0,0,0,0,0,0,0,0,0,0,0,0
4,6/5/50,9:12,0,0,0,0,0,0,0,0,0,0,0,0,0,0,0,0,0,0,0,0,0
4,6/5/50,9:13,0,0,0,0,0,0,0,0,0,0,0,0,0,0,0,0,0,0,0,0,0
4,6/5/50,9:14,0,0,0,0,0,0,0,0,0,0,0,0,0,0,0,0,0,0,0,0,0
4,6/5/50,9:15,0,0,0,0,0,0,0,0,0,0,0,0,0,0,0,0,0,0,0,0,0
4,6/5/50,9:16,0,0,0,0,0,0,0,0,0,0,0,0,0,0,0,0,0,0,0,0,0
4,6/5/50,9:17,0,0,0,0,0,0,0,0,0,0,0,0,0,0,0,0,0,0,0,0,0
4,6/5/50,9:18,0,0,0,0,0,0,0,0,0,0,0,0,0,0,0,0,0,0,0,0,0
4,6/5/50,9:19,0,0,0,0,0,0,0,0,0,0,0,0,0,0,0,0,0,0,0,0,0
4,6/5/50,9:20,0,0,0,0,0,0,0,0,0,0,0,0,0,0,0,0,41.471,0,0,0,0
4,6/5/50,9:21,0,0,0,0,0,0,16.878,0,0,0,0,0,0,0,0,0,136.522,0,0,0,0
4,6/5/50,9:22,0,0,0,0,0,0,24.297,0,0,0,0,0,0,0,0,0,65.828,0,0,41.962,0
4,6/5/50,9:23,0,25.55,0,0,0,0,24.158,0,0,0,0,0,0,0,0,0,40.397,0,0,38.518,0
4,6/5/50,9:24,0,133.072,0,0,0,0,60.283,0,0,29.216,0,0,0,0,0,0,18.488,0,0,129.031,0
4,6/5/50,9:25,0,56.866,0,0,0,0,103.745,0,0,45.855,0,0,0,0,0,0,30.109,0,0,38.591,0
4,6/5/50,9:26,0,65.004,0,0,0,0,54.66,0,0,55.078,0,0,0,0,0,0,44.984,0,0,25.659,0
4,6/5/50,9:27,0,121.479,0,0,0,0,38.646,0,0,50.437,0,0,0,0,0,0,40.736,0,0,57.125,0
4,6/5/50,9:28,0,1.606,0,0,0,0,59.825,0,0,23.305,0,0,0,0,0,0,0,0,0,37.941,0
4,6/5/50,9:29,0,68.752,0,0,0,0,0,0,0,0,0,0,0,0,0,0,41.328,0,0,44.027,0
4,6/5/50,9:30,0,0,0,64.752,0,0,0,0,0,0,0,0,0,0,0,0,107.441,0,0,24.562,0
4,6/5/50,9:31,0,0,0,12.103,0,0,0,0,0,0,0,0,0,0,0,0,20.601,0,0,0,0
4,6/5/50,9:32,0,0,0,3.513,0,0,0,0,0,0,0,0,0,0,0,0,37.422,0,0,52.341,0
4,6/5/50,9:33,0,0,0,80.14,0,0,0,0,0,0,0,0,0,0,0,0,91.023,0,0,114.028,0
4,6/5/50,9:34,0,0,0,0,0,0,0,0,0,0,0,0,0,0,0,0,0,0,0,117.515,0
4,6/5/50,9:35,0,0,0,0,0,0,0,0,0,0,0,0,0,0,0,0,0,0,0,76.397,0
4,6/5/50,9:36,0,0,0,0,0,0,0,0,0,0,0,0,0,0,0,0,0,0,34.01,0,0
4,6/5/50,9:37,0,0,0,0,0,0,0,0,0,0,0,0,0,0,0,0,0,0,61.256,0,0
4,6/5/50,9:38,0,0,0,0,0,0,0,0,0,0,0,0,0,0,0,0,0,0,78.19,0,0
4,6/5/50,9:39,0,0,0,0,0,0,0,0,0,0,0,0,0,0,0,0,0,0,16.195,0,0
4,6/5/50,9:40,0,0,0,0,0,0,0,0,0,0,0,0,0,0,0,0,0,0,6.768,0,0
4,6/5/50,9:41,0,0,0,0,0,0,0,0,0,0,0,0,0,0,0,0,0,0,61.346,0,0
4,6/5/50,9:42,0,0,0,0,0,0,0,0,0,0,0,0,0,0,0,0,0,0,0,0,0
4,6/5/50,9:43,0,0,0,0,0,0,0,0,0,0,0,0,0,0,0,0,0,0,0,0,0
4,6/5/50,9:44,0,0,0,0,0,0,0,0,0,0,0,0,0,0,0,0,0,0,0,0,0
4,6/5/50,9:45,0,0,0,0,3.62,0,0,0,0,0,0,0,0,0,0,0,0,0,0,0,0
4,6/5/50,9:46,0,0,0,0,4.486,0,0,0,0,0,0,0,0,0,0,0,0,0,0,0,0
4,6/5/50,9:47,0,0,0,nan,nan,nan,nan,0,0,0,0,0,0,0,0,0,0,0,0,0,0
4,6/5/50,9:48,0,0,0,0,0,0,0,0,0,0,0,0,0,0,0,0,0,0,0,0,0
4,6/5/50,9:49,0,0,0,0,0,0,0,0,0,0,0,0,0,0,0,0,0,22.281,0,0,130.136
4,6/5/50,9:50,0,0,0,0,0,0,0,0,0,0,0,0,0,0,0,0,0,143.662,0,0,24.9
4,6/5/50,9:51,0,0,0,0,0,0,0,0,0,0,0,0,0,0,0,0,0,66.758,0,0,0
4,6/5/50,9:52,0,0,0,0,0,0,0,0,0,0,0,0,0,0,0,0,0,59.565,0,0,0
4,6/5/50,9:53,0,0,0,0,0,0,0,0,30.858,0,0,0,0,0,0,0,0,0,0,0,0
4,6/5/50,9:54,0,0,0,0,0,0,0,0,84.118,0,0,0,0,0,0,0,0,0,0,0,0
4,6/5/50,9:55,0,0,0,0,0,0,0,0,33.067,0,0,0,0,0,0,0,0,0,0,0,0
4,6/5/50,9:56,0,0,0,0,0,0,0,0,40.415,0,0,0,0,0,0,0,0,0,0,0,47.558
4,6/5/50,9:57,0,0,0,0,0,0,0,0,15.546,0,0,0,0,0,0,0,0,0,0,0,97.257
4,6/5/50,9:58,0,0,0,0,0,0,0,0,19.442,0,0,0,0,0,0,0,0,0,0,0,0
4,6/5/50,9:59,0,0,0,0,0,0,0,0,123.306,0,0,0,0,0,0,0,0,0,0,0,0
4,6/5/50,10:00,0,0,0,0,0,0,0,0,102.562,0,0,0,0,0,0,0,0,0,0,0,23.627
4,6/5/50,10:01,0,0,0,0,0,0,0,0,0,0,0,0,0,0,0,0,0,0,0,0,76.77
4,6/5/50,10:02,0,0,0,0,0,0,0,0,13.359,0,0,0,0,0,0,0,0,0,0,0,0
4,6/5/50,10:03,0,0,0,0,0,0,0,0,0,0,0,0,0,0,0,0,0,0,0,0,0
4,6/5/50,10:04,0,0,0,0,0,0,0,0,0,0,0,0,0,0,0,0,0,0,0,0,0
4,6/5/50,10:05,24.212,0,0,0,0,0,0,0,66.48,0,0,0,0,0,0,0,0,0,0,0,0
4,6/5/50,10:06,148.865,0,0,0,0,0,0,0,41.442,0,0,0,0,0,0,0,0,0,0,0,0
4,6/5/50,10:07,71.024,0,0,0,0,0,0,0,0,0,0,0,0,0,0,0,0,0,0,0,25.097
4,6/5/50,10:08,65.825,0,0,0,0,0,0,0,95.141,0,0,0,0,0,0,0,0,0,0,0,122.609
4,6/5/50,10:09,70.647,0,23.593,0,0,0,0,0,0,0,0,0,0,0,0,0,0,0,0,0,105.61
4,6/5/50,10:10,42.08,0,57.007,0,0,0,0,0,0,0,0,0,0,0,0,0,0,0,0,0,0
4,6/5/50,10:11,67.568,0,67.873,0,0,0,0,0,0,0,0,0,0,0,0,0,0,0,0,0,0
4,6/5/50,10:12,84.42,0,23.312,0,0,0,0,0,0,0,0,0,0,0,0,0,0,0,0,0,0
4,6/5/50,10:13,11.901,0,24.85,0,0,0,0,0,0,0,0,0,0,0,0,0,0,0,0,0,0
4,6/5/50,10:14,22.13,0,0,0,0,0,0,0,0,0,0,0,0,0,0,0,0,0,0,0,0
4,6/5/50,10:15,36.835,0,3.53,0,0,0,0,0,0,0,0,0,0,0,0,0,0,0,0,0,24.803
4,6/5/50,10:16,87.909,0,79.752,0,0,0,0,0,0,0,0,0,0,0,0,0,0,0,0,0,0
4,6/5/50,10:17,0,0,75.548,0,0,0,0,0,0,0,0,0,0,0,0,0,0,0,0,0,25.31
4,6/5/50,10:18,58.616,0,44.453,0,0,0,0,0,0,0,0,0,0,0,0,0,0,0,0,0,0
4,6/5/50,10:19,144.273,0,94.894,0,0,0,0,0,0,0,0,0,0,0,0,0,0,0,0,0,185.508
4,6/5/50,10:20,134.85,0,72.178,0,0,0,0,0,0,0,0,0,0,0,0,0,0,0,0,0,113.379
4,6/5/50,10:21,0,0,119.891,0,0,0,0,0,0,0,0,0,0,0,0,0,0,0,0,0,0
4,6/5/50,10:22,25.931,0,22.863,0,0,0,0,0,0,0,0,0,0,0,0,0,0,0,0,0,30.896
4,6/5/50,10:23,140.458,0,0,0,0,0,0,0,0,0,0,0,0,0,0,0,0,0,0,0,0
4,6/5/50,10:24,85.406,0,0,0,0,0,0,0,0,0,0,0,0,0,0,0,0,0,0,0,0
4,6/5/50,10:25,110.565,0,0,0,0,0,0,0,0,0,0,0,0,0,0,0,0,0,0,0,0
4,6/5/50,10:26,26.435,0,25.618,0,0,0,0,0,0,0,0,0,0,0,0,0,0,0,0,0,0
4,6/5/50,10:27,31.06,0,0,0,0,0,0,0,0,0,0,0,0,0,0,0,0,0,0,0,0
4,6/5/50,10:28,83.486,0,0,0,0,0,0,0,0,0,0,0,0,0,1.146,0,0,0,0,0,0
4,6/5/50,10:29,0,0,0,0,0,0,0,0,0,0,0,0,0,0,154.72,0,0,0,0,0,0
4,6/5/50,10:30,0,0,0,0,0,0,0,0,0,0,0,0,0,0,130.058,0,0,0,0,0,0
4,6/5/50,10:31,0,0,37.013,0,0,0,0,0,0,0,0,0,0,0,169.205,0,0,0,0,0,0
4,6/5/50,10:32,0,0,65.432,0,0,0,0,0,0,0,0,0,0,0,134.64,0,0,0,0,0,0
4,6/5/50,10:33,0,0,70.056,0,0,0,0,0,0,0,0,0,0,0,105.714,0,0,0,0,0,0
4,6/5/50,10:34,0,0,8.457,0,0,0,0,0,0,0,0,0,0,0,109.35,0,0,0,0,0,0
4,6/5/50,10:35,0,0,33.534,0,0,0,0,0,0,0,0,0,0,0,110.58,0,0,0,0,0,0
4,6/5/50,10:36,0,0,0,0,0,0,0,0,0,0,0,0,0,0,172.989,0,0,0,0,0,0
4,6/5/50,10:37,0,0,0,0,0,0,0,0,0,0,0,0,0,0,55.692,0,0,0,0,0,0
4,6/5/50,10:38,0,0,0,0,0,0,0,0,0,0,0,0,0,0,32.699,0,0,0,0,0,0
4,6/5/50,10:39,0,0,0,0,0,0,0,0,0,0,0,0,0,0,0,0,0,0,0,0,0
4,6/5/50,10:40,0,0,0,0,0,0,0,0,0,0,0,0,0,0,0,0,0,0,0,0,0
4,6/5/50,10:41,0,0,0,0,0,0,0,0,0,0,0,0,0,0,0,0,0,0,0,0,0
4,6/5/50,10:42,0,0,0,0,0,0,0,0,0,0,0,0,0,0,0,0,0,0,0,0,0
4,6/5/50,10:43,0,0,0,0,0,0,0,0,0,0,0,0,0,0,0,0,0,0,0,0,0
4,6/5/50,10:44,0,0,0,0,0,0,0,0,0,0,0,0,0,0,0,0,0,0,0,0,0
4,6/5/50,10:45,0,0,0,0,0,0,0,0,0,0,0,0,0,0,0,0,0,0,0,0,0
4,6/5/50,10:46,0,0,0,0,0,0,0,0,0,0,0,0,0,0,0,0,0,0,0,0,0
4,6/5/50,10:47,0,0,0,0,0,0,0,0,0,0,0,0,0,0,0,0,0,0,0,0,0
4,6/5/50,10:48,0,0,0,0,0,0,0,0,0,0,0,0,0,0,0,0,0,0,0,0,0
4,6/5/50,10:49,0,0,0,0,0,0,0,0,0,0,0,0,0,0,0,0,0,0,0,0,0
4,6/5/50,10:50,0,0,0,0,0,0,0,0,0,0,0,0,0,0,0,0,0,0,0,0,0
4,6/5/50,10:51,0,0,0,0,0,0,0,0,0,0,0,0,0,0,0,0,0,0,0,0,0
4,6/5/50,10:52,0,0,0,0,0,0,0,0,0,0,0,0,0,0,0,0,0,0,0,0,0
4,6/5/50,10:53,0,0,0,0,0,0,0,0,0,0,0,0,0,0,0,0,0,0,0,0,0
4,6/5/50,10:54,0,0,0,0,0,0,0,0,0,0,0,0,0,0,0,0,0,0,0,0,0
4,6/5/50,10:55,0,0,0,0,0,0,0,0,0,0,0,0,0,0,0,0,0,0,0,0,0
4,6/5/50,10:56,0,0,0,0,0,0,0,0,0,0,0,0,0,0,0,0,0,0,0,0,0
4,6/5/50,10:57,0,0,0,0,0,0,0,0,0,0,0,0,0,0,0,0,0,0,0,0,0
4,6/5/50,10:58,0,0,0,0,0,0,0,0,0,0,0,0,0,0,0,0,0,0,0,0,0
4,6/5/50,10:59,0,0,0,0,0,0,0,0,0,0,0,0,0,0,0,0,0,0,0,0,0
4,6/5/50,11:00,0,0,0,0,0,0,39.729,0,0,0,0,0,0,0,0,0,0,0,0,0,0
4,6/5/50,11:01,0,0,0,0,0,0,34.537,0,0,0,0,0,0,0,0,0,0,0,0,0,0
4,6/5/50,11:02,0,0,0,0,0,0,106.04,0,0,0,0,0,0,0,0,0,0,0,0,0,0
4,6/5/50,11:03,0,0,0,0,0,0,76.631,0,0,0,0,0,0,0,0,0,0,0,0,0,0
4,6/5/50,11:04,0,0,0,0,0,0,22.359,0,0,0,0,0,0,0,0,0,0,0,0,0,0
4,6/5/50,11:05,0,0,0,0,0,0,0,0,0,0,0,0,0,0,0,0,0,0,0,0,0
4,6/5/50,11:06,0,81.572,0,0,0,0,0,0,0,0,0,0,0,0,0,0,0,0,0,0,0
4,6/5/50,11:07,0,149.37,0,0,0,0,0,0,0,0,0,0,0,0,0,0,0,0,0,0,0
4,6/5/50,11:08,0,39.676,0,0,0,0,0,0,0,0,0,0,0,0,0,0,0,0,0,0,0
4,6/5/50,11:09,0,30.019,0,0,0,0,0,0,0,0,0,0,0,0,0,0,0,0,0,0,0
4,6/5/50,11:10,0,0,0,0,0,0,0,0,0,0,0,0,0,0,0,0,0,0,0,0,0
4,6/5/50,11:11,0,0,0,0,0,0,0,0,0,0,0,0,0,0,0,0,0,0,0,0,0
4,6/5/50,11:12,0,72.966,0,0,0,0,0,0,0,0,0,0,63.757,0,0,0,0,0,0,0,0
4,6/5/50,11:13,0,42.626,0,0,0,0,0,0,0,0,0,0,85.195,0,0,0,0,0,0,0,0
4,6/5/50,11:14,0,0,0,0,0,0,0,0,0,0,0,0,40.276,0,0,0,0,0,0,0,0
4,6/5/50,11:15,0,0,0,0,0,0,0,0,0,0,0,0,0,0,0,0,0,0,0,0,0
4,6/5/50,11:16,0,0,0,0,0,0,0,0,0,0,0,0,0,0,0,0,0,0,0,0,0
4,6/5/50,11:17,0,0,0,0,0,0,0,0,0,0,0,0,0,0,0,0,0,0,0,0,0
4,6/5/50,11:18,0,0,0,0,0,0,0,0,0,0,0,0,0,0,0,67.287,0,0,0,0,0
4,6/5/50,11:19,0,0,0,0,0,0,0,0,0,0,0,0,0,0,0,0,0,0,0,0,0
4,6/5/50,11:20,0,0,0,0,0,0,0,0,0,0,0,0,0,0,0,39.212,0,0,0,0,0
4,6/5/50,11:21,0,0,0,0,0,0,0,0,0,0,0,0,0,0,0,100.087,0,0,0,0,0
4,6/5/50,11:22,0,0,0,0,0,0,0,0,0,0,0,0,0,64.529,0,101.962,0,0,0,0,0
4,6/5/50,11:23,0,0,0,0,0,0,0,0,0,56.996,0,0,0,0,0,100.909,0,0,0,0,0
4,6/5/50,11:24,0,0,0,0,0,0,0,0,0,49.048,0,0,0,0,0,28.396,0,18.07,0,44.976,0
4,6/5/50,11:25,0,0,0,0,0,0,0,0,0,54.766,0,0,0,0,0,0,0,103.767,0,25.43,0
4,6/5/50,11:26,0,0,0,0,0,0,0,0,0,66.302,0,0,0,0,0,0,0,17.902,0,36.543,0
4,6/5/50,11:27,0,0,0,0,0,0,0,0,0,49.9,0,0,0,0,0,0,0,45.737,0,95.626,0
4,6/5/50,11:28,0,0,0,0,0,0,0,0,0,62.739,0,0,0,0,0,0,0,107.028,0,0,0
4,6/5/50,11:29,0,79.084,0,0,0,0,0,0,0,110.779,0,0,0,0,0,0,0,57.184,0,0,0
4,6/5/50,11:30,0,104.28,0,0,0,0,0,0,0,61.922,0,0,0,0,0,0,0,39.602,0,47.951,0
4,6/5/50,11:31,0,191.179,0,0,0,0,0,0,0,14.107,0,0,0,0,0,0,0,0,0,83.204,0
4,6/5/50,11:32,0,48.401,0,0,0,0,0,0,0,6.853,0,0,0,0,0,0,0,0,0,111.641,0
4,6/5/50,11:33,0,112.11,0,0,0,0,0,0,0,38.998,0,0,0,0,0,0,0,0,0,8.144,0
4,6/5/50,11:34,0,101.703,0,0,0,0,0,0,0,0,0,0,0,0,0,0,0,0,0,0,0
4,6/5/50,11:35,0,0,0,0,0,0,0,0,0,28.813,0,0,0,0,0,0,0,nan,nan,nan,nan
4,6/5/50,11:36,0,0,0,0,0,0,0,0,0,103.349,0,0,0,0,0,0,0,nan,nan,nan,nan
4,6/5/50,11:37,0,0,0,0,0,0,0,0,0,130.239,0,0,0,0,0,0,0,nan,nan,nan,nan
4,6/5/50,11:38,0,0,0,0,0,0,0,0,0,106.109,0,0,0,0,0,0,0,nan,nan,nan,nan
4,6/5/50,11:39,0,0,0,0,0,0,0,0,0,71.469,0,0,0,0,0,0,0,nan,nan,nan,nan
4,6/5/50,11:40,0,0,0,0,0,0,0,0,0,93.493,0,0,0,0,0,0,0,0,0,0,0
4,6/5/50,11:41,0,0,0,0,0,0,0,0,0,51.813,0,0,0,0,0,0,0,0,0,0,0
4,6/5/50,11:42,0,0,0,0,0,0,0,0,0,77.226,0,0,0,0,0,0,0,0,0,0,0
4,6/5/50,11:43,0,0,0,0,0,0,0,0,0,44.241,0,0,0,0,0,0,0,0,0,0,0
4,6/5/50,11:44,0,0,0,0,0,0,0,0,0,40.7,0,0,0,0,0,0,0,0,0,0,0
4,6/5/50,11:45,0,0,0,0,0,0,0,0,0,60.57,0,0,0,0,0,0,0,0,0,0,0
4,6/5/50,11:46,0,0,0,0,0,0,0,0,0,100.594,0,0,0,0,0,0,0,0,0,0,0
4,6/5/50,11:47,0,0,0,0,0,0,0,0,0,0,0,0,0,0,0,0,0,0,0,0,0
4,6/5/50,11:48,0,0,0,0,0,0,0,0,0,0,0,0,0,0,0,0,0,0,0,0,0
4,6/5/50,11:49,0,0,0,0,0,0,0,0,0,0,0,0,0,0,0,0,0,0,0,0,0
4,6/5/50,11:50,0,0,0,0,0,0,0,0,0,0,0,0,0,0,0,0,0,0,0,0,0
4,6/5/50,11:51,0,0,0,0,0,0,0,0,0,0,0,0,0,0,0,0,0,0,0,0,0
4,6/5/50,11:52,0,0,0,0,0,0,0,0,0,0,0,0,0,0,0,0,0,0,0,0,0
4,6/5/50,11:53,0,0,0,0,0,0,0,0,0,0,0,0,0,0,0,0,0,0,0,0,0
4,6/5/50,11:54,0,0,0,0,0,0,0,0,0,0,0,0,0,0,0,0,0,0,0,0,0
4,6/5/50,11:55,0,0,0,0,0,0,0,0,0,0,0,0,0,0,0,0,0,0,0,0,0
4,6/5/50,11:56,0,0,0,0,0,0,0,0,0,0,0,0,0,0,0,0,0,0,0,0,0
4,6/5/50,11:57,0,0,0,0,0,24.467,0,0,0,0,0,0,0,0,0,0,0,0,0,0,0
4,6/5/50,11:58,0,0,0,0,0,35.314,0,0,0,0,0,0,0,0,0,0,0,0,0,0,0
4,6/5/50,11:59,0,0,0,0,0,0,0,0,0,0,0,0,0,0,0,0,0,0,0,0,0
4,6/5/50,12:00,0,0,0,0,0,0,0,0,0,0,0,0,0,0,0,0,0,0,0,0,0
4,6/5/50,12:01,0,0,0,0,0,0,0,0,0,0,0,0,0,0,0,0,0,0,0,0,0
4,6/5/50,12:02,0,0,0,0,0,90.146,0,0,0,0,0,0,0,0,0,0,0,0,0,0,0
4,6/5/50,12:03,0,0,0,0,0,16.445,0,0,0,0,0,0,0,0,0,0,0,0,0,0,0
4,6/5/50,12:04,0,0,0,0,0,0,0,0,0,0,0,0,0,0,0,0,0,0,0,0,0
4,6/5/50,12:05,0,0,0,0,0,0,0,0,0,0,0,0,0,0,0,0,0,0,0,0,0
4,6/5/50,12:06,0,0,0,0,0,23.767,0,0,0,0,0,0,0,0,0,0,0,0,0,0,0
4,6/5/50,12:07,0,0,0,0,0,0,0,0,0,0,0,0,0,0,0,0,0,0,0,0,0
4,6/5/50,12:08,0,0,0,0,0,0,0,0,0,0,0,0,0,0,0,0,0,0,0,0,0
4,6/5/50,12:09,0,0,0,0,0,0,0,0,0,0,0,0,0,0,0,0,0,0,0,0,0
4,6/5/50,12:10,0,0,0,0,0,0,0,0,0,0,0,0,0,0,0,0,0,0,0,0,0
4,6/5/50,12:11,0,0,0,0,0,0,0,0,0,0,0,0,0,0,0,0,0,0,0,0,0
4,6/5/50,12:12,0,0,0,0,0,0,0,0,0,0,0,0,0,0,0,0,0,0,0,0,0
4,6/5/50,12:13,0,0,0,0,0,0,0,0,0,0,0,0,0,0,90.434,0,0,0,0,0,0
4,6/5/50,12:14,0,0,0,0,0,0,0,0,0,0,0,0,0,0,111.106,0,0,0,0,0,0
4,6/5/50,12:15,0,0,0,0,0,0,0,0,0,0,0,0,0,0,105.857,0,0,0,0,0,0
4,6/5/50,12:16,0,0,0,0,0,0,0,0,0,0,0,0,0,0,0,0,0,0,0,0,0
4,6/5/50,12:17,0,0,0,0,0,0,0,0,0,0,0,0,0,0,0,0,0,0,0,0,0
4,6/5/50,12:18,0,0,0,0,0,0,0,0,0,0,0,0,0,0,0,0,0,0,0,0,0
4,6/5/50,12:19,0,0,0,0,0,0,0,0,0,0,0,0,0,0,0,0,0,0,0,0,0
4,6/5/50,12:20,0,0,0,0,0,0,0,0,0,0,0,0,0,0,0,0,0,0,0,0,0
4,6/5/50,12:21,0,0,0,0,0,0,0,0,0,0,0,0,0,0,0,0,0,0,0,0,0
4,6/5/50,12:22,0,0,0,0,0,0,0,0,0,0,0,0,0,0,0,0,0,0,0,0,0
4,6/5/50,12:23,0,0,0,0,0,0,0,0,0,0,0,0,0,0,0,0,0,0,0,0,0
4,6/5/50,12:24,0,0,0,0,0,0,0,0,0,0,0,0,0,0,0,0,0,0,0,0,0
4,6/5/50,12:25,0,0,0,0,0,0,0,0,0,0,0,0,0,0,0,0,0,0,0,0,0
4,6/5/50,12:26,0,0,0,0,0,0,0,0,0,0,0,0,0,0,0,0,0,0,0,0,0
4,6/5/50,12:27,0,0,0,0,0,0,0,0,0,0,0,0,0,0,0,0,0,0,0,0,0
4,6/5/50,12:28,0,0,0,0,0,0,0,0,0,0,0,0,0,0,0,0,0,0,0,0,0
4,6/5/50,12:29,0,0,0,0,0,0,0,0,0,0,0,0,0,0,0,0,0,0,0,0,0
4,6/5/50,12:30,0,0,0,0,0,0,0,0,0,0,0,0,0,0,0,0,0,0,0,0,0
4,6/5/50,12:31,0,0,0,0,0,0,0,0,0,0,0,0,0,0,0,0,0,0,0,0,0
4,6/5/50,12:32,0,0,0,0,0,0,0,0,0,0,0,0,0,nan,nan,nan,nan,0,0,0,0
4,6/5/50,12:33,0,0,0,0,0,0,0,0,0,0,57.296,0,0,nan,nan,nan,nan,0,0,0,0
4,6/5/50,12:34,0,0,0,0,0,0,0,0,0,0,85.692,0,0,nan,nan,nan,nan,0,0,0,0
4,6/5/50,12:35,0,0,0,0,0,0,0,0,0,0,137.084,0,0,0,0,0,0,0,0,0,0
4,6/5/50,12:36,0,0,0,0,0,0,0,0,0,0,10.138,0,0,0,0,0,0,0,0,0,0
4,6/5/50,12:37,0,0,0,0,0,0,0,0,0,0,64.535,0,0,0,0,81.38,0,0,0,0,0
4,6/5/50,12:38,0,0,0,58.856,0,0,0,0,0,0,73.954,0,0,0,0,90.454,0,0,0,0,0
4,6/5/50,12:39,0,0,0,149.69,0,0,0,0,0,0,27.906,0,0,0,0,0,0,0,0,0,0
4,6/5/50,12:40,0,0,0,19.583,0,0,0,0,0,0,43.856,0,0,0,0,0,0,0,0,0,0
4,6/5/50,12:41,0,0,0,21.657,0,0,0,0,0,0,43.992,0,0,0,0,0,0,0,0,0,0
4,6/5/50,12:42,0,0,0,21.543,26.24,0,0,0,0,0,56.491,0,0,0,0,0,0,0,0,0,0
4,6/5/50,12:43,0,0,0,24.312,77.096,0,0,0,0,0,14.684,0,0,0,0,0,0,0,0,0,0
4,6/5/50,12:44,0,0,0,5.288,0,0,0,0,0,0,36.573,0,0,0,0,0,0,0,0,0,0
4,6/5/50,12:45,0,0,0,86.467,0,0,0,0,0,0,46.986,0,0,0,0,0,0,0,0,0,0
4,6/5/50,12:46,0,0,0,29.955,0,0,0,0,0,0,35.371,0,0,0,0,0,0,0,0,0,0
4,6/5/50,12:47,0,0,0,15.302,0,0,0,0,0,0,0,0,0,0,0,0,0,0,0,0,0
4,6/5/50,12:48,0,0,0,103.173,0,0,0,0,0,0,0,0,0,0,0,0,0,0,0,0,0
4,6/5/50,12:49,0,0,0,99.811,0,0,0,0,0,0,74.63,0,0,0,0,0,0,0,0,0,0
4,6/5/50,12:50,0,0,0,0,0,0,0,0,0,0,88.572,0,0,0,0,0,0,0,0,0,0
4,6/5/50,12:51,0,0,0,0,0,0,0,0,0,0,126.026,0,0,0,0,0,0,0,0,0,0
4,6/5/50,12:52,0,0,0,0,0,0,0,0,0,0,0.737,0,0,0,0,0,0,0,0,0,0
4,6/5/50,12:53,0,0,0,0,0,0,0,0,0,0,0,0,0,0,0,0,0,0,0,0,0
4,6/5/50,12:54,0,0,0,0,0,0,0,0,0,0,0,0,0,0,0,0,25.042,0,0,0,0
4,6/5/50,12:55,0,0,0,0,0,0,0,0,0,0,0,0,0,0,0,0,41.709,0,0,0,0
4,6/5/50,12:56,0,0,0,0,0,0,0,0,0,0,0,0,0,0,0,0,0,0,0,0,0
4,6/5/50,12:57,0,0,0,0,0,0,0,0,0,0,0,0,0,0,0,0,0,0,0,0,0
4,6/5/50,12:58,0,0,0,0,0,0,0,0,0,0,73.524,0,0,0,0,0,0,0,0,0,0
4,6/5/50,12:59,0,0,0,0,0,0,0,0,0,0,127.623,0,0,0,0,0,0,0,0,0,0
4,6/5/50,13:00,0,0,0,0,0,0,0,0,0,0,62.619,0,0,0,0,0,0,0,0,0,0
4,6/5/50,13:01,0,0,0,0,0,0,0,0,0,0,169.367,0,0,0,0,0,0,0,0,0,0
4,6/5/50,13:02,0,0,0,0,0,0,0,0,0,0,177.314,0,0,0,0,0,0,0,0,0,0
4,6/5/50,13:03,0,0,0,0,0,0,0,0,0,0,31.406,0,0,0,0,0,0,0,0,0,0
4,6/5/50,13:04,0,0,0,0,0,0,0,0,0,0,24.222,0,0,0,0,0,0,0,0,0,0
4,6/5/50,13:05,0,0,0,0,0,0,0,0,0,0,16.905,0,0,0,0,0,0,0,0,0,0
4,6/5/50,13:06,0,0,0,0,0,0,0,0,0,0,49.547,0,0,0,0,0,0,0,0,0,0
4,6/5/50,13:07,0,0,0,0,0,0,0,0,0,0,0,0,0,0,0,0,0,0,0,0,0
4,6/5/50,13:08,0,0,0,0,0,0,0,0,0,0,0,0,0,0,0,0,0,0,0,0,0
4,6/5/50,13:09,0,0,0,0,0,0,0,0,0,0,0,0,0,0,0,0,0,0,0,0,0
4,6/5/50,13:10,0,0,0,0,0,0,0,0,0,0,0,0,0,0,0,0,0,0,0,0,0
4,6/5/50,13:11,0,0,0,0,0,0,0,0,0,0,0,0,0,0,0,0,0,0,0,0,0
4,6/5/50,13:12,0,0,0,0,0,0,0,0,0,0,0,0,0,0,0,0,0,0,0,0,0
4,6/5/50,13:13,0,0,0,0,0,0,95.889,0,0,0,0,0,0,0,0,0,0,0,0,0,0
4,6/5/50,13:14,0,0,0,0,0,0,0,52.226,0,0,0,0,25.758,0,0,0,0,0,0,0,0
4,6/5/50,13:15,0,0,0,0,0,0,0,70.728,0,0,0,0,21.354,0,0,0,0,0,0,0,0
4,6/5/50,13:16,0,0,0,0,0,0,0,36.918,0,0,0,0,18.709,0,0,0,0,0,0,0,0
4,6/5/50,13:17,0,0,0,0,0,0,0,0,0,0,0,0,43.54,0,0,0,0,0,0,0,0
4,6/5/50,13:18,0,0,0,0,0,0,0,7.342,0,0,0,0,0,0,0,0,0,0,0,0,0
4,6/5/50,13:19,0,0,0,0,0,0,0,31.413,0,0,0,0,0,0,0,0,0,0,0,0,0
4,6/5/50,13:20,0,0,0,0,0,0,0,90.132,0,0,0,0,54.164,0,0,0,0,0,0,0,0
4,6/5/50,13:21,0,0,0,0,0,0,0,0,0,0,0,0,0,0,0,0,0,0,0,0,0
4,6/5/50,13:22,0,0,0,0,0,0,0,0,0,0,0,0,68.326,0,0,0,0,0,0,0,0
4,6/5/50,13:23,0,0,0,0,0,0,0,0,0,0,0,0,103.625,0,0,0,0,0,0,0,0
4,6/5/50,13:24,0,0,0,0,0,0,0,0,0,0,0,0,0,0,0,0,0,0,0,0,0
4,6/5/50,13:25,0,0,0,0,0,0,0,0,0,0,0,0,0,0,0,0,0,0,0,0,0
4,6/5/50,13:26,0,0,0,0,0,0,0,0,0,0,0,0,0,0,0,0,0,0,0,0,0
4,6/5/50,13:27,0,0,0,0,0,0,0,0,0,0,0,0,0,0,0,0,0,0,0,0,0
4,6/5/50,13:28,0,0,0,0,0,0,0,0,0,0,0,0,0,0,0,0,0,0,0,0,0
4,6/5/50,13:29,0,0,0,0,0,0,0,0,0,0,0,0,0,0,0,0,0,0,0,0,0
4,6/5/50,13:30,0,0,0,0,0,0,0,0,0,0,0,0,0,0,0,0,0,0,0,0,0
4,6/5/50,13:31,0,0,0,0,0,0,0,0,0,0,0,0,0,0,0,0,0,0,0,0,0
4,6/5/50,13:32,0,0,0,0,0,0,0,0,0,0,0,0,0,0,0,0,0,0,0,0,0
4,6/5/50,13:33,0,0,0,0,0,0,0,0,0,0,0,0,0,0,0,0,0,0,0,0,0
4,6/5/50,13:34,0,0,0,0,0,0,0,0,0,0,0,0,0,0,0,0,0,0,0,0,0
4,6/5/50,13:35,0,0,0,0,0,0,0,0,0,0,0,0,0,0,0,0,0,0,0,0,0
4,6/5/50,13:36,0,0,0,0,0,0,0,0,0,0,0,0,0,0,0,0,0,0,0,0,0
4,6/5/50,13:37,0,0,0,0,0,0,0,0,0,0,0,0,0,0,0,0,0,0,0,0,0
4,6/5/50,13:38,0,0,0,0,0,0,0,0,0,0,0,0,0,0,0,0,0,0,0,0,0
4,6/5/50,13:39,0,0,0,0,0,0,0,0,0,0,0,0,0,1.414,0,0,0,0,0,0,0
4,6/5/50,13:40,0,0,0,0,0,0,0,0,0,0,0,0,0,66.745,0,0,0,0,0,0,0
4,6/5/50,13:41,0,0,0,0,0,0,0,0,0,0,0,0,0,74.182,0,0,0,0,0,0,0
4,6/5/50,13:42,0,0,0,0,0,0,0,0,0,0,nan,nan,nan,26.706,0,0,0,0,0,0,0
4,6/5/50,13:43,0,0,0,0,0,0,0,0,0,0,nan,nan,nan,81.566,0,0,0,0,0,0,0
4,6/5/50,13:44,0,0,0,0,0,0,0,0,0,0,0,0,0,32.714,0,0,0,0,0,0,0
4,6/5/50,13:45,0,0,0,0,0,0,0,0,0,0,0,0,0,106.53,0,0,0,0,0,0,0
4,6/5/50,13:46,0,0,0,0,0,0,0,0,0,0,0,0,0,89.807,0,0,0,0,0,0,0
4,6/5/50,13:47,0,0,0,0,0,0,0,0,0,0,0,0,0,114.07,0,0,0,0,0,0,0
4,6/5/50,13:48,0,0,0,0,0,0,0,0,0,0,0,0,0,120.508,0,0,0,0,0,0,0
4,6/5/50,13:49,0,0,0,0,0,0,0,0,0,0,0,0,0,0,0,0,0,0,0,0,0
4,6/5/50,13:50,0,0,0,0,0,0,0,0,0,0,0,0,0,0,0,0,0,0,0,0,0
4,6/5/50,13:51,0,0,0,0,0,0,0,0,0,0,0,0,0,34.82,0,0,0,0,0,0,0
4,6/5/50,13:52,0,0,0,0,0,0,0,0,0,0,0,0,0,55.772,0,0,0,0,0,0,0
4,6/5/50,13:53,0,85.793,0,0,0,0,0,0,0,0,0,0,0,15.345,0,0,0,0,0,0,0
4,6/5/50,13:54,0,68.507,0,0,0,0,0,0,0,0,0,0,0,0,0,0,0,0,0,0,0
4,6/5/50,13:55,0,111.305,0,0,0,0,0,0,0,0,0,0,0,0,0,0,0,0,0,0,0
4,6/5/50,13:56,0,69.042,0,0,0,0,0,0,0,0,0,0,0,0,0,0,0,0,0,0,0
4,6/5/50,13:57,0,105.789,0,0,0,0,0,0,0,0,0,0,0,0,0,0,0,0,0,0,0
4,6/5/50,13:58,0,0,0,0,0,0,0,0,0,0,0,0,0,0,0,0,0,0,0,0,0
4,6/5/50,13:59,0,0,0,0,0,0,0,0,0,0,0,0,0,0,0,0,0,0,0,0,0
4,6/5/50,14:00,0,0,0,0,0,0,0,0,0,0,0,0,0,0,0,0,0,0,0,0,0
4,6/5/50,14:01,0,0,0,0,0,0,0,0,0,0,0,0,0,0,0,0,0,0,0,0,0
4,6/5/50,14:02,0,0,0,0,0,0,0,0,0,0,0,0,0,42.893,22.296,0,0,0,0,0,0
4,6/5/50,14:03,0,0,0,0,0,0,0,0,0,0,0,0,0,33.055,167.316,0,0,0,0,0,0
4,6/5/50,14:04,0,0,0,0,0,0,0,0,0,0,0,0,0,57.662,67.972,0,0,0,0,0,0
4,6/5/50,14:05,0,0,0,0,0,0,0,0,0,0,0,0,0,0,24.484,0,0,0,0,0,0
4,6/5/50,14:06,0,0,0,0,0,0,0,0,0,0,0,0,0,16.526,24.438,0,0,0,0,0,0
4,6/5/50,14:07,0,0,0,0,0,0,0,0,0,0,0,0,0,88.04,39.32,0,0,0,0,0,0
4,6/5/50,14:08,0,0,0,0,0,0,0,0,0,0,0,0,0,0,42.014,0,0,0,0,0,0
4,6/5/50,14:09,0,0,0,0,0,0,0,0,0,0,0,0,0,0,26.399,0,0,0,0,0,0
4,6/5/50,14:10,0,0,0,0,0,0,0,0,0,0,0,0,0,0,9.82,0,0,0,0,0,0
4,6/5/50,14:11,0,0,0,0,0,0,0,0,0,0,0,0,0,0,22.245,0,0,0,0,0,0
4,6/5/50,14:12,0,0,0,0,0,0,0,0,0,0,0,0,0,17.498,24.731,0,0,0,0,0,0
4,6/5/50,14:13,0,0,0,0,0,0,0,0,0,0,0,0,0,41.748,0,0,0,0,0,0,0
4,6/5/50,14:14,0,0,0,0,0,0,0,0,0,0,0,0,0,0,0,0,0,0,0,0,0
4,6/5/50,14:15,0,0,0,0,0,0,0,0,0,0,0,0,0,25.379,0,0,0,0,0,0,0
4,6/5/50,14:16,0,0,0,0,0,0,0,0,0,0,0,0,0,0,0,0,0,0,0,0,0
4,6/5/50,14:17,0,0,0,0,0,0,0,0,0,0,0,0,0,0,0,0,0,0,0,0,0
4,6/5/50,14:18,0,0,0,0,0,0,0,0,0,0,0,0,0,0,0,0,33.62,0,0,0,0
4,6/5/50,14:19,0,0,0,0,0,0,0,0,0,0,0,0,0,0,0,0,0,0,38.561,0,0
4,6/5/50,14:20,0,0,0,0,0,0,0,0,0,54.889,0,0,0,0,0,0,1.025,0,0,0,0
4,6/5/50,14:21,0,0,0,0,0,0,0,0,0,0,0,0,0,0,0,0,57.295,0,93.467,0,0
4,6/5/50,14:22,0,0,0,0,0,0,0,0,0,0,0,0,0,0,0,0,0,0,106.391,0,0
4,6/5/50,14:23,0,0,0,0,0,0,0,0,0,0,0,0,0,0,0,0,0,0,32.494,0,0
4,6/5/50,14:24,0,0,0,0,0,0,0,0,0,0,0,0,0,0,0,0,0,0,0,0,0
4,6/5/50,14:25,0,0,0,0,0,0,0,0,0,0,0,0,0,0,0,0,0,0,101.648,0,0
4,6/5/50,14:26,0,0,0,0,0,0,0,0,0,0,0,0,0,0,0,0,0,0,76.079,0,0
4,6/5/50,14:27,0,0,0,0,0,0,0,0,0,0,0,0,0,0,0,0,0,0,40.752,0,0
4,6/5/50,14:28,0,0,0,0,0,0,0,0,0,46.787,0,0,0,0,0,0,0,0,19.832,0,0
4,6/5/50,14:29,0,0,0,0,0,0,0,0,0,0,0,0,0,0,0,0,0,0,2.681,0,0
4,6/5/50,14:30,0,0,0,0,0,0,0,0,0,0,0,0,0,0,0,0,0,0,49.124,0,0
4,6/5/50,14:31,0,0,0,0,0,0,0,0,0,0,0,0,0,0,0,0,0,0,43.227,0,0
4,6/5/50,14:32,0,0,0,0,0,0,0,0,0,0,0,0,0,0,0,0,0,0,17.69,0,0
4,6/5/50,14:33,0,0,0,0,0,0,0,0,0,0,0,0,0,0,0,0,0,0,48.262,0,0
4,6/5/50,14:34,0,0,0,0,0,0,0,0,0,0,0,0,0,0,0,0,0,0,88.311,0,0
4,6/5/50,14:35,0,0,0,0,0,0,0,0,0,0,0,0,0,0,0,0,0,0,79.641,0,0
4,6/5/50,14:36,0,0,0,0,0,0,0,0,30.386,0,0,0,0,0,0,0,0,0,12.161,0,0
4,6/5/50,14:37,0,0,0,0,0,0,0,0,84.808,0,0,0,0,0,0,0,0,0,39.639,0,0
4,6/5/50,14:38,0,0,0,0,0,0,0,0,18.969,0,0,0,0,0,0,0,0,0,2.578,0,0
4,6/5/50,14:39,0,0,0,0,0,0,0,0,9.149,0,0,0,0,0,0,0,0,0,0,0,0
4,6/5/50,14:40,0,0,0,0,0,0,0,0,85.547,0,0,0,0,0,0,21.321,0,0,0,0,0
4,6/5/50,14:41,0,0,0,0,0,0,0,0,0,0,0,0,0,0,0,38.717,0,0,0,0,0
4,6/5/50,14:42,90.377,0,0,0,0,0,0,0,0,0,0,0,0,0,0,158.576,0,0,0,0,0
4,6/5/50,14:43,0,0,0,0,0,0,0,0,0,0,0,0,0,0,0,84.791,0,0,24.55,0,0
4,6/5/50,14:44,0,0,0,0,0,0,0,0,0,0,0,0,0,0,0,20.408,0,0,0,0,0
4,6/5/50,14:45,0,0,0,0,0,0,0,0,0,0,0,0,0,0,0,74.573,0,0,0,0,0
4,6/5/50,14:46,35.479,0,0,0,0,0,0,0,0,0,0,0,0,0,0,95.89,0,0,0,0,0
4,6/5/50,14:47,55.551,0,0,0,0,0,0,0,0,0,0,0,0,0,0,0,0,0,0,0,0
4,6/5/50,14:48,24.197,0,0,0,0,0,0,0,0,0,0,0,0,0,0,0,0,0,0,0,0
4,6/5/50,14:49,62.04,0,0,0,0,0,0,0,0,0,0,0,0,0,0,0,0,0,0,0,0
4,6/5/50,14:50,0,0,0,0,0,0,0,0,0,0,0,0,0,0,0,0,0,0,0,0,0
4,6/5/50,14:51,0,0,0,0,35.3,0,0,0,0,0,0,0,0,0,0,0,0,0,0,0,0
4,6/5/50,14:52,0,0,0,0,11.178,0,0,0,0,0,0,0,0,0,0,0,0,0,0,0,0
4,6/5/50,14:53,0,0,0,0,0,0,0,0,0,0,0,0,0,0,0,0,0,0,0,0,0
4,6/5/50,14:54,0,0,0,0,0,0,0,0,0,0,0,0,0,0,0,0,0,0,0,0,0
4,6/5/50,14:55,0,0,0,0,0,0,0,0,0,0,0,0,0,0,0,0,0,0,0,0,0
4,6/5/50,14:56,0,0,0,0,0,0,0,0,0,0,0,0,0,0,0,0,0,0,0,0,0
4,6/5/50,14:57,0,0,0,0,139.253,0,0,0,0,0,0,0,0,0,0,0,0,0,0,0,0
4,6/5/50,14:58,0,0,0,0,10.276,0,0,0,0,0,0,0,0,0,0,0,0,0,0,51.86,0
4,6/5/50,14:59,0,0,0,0,0,0,0,0,0,0,0,0,0,0,0,0,0,0,0,68.803,0
4,6/5/50,15:00,0,0,0,0,0,0,0,0,0,0,0,0,0,0,0,0,0,0,0,57.165,0
4,6/5/50,15:01,0,0,0,0,0,0,0,0,0,0,0,0,0,0,0,0,0,0,0,38.397,0
4,6/5/50,15:02,0,0,0,0,42.21,0,0,0,0,0,0,0,0,0,0,0,0,0,0,76.061,0
4,6/5/50,15:03,0,0,0,51.523,0,0,0,0,0,0,0,0,0,0,0,0,0,0,0,13.04,0
4,6/5/50,15:04,0,0,0,67.082,0,0,0,0,0,0,0,0,0,0,0,0,0,0,0,0,0
4,6/5/50,15:05,0,0,0,92.226,108.546,0,0,nan,nan,nan,0,0,0,0,0,0,0,0,0,0,0
4,6/5/50,15:06,0,0,0,28.551,37.73,0,0,nan,nan,nan,0,0,0,0,0,0,0,0,0,0,0
4,6/5/50,15:07,0,0,0,52.153,59.929,0,0,nan,nan,nan,0,0,0,0,0,0,0,0,0,0,0
4,6/5/50,15:08,0,0,0,26.055,59.718,0,0,0,0,0,0,0,0,0,0,0,0,0,0,0,0
4,6/5/50,15:09,0,0,0,23.312,55.919,0,0,0,0,0,0,0,0,0,0,0,0,0,0,0,0
4,6/5/50,15:10,0,0,0,0,0,0,0,0,29.267,0,0,0,0,0,0,0,0,0,0,0,0
4,6/5/50,15:11,0,0,0,0,0,0,0,0,25.847,0,0,0,0,0,0,0,0,0,0,0,0
4,6/5/50,15:12,0,0,0,0,44.847,0,0,0,0,0,0,0,0,0,0,0,0,0,0,0,0
4,6/5/50,15:13,0,0,0,0,26.643,0,0,0,0,0,0,0,0,0,0,0,0,0,0,0,0
4,6/5/50,15:14,0,0,0,0,32.472,0,0,0,0,0,0,0,0,0,0,0,0,30.423,0,0,0
4,6/5/50,15:15,0,0,0,0,24.581,0,0,0,0,0,0,0,0,0,0,0,0,107.463,0,0,0
4,6/5/50,15:16,0,0,0,0,62.661,0,0,0,0,0,0,0,0,0,0,0,0,55.213,0,0,0
4,6/5/50,15:17,0,0,0,0,59.265,0,0,0,0,0,0,0,0,0,0,0,0,45.098,0,0,0
4,6/5/50,15:18,0,0,0,0,145.239,0,0,0,0,0,0,0,0,0,0,0,0,36.95,0,0,0
4,6/5/50,15:19,0,0,0,0,15.634,0,48.815,0,0,0,0,0,0,0,0,0,0,29.471,0,0,0
4,6/5/50,15:20,0,0,0,0,0,0,82.08,0,0,0,0,0,39.119,0,0,0,0,16.316,0,0,0
4,6/5/50,15:21,0,0,0,0,0,0,45.492,0,0,0,0,0,9.902,0,0,0,0,32.96,0,0,0
4,6/5/50,15:22,0,0,0,0,0,0,43.891,0,0,0,0,0,19.752,0,0,0,0,19.737,0,0,0
4,6/5/50,15:23,0,0,0,0,0,0,29.103,0,0,0,0,0,33.201,0,0,0,0,141.863,0,0,0
4,6/5/50,15:24,0,0,0,0,0,0,105.972,0,0,0,0,0,0,0,0,0,0,188.687,0,0,0
4,6/5/50,15:25,0,0,0,0,0,0,0,0,0,0,0,0,0,0,0,0,0,66.434,0,0,0
4,6/5/50,15:26,0,0,0,0,0,0,85.959,0,0,0,0,0,0,0,0,0,0,32.648,0,0,0
4,6/5/50,15:27,0,0,0,0,0,0,0,0,0,0,0,0,0,0,0,0,0,40.261,0,0,0
4,6/5/50,15:28,0,0,0,0,59.249,61.937,0,0,0,0,0,0,0,0,0,0,0,68.428,0,0,0
4,6/5/50,15:29,0,0,0,0,0,0,0,0,0,0,0,0,0,0,0,0,0,120.145,0,0,0
4,6/5/50,15:30,0,0,0,0,58.493,0,0,0,0,0,0,0,0,0,0,0,0,38.677,0,0,0
4,6/5/50,15:31,0,0,0,0,154.922,0,0,0,0,0,0,39.324,0,0,0,0,0,0,0,0,0
4,6/5/50,15:32,0,0,0,0,0,0,0,0,0,0,0,73.187,0,0,0,0,0,0,0,0,0
4,6/5/50,15:33,0,0,0,0,0,0,0,0,0,0,0,141.483,0,0,0,0,0,0,0,0,0
4,6/5/50,15:34,0,0,0,0,0,0,0,0,0,0,0,73.269,0,0,0,0,0,0,0,0,0
4,6/5/50,15:35,0,0,0,0,0,0,0,0,0,0,0,124.701,0,0,0,0,0,0,0,0,0
4,6/5/50,15:36,0,0,0,0,0,0,0,0,24.452,0,0,1.637,0,0,0,0,0,0,0,0,0
4,6/5/50,15:37,0,0,0,0,0,0,0,0,0,0,0,167.35,0,0,0,0,0,0,0,0,0
4,6/5/50,15:38,0,0,0,0,0,0,0,0,102.733,0,0,51.445,0,0,0,0,0,0,0,0,0
4,6/5/50,15:39,0,0,0,0,0,0,0,0,14.75,0,0,65.181,0,0,0,0,0,0,0,0,0
4,6/5/50,15:40,0,0,0,0,0,0,0,0,0,0,0,40.05,0,0,0,0,0,0,0,0,0
4,6/5/50,15:41,0,1.035,0,0,0,0,0,0,0,0,0,83.918,0,0,0,0,0,0,0,0,0
4,6/5/50,15:42,0,129.269,0,0,0,0,0,0,0,0,0,155.12,0,0,0,0,0,0,0,0,0
4,6/5/50,15:43,0,134.252,0,0,0,0,0,0,53.048,0,0,87.962,0,0,0,0,0,0,0,0,0
4,6/5/50,15:44,0,64.187,22.83,0,0,0,0,0,0,0,0,0,0,0,0,0,0,0,0,0,0
4,6/5/50,15:45,0,88.895,9.59,0,0,0,0,0,0,0,0,56.583,0,0,0,0,0,0,0,0,0
4,6/5/50,15:46,0,95.226,86.829,0,0,0,0,0,0,0,0,115.376,0,0,0,0,0,0,0,0,93.556
4,6/5/50,15:47,0,139.297,24.005,0,0,0,0,0,0,0,0,39.833,0,0,0,0,0,0,0,0,127.936
4,6/5/50,15:48,0,65.336,37.203,0,0,0,0,0,0,0,0,0,0,0,0,0,0,0,0,0,36
4,6/5/50,15:49,0,79.701,0,0,0,0,0,0,0,0,0,0,0,0,0,0,0,0,0,0,0
4,6/5/50,15:50,0,19.234,0,0,0,0,0,0,52.577,0,0,0,0,0,0,0,0,0,0,0,79.679
4,6/5/50,15:51,0,0,0,0,0,0,0,0,0,0,99.856,0,0,0,0,0,0,0,0,0,0
4,6/5/50,15:52,nan,nan,nan,0,0,0,0,0,84.468,0,45.794,0,0,0,0,0,0,0,0,0,0
4,6/5/50,15:53,nan,nan,nan,0,0,0,0,0,15.768,0,123.795,0,0,0,0,0,0,0,0,0,0
4,6/5/50,15:54,nan,nan,nan,0,0,0,0,0,0,0,61.917,0,0,0,0,0,0,0,0,0,0
4,6/5/50,15:55,nan,nan,nan,0,0,0,0,0,0,0,75.814,0,0,0,0,0,0,0,0,0,0
4,6/5/50,15:56,nan,nan,nan,0,0,0,0,0,0,0,9.587,0,0,0,0,0,0,0,0,0,39.147
4,6/5/50,15:57,nan,nan,nan,0,0,0,0,0,34.078,0,9.291,0,0,0,0,0,0,0,0,0,0
4,6/5/50,15:58,nan,nan,nan,0,0,0,0,0,0,0,12.801,0,0,0,0,0,0,0,0,0,0
4,6/5/50,15:59,nan,nan,nan,0,0,0,0,0,5.123,0,12.507,0,0,0,0,0,0,0,0,0,0
4,6/5/50,16:00,138.577,0,31.57,0,0,0,0,0,29.614,0,89.505,0,0,0,0,0,0,0,0,0,0
4,6/5/50,16:01,36.969,0,27.906,45.92,0,0,0,0,0,0,81.259,0,0,0,56.201,0,0,0,0,0,0
4,6/5/50,16:02,0,0,0,8.063,0,0,0,0,0,0,16.006,0,0,0,145.035,0,0,0,0,0,24.603
4,6/5/50,16:03,33.357,0,37.015,19.146,0,0,0,0,0,0,43.647,0,0,0,17.314,0,0,0,0,0,132.863
4,6/5/50,16:04,39.758,0,83.304,39.871,0,0,0,0,0,0,11.629,0,0,0,33.183,0,0,0,0,0,105.323
4,6/5/50,16:05,55.666,0,101.891,69.748,0,0,0,0,0,0,50.594,0,0,0,20.227,0,0,0,0,0,0
4,6/5/50,16:06,15.838,0,0,86.175,0,0,0,0,0,0,89.675,0,0,0,17.758,0,0,0,0,0,0
4,6/5/50,16:07,12.098,0,0,48.399,0,0,0,0,0,0,59.159,0,0,0,53.091,0,0,0,0,0,0
4,6/5/50,16:08,68.094,0,46.774,139.315,0,0,0,0,0,0,18.799,0,0,0,0,0,0,0,0,0,0
4,6/5/50,16:09,41.257,0,59.885,11.261,0,0,0,0,38.695,0,13.805,0,0,0,0,0,0,0,0,39.875,33.905
4,6/5/50,16:10,89.924,0,29.968,16.959,0,0,0,0,17.419,0,64.526,0,0,0,61.143,0,0,0,0,52.273,0
4,6/5/50,16:11,33.74,0,0,39.491,0,0,0,0,0,0,0,0,0,0,92.875,0,0,0,0,63.618,24.478
4,6/5/50,16:12,0,0,40.828,54.623,0,0,0,0,0,0,0,0,0,0,40.627,0,0,0,0,50.767,0
4,6/5/50,16:13,0,0,16.908,31.365,0,0,0,0,0,0,0,0,0,0,55.629,0,0,0,0,31.595,0
4,6/5/50,16:14,0,0,48.612,20.49,0,0,0,0,0,0,0,0,0,0,154.585,0,0,0,0,5.432,0
4,6/5/50,16:15,0,0,0,0,0,43.172,0,0,0,0,0,0,0,0,100.776,0,0,0,0,0,0
4,6/5/50,16:16,0,0,0,0,0,28.826,0,0,0,0,0,0,0,0,92.26,0,0,0,0,29.549,0
4,6/5/50,16:17,0,0,0,0,0,14.174,0,0,0,0,0,0,0,0,111.449,0,0,0,0,15.212,0
4,6/5/50,16:18,0,0,0,0,0,11.427,0,0,40.228,0,0,0,0,0,36.636,0,0,0,0,71.79,0
4,6/5/50,16:19,0,0,0,0,0,7.279,0,0,31.179,0,0,0,0,0,0,0,0,0,0,100.818,0
4,6/5/50,16:20,0,0,0,0,0,40.251,0,0,0,0,0,0,0,0,0,0,26.795,0,0,82.359,0
4,6/5/50,16:21,0,0,0,0,0,0,0,0,54.295,0,0,0,0,0,0,0,122.035,0,0,55.168,0
4,6/5/50,16:22,0,0,0,0,0,0,0,0,51.812,0,0,0,0,0,0,0,94.972,0,0,0,0
4,6/5/50,16:23,0,0,0,0,0,0,0,0,0,0,0,0,0,0,0,0,0,0,0,0,0
4,6/5/50,16:24,0,0,0,0,0,48.07,0,0,0,0,0,0,0,0,0,0,0,0,0,0,0
4,6/5/50,16:25,0,0,0,0,0,6.429,0,0,0,0,0,0,0,0,0,0,13.469,0,0,0,0
4,6/5/50,16:26,0,0,0,0,0,28.553,0,0,0,0,0,0,0,0,0,0,26.6,0,0,0,0
4,6/5/50,16:27,0,0,0,0,0,44.228,0,0,0,0,0,0,0,0,0,0,52.227,0,0,0,0
4,6/5/50,16:28,0,0,0,0,0,35.579,0,0,0,0,0,0,0,0,0,0,88.439,0,0,0,0
4,6/5/50,16:29,51.438,0,0,0,0,0,0,0,0,0,0,0,0,0,0,0,16.402,0,0,0,0
4,6/5/50,16:30,0,0,0,0,0,0,0,0,0,0,0,0,0,0,0,0,0,0,0,0,0
4,6/5/50,16:31,0,0,0,0,0,0,0,0,0,0,0,0,0,0,0,0,38.304,0,0,0,0
4,6/5/50,16:32,0,0,0,0,0,0,0,0,0,0,0,0,0,0,0,0,76.316,0,0,0,0
4,6/5/50,16:33,0,0,0,0,0,0,0,0,27.03,0,0,0,0,0,0,0,0,0,0,0,0
4,6/5/50,16:34,0,0,0,0,0,0,0,0,0,0,0,0,0,0,0,0,0,0,0,0,0
4,6/5/50,16:35,0,0,0,0,0,0,0,0,0,0,0,0,0,0,0,0,0,0,0,0,0
4,6/5/50,16:36,0,0,0,0,0,0,0,0,39.688,0,0,0,0,0,0,0,0,0,0,0,0
4,6/5/50,16:37,0,0,0,0,0,0,0,0,78.01,0,0,0,0,0,0,26.595,0,0,0,0,0
4,6/5/50,16:38,0,0,0,0,0,0,0,0,85.166,0,0,0,0,0,0,23.031,0,0,0,0,0
4,6/5/50,16:39,0,0,0,0,0,0,0,0,0,0,0,0,0,0,0,0,0,0,0,0,0
4,6/5/50,16:40,0,0,0,0,0,0,0,0,0,0,0,0,0,0,0,0,0,0,0,0,0
4,6/5/50,16:41,0,0,0,0,0,0,0,0,0,0,0,0,0,0,0,0,0,0,0,0,0
4,6/5/50,16:42,0,23.27,0,0,0,0,45.682,0,0,0,0,0,0,0,0,0,0,0,0,0,0
4,6/5/50,16:43,0,115.437,0,0,0,0,91.491,0,0,0,0,0,0,0,0,0,0,0,0,0,0
4,6/5/50,16:44,0,17.357,0,0,0,0,45.002,0,0,0,0,0,0,0,0,0,0,0,0,0,0
4,6/5/50,16:45,0,14.423,0,0,0,0,62.7,0,0,0,0,0,0,0,0,0,0,0,0,0,0
4,6/5/50,16:46,0,44.302,0,0,0,0,31.749,0,0,0,0,0,0,22.678,0,66.921,0,0,0,0,0
4,6/5/50,16:47,0,0,0,0,0,0,107.514,0,0,0,0,0,0,79.24,0,25.35,0,0,0,0,0
4,6/5/50,16:48,0,0,0,0,0,0,47.339,0,0,0,0,0,0,92.229,0,39.242,0,0,0,0,0
4,6/5/50,16:49,0,0,0,0,0,0,54.553,35.575,0,0,0,0,0,48.499,0,79.624,0,0,0,0,0
4,6/5/50,16:50,0,0,0,0,0,0,23.503,44.119,0,0,0,0,0,136.335,0,110.713,0,0,0,0,0
4,6/5/50,16:51,0,0,0,0,0,0,0,65.557,0,0,0,0,0,49.344,0,109.004,0,0,0,0,0
4,6/5/50,16:52,0,0,0,0,0,0,1.805,120.07,0,0,0,0,0,0,0,113.692,0,0,0,0,0
4,6/5/50,16:53,0,0,0,0,0,0,56.405,130.088,0,0,0,0,0,0,0,49.249,0,0,0,0,0
4,6/5/50,16:54,0,0,0,0,0,0,41.89,73.531,0,0,0,0,0,0,0,149.73,0,0,0,0,0
4,6/5/50,16:55,0,0,0,0,0,0,0,42.843,0,0,0,0,0,0,0,49.823,0,0,0,0,0
4,6/5/50,16:56,0,0,0,0,0,0,0,31.234,0,0,0,0,0,0,0,0,0,0,0,0,0
4,6/5/50,16:57,0,0,0,0,0,0,0,0,0,0,0,0,0,0,0,0,0,0,0,0,0
4,6/5/50,16:58,0,0,0,0,0,0,0,0,0,0,0,0,0,0,0,0,0,0,0,0,0
4,6/5/50,16:59,0,0,0,0,0,0,0,0,0,0,0,0,0,0,0,0,0,0,0,0,0
4,6/5/50,17:00,0,0,0,0,0,0,0,61.538,0,0,0,0,0,0,0,0,0,0,0,0,0
4,6/5/50,17:01,0,0,0,0,0,0,0,60.188,0,0,0,0,0,0,0,0,0,0,0,0,0
4,6/5/50,17:02,0,0,0,59.34,0,0,0,65.653,0,0,0,0,0,0,0,0,0,0,0,0,0
4,6/5/50,17:03,0,0,0,84.435,0,0,0,86.946,0,0,0,0,0,0,0,0,0,0,0,0,0
4,6/5/50,17:04,0,0,0,64.748,0,0,0,0,0,0,74.14,0,0,0,0,0,0,0,0,0,0
4,6/5/50,17:05,0,0,0,26.792,0,0,0,0,0,0,41.517,0,0,0,0,0,0,0,0,0,0
4,6/5/50,17:06,0,0,13.632,22.996,0,0,0,0,0,0,0,0,0,0,0,0,0,0,0,0,0
4,6/5/50,17:07,0,0,71.214,130.864,0,0,0,0,0,0,0,0,0,0,0,0,0,0,0,0,74.221
4,6/5/50,17:08,0,0,131.715,35.373,0,0,0,0,0,0,0,0,0,0,0,0,0,0,0,0,0
4,6/5/50,17:09,0,0,56.047,45.325,0,0,0,0,0,0,0,73.804,0,0,0,0,0,0,0,0,0
4,6/5/50,17:10,0,0,91.304,57.645,0,0,0,0,0,0,42.376,69.201,0,0,0,0,0,0,0,0,0
4,6/5/50,17:11,0,0,145.901,34.287,0,0,0,0,0,0,71.787,67.882,0,0,0,0,0,0,0,0,0
4,6/5/50,17:12,0,0,39.536,0,0,0,0,0,0,0,0,132.161,0,0,0,0,0,0,0,0,0
4,6/5/50,17:13,0,0,27.724,0,0,0,0,0,0,0,0,81.674,0,0,0,0,0,0,0,0,0
4,6/5/50,17:14,0,0,29.012,0,0,0,0,0,0,0,0,143.86,0,0,0,0,0,0,0,0,0
4,6/5/50,17:15,0,0,60.876,0,0,0,0,0,0,0,0,45.891,0,0,0,0,0,0,0,0,0
4,6/5/50,17:16,0,0,15.009,0,0,0,0,0,47.461,0,0,93.606,0,0,0,0,0,0,0,0,0
4,6/5/50,17:17,0,0,14.024,0,0,0,0,0,59.352,0,2.939,38.048,62.665,0,0,0,0,0,0,0,0
4,6/5/50,17:18,0,0,64.219,0,0,0,0,0,0,0,0,0,43.344,0,0,0,0,0,0,0,0
4,6/5/50,17:19,0,0,50.191,0,0,36.418,0,0,11.417,0,22.872,0,30.957,0,0,0,0,0,0,0,0
4,6/5/50,17:20,0,0,45.505,0,0,35.868,0,0,43.266,24.836,0,43.647,26.086,0,0,0,0,0,0,0,51.346
4,6/5/50,17:21,0,0,106.583,0,0,11.417,0,0,0,39.808,92.237,94.606,0,0,0,0,0,0,0,0,13.593
4,6/5/50,17:22,0,0,0,0,0,42.978,0,0,0,57.894,16.442,76.027,0,0,0,0,0,0,0,0,20.344
4,6/5/50,17:23,0,0,0,0,25.328,37.757,0,0,0,0,25.046,64.036,0,0,0,0,99.54,0,0,0,7.617
4,6/5/50,17:24,0,0,0,0,20.458,21.582,0,0,0,0,26.313,0,0,0,0,0,147.659,0,0,0,9.448
4,6/5/50,17:25,36.689,0,0,0,21.999,31.476,0,0,0,0,0,0,0,0,0,0,95.139,0,0,0,0
4,6/5/50,17:26,67.89,2.342,0,0,0,49.197,0,0,0,0,0,0,0,0,0,0,25.684,86.562,0,0,32.39
4,6/5/50,17:27,41.984,53.897,0,0,0,172.027,0,0,41.69,0,0,0,0,0,0,0,31.414,71.46,0,0,73.662
4,6/5/50,17:28,25.472,79.066,0,0,26.91,76.241,0,0,61.646,0,0,0,0,0,0,0,11.243,106.299,0,70.789,132.939
4,6/5/50,17:29,10.835,206.825,0,0,79.158,0,0,0,10.696,0,0,0,0,93.784,0,0,41.854,134.186,0,45.343,16.432
4,6/5/50,17:30,58.21,47.364,0,0,153.352,0,0,0,34.708,0,0,0,0,27.56,0,0,108.694,0,0,42.319,48.81
4,6/5/50,17:31,0,48.692,0,0,0,31.084,0,0,0,0,0,0,0,92.786,0,0,14.4,0,0,21.759,97.004
4,6/5/50,17:32,0,0,0,0,0,34.175,0,0,0,0,0,0,0,68.837,0,49.077,28.788,0,0,70.817,115.864
4,6/5/50,17:33,0,39.804,0,0,17.33,51.1,0,0,0,0,0,0,0,151.058,0,41.06,20.164,0,0,69.815,77.028
4,6/5/50,17:34,0,42.725,0,0,78.872,4.972,0,0,115.133,0,0,0,0,107.724,36.013,0,0,0,0,0.316,124.006
4,6/5/50,17:35,0,48.856,0,0,62.268,0,0,0,0,0,0,0,0,108.837,54.541,0,0,0,0,0,80.238
4,6/5/50,17:36,0,0,0,0,81.69,39.677,0,0,25.696,0,0,0,0,55.284,8.151,0,0,0,0,0,143.214
4,6/5/50,17:37,0,0,0,0,0,44.012,0,0,0,0,0,0,0,95.037,12.78,0,29.316,0,0,0,21.806
4,6/5/50,17:38,0,0,0,0,44.38,0,0,0,0,0,0,0,0,141.647,56.898,0,87.036,0,0,0,0
4,6/5/50,17:39,0,0,0,0,0,0,0,0,0,0,0,0,0,123.072,22.177,0,35.686,0,0,0,13.871
4,6/5/50,17:40,0,0,0,0,0,20.138,0,0,0,0,0,0,0,101.698,34.286,0,29.444,0,0,0,9.987
4,6/5/50,17:41,0,0,0,0,0,21.498,0,0,0,0,0,0,0,0,37.51,0,10.503,0,0,0,33.104
4,6/5/50,17:42,0,0,0,0,0,21.789,61.001,0,0,0,0,0,0,0,0,0,62.593,0,0,0,0
4,6/5/50,17:43,0,0,0,56.459,0,21.794,60.051,0,0,0,0,0,0,0,24.126,0,71.878,0,0,0,0
4,6/5/50,17:44,0,0,0,40.512,0,30.527,95.372,0,0,0,0,0,0,0,34.093,0,21.49,0,28.956,0,0
4,6/5/50,17:45,0,0,53.608,33.036,0,31.935,71.845,0,0,0,0,0,0,0,36.491,0,39.459,0,70.558,0,0
4,6/5/50,17:46,0,0,95.547,0,0,10.478,48.658,0,0,0,0,0,0,0,117.579,0,3.065,0,0,0,0
4,6/5/50,17:47,0,0,23.595,0,0,19.695,47.324,0,0,0,0,0,0,0,85.72,0,0,0,0,0,0
4,6/5/50,17:48,0,0,0,0,0,17.536,90.358,0,0,0,0,0,0,0,0,0,0,0,0,0,0
4,6/5/50,17:49,0,0,35.035,0,0,37.679,49.4,0,0,0,0,0,0,0,0,0,0,0,0,0,0
4,6/5/50,17:50,0,0,98.999,0,0,26.715,54.752,0,0,0,0,0,0,0,0,0,0,0,0,0,0
4,6/5/50,17:51,0,0,105.628,0,0,0,36.855,0,0,0,0,0,0,0,0,0,0,0,55.08,0,0
4,6/5/50,17:52,0,0,90.498,0,0,0,16.918,0,0,0,0,0,0,0,0,0,0,0,51.452,0,0
4,6/5/50,17:53,0,0,38.202,0,0,0,31.098,0,0,0,0,0,0,132.607,0,0,0,0,22.3,0,0
4,6/5/50,17:54,0,0,117.644,0,0,0,35.217,0,0,0,0,0,0,92.061,0,0,0,0,91.714,0,0
4,6/5/50,17:55,0,0,55.475,0,0,0,0,0,0,33.767,0,0,0,42.994,0,0,0,0,75.737,0,0
4,6/5/50,17:56,0,0,63.034,0,0,0,0,0,0,30.298,0,0,0,116.36,0,59.281,0,0,72.677,0,0
4,6/5/50,17:57,0,0,0,91.559,0,0,0,0,0,40.444,37.562,0,0,32.718,0,70.899,0,74.38,115.989,0,0
4,6/5/50,17:58,0,0,0,62.953,0,0,0,0,0,38.765,19.59,0,0,0,0,95.151,0,47.009,32.944,0,0
4,6/5/50,17:59,0,0,0,56.048,0,0,0,0,0,31.715,0,0,0,0,0,74.41,0,86.3,0,0,0
4,6/5/50,18:00,0,0,0,32.95,0,0,0,0,0,53.777,0,0,0,0,0,27.622,0,179.643,0,0,0
4,6/5/50,18:01,0,0,0,26.365,0,0,0,0,0,55.411,64.553,0,0,0,0,0,0,25.074,0,0,0
4,6/5/50,18:02,0,0,0,103.363,0,0,0,0,0,0,63.401,0,0,0,0,0,0,4.705,0,0,0
4,6/5/50,18:03,0,0,0,36.902,0,0,0,0,0,0,33.608,0,0,0,0,0,0,28.364,0,0,0
4,6/5/50,18:04,0,234.149,59.829,0,0,0,0,0,0,0,58.302,0,0,0,0,0,0,43.697,0,21.839,0
4,6/5/50,18:05,95.41,151.144,180.437,0,0,0,0,0,0,168.508,38.016,0,0,0,0,0,0,0,0,51.099,0
4,6/5/50,18:06,99.304,81.236,222.109,0,0,0,0,0,0,104.002,205.114,65.721,165.914,72.874,0,0,0,0,26.668,94.994,0
4,6/5/50,18:07,167.49,129.131,53.648,0,0,0,138.781,121.064,43.958,134.987,140.179,206.56,38.398,0,0,23.322,0,0,134.767,200.179,110.414
4,6/5/50,18:08,106.447,140.369,135.849,0,0,0,122.206,82.878,68.674,114.623,123.099,97.843,145.148,42.069,0,115.349,0,52.073,33.819,117.663,112.775
4,6/5/50,18:09,49.386,132.214,80.246,0,0,0,50.186,126.329,0,117.457,170.794,138.071,41.514,71.635,0,210.048,0,99.77,0,179.105,15.647
4,6/5/50,18:10,134.309,168.241,119.293,50.538,0,0,24.489,78.957,0,52.235,136.249,92.982,67.796,0,0,276.915,0,60.855,0,79.178,165.733
4,6/5/50,18:11,72.097,67.894,96.143,165.024,164.929,0,78.795,88.013,0,99.9,100.134,146.788,63.219,0,0,189.457,0,132.125,0,35.068,69.948
4,6/5/50,18:12,107.132,149.502,0,104.934,94.167,0,48.394,106.067,0,86.655,49.951,226.269,111.3,0,0,69.116,0,0,0,94.59,136.844
4,6/5/50,18:13,36.665,150.582,0,24.913,164.269,0,36.82,116.413,38.497,44.29,0,92.169,14.512,0,0,33.75,0,151.579,0,159.417,31.66
4,6/5/50,18:14,51.977,163.587,105.979,64.022,31.345,29.808,85.214,154.812,58.248,65.933,0,134.276,13.838,0,0,70.551,0,0,0,163.201,0
4,6/5/50,18:15,96.221,221.937,85.394,0,69.499,62.744,68.695,173.18,141.899,86.685,0,80.109,100.129,89.328,0,145.644,0,0,0,94.93,86.096
4,6/5/50,18:16,103.577,141.799,119.842,0,70.506,21.056,45.182,82.075,100.058,0,0,0,85.927,108.76,0,54.601,0,0,0,70.065,0
4,6/5/50,18:17,139.338,142.437,77.666,55.583,88.318,15.428,19.934,60.74,0,0,0,78.351,105.327,26.268,0,34.854,0,0,0,106.93,141.524
4,6/5/50,18:18,199.833,24.709,60.992,62.37,36.237,0,131.274,99.491,31.283,0,0,114.57,70.547,0,0,75.813,6.077,49.507,0,40.382,101.6
4,6/5/50,18:19,81.95,68.995,99.17,150.067,0,1.837,76.565,92.479,29.83,34.939,0,43.106,81.587,0,0,24.206,103.315,69.612,0,64.124,33.981
4,6/5/50,18:20,118.944,227.794,154.134,98.475,99.677,86.777,85.789,100.496,50,78.01,0,142.619,0,0,181.536,41.273,108.064,134.995,0,145.776,0
4,6/5/50,18:21,195.602,202.171,160.672,73.489,49.773,0,78.505,185.052,53.272,122.512,0,121.235,0,0,155.107,110.81,109.894,26.923,0,225.303,68.942
4,6/5/50,18:22,137.726,140.348,175.753,46.201,71.106,0,0,85.92,49.717,94.506,0,81.459,0,0,144.463,25.821,8.172,134.065,0,40.421,38.664
4,6/5/50,18:23,139.655,136.521,47.028,65.936,119.335,30.602,76.983,95.139,26.348,59.112,0,52.133,0,122.415,159.45,15.119,30.502,36.138,0,29.053,0
4,6/5/50,18:24,58.148,206.596,99.402,84.252,98.224,2.652,64.332,33.51,25.12,25.169,0,92.271,0,101.96,145.37,53.681,28.077,81.35,0,71.202,0
4,6/5/50,18:25,109.293,167.157,140.205,53.742,101.287,53.312,95.208,100.466,48.957,25.555,0,94.119,0,0,91.638,128.696,89.879,110.382,0,76.438,0
4,6/5/50,18:26,68.774,114.271,107.746,47.395,51.94,0,57.103,49.515,57.649,40.301,0,6.714,0,0,119.086,80.481,26.74,90.425,0,132.743,0
4,6/5/50,18:27,131.743,82.686,107.552,17.048,67.957,0,0,60.425,0,28.989,89.91,135.867,0,43.903,103.497,23.376,33.758,89.684,0,77.085,73.261
4,6/5/50,18:28,162.285,136.533,0,121.895,155.49,0,0,147.738,73.69,21.766,65.609,81.217,0,0,25.805,32.904,0,46.019,0,44.106,131.328
4,6/5/50,18:29,106.997,106.642,33.654,94.731,90.599,0,50.007,43.863,37.937,44.286,105.435,65.702,0,0,86.831,29.839,0,105.472,0,79.54,21.617
4,6/5/50,18:30,94.125,187.401,173.781,38.27,0,0,58.116,40.772,10.45,50.253,75.503,81.647,0,0,166.913,162.997,9.57,49.728,0,147.129,62.337
4,6/5/50,18:31,23.656,147.83,150.106,55.439,0,0,64.836,76.783,118.421,90.013,0,88.388,0,0,117.093,73.491,106.17,126.683,0,97.278,0
4,6/5/50,18:32,97.801,108.984,91.546,18.645,91.55,0,43.6,84.974,27.443,71.15,45.636,34.287,0,0,51.828,13.206,147.542,120.198,0,112.85,9.146
4,6/5/50,18:33,14.821,204.894,127.292,101.161,166.28,0,58.997,100.997,0,23.115,59.876,77.933,0,0,101.043,138.615,97.752,61.916,0,98.012,20.276
4,6/5/50,18:34,13.301,148.802,124.602,137.546,75.781,0,49.463,83.955,0,0,101.727,79.212,0,0,64.081,29.46,44.73,85.788,0,128.132,1.116
4,6/5/50,18:35,20.449,143.568,30.166,38.356,75.962,0,48.828,11.94,100.508,0,63.799,131.052,0,0,192.673,55.648,124.471,46.841,0,103.252,29.817
4,6/5/50,18:36,12.956,113.996,0,120.055,153.838,0,135.17,13.765,15.698,0,57.61,97.385,0,0,88.758,6.256,23.205,26.263,0,49.45,36.319
4,6/5/50,18:37,59.204,128.095,2.651,49.488,73.077,0,52.829,13.608,43.571,38.434,0,42.265,36.33,0,0,84.52,43.772,138.127,0,98.747,27.211
4,6/5/50,18:38,115.187,163.739,184.773,59.65,53.519,0,98.214,10.504,0,12.885,0.641,105.387,40.741,0,122.27,95.902,116.436,37.788,0,93.915,18.81
4,6/5/50,18:39,89.776,137.872,95.623,19.099,36.242,0,65.866,39.613,0,13.268,85.971,80.159,53.251,0,141.302,62.333,46.911,96.81,0,152.648,8.568
4,6/5/50,18:40,96.506,66.166,78.768,132.991,63.861,0,98.407,24.938,39.206,12.828,67.746,67.64,35.561,0,138.283,45.975,28.712,0,0,180.626,66.9
4,6/5/50,18:41,62.925,201.78,111.373,15.977,87.534,0,44.435,50.875,41.367,13.406,12.347,107.489,93.011,0,23.866,88.926,21.896,105.355,170.451,64.055,20.173
4,6/5/50,18:42,52.923,178.303,183.234,73.555,51.496,0,93.115,68.058,0,92.155,93.614,48.754,0,0,121.982,199.478,65.02,51.867,93.686,0,118.559
4,6/5/50,18:43,0,270.338,265.431,112.066,0,0,0,77.012,0,112.448,48.901,98.667,0,0,162.638,64.896,33.005,117.816,20.788,27.824,103.706
4,6/5/50,18:44,0,121.07,196.985,69.583,99.231,0,0,3.7,0,42.906,134.845,116.389,4.925,0,95.905,125.215,62.011,13.085,0,70.968,0
4,6/5/50,18:45,0,132.507,197.541,92.351,36.929,0,0,33.546,0,54.672,37.323,113.589,104.513,0,177.957,77.081,81.897,104.779,36.54,59.085,0
4,6/5/50,18:46,0,166.931,153.125,96.567,52.024,0,0,137.773,0,71.814,0,50.396,61.645,0,93.787,1.251,24.038,81.577,55.525,29.007,41.432
4,6/5/50,18:47,0,105.925,63.289,116.527,92.982,0,0,94.591,0,128.241,105.578,31.735,0,0,0,0,26.247,74.333,50.328,85.011,0
4,6/5/50,18:48,0,164.139,23.645,69.342,0,0,0,115.593,0,26.111,54.67,0,0,0,0,117.736,25.34,70.665,7.83,75.219,0
4,6/5/50,18:49,0,193.443,0,20.863,0,0,0,45.108,0,27.725,49.802,0,0,0,0,128.254,24.293,13.241,56.176,117.759,0
4,6/5/50,18:50,0,117.707,116.467,14.916,0,0,0,178.956,0,0,11.876,0,0,34.645,0,113.519,30.301,10.345,137.156,67.981,0
4,6/5/50,18:51,0,45.281,159.183,93.04,0,64.618,0,98.038,0,0,30.992,0,0,33.429,0,110.7,0,89.135,145.736,85.863,0
4,6/5/50,18:52,0,139.293,102.385,17.149,0,58.136,0,38.079,0,0,42.054,0,0,0,42.973,108.293,0,47.169,8.36,129.499,0
4,6/5/50,18:53,0,151.508,61.421,56.772,68.364,23.666,0,13.192,0,0,67.457,0,0,0,11.189,15.453,0,97.096,0,70.72,0
4,6/5/50,18:54,0,96.591,110.78,94.029,0,0,56.421,9.386,0,0,86.527,0,0,0,115.101,0,0,99.226,0,128.61,0
4,6/5/50,18:55,0,151.209,82.209,93.374,123.637,54.568,78.641,15.897,0,0,78.465,0,0,0,73.589,29.744,0,58.798,32.578,10.928,0
4,6/5/50,18:56,0,296.413,59.55,28.112,0,11.584,26.453,4.868,0,0,133.142,0,0,0,168.443,0,0,29.901,96.49,78.289,0
4,6/5/50,18:57,0,178.092,137.774,72.055,0,111.559,0,114.569,0,0,31.986,0,0,0,151.321,67.788,0,0,39.911,93.368,0
4,6/5/50,18:58,0,179.048,116.263,21.666,81.888,84.607,0,91.046,0,0,94.27,0,0,0,182.379,68.549,0,0,0,21.392,0
4,6/5/50,18:59,9.795,161.003,228.125,106.876,52.345,26.3,0,29.299,0,0,91.066,0,0,53.248,64.835,13.005,0,0,0,79.857,0
4,6/5/50,19:00,220.9,149.524,86.718,69.954,0,26.995,0,74.565,0,0,0,0,0,85.81,98.906,21.074,0,0,0,135.974,0
4,6/5/50,19:01,111.075,69.668,158.145,17.556,0,62.751,0,97.586,0,0,23.433,0,0,18.36,27.481,87.27,0,0,0,196.963,0
4,6/5/50,19:02,90.095,208.555,109.782,0,95.473,0,0,163.338,0,0,102.893,0,0,85.271,70.983,68.031,0,0,0,92.68,0
4,6/5/50,19:03,130.027,144.75,66.013,0,118.092,0,0,97.593,0,0,0,0,0,29.706,49.647,83.164,0,0,0,92.28,0
4,6/5/50,19:04,57.048,139.844,218.159,0,138.847,0,0,56.496,0,0,40.327,0,0,94.181,161.3,38.563,0,0,23.875,120.599,0
4,6/5/50,19:05,19.839,138.664,209.551,0,0,0,0,73.214,0,0,0,0,0,14.968,93.598,60.97,0,0,27.023,81.475,0
4,6/5/50,19:06,28.858,181.157,232.745,0,0,0,0,115.931,0,0,0,0,0,76.073,167.217,120.059,0,0,14.797,44.243,0
4,6/5/50,19:07,19.299,199.29,196.918,0,24.72,51.06,0,91.667,0,0,0,0,0,84.065,151.494,129.398,0,0,115.665,132.142,0
4,6/5/50,19:08,26.235,224.844,123.873,0,0,0,0,46.353,0,0,0,0,0,18.223,121.204,144.765,0,0,0,107.545,0
4,6/5/50,19:09,69.705,142.964,194.619,36.023,0,0,0,43.963,0,0,0,86.382,0,100.004,106.605,67.04,0,0,0,133.971,0
4,6/5/50,19:10,119.234,223.097,142.306,58.39,0,12.89,0,60.781,0,0,0,172.645,0,12.701,85.294,19.148,0,0,69.527,55.887,0
4,6/5/50,19:11,74.628,99.442,86.484,52.068,0,23.799,0,46.38,0,0,0,173.445,0,142.92,125.749,13.472,0,0,55.458,31.225,0
4,6/5/50,19:12,0,127.914,0,198.633,0,0,0,90.376,0,27.715,0,151.36,0,32.246,17.214,43.923,0,0,0,3.622,0
4,6/5/50,19:13,34.25,224.147,102.601,92.599,0,0,0,83.546,0,79.694,0,91.614,0,0,25.967,88.651,0,0,0,0,0
4,6/5/50,19:14,79.235,165.725,57.691,127.114,0,0,0,27.335,0,35.085,0,24.886,0,0,22.45,41.532,0,0,0,40.909,0
4,6/5/50,19:15,119.069,157.472,0,96.169,0,0,0,87.884,0,123.402,0,75.533,0,0,110.321,62.174,0,0,0,133.845,0
4,6/5/50,19:16,151.493,169.489,25.858,29.44,0,0,0,35.248,0,31.248,0,96.471,0,0,70.063,110.02,0,0,76.362,140.828,0
4,6/5/50,19:17,64.395,113.645,29.707,0,0,0,0,42.02,0,81.553,0,143.993,67.973,0,0,107.134,0,0,27.086,84.661,0
4,6/5/50,19:18,210.547,217.227,61.454,0,0,0,0,20.439,0,46.741,0,9.013,66.389,0,0,40.722,0,0,74.765,68.3,0
4,6/5/50,19:19,77.557,129.682,20.213,0,0,0,0,110.789,0,51.319,0,76.707,110.164,0,0,122.415,0,36.415,72.943,19.53,0
4,6/5/50,19:20,24.658,192.439,26.429,0,0,0,0,10.602,0,0,0,105.475,34.143,0,0,122.655,0,65.782,19.644,1.092,0
4,6/5/50,19:21,12.001,144.027,20.588,0,0,0,0,104.019,0,51.302,0,94.767,53.163,0,0,18.205,0,89.499,0,69.258,0
4,6/5/50,19:22,19.799,135.376,33.413,0,0,0,70.337,86.899,0,113.481,0,111.719,18.685,0,0,16.398,0,99.815,0,140.742,0
4,6/5/50,19:23,47.1,140.414,116.93,0,0,0,176.494,101.429,0,45.047,0,22.52,76.848,0,0,65.609,0,122.461,48.387,43.666,0
4,6/5/50,19:24,140.707,174.693,170.96,0,0,0,94.361,0,0,74.859,0,0,36.681,0,0,132.703,0,44.261,26.014,51.269,0
4,6/5/50,19:25,41.188,154.707,242.616,0,0,0,119.681,0,0,89.019,0,83.067,116.223,0,0,90.426,0,29.905,0,0,68.676
4,6/5/50,19:26,51.694,158.624,157.861,57.02,0,0,112.609,0,0,91.628,0,71.443,15.065,0,0,25.844,0,0,0,40.069,10.954
4,6/5/50,19:27,50.431,126.69,215.164,97.465,0,0,89.815,0,0,45.234,0,120.571,105.845,31.876,0,45.256,0,0,0,69.098,97.575
4,6/5/50,19:28,0,146.355,162.548,107.646,0,0,114.52,0,0,65.229,0,86.208,60.45,54.433,0,97.186,0,39.967,58.408,67.4,120.176
4,6/5/50,19:29,3.938,188.241,186.709,141.597,0,0,91.174,0,0,116.156,0,96.338,33.561,0,0,125.418,0,51.251,19.348,18.064,82.937
4,6/5/50,19:30,162.216,195.329,171.552,169.46,0,0,79.232,0,0,110.967,0,59.414,39.662,0,0,106.551,0,57.409,18.281,72.264,102.223
4,6/5/50,19:31,209.625,190.993,181.391,86.347,0,0,37.302,0,0,101.027,0,34.432,0,0,0,0.964,0,99.572,136.755,4.737,89.74
4,6/5/50,19:32,190.325,132.469,0,148.1,0,0,79.546,0,0,55.533,0,80.276,0,0,0,0.46,0,98.737,24.617,100.602,114.928
4,6/5/50,19:33,214.673,154.958,0,105.803,0,0,74.233,0,0,22.131,0,115.6,0,0,0,150.299,0,118.134,0,78.759,104.705
4,6/5/50,19:34,170.66,147.015,0,28.451,0,0,107.492,0,0,90.844,0,47.085,0,0,0,0,0,31.136,0,95.579,1.94
4,6/5/50,19:35,71.002,164.293,0,0,0,0,124.45,0,0,13.288,0,126.499,0,0,0,62.579,0,82.803,0,147.826,61.126
4,6/5/50,19:36,136.778,175.809,30.185,24.706,0,0,105.612,0,0,21.738,0,92.684,0,0,0,173.055,0,77.954,0,163.337,59.706
4,6/5/50,19:37,22.982,172.135,32.36,54.307,0,0,183.235,0,0,14.713,0,137.756,0,0,0,106.339,0,34.984,0,4.474,84.626
4,6/5/50,19:38,0,130.949,0,0,0,0,67.914,0,0,69.883,0,53.188,0,0,0,133.569,0,2.168,0,53.339,19.385
4,6/5/50,19:39,0,124.068,0,47.977,0,0,37.128,0,0,14.113,24.253,39.25,0,0,0,20.01,0,0,36.695,87.919,154.042
4,6/5/50,19:40,0,137.96,61.475,27.185,0,0,121.203,0,0,13.283,83.306,65.86,0,0,0,19.385,0,0,59.245,105.866,28.71
4,6/5/50,19:41,0,97.024,128.583,58.366,0,0,106.421,0,0,20.098,70.814,0,0,0,0,98.07,0,0,10.142,145.282,48.781
4,6/5/50,19:42,0,183.951,156.157,63.091,0,0,37.026,0,0,97.668,0,0,0,0,0,64.893,0,0,6.186,65.687,57.652
4,6/5/50,19:43,23.767,213.744,203.141,0,0,0,50.273,0,0,32.017,84.983,0,0,0,0,29.581,0,0,27.873,153.032,77.24
4,6/5/50,19:44,177.451,201.819,151.285,0,0,0,74.096,0,0,40.345,49.753,0,0,0,0,46.276,0,100.44,73.274,117.03,145.937
4,6/5/50,19:45,167.276,100.116,146.172,0,0,0,54.635,0,0,54.362,88.352,0,0,0,0,30.837,0,67.361,37.745,55.006,40.726
4,6/5/50,19:46,0,50.062,116.679,0,0,0,0,0,0,97.965,42.781,0,0,0,0,10.093,0,124.49,0,125.909,89.552
4,6/5/50,19:47,0,158.79,134.604,0,0,0,0,0,0,146.408,47.961,0,0,0,0,105.939,0,69.315,0,122.884,65.67
4,6/5/50,19:48,35.709,100.857,0,0,0,0,0,0,35.83,27.223,49.307,0,0,0,0,0,0,90.914,0,53.431,110.18
4,6/5/50,19:49,38.081,189.381,129.686,0,53.34,0,0,0,24.161,76.004,0,0,0,0,0,0,0,54.334,0,0,126.273
4,6/5/50,19:50,16.743,115.173,100.376,0,24.919,0,0,0,17.213,0,37.527,0,0,0,0,0,0,79.127,0,47.545,103.736
4,6/5/50,19:51,11.866,244.378,27.949,0,78.899,0,0,0,11.396,0,62.289,0,0,0,0,0,0,54.04,0,78.332,25.233
4,6/5/50,19:52,40.519,107.376,59.275,0,171.731,0,0,0,19.638,0,149.076,0,0,0,0,0,0,44.845,0,109.528,82.796
4,6/5/50,19:53,25.699,215.307,159.932,0,153.165,0,0,0,16.6,0,72.776,0,0,0,182.888,0,0,68.864,0,105.501,151.083
4,6/5/50,19:54,33.695,194.988,211.935,0,0,0,0,0,30.349,0,107.363,0,0,0,186.197,0,0,80.742,72.841,55.757,81.012
4,6/5/50,19:55,126.613,47.895,96.478,0,0,0,0,0,25.454,0,49.914,0,0,0,54.792,0,0,4.62,107.46,85.576,112.356
4,6/5/50,19:56,77.987,185.424,50.917,0,18.684,0,0,0,0,0,59.548,0,0,0,0,0,0,0,0,75.787,60.175
4,6/5/50,19:57,20.856,144.542,57.167,0,138.504,0,0,0,0,0,0,0,0,0,0,0,0,0,3.058,51.23,55.2
4,6/5/50,19:58,83.672,155.754,0,0,134.996,0,0,0,0,0,0,0,0,0,44.953,0,0,0,41.926,0,182.255
4,6/5/50,19:59,136.425,94.656,6.344,170.056,185.831,0,0,0,0,0,0,0,0,0,206.339,0,0,1.621,9.965,0,55.489
4,6/5/50,20:00,113.055,168.733,0,49.332,67.848,0,0,78.026,24.682,0,0,0,0,0,0,0,0,25.723,77.87,0,64.27
4,6/5/50,20:01,37.385,148.627,0,24.915,70.532,0,0,36.253,0,0,0,0,0,71.435,29.282,0,0,68.113,31.154,0,146.592
4,6/5/50,20:02,167.781,145.227,27.114,92.691,210.199,0,0,36.13,0,0,0,0,0,0,127.528,0,0,21.444,32.958,0,146.141
4,6/5/50,20:03,87.868,229.958,159.81,180.778,99.682,0,0,122.924,0,0,0,0,0,0,164.467,0,0,17.289,38.038,0,71.344
4,6/5/50,20:04,44.669,127.954,129.657,10.606,34.104,0,0,104.561,57.803,0,0,0,0,0,154.798,0,0,56.032,97.331,0,0
4,6/5/50,20:05,26.487,150.107,93.916,61.293,54.113,0,94.686,30.997,0,0,0,0,0,109.469,105.011,0,0,47.12,21.097,0,0
4,6/5/50,20:06,23.073,172.794,81.869,127.543,148.011,0,143.921,0,57.451,0,0,0,0,124.264,36.488,0,0,72.478,14.958,0,0
4,6/5/50,20:07,31.455,118.31,104.136,105.249,128.646,0,72.609,0,5.505,0,0,0,0,114.316,34.652,0,0,39.378,29.249,0,0
4,6/5/50,20:08,23.295,83.986,63.503,59.175,44.184,0,40.28,0,0,0,0,0,0,131.7,125.154,0,0,31.226,0,0,0
4,6/5/50,20:09,30.467,92.591,0,72.155,60.981,0,43.208,0,22.466,0,0,0,0,72.528,123.012,0,0,13.881,27.375,0,0
4,6/5/50,20:10,181.446,177.792,0,85.726,72.424,0,132.739,0,34.988,51.373,0,0,0,0,190.704,0,0,20.157,47.132,0,0
4,6/5/50,20:11,123.526,152.508,0,92.767,105.559,0,69.668,0,0,26.65,0,0,0,117.328,87.33,0,0,31.322,13.02,0,0
4,6/5/50,20:12,26.13,198.023,0,107.006,96.828,0,37.075,0,0,0,0,0,0,25.091,158.317,0,0,14.577,80.043,0,0
4,6/5/50,20:13,0,99.252,0,32.43,94.405,0,44.044,0,0,37.322,0,0,0,0,266.074,0,0,16.519,8.644,0,0
4,6/5/50,20:14,40.828,149.62,0,96.283,91.759,0,88.295,0,0,21.816,0,0,0,0,190.486,0,0,63.419,0,0,0
4,6/5/50,20:15,10.175,119.249,0,80.706,109.926,29.369,0,0,0,50.108,0,0,0,63.919,144.887,0,0,39.399,0,0,0
4,6/5/50,20:16,151.758,143.583,0,8.727,0,62.89,0,0,0,134.922,0,0,0,0,58.969,0,0,21.271,0,0,0
4,6/5/50,20:17,197.881,225.299,0,72.296,0,106.376,0,0,0,57.671,0,0,0,0,69.438,0,0,3.603,67.242,0,0
4,6/5/50,20:18,25.196,155.929,0,22.996,0,26.002,0,0,0,49.957,0,0,0,0,15.129,0,0,58.018,29.921,0,0
4,6/5/50,20:19,0,147.141,0,0,65.434,0,0,0,0,18.005,0,0,0,0,53.835,0,0,19.751,131.674,0,0
4,6/5/50,20:20,0,34.304,0,21.293,27.402,0,0,0,0,103.915,0,21.592,0,0,50.294,0,0,150.029,142.53,0,0
4,6/5/50,20:21,0,175.814,0,89.139,66.576,0,0,0,0,71.43,0,70.975,0,0,126.877,0,0,102.2,83.231,0,0
4,6/5/50,20:22,0,178.825,0,56.586,133.028,0,0,0,0,24.27,0,139.004,0,0,203.175,0,0,34.298,135.088,0,0
4,6/5/50,20:23,0,71.656,0,28.878,64.689,0,0,0,0,40.599,0,108.099,0,0,104.186,0,0,36.345,18.053,0,0
4,6/5/50,20:24,0,72.75,0,85.487,16.885,120.648,0,0,0,0,0,110.045,0,0,23.26,0,0,77.454,0,0,0
4,6/5/50,20:25,0,0,0,29.867,99.525,103.972,0,0,0,0,0,107.897,0,0,66.939,0,0,0,0,0,0
4,6/5/50,20:26,0,190.689,0,37.626,49.697,41.236,13.043,0,0,51.714,0,36.562,0,23.567,126.585,0,0,55.171,70.012,0,0
4,6/5/50,20:27,0,121.68,0,60.211,60.563,12.504,76.674,0,0,79.042,0,39.16,17.517,0,48.184,80.415,0,0,58.114,0,0
4,6/5/50,20:28,0,109.335,0,0,35.847,9.451,43.72,0,0,24.173,0,66.595,109.642,0,106.904,182.311,0,0,52.055,0,0
4,6/5/50,20:29,0,85.67,0,0,44.253,63.416,0,0,0,0,0,81.403,9.445,0,109.031,121.609,0,0,0,0,0
4,6/5/50,20:30,0,122.853,0,75.75,85.764,81.662,0,0,0,79.426,0,59.179,162.669,0,35.25,76.156,0,0,0,0,0
4,6/5/50,20:31,0,162.228,0,172.338,45.834,102.465,0,0,0,131.332,0,6.632,11.813,87.44,117.508,187.053,0,0,0,74.017,0
4,6/5/50,20:32,0,83.309,0,93.005,47.586,18.723,46.235,0,0,23.788,0,27.309,49.743,149.235,125.413,183.212,0,0,0,141.144,0
4,6/5/50,20:33,0,111.804,0,0,0,0,9.436,46.421,0,55.258,72.192,102.899,91.088,147.901,125.848,150.399,0,0,0,103.656,0
4,6/5/50,20:34,0,129.642,0,0,63.136,14.349,107.298,73.332,0,119.868,38.119,17.964,6.082,147.315,56.882,22.45,0,0,0,89.197,0
4,6/5/50,20:35,0,128.872,0,0,24.356,2.713,42.817,0,0,39.787,150.78,23.084,37.534,45.543,0,157.65,0,11.706,0,146.066,0
4,6/5/50,20:36,0,132.607,0,0,24.518,30.478,83.817,182.662,0,117.685,56.628,115.906,0,0,51.584,42.817,0,70.563,0,133.533,0
4,6/5/50,20:37,0,153.828,0,0,72.351,0,119.404,45.596,0,55.346,108.197,57.816,11.335,0,0,188.158,0,101.518,0,69.211,0
4,6/5/50,20:38,0,123.393,0,0,61.505,0,67.867,86.75,0,47.764,34.75,56.347,39.622,26.061,0,102.593,0,29.547,0,62.675,0
4,6/5/50,20:39,0,137.965,0,0,23.124,0,44.567,115.659,0,63.071,37.581,14.609,36.001,99.812,0,81.056,0,101.827,26.22,36.321,0
4,6/5/50,20:40,0,118.201,0,0,27.714,0,84.801,100.113,0,0,93.65,138.83,18.466,127.886,0,54.814,0,27.527,0,25.445,0
4,6/5/50,20:41,0,189.887,0,0,118.265,0,25.929,59.146,0,0,135.021,84.383,67.086,10.415,0,197.996,0,0,0,40.599,0
4,6/5/50,20:42,0,110.597,0,0,16.312,0,0,63.951,0,0,39.755,72.933,41.659,0,0,152.713,0,29.767,0,82.936,0
4,6/5/50,20:43,0,216.945,0,0,14.08,0,0,74.317,0,0,24.465,43.483,106.46,0,0,85.315,0,15.076,0,88.406,0
4,6/5/50,20:44,0,202.725,0,0,107.381,0,0,133.196,0,0,88.289,107.273,21.766,0,0,186.302,0,101.171,0,21.1,0
4,6/5/50,20:45,0,76.217,0,0,16.003,0,0,78.703,0,0,0,96.289,106.13,0,0,80.137,0,39.592,0,93.469,0
4,6/5/50,20:46,0,174.386,0,0,0,0,0,119.489,0,0,0,128.9,48.806,15.549,0,27.229,0,0,0,127.526,0
4,6/5/50,20:47,0,117.789,0,0,0,0,0,84.534,0,0,75.259,91.162,76.955,83.293,0,5.999,0,0,0,126.021,0
4,6/5/50,20:48,0,105,0,0,0,0,0,82.03,0,0,56.599,91.57,51.747,7.618,0,78.409,0,0,0,66.186,8.658
4,6/5/50,20:49,0,62.63,0,0,0,0,0,80.678,0,0,47.453,66.28,33.171,4.765,0,39.554,0,57.297,0,0,136.996
4,6/5/50,20:50,0,110.287,0,73.751,0,0,0,191.602,0,0,35.353,10.651,11.105,46.715,0,0,0,0,0,0,141.653
4,6/5/50,20:51,0,0,0,169.564,0,0,0,106.216,0,0,195.018,88.567,154.15,45.477,0,120.779,0,31.107,0,0,52.389
4,6/5/50,20:52,0,88.041,0,103.906,0,0,0,17.153,0,0,41.656,0,59.934,76.395,0,36.267,0,84.681,0,64.137,116.517
4,6/5/50,20:53,0,105.754,0,108.693,0,0,0,33.422,0,0,120.196,0,35.229,0,0,100.527,0,102.429,0,99.508,53.608
4,6/5/50,20:54,0,164.963,0,51.519,0,0,0,141.995,0,0,49.371,0,169.099,0,59.224,69.481,0,64.964,0,87.342,128.806
4,6/5/50,20:55,0,104.366,0,143.789,0,0,0,70.254,0,0,32.656,30.267,141.416,81.945,142.716,0,0,40.752,0,20.932,89.709
4,6/5/50,20:56,0,116.76,0,61.8,0,0,0,76.692,0,0,0,164.178,33.781,0,202.24,100.607,0,0,0,87.663,116.992
4,6/5/50,20:57,0,121.215,0,47.02,0,0,0,75.211,0,0,0,72.814,0,0,169.527,113.219,0,0,0,66.307,94.494
4,6/5/50,20:58,0,143.652,0,52.147,0,0,0,55.164,0,0,0,0,122.158,0,166.323,120.901,0,0,0,166.941,45.096
4,6/5/50,20:59,0,132.679,0,97.367,0,0,0,76.885,0,0,0,0,101.158,0,169.979,119.79,0,0,24.236,76.189,83.153
4,6/5/50,21:00,0,152.764,0,41.603,0,0,0,62.572,0,0,0,0,37.351,0,162.129,102.549,0,0,16.405,60.475,41.681
4,6/5/50,21:01,0,139.667,0,0,0,0,0,66.327,0,0,0,0,0,0,96.369,91.226,0,0,95.493,45.323,31.318
4,6/5/50,21:02,0,87.506,0,0,0,0,22.467,62.193,28.108,0,0,0,0,0,127.358,144.033,0,0,94.902,67.214,186.073
4,6/5/50,21:03,0,55.46,0,0,0,0,153.719,0,0,0,0,0,0,0,149.753,1.687,0.705,0,44.972,168.426,10.245
4,6/5/50,21:04,0,57.918,0,0,0,0,44.418,0,0,0,0,0,0,0,21.53,0,154.201,0,72.816,53.629,0
4,6/5/50,21:05,0,100.094,0,0,0,0,166.62,70.519,0,0,0,0,0,0,128.235,0,83.307,0,92.871,127.031,104.038
4,6/5/50,21:06,0,78.851,0,0,0,0,89.854,110.001,0,0,0,0,0,0,85.848,72.144,0,0,0,43.971,208.185
4,6/5/50,21:07,0,141.675,0,43.431,0,0,64.279,0.395,0,0,0,0,0,0,123.258,1.394,106.857,0,0,95.125,24.726
4,6/5/50,21:08,0,151.313,0,74.434,0,0,50.095,47.44,0,0,0,0,0,0,55.075,9.719,155.479,0,0,22.426,137.664
4,6/5/50,21:09,0,153.435,0,0,0,0,0,0,0,0,0,0,0,0,61.886,103.638,0,0,0,15.858,106.779
4,6/5/50,21:10,0,161.013,0,113.838,0,0,0,3.887,0,0,0,0,0,0,0,26.59,0,0,0,74.756,0
4,6/5/50,21:11,0,72.674,0,86.834,0,0,94.411,80.241,0,0,0,0,0,0,120.204,19.691,0,0,0,64.546,6.026
4,6/5/50,21:12,0,89.118,0,27.722,0,0,131.269,25.574,0,0,0,0,0,0,129.965,154.431,0,0,0,16.723,35.44
4,6/5/50,21:13,0,88.894,0,0,0,0,116.73,15.59,0,0,0,0,0,0,147.339,65.439,0,0,0,42.473,41.25
4,6/5/50,21:14,0,117.537,0,43.336,0,0,113.11,0,36.244,0,0,0,0,0,75.828,130.971,0,0,0,118.045,104.707
4,6/5/50,21:15,0,148.253,0,43.89,0,0,94.961,0,44.33,0,0,0,0,0,125.806,87.389,72.932,0,0,71.189,108.689
4,6/5/50,21:16,0,101.986,0,0,0,0,125.398,105.044,0,0,0,0,0,0,71.014,67.543,136.029,0,0,40.514,16.414
4,6/5/50,21:17,0,98.429,0,0,0,0,77.215,45.038,0,0,0,0,0,0,136.334,18.875,59.689,0,0,2.911,31.518
4,6/5/50,21:18,0,147.482,0,0,0,0,130.29,0,0,0,0,0,0,0,11.122,14.12,106.075,0,0,39.255,14.9
4,6/5/50,21:19,0,168.023,0,0,0,0,90.803,53.596,0,0,0,0,0,0,102.154,12.869,58.197,0,0,18.948,20.868
4,6/5/50,21:20,0,97.491,0,0,0,0,90.555,27.196,54.255,0,0,0,0,0,129.325,15.254,62.185,0,0,93.972,60.667
4,6/5/50,21:21,0,123.327,0,0,0,0,111.119,78.241,0,0,0,0,0,0,131.664,44.798,5.955,0,0,30.749,21.508
4,6/5/50,21:22,0,100.038,0,0,0,0,45.692,129.42,0,0,0,0,0,0,40.914,137.752,0,0,0,78.291,60.166
4,6/5/50,21:23,0,79.686,63.298,0,0,0,0,51.225,0,0,0,0,0,0,93.413,177.476,16.013,0,0,128.312,16.892
4,6/5/50,21:24,0,89.042,129.986,0,0,0,66.767,37.148,0,0,0,0,0,0,72.326,169.243,90.944,0,0,81.9,69.418
4,6/5/50,21:25,0,149.586,164.71,0,0,0,32.026,0,0,0,0,0,0,0,114.376,107.446,0,0,0,36.028,0
4,6/5/50,21:26,0,110.241,9.795,0,0,0,49.321,0,0,0,0,0,0,0,90.433,61.956,0,0,0,101.242,0
4,6/5/50,21:27,0,102.899,89.376,0,0,0,96.797,0,0,0,0,0,0,0,19.724,44.132,0,0,0,90.589,0
4,6/5/50,21:28,0,141.662,211.226,0,0,0,72.752,0,0,0,0,0,0,0,30.257,98.407,0,0,0,8.349,0
4,6/5/50,21:29,0,79.732,193.688,0,0,0,67.201,0,0,0,0,0,0,93.047,0,110.08,0,0,0,9.183,0
4,6/5/50,21:30,0,115.962,219.203,0,0,0,74.513,0,0,0,0,0,0,195.305,0,154.509,0,0,0,11.47,0
4,6/5/50,21:31,0,62.29,0,0,0,0,27.499,0,0,0,0,0,0,87.051,19.174,151.535,0,0,0,82.993,0
4,6/5/50,21:32,0,42.415,0,26.165,0,0,0,0,0,0,45.067,0,0,29.074,35.465,176.437,0,0,0,97.432,22.536
4,6/5/50,21:33,0,55.747,0,158.161,0,0,26.467,0,0,0,0,0,0,208.787,57.577,18.51,0,0,0,149.927,123.552
4,6/5/50,21:34,0,108.019,0,75.298,0,0,150.653,0,0,0,0,0,0,156.855,235.927,66.145,0,0,0,44.101,121.984
4,6/5/50,21:35,79.122,30.391,0,51.159,0,0,87.834,0,0,0,0,0,0,189.555,307.166,20.329,0,0,0,24.39,99.646
4,6/5/50,21:36,144.526,160.4,0,94.66,0,0,50.495,0,0,0,0,0,0,211.134,89.922,31.634,0,0,0,188.65,165.052
4,6/5/50,21:37,19.098,46.709,15.406,59.281,0,0,0,0,0,0,0,2.95,0,34.009,91.926,98.311,0,0,0,108.853,146.612
4,6/5/50,21:38,37.734,112.868,120.291,21.764,0,0,54.83,0,0,0,83.063,49.684,0,145.855,72.073,18.794,0,0,0,82.701,56.777
4,6/5/50,21:39,124.144,236.455,106.64,42.693,0,0,68.357,0,0,0,30.714,146.801,0,98.02,167.455,12.659,0,0,0,152.469,59.805
4,6/5/50,21:40,0,185.734,68.763,0,0,0,86.107,0,0,0,142.963,122.747,0,43.993,96.395,169.552,0,0,0,60.234,111.467
4,6/5/50,21:41,0,138.446,90.222,0,0,0,80.677,0,0,0,204.695,126.378,0,0,40.671,67.822,0,0,0,88.241,32.791
4,6/5/50,21:42,0,0,100.364,0,0,34.817,50.27,0,0,0,51.15,133.752,0,122.275,22.895,26.874,0,0,0,72.075,0
4,6/5/50,21:43,0,80.819,76.853,0,0,51.389,0,0,0,0,17.895,88.561,0,18.92,114.169,46.806,0,0,0,89.878,0
4,6/5/50,21:44,0,117.734,115.595,0,0,10.225,35.135,0,0,0,0,101.03,0,83.818,0,29.024,0,0,0,0,0
4,6/5/50,21:45,0,108.69,206.427,0,0,0,26.032,0,0,0,81.931,91.797,0,0,0,8.945,0,0,0,5.622,0
4,6/5/50,21:46,0,155.376,190.577,0,0,0,91.805,0,0,0,67.226,92.036,0,0,0,6.135,0,0,0,56.218,0
4,6/5/50,21:47,0,29.58,167.445,0,0,0,44.595,0,0,0,176.439,29.186,0,19.957,0,21.06,0,0,0,75.448,0
4,6/5/50,21:48,0,24.159,23.355,0,0,0,0,0,0,0,76.343,41.159,0,54.796,0,0,0,0,0,102.17,0
4,6/5/50,21:49,0,125.954,32.018,0,0,0,32.392,64.5,0,0,107.904,64.146,0,18.231,0,0,0,0,0,111.749,0
4,6/5/50,21:50,0,56.988,217.018,0,0,49.739,91.29,55.529,0,0,62.132,89.189,0,0,0,0,0,0,0,97.028,0
4,6/5/50,21:51,0,204.841,101.972,0,0,48.758,33.656,104.82,0,0,154.535,91.345,0,0,0,0,0,93.979,0,126.904,0
4,6/5/50,21:52,0,144.72,13.514,0,0,180.59,41.376,139.381,0,0,83.356,90.769,0,0,0,0,0,87.94,0,87.069,0
4,6/5/50,21:53,0,96.231,130.905,0,0,23.731,118.96,88.307,0,0,25.386,80.089,0,0,0,0,0,82.084,0,50.1,0
4,6/5/50,21:54,0,7.91,83.661,0,0,0,68.524,43.551,0,0,119.487,150.07,0,0,0,0,0,79.141,0,62.934,0
4,6/5/50,21:55,0,0,0,0,0,10.219,16.211,64.962,0,0,53.232,49.891,0,0,0,0,0,16.242,0,100.727,0
4,6/5/50,21:56,0,0,0,0,0,15.402,79.8,124.67,0,0,49.991,0,0,0,0,0,0,69.653,0,32.304,0
4,6/5/50,21:57,0,0,0,0,0,5.973,110.833,56.975,0,0,85.929,0,0,0,0,0,0,113.009,0,19.733,0
4,6/5/50,21:58,0,0,0,0,75.173,0,18.052,54.078,0,0,10.425,0,0,0,0,0,0,126.785,0,0,0
4,6/5/50,21:59,0,0,0,0,183.297,0,83.141,7.864,0,0,52.643,93.234,0,0,0,0,0,126.253,0,0,0
4,6/5/50,22:00,0,36.684,0,0,123.835,15.244,0,0,0,0,48.585,66.431,0,61.753,0,0,0,96.656,0,0,0
4,6/5/50,22:01,0,10.141,0,0,35.632,15.639,0,160.246,0,0,0,47.507,0,93.486,0,0,0,56.676,0,0,0
4,6/5/50,22:02,0,10.003,0,64.462,30.675,36.007,0,0,0,0,0,0,95.521,0,0,0,0,0,25.363,0,0
4,6/5/50,22:03,0,112.269,48.514,0,148.645,25.463,0,25.312,0,0,0,0,12.486,0,0,0,0,8.539,10.962,0,0
4,6/5/50,22:04,0,125.004,96.592,0,131.377,0,0,98.917,0,0,0,0,9.229,0,0,0,0,30.428,4.615,0,0
4,6/5/50,22:05,0,0,139.741,0,46.081,131.152,0,13.644,0,0,0,0,7.853,0,0,0,0,81.688,58.125,0,0
4,6/5/50,22:06,0,165.464,208.732,53.008,86.178,93.252,0,95.938,0,0,0,0,15.57,0,0,0,0,0,12.878,0,0
4,6/5/50,22:07,0,107.898,176.054,43.647,78.477,41.258,0,127.13,0,0,0,0,127.201,0,0,0,0,12.732,146.962,0,0
4,6/5/50,22:08,0,76.811,145.273,59.506,96.787,44.607,0,0,0,0,0,0,16.306,0,0,0,0,37.965,31.417,0,0
4,6/5/50,22:09,0,14.636,82.857,67.571,217.608,10.663,0,67.608,0,79.911,0,0,0,0,0,0,0,14.545,0,0,0
4,6/5/50,22:10,0,75.199,120.309,33.458,161.011,13.207,0,42.183,0,78.672,0,0,0,0,0,0,0,12.302,0,0,0
4,6/5/50,22:11,0,158.15,108.598,92.522,198.615,14.984,0,88.68,0,21.181,0,0,10.522,0,0,0,0,12.101,4.814,0,0
4,6/5/50,22:12,0,98.618,146.823,32.712,61.309,15.514,0,98.614,0,20.273,0,0,17.835,0,0,0,0,20.621,156.51,0,0
4,6/5/50,22:13,0,151.474,94.832,53.184,0,14.345,0,87.697,0,18.493,0,0,74.281,0,0,0,0,23.134,72.323,0,0
4,6/5/50,22:14,0,0,53.153,35.441,0,21.049,0,21.61,0,13.679,0,0,49.486,0,0,0,0,33.674,14.366,0,0
4,6/5/50,22:15,0,0,23.499,69.789,26.217,23.047,0,22.387,0,74.713,0,0,102.568,0,0,0,0,31.154,127.827,0,0
4,6/5/50,22:16,0,0,0,58.586,102.69,28.176,0,125.857,0,29.56,0,0,38.7,0,0,0,0,82.667,86.126,0,0
4,6/5/50,22:17,0,0,24.505,37.361,202.067,27.194,0,147.64,0,116.087,0,0,25.997,0,0,0,0,10.548,63,0,0
4,6/5/50,22:18,0,0,0,0,82.776,29.857,21.227,164.04,0,54.481,0,0,20.683,0,0,0,0,50.887,0,0,0
4,6/5/50,22:19,0,0,18.843,0,0,92.756,53.743,135.629,0,44.877,0,0,0,0,0,0,0,62.308,0,0,0
4,6/5/50,22:20,0,0,47.312,0,26.16,0,95.638,133.241,0,0,0,0,28.513,46.081,0,0,0,27.493,0,0,0
4,6/5/50,22:21,0,0,11.026,57.447,71.41,0,86.842,44.816,0,0,0,23.269,7.102,136.343,0,0,0,94.187,0,0,0
4,6/5/50,22:22,0,0,106.819,0,0,0,93.274,85.066,0,28.737,0,54.702,88.746,0,0,0,0,69.523,0,0,0
4,6/5/50,22:23,0,0,79.242,0,0,0,104.679,101.245,0,75.221,0,148.877,80.44,0,0,0,0,0,0,0,0
4,6/5/50,22:24,0,0,0,41.059,0,0,57.476,50.062,0,75.031,0,64.417,25.718,0,0,0,0,29.605,0,0,0
4,6/5/50,22:25,0,0,0,46.653,34.612,0,6.579,61.586,0,53.647,32.006,49.655,96.96,67.522,0,0,0,40.681,0,0,0
4,6/5/50,22:26,0,0,66.853,25.815,87.346,0,0,26.051,0,93.963,158.888,24.445,67.239,120.815,0,0,0,54.469,0,0,0
4,6/5/50,22:27,0,0,91.594,42.493,51.683,0,0,57.039,0,119.469,77.41,64.163,0,83.471,0,0,0,0,78.388,0,0
4,6/5/50,22:28,0,0,43.579,38.831,34.686,0,59.581,97.159,0,51.118,144.739,116.325,0,96.613,0,0,0,65.719,41.117,0,0
4,6/5/50,22:29,0,0,23.169,65.512,80.353,0,57.887,52.592,0,46.005,118.445,128.238,0,45.548,0,0,0,96.501,73.028,0,0
4,6/5/50,22:30,0,0,15.95,91.873,73.422,0,21.136,98.367,0,44.177,61.008,113.857,0,0,29.373,0,0,173.621,4.637,0,0
4,6/5/50,22:31,0,0,2.991,87.889,69.45,0,0,107.124,0,34.352,0,122.917,0,0,164.311,0,0,35.95,0,0,0
4,6/5/50,22:32,0,0,29.466,62.974,0,0,0,50.177,0,36.124,42.086,16.814,0,28.916,151.096,0,0,41.264,0,0,0
4,6/5/50,22:33,0,0,38.42,89.854,0,0,0,125.728,0,0,26.701,0,0,108.246,220.452,0,0,56.785,0,0,0
4,6/5/50,22:34,0,0,22.356,57.32,17.73,0,0,23.048,0,0,0,0,0,68.342,111.764,0,0,28.093,0,0,0
4,6/5/50,22:35,0,0,0,214.446,150.433,0,0,27.517,0,0,0,0,0,52.473,207.482,0,0,51.982,0,0,0
4,6/5/50,22:36,0,0,0,80.964,12.09,0,0,34.637,0,0,44.675,0,0,7.922,93.036,0,0,14.405,37.815,0,0
4,6/5/50,22:37,0,0,0,29.534,144.428,0,0,0,0,0,86.081,0,0,0,45.377,0,0,68.05,0,0,0
4,6/5/50,22:38,0,0,0,71.619,0,0,0,0,0,0,87.146,0,0,0,76.28,0,0,0,0,0,0
4,6/5/50,22:39,0,0,0,87.27,60.879,0,0,0,0,0,43.111,0,0,0,92.27,103.617,0,0,0,0,0
4,6/5/50,22:40,0,0,19.606,0,32.07,0,0,0,0,49.434,95.325,0,0,0,0,152.331,0,0,0,0,0
4,6/5/50,22:41,0,0,91.862,48.547,129.655,0,0,11.076,0,12.606,69.781,0,0,0,12.608,0,0,0,0,0,0
4,6/5/50,22:42,0,0,92.693,71.979,118.833,0,0,109.699,0,62.569,41.802,0,0,31.897,34.663,138.804,0,0,0,0,0
4,6/5/50,22:43,0,0,0,39.813,37.899,0,0,80.199,0,48.226,22.276,0,0,89.042,107.176,221.644,0,0,0,0,0
4,6/5/50,22:44,0,0,0,0,87.799,0,0,76.669,60.875,40.909,80.427,0,0,0,161.266,236.438,0,0,0,0,0
4,6/5/50,22:45,0,0,0,0,135.745,0,0,121.826,35.902,49.059,42.408,0,0,0,0,211.583,0,0,0,0,0
4,6/5/50,22:46,0,0,0,0,69.382,0,0,38.457,79.384,47.925,0,0,0,54.755,31.785,107.221,0,0,0,0,0
4,6/5/50,22:47,0,0,0,67.501,28.261,0,0,54.099,0,19.902,0,0,0,84.131,159.302,205.283,0,0,0,115.061,0
4,6/5/50,22:48,0,0,0,118.579,19.188,0,0,0,30.28,43.329,0,0,0,0,134.821,165.368,0,0,0,133.582,0
4,6/5/50,22:49,0,0,0,137.314,85.388,0,0,0,88.36,47.896,0,0,0,0,198.729,112.233,0,0,0,96.502,92.585
4,6/5/50,22:50,0,0,0,0,33.66,0,0,0,0,51.631,0,0,0,0,47.489,80.651,0,0,0,18.734,166.389
4,6/5/50,22:51,0,0,0,0,0,0,0,0,0,56.699,0,0,0,63.913,167.6,206.822,0,0,0,67.815,104.191
4,6/5/50,22:52,69.589,0,0,0,0,0,0,0,0,28.317,0,0,61.114,89.15,177.622,82.151,0,0,0,125.587,133.546
4,6/5/50,22:53,200.24,0,0,0,19.591,2.397,0,0,0,106.539,0,0,33.959,39.338,96.672,82.85,0,0,0,20.117,135.819
4,6/5/50,22:54,90.908,0,0,0,15.265,119.565,0,0,20.226,47.486,0,0,19.589,0,5.569,141.595,0,0,0,65.191,15.357
4,6/5/50,22:55,0,0,0,0,57.866,44.533,0,0,11.478,13.996,0,0,95.53,0,60.129,157.39,0,0,0,21.531,24.946
4,6/5/50,22:56,0,0,0,0,140.563,29.552,0,0,13.5,90.293,0,0,1.129,0,24.914,108.127,0,0,0,58.882,66.403
4,6/5/50,22:57,0,0,0,0,111.899,47.746,0,0,0,21.377,0,0,0,150.439,145.166,92.665,0,0,0,23.425,115.961
4,6/5/50,22:58,0,0,0,0,0,67.268,0,0,0,21.822,0,0,20.579,83.521,112.763,142.102,0,0,0,74.441,23.663
4,6/5/50,22:59,97.497,0,0,0,79.189,60.853,0,0,0,27.114,0,0,35.395,85.429,0,60.663,163.056,0,0,56.682,121.532
4,6/5/50,23:00,23.602,0,0,0,93.109,78.584,0,0,0,34.125,0,0,3.113,0,25.629,46.351,60.689,0,0,18.698,117.212
4,6/5/50,23:01,18.43,0,0,0,0,104.497,0,0,0,0,0,0,18.34,0,79.307,123.665,0,0,0,22.849,184.934
4,6/5/50,23:02,90.524,0,0,0,0,42.816,0,69.539,0,73.522,0,0,77.963,0,72.062,157.606,0,0,0,124.09,45.543
4,6/5/50,23:03,0,0,0,0,0,50.188,0,0,0,76.431,0,0,2.882,0,38.057,87.236,18.576,0,0,155.189,33.708
4,6/5/50,23:04,0,0,0,0,1.19,28.702,0,0,0,109.903,0,0,106.946,0,79.198,86.221,12.88,0,0,32.934,139.143
4,6/5/50,23:05,0,0,0,0,82.989,60.143,0,0,0,124.212,0,0,66.116,0,148.414,0,59.196,0,0,66.131,54.414
4,6/5/50,23:06,0,0,0,0,132.524,94.479,0,0,0,47.8,0,0,105.331,0,83.057,135.846,109.722,0,0,13.887,0
4,6/5/50,23:07,0,0,0,0,18.131,60.016,0,0,0,0,0,0,47.073,0,64.399,262.165,162.065,0,0,16.33,21.485
4,6/5/50,23:08,0,0,0,0,0,49.753,0,0,0,9.345,0,0,103.934,0,42.789,135.375,32.993,0,0,25.297,68.148
4,6/5/50,23:09,0,0,0,0,0,26.104,0,0,0,66.607,0,0,48.831,0,0,92.731,0,0,0,0,11.387
4,6/5/50,23:10,0,0,0,0,0,0,131.009,0,0,48.662,0,0,67.465,0,0,16.024,0,0,0,0,129.725
4,6/5/50,23:11,0,0,0,0,0,0,103.41,0,0,68.154,0,0,0,0,0,181.645,0,0,0,30.103,10.785
4,6/5/50,23:12,0,0,0,0,0,0,124.38,0,0,0,0,0,0,0,0,54.511,155.125,0,0,36.321,98.997
4,6/5/50,23:13,0,0,0,0,0,0,44.23,0,0,0,0,0,0,0,0,162.908,4.241,0,0,77.901,141.028
4,6/5/50,23:14,0,0,0,0,0,20.406,35.501,0,0,0,0,0,132.358,0,0,72.533,0,0,0,47.021,171.912
4,6/5/50,23:15,0,0,0,0,0,6.606,94.582,0,0,39.357,0,0,95.496,0,0,153.228,0,0,0,155.196,48.16
4,6/5/50,23:16,0,0,0,0,0,21.296,0,0,0,0,0,0,24.168,0,0,151.613,0,0,0,117.083,26.666
4,6/5/50,23:17,0,0,0,0,0,0,117.327,0,0,29.813,0,30.097,0,0,0,67.446,78.582,0,0,27.246,0
4,6/5/50,23:18,0,0,0,0,0,26.361,49.56,0,0,0,0,101.739,0,0,0,31.938,69.63,0,0,73.052,0
4,6/5/50,23:19,0,0,0,0,0,0,42.309,0,0,0,0,119.1,0,0,0,79.932,0,0,0,100.051,0
4,6/5/50,23:20,0,0,0,0,0,0,0,0,0,0,19.407,17.069,0,0,0,35.768,0,0,0,88.136,0
4,6/5/50,23:21,0,0,0,0,0,0,0,0,0,0,78.005,58.201,0,0,0,142.753,0,0,0,98.303,0
4,6/5/50,23:22,0,0,0,0,0,0,0,0,0,0,59.763,38.756,0,0,0,128.849,0,0,0,149.156,0
4,6/5/50,23:23,0,0,0,0,0,0,0,0,0,0,9.944,64.706,0,0,0,171.962,0,0,0,25.804,0
4,6/5/50,23:24,0,142.955,0,0,0,0,70.491,0,0,0,14.378,78.432,0,0,0,72.916,0,0,0,38.029,0
4,6/5/50,23:25,0,164.878,0,0,0,0,151.265,0,0,0,55.69,114.19,0,135.993,0,29.102,0,98.332,0,99.715,0
4,6/5/50,23:26,0,151.471,0,0,0,0,82.215,2.159,0,0,28.197,74.598,0,59.638,0,69.622,0,110.972,0,145.188,0
4,6/5/50,23:27,0,183.469,0,0,0,0,44.427,54.685,0,0,0,89.765,0,0,0,111.213,0,45.392,0,33.575,0
4,6/5/50,23:28,0,152.064,0,0,0,0,58.838,82.738,0,0,71.37,95.93,0,0,0,21.662,93.815,39.045,0,59.747,0
4,6/5/50,23:29,0,122.602,0,0,0,0,106.794,78.768,0,0,50.127,27.511,0,31.335,0,0,0,14.739,0,65.983,0
4,6/5/50,23:30,0,78.815,0,0,0,0,0,102.293,0,0,59.36,66.733,0,8.65,0,0,124.948,23.924,0,107.583,0
4,6/5/50,23:31,0,0,0,0,0,0,0,82.212,0,0,55.438,76.983,0,0,0,0,191.485,76.291,0,94.599,0
4,6/5/50,23:32,0,136.256,0,0,0,0,0,77.519,0,0,92.794,86.234,0,0,0,0,38.46,33.266,0,0,0
4,6/5/50,23:33,0,144.478,0,64.203,0,0,0,34.61,0,0,107.148,102.092,0,0,0,0,0,31.025,0,0,0
4,6/5/50,23:34,0,190.117,0,62.85,0,0,0,180.27,0,0,36.188,115.816,0,0,0,99.902,0,18.498,0,0,0
4,6/5/50,23:35,0,152.017,0,71.445,0,0,0,70.995,0,0,56.862,66.457,0,0,0,42.413,0,19.653,0,0,0
4,6/5/50,23:36,0,191.734,0,122.558,0,0,0,153.699,0,0,28.721,108.014,0,0,0,69.228,0,25.481,0,0,0
4,6/5/50,23:37,0,129.27,0,106.738,0,0,0,17.361,0,0,55.712,91.062,0,0,0,0,0,117.607,0,45.365,0
4,6/5/50,23:38,0,154.349,0,81.905,0,0,0,0,0,0,57.385,123.467,0,0,0,0,0,73.44,0,24.18,0
4,6/5/50,23:39,0,79.63,0,113.5,0,0,0,0,0,0,112.969,62.131,0,0,0,0,0,0,0,65.253,0
4,6/5/50,23:40,0,204.583,0,61.647,0,0,0,0,0,0,85.578,71.924,0,142.125,0,0,0,10.396,0,38.973,0
4,6/5/50,23:41,0,54.839,0,94.303,0,0,0,0,0,0,50.295,0,0,0,0,91.258,0,137.92,0,148.959,0
4,6/5/50,23:42,0,185.357,0,110.085,0,0,0,0,0,0,130.232,0,0,0,0,74.38,0,44.431,0,211.813,0
4,6/5/50,23:43,0,115.172,0,108.947,0,0,0,0,0,0,16.188,0,0,0,0,0,0,81.618,0,51.708,0
4,6/5/50,23:44,0,61.488,0,116.433,0,0,0,0,0,0,11.58,0,0,0,0,0,0,47.781,0,118.635,0
4,6/5/50,23:45,0,81.637,0,0,0,0,0,0,0,0,13.3,31.829,0,24.012,0,0,0,61.226,0,27.602,0
4,6/5/50,23:46,0,225.238,0,119.983,0,0,0,0,0,0,51.248,73.493,0,0,0,0,0,67.887,0,0,0
4,6/5/50,23:47,0,147.464,0,0,0,0,0,0,0,0,114.453,71.186,0,0,0,0,0,119.117,0,0,0
4,6/5/50,23:48,0,180.615,0,46.48,0,0,0,0,0,0,72.581,74.702,0,0,0,0,0,62.527,0,0,0
4,6/5/50,23:49,0,74.401,0,117.57,0,0,0,0,0,0,85.105,104.342,0,0,0,0,0,65.174,0,0,0
4,6/5/50,23:50,0,165.522,0,59.232,0,0,0,0,0,0,74.276,126.492,0,0,0,0,0,22.538,0,0,0
4,6/5/50,23:51,0,28.547,0,61.121,0,0,0,0,0,0,102.244,43.932,0,0,0,0,0,72.087,0,0,0
4,6/5/50,23:52,0,100.802,0,75.821,0,0,0,0,0,0,33.82,69.341,0,0,0,0,0,36.927,0,0,0
4,6/5/50,23:53,0,95.667,0,88.821,0,0,0,0,0,0,20.965,36.258,0,0,0,0,0,21.432,0,0,0
4,6/5/50,23:54,0,95.659,0,92.929,0,0,0,0,0,0,24.992,51.903,0,0,0,0,0,74.08,0,0,0
4,6/5/50,23:55,0,187.905,0,43.63,0,0,0,0,0,0,25.865,82.05,0,0,0,0,0,72.018,0,0,0
4,6/5/50,23:56,0,142.801,0,0,0,0,0,0,0,0,28.046,52.539,0,0,0,0,0,78.45,0,0,0
4,6/5/50,23:57,119.767,160.851,0,0,0,0,0,0,0,0,17.274,94.977,0,0,0,0,0,83.729,0,0,0
4,6/5/50,23:58,121.256,165.018,0,0,0,0,0,0,0,0,19.326,145.988,0,0,0,0,0,30.64,0,0,0
4,6/5/50,23:59,82.357,193.53,0,0,0,0,0,0,0,0,0,48.304,0,0,0,0,0,47.393,0,0,0
4,6/6/50,0:00,45.236,125.884,0,0,0,0,0,0,0,0,11.56,46.114,0,0,0,0,0,84.872,0,0,0
4,6/6/50,0:01,84.608,179.767,0,0,0,0,0,0,0,0,83.005,16.216,0,0,0,0,0,61.184,0,0,0
4,6/6/50,0:02,142.8,14.396,0,0,0,0,0,0,0,0,93.45,22.836,0,0,0,0,0,0,0,0,0
4,6/6/50,0:03,169.637,80.875,0,0,0,0,0,0,0,0,28.623,0,0,0,0,0,0,0,0,0,0
4,6/6/50,0:04,169.743,75.6,0,0,0,0,0,0,0,0,0,0,0,0,0,0,0,0,0,0,0
4,6/6/50,0:05,221.739,97.849,0,0,0,0,0,0,0,0,0,0,0,0,0,0,0,0,0,0,0
4,6/6/50,0:06,149.629,110.174,0,0,0,0,0,0,0,0,0,0,0,0,0,0,0,0,0,0,0
4,6/6/50,0:07,180.491,102.226,0,0,0,0,0,0,0,0,0,0,0,0,0,0,0,0,0,0,0
4,6/6/50,0:08,54.986,74.727,0,0,0,0,0,0,0,0,0,0,0,0,0,0,0,0,0,0,0
4,6/6/50,0:09,53.305,0,0,0,0,0,0,0,0,0,0,0,0,0,0,0,0,0,0,0,0
4,6/6/50,0:10,88.642,0,0,0,0,0,0,0,0,0,0,0,0,0,0,0,0,0,0,0,0
4,6/6/50,0:11,30.395,0,0,0,0,0,0,0,0,0,0,0,0,0,0,0,0,0,0,0,0
4,6/6/50,0:12,50.687,0,0,0,0,0,0,0,0,0,0,0,0,0,0,0,0,0,0,0,0
4,6/6/50,0:13,194.57,0,0,0,0,0,0,0,0,0,0,0,0,0,0,0,0,0,0,0,0
4,6/6/50,0:14,127.711,0,0,0,0,0,0,0,0,0,0,0,0,0,240.727,0,0,0,0,0,0
4,6/6/50,0:15,57.319,0,0,0,0,0,0,0,0,0,0,0,0,0,188.976,0,0,0,0,0,0
4,6/6/50,0:16,123.641,0,0,0,0,0,0,0,0,0,0,0,0,0,172.083,0,0,0,0,0,0
4,6/6/50,0:17,118.636,0,0,0,0,0,0,0,0,0,0,0,0,0,28.584,0,0,0,0,0,0
4,6/6/50,0:18,0,32.484,0,0,0,0,0,0,0,0,0,0,0,0,113.41,0,0,0,0,0,0
4,6/6/50,0:19,40.381,68.783,0,0,0,0,29.214,0,0,0,0,0,0,0,183.469,0,0,0,0,0,0
4,6/6/50,0:20,143.376,53.785,0,0,0,0,144.401,0,0,29.346,0,0,0,0,75.06,0,0,0,0,0,0
4,6/6/50,0:21,160.503,102.109,0,0,35.37,0,94.17,0,0,21.971,0,0,0,0,139.721,0,0,0,0,0,0
4,6/6/50,0:22,182.567,168.893,0,0,99.503,0,90.157,0,0,0,0,0,0,0,172.073,0,0,0,0,0,0
4,6/6/50,0:23,32.948,28.656,0,0,60.179,0,100.347,0,0,0,0,0,0,0,156.799,68.744,0,0,0,0,0
4,6/6/50,0:24,204.901,0,0,0,17.493,0,33.051,0,0,0,0,0,0,0,33.521,176.811,0,0,0,0,0
4,6/6/50,0:25,112.609,93.595,0,0,104.577,0,80.272,0,0,0,0,0,0,0,0,154.886,0,0,0,0,0
4,6/6/50,0:26,171.651,81.378,0,0,254.077,0,74.946,0,0,0,0,0,0,0,100.216,108.273,0,0,0,0,0
4,6/6/50,0:27,124.312,42.677,0,0,131.47,0,38.719,0,0,0,0,0,0,63.181,153.16,190.314,0,0,0,0,0
4,6/6/50,0:28,0,38.379,0,0,76.164,0,54.308,0,0,0,0,0,0,25.011,116.454,187.021,0,0,0,0,0
4,6/6/50,0:29,0,75.592,0,0,0,0,95.216,0,0,0,0,0,0,0,156.657,169.862,0,0,0,0,0
4,6/6/50,0:30,0,132.007,0,0,4.112,0,72.818,0,0,0,0,0,0,0,133.378,106.06,0,0,0,0,0
4,6/6/50,0:31,0,1.823,0,0,102.086,0,144.081,0,0,0,0,0,0,0,3.706,138.49,0,0,0,0,0
4,6/6/50,0:32,0,0,0,0,185.467,0,58.749,0,0,0,0,0,0,0,177.825,63.578,0,0,0,0,0
4,6/6/50,0:33,0,0,0,0,110.512,0,88.077,0,0,0,0,0,0,0,116.186,136.992,0,0,0,0,0
4,6/6/50,0:34,90.59,0,0,0,23.048,0,125.87,0,0,0,0,0,0,0,83.18,0.741,0,0,0,0,0
4,6/6/50,0:35,258.35,0,0,0,43.137,0,20.38,0,0,0,0,0,0,0,47.757,26.985,0,0,0,0,0
4,6/6/50,0:36,34.486,0,0,0,181.628,0,84.373,0,0,0,0,0,0,0,101.412,37.195,0,0,0,90.921,0
4,6/6/50,0:37,0,0,0,0,0,0,28.885,0,0,0,0,0,0,0,59.564,65.477,0,0,0,91.163,0
4,6/6/50,0:38,0,0,0,0,0,0,89.638,0,0,0,0,0,0,0,88.683,129.678,0,0,0,20.408,0
4,6/6/50,0:39,0,0,0,0,48.276,9.179,19.952,0,0,0,0,0,0,0,99.346,158.665,0,0,0,36.248,0
4,6/6/50,0:40,0,0,0,0,54.403,116.058,24.111,0,0,0,0,0,0,0,157.926,151.847,0,0,0,185.047,0
4,6/6/50,0:41,0,0,0,0,144.044,0,23.948,0,0,0,0,0,0,0,28.988,88.132,0,0,0,64.703,0
4,6/6/50,0:42,0,0,0,0,104.463,0,34.861,0,0,0,0,0,0,0,71.852,179.163,0,0,0,21.975,0
4,6/6/50,0:43,13.032,0,0,0,47.021,0,52.34,0,0,0,0,0,0,0,0,81.035,0,0,0,36.672,0
4,6/6/50,0:44,99.118,0,0,0,71.699,0,46.329,0,0,0,0,0,0,0,99.513,115.088,0,0,0,34.957,0
4,6/6/50,0:45,116.269,0,0,0,32.357,0,67.68,0,0,0,0,0,0,0,78.405,76.485,0,0,0,36.364,0
4,6/6/50,0:46,0,0,0,0,139.551,0,86.298,0,0,0,0,0,0,0,26.253,166.602,0,0,0,52.274,0
4,6/6/50,0:47,123.912,0,0,0,105.11,0,29.784,0,0,0,0,0,0,0,0,0,0,0,0,112.147,0
4,6/6/50,0:48,124.761,0,0,0,70.92,0,29.245,29.703,0,0,0,0,0,0,0,14.512,0,0,0,75.699,0
4,6/6/50,0:49,87.057,0,0,0,0,0,77.351,157.218,0,0,0,0,0,0,0,124.298,0,0,0,65.255,0
4,6/6/50,0:50,0,0,0,0,0,0,37.789,88.624,0,0,0,0,0,0,94.726,140.16,0,0,0,77.026,0
4,6/6/50,0:51,0,0,0,0,34.637,0,82.861,84.309,0,0,0,0,0,0,76.35,135.816,0,0,0,76.045,0
4,6/6/50,0:52,38.404,0,0,0,110.595,0,60.382,96.652,0,0,0,0,0,0,192.662,70.003,0,0,0,123.061,0
4,6/6/50,0:53,98.007,0,0,0,0,0,32.372,114.381,0,0,0,0,0,0,101.375,0,0,0,0,67.297,0
4,6/6/50,0:54,0,0,0,0,0,0,0,114.293,0,0,0,0,0,0,67.768,0,0,0,0,15.419,0
4,6/6/50,0:55,0,0,0,0,0,0,0,81.629,0,0,0,0,0,0,71.048,0,0,126.576,0,47.581,0
4,6/6/50,0:56,0,0,0,0,0,0,0,86.57,0,0,0,0,0,0,51.316,77.205,0,53.994,0,43.205,0
4,6/6/50,0:57,0,0,0,45.43,0,0,48.651,100.462,0,0,0,0,0,0,138.86,110.855,0,48.154,0,184.75,0
4,6/6/50,0:58,0,0,0,56.636,96.686,0,72.356,61.065,0,0,0,0,0,0,146.783,190.531,0,105.691,0,124.638,0
4,6/6/50,0:59,0,0,0,95.329,208.023,0,78.118,94.125,0,0,0,0,0,0,44.777,104.022,0,98.636,0,46.879,0
4,6/6/50,1:00,0,0,0,10.279,1.743,0,60.322,97.606,0,0,0,0,0,0,53.124,104.342,0,94.303,0,75.66,36.712
4,6/6/50,1:01,0,0,92.252,0,26.367,0,0,88.432,0,0,0,0,0,0,64.435,131.313,0,95.085,0,0,169.111
4,6/6/50,1:02,0,0,136.626,0,112.938,0,0,95.288,0,0,0,0,0,0,203.206,0,0,46.604,0,0,70.505
4,6/6/50,1:03,0,0,148.185,0,0,0,0,12.298,0,0,0,0,0,0,80.357,0,0,0,0,0,27.134
4,6/6/50,1:04,0,0,83.175,0,0,0,0,54.634,0,0,0,0,0,0,0,0,0,52.58,0,0,0
4,6/6/50,1:05,0,0,115.17,0,74.067,0,0,70.291,0,0,0,0,65.318,0,0,49.401,0,81.596,0,0,102.403
4,6/6/50,1:06,0,0,57.595,0,46.81,0,0,7.91,0,0,0,0,83.985,0,0,111.145,0,59.881,0,0,13.68
4,6/6/50,1:07,0,0,0,0,15.75,0,0,22.477,0,0,0,0,84.536,0,0,139.338,0,36.483,0,0,23.757
4,6/6/50,1:08,0,0,131.246,0,70.447,0,0,0,0,0,0,0,73.052,0,0,45.135,0,10.791,0,0,21.132
4,6/6/50,1:09,0,0,35.58,0,111.738,0,0,0,0,0,0,0,19.413,0,0,0,0,47.017,0,0,159.537
4,6/6/50,1:10,0,0,99.554,0,131.592,0,0,0,0,0,0,94.345,71.426,0,0,0,0,0,0,0,0
4,6/6/50,1:11,0,0,252.419,0,18.17,0,0,0,0,0,0,35.695,0,0,0,0,0,14.631,0,0,174.091
4,6/6/50,1:12,0,0,98.664,0,0,0,0,0,0,0,0,133.767,0,0,0,0,0,89.945,0,0,124.182
4,6/6/50,1:13,0,0,154.173,0,0,0,0,0,0,0,0,87.688,0,0,0,0,0,93.144,0,0,64.46
4,6/6/50,1:14,0,0,13.426,0,0,0,0,0,0,0,0,96.65,0,117.831,0,0,0,24.267,0,0,178.326
4,6/6/50,1:15,0,0,10.332,0,0,0,0,0,0,0,0,65.125,0,170.685,0,0,0,21.442,0,0,119.351
4,6/6/50,1:16,0,0,49.211,0,0,0,0,0,0,0,0,37.417,0,137.069,0,0,0,13.38,0,0,0
4,6/6/50,1:17,0,0,90.304,0,0,0,0,0,0,0,0,50.113,0,30.588,0,0,0,21.108,0,0,10.816
4,6/6/50,1:18,0,0,32.792,0,0,0,0,0,0,0,0,35.003,0,15.433,0,0,0,30.608,0,0,8.462
4,6/6/50,1:19,0,0,172.826,0,32.011,0,0,0,0,56.461,0,79.446,0,59.728,0,0,0,52.245,0,0,59.927
4,6/6/50,1:20,0,0,24.769,0,94.198,0,0,0,0,25.732,0,141.397,0,0,0,0,0,32.972,20.573,0,170.18
4,6/6/50,1:21,0,0,33.168,0,122.16,0,0,0,0,46.635,0,29.382,0,0,0,0,0,61.446,79.246,0,114.724
4,6/6/50,1:22,0,0,17.941,0,0,0,0,0,0,133.957,0,0,0,0,0,0,0,33.495,130.704,0,82.887
4,6/6/50,1:23,0,0,25.327,0,0,0,0,0,0,50.701,0,0,0,13.006,0,0,0,13.886,123.092,0,103.331
4,6/6/50,1:24,0,0,90.211,0,0,0,0,0,0,59.439,0,0,0,53.154,0,0,0,84.921,120.537,0,0
4,6/6/50,1:25,0,0,180.142,0,0,0,0,0,0,48.818,0,0,0,110.782,0,0,0,115.49,34.285,0,0
4,6/6/50,1:26,0,0,147.329,0,6.924,0,0,0,0,40.041,0,0,0,22.529,0,0,0,56.269,0,0,0
4,6/6/50,1:27,0,0,171.013,0,75.279,0,0,0,0,46.464,0,0,0,0,0,0,0,69.965,0,0,89.171
4,6/6/50,1:28,0,0,85.748,0,150.56,0,0,0,0,80.785,0,0,0,0,0,0,0,93.559,0,0,65.938
4,6/6/50,1:29,0,0,102.052,0,40.087,0,0,0,0,0,0,0,0,0,0,0,0,60.656,0,0,148.064
4,6/6/50,1:30,0,0,181.426,0,29.837,0,0,0,0,28.908,0,0,0,0,0,0,0,29.063,44.721,0,100.57
4,6/6/50,1:31,0,0,47.327,0,91.051,0,0,0,0,102.372,0,0,0,0,0,0,0,60.73,44.777,0,103.556
4,6/6/50,1:32,0,0,33.569,0,0,0,0,0,0,26.493,0,0,0,0,0,0,0,39.965,91.49,0,0
4,6/6/50,1:33,0,0,111.856,0,0,0,0,0,0,49.161,0,0,0,192.759,0,0,0,22.402,24.914,0,0
4,6/6/50,1:34,0,0,115.517,0,0,0,0,0,0,33.546,0,0,0,87,0,0,0,55.773,0,0,114.669
4,6/6/50,1:35,0,0,122.602,0,18.169,0,0,0,0,0,0,0,0,23.179,0,0,0,40.606,38.519,0,48.235
4,6/6/50,1:36,0,0,127.942,0,90.662,0,0,0,0,0,0,0,0,40.061,0,0,0,115.776,16.169,0,60.976
4,6/6/50,1:37,0,0,10.502,0,26.855,0,0,0,0,0,0,0,0,0,0,0,0,95.921,20.725,0,58.327
4,6/6/50,1:38,0,0,177.186,0,70.066,0,0,0,0,0,0,0,0,0,0,0,0,15.822,31.184,0,24.453
4,6/6/50,1:39,0,0,117.364,0,162.243,0,0,0,0,0,0,0,0,0,0,0,0,20.002,12.453,0,13.481
4,6/6/50,1:40,0,0,38.735,0,0,0,0,0,0,0,0,0,0,0,0,0,0,31.886,16.028,0,148.084
4,6/6/50,1:41,0,0,85.11,0,0,0,0,0,0,0,48.243,0,0,0,0,0,0,158.294,22.485,0,37.343
4,6/6/50,1:42,0,0,51.82,0,30.143,0,0,0,0,0,276.703,0,0,0,0,0,0,38.513,91.235,0,0
4,6/6/50,1:43,0,0,0,0,16.514,0,0,0,0,48.393,126.647,0,0,0,0,0,0,0,57.115,0,0
4,6/6/50,1:44,0,0,0,0,42.043,0,0,0,0,54.158,0,0,0,0,0,0,0,0,117.55,0,0
4,6/6/50,1:45,0,0,0,0,0,0,0,0,0,28.161,0,0,0,0,0,0,0,0,35.781,0,0
4,6/6/50,1:46,0,0,25.767,0,0,0,0,0,0,32.022,0,0,0,0,0,0,0,0,51.009,0,0
4,6/6/50,1:47,0,0,86.31,0,0,0,0,0,0,0,0,0,0,0,0,0,0,0,99.425,0,0
4,6/6/50,1:48,0,0,107.912,0,0,0,0,0,0,0,0,0,0,0,0,0,0,0,60.021,0,0
4,6/6/50,1:49,0,0,63.542,0,0,0,0,0,0,0,0,0,0,0,0,0,0,0,89.329,0,0
4,6/6/50,1:50,0,0,0,0,0,0,0,0,0,0,0,0,0,0,0,0,0,0,0,0,0
4,6/6/50,1:51,0,0,0,0,0,0,0,0,0,55.636,0,0,0,0,0,0,0,0,0,95.434,0
4,6/6/50,1:52,0,0,0,0,0,0,0,0,0,45.091,0,0,0,0,0,0,0,0,51.5,100.741,0
4,6/6/50,1:53,0,0,0,0,0,0,0,0,0,24.41,0,0,0,0,0,0,0,0,87.479,61.539,0
4,6/6/50,1:54,0,0,0,0,0,0,0,0,0,0,0,0,0,0,0,0,0,0,105.699,0,0
4,6/6/50,1:55,0,0,0,0,0,0,0,0,0,0,0,0,0,0,0,0,0,0,18.068,0,0
4,6/6/50,1:56,0,0,0,0,0,0,0,0,0,40.492,0,0,0,0,0,0,0,0,29.149,0,0
4,6/6/50,1:57,0,0,0,0,0,0,0,0,0,40.528,0,0,0,0,0,0,0,0,45.294,0,0
4,6/6/50,1:58,0,0,0,0,0,0,0,0,0,73.894,0,0,0,0,0,0,0,0,99.435,0,0
4,6/6/50,1:59,0,0,0,0,0,0,0,0,0,47.313,0,0,0,0,0,0,0,0,0,0,0
4,6/6/50,2:00,0,0,0,0,0,0,0,0,0,0,0,0,0,0,0,0,0,0,0,0,0
4,6/6/50,2:01,0,0,0,0,0,0,0,0,0,28.878,0,0,0,0,0,32.165,0,0,19.997,0,0
4,6/6/50,2:02,0,100.974,0,0,0,0,0,0,0,92.261,0,0,0,0,0,214.723,0,0,74.679,0,0
4,6/6/50,2:03,0,51.025,0,0,0,0,0,0,0,130.458,0,0,0,0,0,19.693,0,0,0,0,0
4,6/6/50,2:04,0,203.982,0,0,0,0,0,40.278,0,45.645,0,0,0,0,0,62.902,0,0,0,0,0
4,6/6/50,2:05,0,69.807,0,0,0,0,0,115.104,0,38.68,0,0,0,0,0,103.64,0,0,0,0,0
4,6/6/50,2:06,0,90.727,0,0,0,82.241,0,85.459,0,13.678,0,0,0,0,0,157.678,50.07,0,0,0,0
4,6/6/50,2:07,0,164.962,0,0,0,0,0,116.936,0,18.602,0,0,0,0,0,159.534,177.661,0,0,0,0
4,6/6/50,2:08,0,97.526,0,0,0,0,38.477,143.325,0,57.542,0,28.18,0,0,0,71.067,90.78,0,0,0,0
4,6/6/50,2:09,0,50.393,0,0,0,0,62.399,93.116,0,59.424,0,104.422,0,0,0,166.267,12.046,0,0,0,0
4,6/6/50,2:10,0,0,0,0,0,0,51.896,118.997,0,56.716,0,136.76,0,0,0,114.813,98.101,0,0,0,0
4,6/6/50,2:11,0,0,0,0,0,0,80.57,91.6,0,49.181,0,3.422,0,0,0,121.752,101.475,0,0,0,0
4,6/6/50,2:12,0,0,0,0,0,25.389,72.364,0,0,0,0,0,0,0,0,123.282,120.225,0,0,0,0
4,6/6/50,2:13,0,0,0,0,0,88.022,59.741,0,0,0,0,40.451,0,0,0,85.272,61.261,0,73.565,0,0
4,6/6/50,2:14,0,0,0,0,0,30.982,92.069,0,0,0,0,0,0,0,0,140.317,72.979,0,0,0,0
4,6/6/50,2:15,0,0,0,0,0,73.363,112.152,0,0,0,0,0,0,0,0,104.108,122.848,0,0,0,0
4,6/6/50,2:16,0,0,0,0,0,70.345,23.695,0,0,0,0,0,0,0,0,100.924,18.912,0,0,0,0
4,6/6/50,2:17,0,0,0,0,0,20.778,0,0,0,0,0,0,0,0,0,0,0,0,0,0,0
4,6/6/50,2:18,0,0,0,0,0,172.955,0,0,0,0,0,0,0,0,0,80.152,80.783,0,0,0,0
4,6/6/50,2:19,0,0,0,0,0,19.283,85.053,0,0,0,0,0,0,0,0,80.426,0.803,0,0,0,0
4,6/6/50,2:20,0,0,0,0,0,0,69.721,0,0,0,0,0,0,0,0,166.106,0,0,0,0,0
4,6/6/50,2:21,0,0,0,0,0,0,31.917,50.002,0,0,0,0,0,0,0,168.889,0,0,0,116.947,0
4,6/6/50,2:22,0,0,0,0,0,0,49.404,184.863,0,0,0,0,0,0,0,7.792,0,0,0,74.935,0
4,6/6/50,2:23,0,0,0,0,0,0,46.783,54.651,0,0,0,0,0,0,0,0,0,0,0,0,0
4,6/6/50,2:24,0,0,0,0,0,0,52.026,42.978,0,0,0,0,0,0,0,41.681,0,0,0,0,0
4,6/6/50,2:25,0,0,0,0,0,0,37.577,0,0,0,0,0,0,0,0,48.393,0,0,0,0,0
4,6/6/50,2:26,0,0,0,0,0,0,0,16.918,0,0,0,0,0,0,0,0,0,0,0,0,0
4,6/6/50,2:27,0,0,0,0,0,0,0,120.123,0,0,0,0,0,0,0,0,0,0,0,0,0
4,6/6/50,2:28,0,0,0,0,0,0,6.277,53.052,0,0,0,0,0,0,0,0,0,0,0,0,0
4,6/6/50,2:29,0,0,0,0,0,0,113.488,41.326,0,0,0,0,0,0,0,0,0,0,0,0,0
4,6/6/50,2:30,0,0,0,0,0,57.299,125.377,82.5,0,0,0,0,0,0,0,0,0,0,0,0,0
4,6/6/50,2:31,0,0,0,0,0,103.047,96.286,66.143,0,0,0,0,0,0,0,0,0,0,0,0,0
4,6/6/50,2:32,0,0,0,0,0,52.699,0.469,0,0,0,0,0,0,0,0,0,0,0,0,0,0
4,6/6/50,2:33,0,0,0,0,0,124.369,56.335,0,0,0,0,0,0,0,0,0,0,0,0,0,0
4,6/6/50,2:34,0,0,0,0,0,9.077,67.927,0,0,0,0,0,0,0,0,27.426,0,0,0,0,0
4,6/6/50,2:35,0,0,0,0,0,94.594,63.48,0,0,0,0,0,0,0,0,145.561,0,0,0,0,0
4,6/6/50,2:36,0,0,0,0,0,38.12,41.232,0,0,0,0,0,0,0,0,98.916,0,0,0,0,0
4,6/6/50,2:37,0,0,0,0,0,81.918,0,0,0,0,0,0,0,0,0,41.411,0,0,0,0,0
4,6/6/50,2:38,0,0,0,0,0,100.79,0,0,0,0,0,0,0,0,0,0,0,0,0,0,0
4,6/6/50,2:39,0,0,0,0,0,60.643,0,0,0,0,0,0,0,0,0,0,0,0,0,0,0
4,6/6/50,2:40,0,0,0,0,0,37.981,0,0,0,0,0,0,0,0,0,0,0,0,0,0,0
4,6/6/50,2:41,0,0,0,0,0,91.126,0,0,0,0,0,0,0,0,0,0,0,0,0,0,0
4,6/6/50,2:42,0,0,0,0,0,88.769,0,0,0,0,57.148,0,0,0,159.781,0,0,0,0,0,0
4,6/6/50,2:43,0,0,0,0,0,8.607,0,0,0,0,35.118,0,0,0,207.871,0,0,0,0,0,0
4,6/6/50,2:44,0,0,0,0,0,0,0,0,0,0,58.396,0,0,0,212.713,0,0,0,0,0,0
4,6/6/50,2:45,0,0,0,0,0,0,0,0,0,0,179.696,0,0,0,118.989,0,0,0,0,0,0
4,6/6/50,2:46,0,0,0,0,0,0,0,0,0,0,49.238,0,0,0,67.035,0,0,0,0,0,0
4,6/6/50,2:47,0,0,0,0,0,0,0,0,0,0,61.485,0,0,0,58.894,0,0,0,0,0,0
4,6/6/50,2:48,0,0,0,0,0,0,0,0,0,0,118.134,0,0,0,113.183,0,0,0,0,0,0
4,6/6/50,2:49,0,0,0,0,0,30.636,0,0,0,0,54.509,0,0,0,109.325,0,0,108.733,0,0,0
4,6/6/50,2:50,0,0,0,0,0,0,0,0,0,0,90.034,0,0,0,48.342,0,0,110.383,0,0,0
4,6/6/50,2:51,0,0,0,0,0,0,0,0,0,0,23.297,0,0,0,136.814,0,0,20.898,0,0,0
4,6/6/50,2:52,0,0,0,0,0,0,0,0,0,0,0,0,0,0,0,0,0,72.84,0,0,0
4,6/6/50,2:53,0,0,0,0,0,0,0,0,0,0,0,0,0,0,38.922,0,0,134.904,0,0,0
4,6/6/50,2:54,0,0,0,0,0,0,0,0,0,0,0,0,0,0,121.29,0,0,31.504,0,74.731,0
4,6/6/50,2:55,0,0,0,0,0,0,0,0,0,0,0,0,0,0,220.702,0,0,0,0,69.588,0
4,6/6/50,2:56,0,0,0,0,0,0,0,0,0,0,0,0,0,0,91.763,0,0,27.625,0,90.47,0
4,6/6/50,2:57,0,0,0,0,0,0,0,0,0,0,0,0,0,0,83.026,0,0,46.182,0,184.774,0
4,6/6/50,2:58,0,0,0,0,0,0,0,0,0,0,0,0,0,0,27.815,0,0,74.335,0,76.797,0
4,6/6/50,2:59,0,0,0,0,0,0,0,0,0,0,0,0,0,0,46.228,0,0,35.072,0,151.112,0
4,6/6/50,3:00,0,0,0,0,0,0,0,0,0,0,0,28.908,0,0,70.706,0,0,90.946,0,151.259,0
4,6/6/50,3:01,0,0,0,0,0,0,0,0,0,0,0,0,0,202.216,0,0,0,81.765,0,4.764,0
4,6/6/50,3:02,0,0,0,0,0,0,0,0,0,0,0,42.267,0,33.373,34.112,0,0,35.025,0,116.316,0
4,6/6/50,3:03,0,0,0,0,0,0,0,0,0,0,0,84.61,0,0,0,0,0,114.668,0,42.292,0
4,6/6/50,3:04,0,0,0,0,0,0,0,0,0,0,0,113.794,0,0,39.647,0,0,72.261,0,18.138,0
4,6/6/50,3:05,0,0,0,0,0,0,0,0,0,0,0,59.838,0,0,24.542,0,0,66.857,0,69.73,0
4,6/6/50,3:06,0,0,0,0,0,0,0,0,0,0,0,101.489,0,0,0,0,0,51.12,0,38.54,0
4,6/6/50,3:07,0,0,0,0,0,0,0,0,0,0,0,54.669,0,0,0,0,0,0,0,56.442,0
4,6/6/50,3:08,0,0,0,0,0,0,0,0,0,0,0,58.884,0,18.015,0,0,0,0,0,84.862,0
4,6/6/50,3:09,0,0,0,0,0,0,0,0,0,0,0,21.079,0,13.807,0,0,0,0,0,135.368,0
4,6/6/50,3:10,0,0,0,0,0,0,0,0,0,0,0,0,0,28.638,0,0,0,0,0,41.034,0
4,6/6/50,3:11,0,0,0,0,0,0,0,0,0,0,0,0,0,135.672,0,0,0,0,0,0,0
4,6/6/50,3:12,0,0,0,0,0,0,0,0,0,0,0,0,0,8.063,0,0,0,0,0,0,0
4,6/6/50,3:13,0,0,0,0,0,0,0,0,0,0,0,0,0,144.191,0,0,0,0,0,0,0
4,6/6/50,3:14,0,0,0,0,0,0,0,0,0,0,0,0,0,16.835,0,0,0,0,0,0,0
4,6/6/50,3:15,0,0,0,0,0,0,0,0,0,0,0,0,128.897,0,0,0,0,0,0,27.344,0
4,6/6/50,3:16,0,124.748,0,0,0,0,0,0,0,0,0,0,16.47,0,0,0,0,0,0,24.76,0
4,6/6/50,3:17,0,47.621,0,0,0,0,0,0,0,0,0,0,11.427,0,0,0,0,0,0,131.938,0
4,6/6/50,3:18,0,62.142,0,0,0,0,0,0,0,0,0,0,119.326,0,0,0,0,0,0,134.46,0
4,6/6/50,3:19,0,51.583,0,0,0,0,0,0,0,0,0,0,14.014,0,0,0,0,0,0,99.185,0
4,6/6/50,3:20,0,115.939,0,0,0,0,0,0,0,0,0,0,23.381,55.413,0,0,0,0,0,22.079,0
4,6/6/50,3:21,0,29.864,0,0,0,0,0,0,0,0,0,0,14.963,0,0,0,0,0,0,59.333,46.196
4,6/6/50,3:22,0,0,0,0,0,0,0,0,0,0,0,0,65.187,64.107,0,0,0,0,0,0,145.93
4,6/6/50,3:23,0,0,0,0,0,0,0,0,0,0,0,0,17.271,0,0,0,0,0,0,0,7.937
4,6/6/50,3:24,0,0,0,0,0,0,0,0,0,0,0,0,50.291,0,0,0,0,0,0,0,0
4,6/6/50,3:25,0,0,0,0,0,0,0,0,0,0,0,0,20.358,0,0,0,0,0,0,0,153.157
4,6/6/50,3:26,0,0,0,0,0,0,0,0,0,0,0,0,45.311,0,0,0,0,0,0,0,220.609
4,6/6/50,3:27,0,0,0,0,0,0,0,0,0,0,0,0,35.73,0,0,0,0,0,0,0,124.337
4,6/6/50,3:28,0,0,0,0,0,0,0,0,0,0,0,0,31.258,0,0,0,0,0,0,0,130.425
4,6/6/50,3:29,0,0,0,0,0,0,0,0,0,0,0,0,0,0,0,0,0,0,0,0,111.913
4,6/6/50,3:30,0,0,0,0,0,0,0,0,0,0,0,0,49.101,0,0,0,0,0,0,0,38.214
4,6/6/50,3:31,0,0,0,0,0,0,0,0,0,0,0,0,50.073,0,0,0,0,0,0,0,68.253
4,6/6/50,3:32,0,0,0,0,0,0,98.234,0,0,0,0,0,14.155,0,0,0,0,0,0,0,135.407
4,6/6/50,3:33,0,0,0,0,0,0,147.563,0,0,0,0,0,62.213,0,0,0,0,0,0,0,17.716
4,6/6/50,3:34,0,0,0,0,0,0,60.143,0,0,0,0,0,0,0,0,0,0,0,0,0,119.704
4,6/6/50,3:35,0,0,0,0,0,0,0,0,0,0,0,0,0,0,0,0,0,0,0,0,53.247
4,6/6/50,3:36,0,176.804,0,0,0,0,0,0,0,0,0,0,0,0,0,0,0,0,0,0,59.86
4,6/6/50,3:37,0,57.383,0,0,0,0,0,0,0,0,0,0,0,0,0,0,0,0,0,0,85.826
4,6/6/50,3:38,0,25.285,0,0,0,0,0,0,0,0,0,0,0,0,0,0,0,0,0,0,124.319
4,6/6/50,3:39,0,0,0,0,0,0,0,0,0,0,0,0,0,0,0,0,0,0,0,0,115.836
4,6/6/50,3:40,0,0,0,0,0,0,0,0,0,33.969,0,0,0,0,0,0,0,0,0,0,60.435
4,6/6/50,3:41,0,0,0,0,0,0,0,0,0,61.934,0,0,0,0,0,0,0,0,0,0,109.891
4,6/6/50,3:42,0,0,0,0,0,0,0,0,0,0,0,0,0,0,0,0,0,0,0,0,119.59
4,6/6/50,3:43,0,15.889,0,0,0,0,0,0,0,0,0,0,0,0,0,0,0,0,0,0,27.546
4,6/6/50,3:44,0,103.233,0,0,0,0,0,0,0,0,0,0,0,0,0,0,0,0,0,0,35.505
4,6/6/50,3:45,0,204.584,0,0,0,0,0,0,0,91.951,0,0,0,0,0,0,0,0,0,0,138.483
4,6/6/50,3:46,0,42.611,0,0,0,0,0,0,0,25.921,0,0,0,0,0,0,0,0,0,0,72.704
4,6/6/50,3:47,0,110.838,0,21.808,0,0,0,0,0,54.065,0,0,0,0,0,0,0,0,0,0,79.428
4,6/6/50,3:48,0,99.059,0,37.006,0,0,0,0,0,77.758,0,0,0,0,0,0,0,0,0,0,77.729
4,6/6/50,3:49,0,113.927,0,0,0,0,0,0,0,63.242,0,0,0,0,0,136.274,0,24.477,0,0,75.856
4,6/6/50,3:50,0,17.268,0,59.333,0,0,0,0,0,45.993,0,0,0,0,0,130.665,0,136.514,0,0,0
4,6/6/50,3:51,0,158.476,0,139.159,0,0,0,0,0,20.348,0,0,0,0,0,162.743,0,0,0,0,100.883
4,6/6/50,3:52,0,61.019,0,56.214,0,0,0,0,0,0,0,0,0,0,0,155.68,0,0,0,0,102.636
4,6/6/50,3:53,0,159.667,0,83.852,0,0,0,0,0,0,0,0,0,0,0,147.973,0,162.311,0,0,25.117
4,6/6/50,3:54,0,36.853,0,18.395,0,0,0,0,0,0,0,99.917,0,0,0,68.294,0,139.338,0,0,0
4,6/6/50,3:55,0,92.103,0,29.608,0,0,0,70.508,0,0,0,107.551,0,0,0,0,0,153.248,0,0,0
4,6/6/50,3:56,0,85.616,0,12.983,0,0,0,139.354,0,0,0,80.981,0,0,0,0,0,12.169,0,0,109.374
4,6/6/50,3:57,0,155.443,0,44.916,0,0,0,98.661,0,0,0,96.882,0,0,0,0,0,106.108,0,0,239.258
4,6/6/50,3:58,0,105.212,0,45.076,0,0,0,119.999,0,0,0,97.295,0,0,0,0,0,22.456,0,0,147.388
4,6/6/50,3:59,0,152.99,0,48.226,0,0,0,82.491,0,0,0,35.096,0,0,0,64.49,0,1.635,0,0,56.05
4,6/6/50,4:00,40.311,75.749,0,119.193,0,0,0,16.992,0,0,0,0,0,0,0,88.961,0,0,0,0,0
4,6/6/50,4:01,30.893,46.847,0,20.573,0,0,0,44.293,0,0,0,0,0,0,0,74.806,0,0,0,0,0
4,6/6/50,4:02,10.422,107.522,0,15.136,0,0,0,17.466,0,0,0,0,0,0,0,22.972,0,0,0,0,0
4,6/6/50,4:03,120.583,34.23,0,37.916,0,0,0,20.68,0,0,0,0,0,0,0,0,0,0,0,0,0
4,6/6/50,4:04,127.377,0,0,18.609,0,0,0,28.056,0,0,0,0,0,0,0,0,0,0,0,0,0
4,6/6/50,4:05,43.551,0,0,63.166,0,0,21.757,17.532,0,0,0,0,0,0,0,0,0,0,0,0,0
4,6/6/50,4:06,0,0,0,31.994,0,0,70.766,127.915,0,0,0,0,0,0,0,0,0,0,0,0,0
4,6/6/50,4:07,0,0,0,33.181,0,0,108.217,94.541,0,0,0,0,0,0,0,0,0,0,0,0,0
4,6/6/50,4:08,0,0,0,44.224,0,0,32.611,12.838,0,0,0,0,0,0,0,0,0,0,0,0,0
4,6/6/50,4:09,0,0,0,7.037,0,0,0,29.02,0,0,0,0,0,0,0,0,0,0,0,0,0
4,6/6/50,4:10,0,0,0,38.927,0,0,0,27.219,0,0,0,0,0,0,0,0,0,0,0,0,0
4,6/6/50,4:11,0,0,0,0,0,0,0,158.627,0,0,67.305,0,0,0,0,0,0,0,0,0,0
4,6/6/50,4:12,0,0,0,0,0,0,0,92.713,0,0,96.187,0,0,0,0,0,0,0,0,0,0
4,6/6/50,4:13,0,0,0,0,0,0,0,63.917,0,0,121.91,0,0,0,0,0,0,0,0,0,0
4,6/6/50,4:14,0,0,0,0,0,0,0,28.486,0,0,146.797,0,0,0,0,0,0,0,0,0,0
4,6/6/50,4:15,17.157,0,0,0,0,0,0,16.482,0,0,65.223,0,0,0,0,0,0,0,0,0,0
4,6/6/50,4:16,16.748,0,0,0,0,0,0,34.339,0,0,100.039,0,0,0,0,0,0,0,0,55.539,0
4,6/6/50,4:17,0,0,0,0,0,0,0,20.555,0,0,26.481,0,0,0,0,0,0,0,0,140.776,0
4,6/6/50,4:18,0,0,0,0,0,0,0,33.953,0,0,18.736,0,0,0,0,0,0,0,0,75.696,0
4,6/6/50,4:19,0,0,0,0,0,0,0,22.865,0,0,16.052,0,0,0,0,0,0,0,0,18.463,0
4,6/6/50,4:20,0,0,0,0,0,0,0,44.066,0,0,13.241,0,0,0,0,0,0,0,0,35.17,0
4,6/6/50,4:21,0,0,0,0,22.863,0,0,0,0,0,42.054,0,0,0,0,0,0,0,0,28.275,0
4,6/6/50,4:22,0,0,0,0,136.091,0,0,10.676,0,0,0,0,0,0,0,0,0,0,0,89.564,0
4,6/6/50,4:23,0,0,0,0,106.933,0,0,99.692,0,0,0,0,0,0,0,0,0,0,0,81.298,0
4,6/6/50,4:24,0,0,0,0,35.794,0,0,120.766,0,0,0,0,0,0,0,0,0,0,0,155.203,0
4,6/6/50,4:25,0,0,0,0,62.69,0,0,86.055,0,0,0,0,0,0,0,0,0,0,0,58.356,0
4,6/6/50,4:26,0,0,0,0,158.865,0,0,40.235,0,0,0,0,0,0,0,0,0,0,0,0,0
4,6/6/50,4:27,0,0,0,0,162.979,0,0,38.199,0,0,0,0,0,0,0,0,0,0,0,9.599,0
4,6/6/50,4:28,0,0,0,0,203.1,0,0,0,0,0,0,0,0,0,0,0,0,0,0,137.436,0
4,6/6/50,4:29,0,0,0,0,67.468,0,0,0,0,0,0,0,0,0,0,0,0,0,0,103.055,0
4,6/6/50,4:30,0,0,0,0,0,0,0,0,0,0,0,0,0,0,73.012,0,0,0,0,90.273,0
4,6/6/50,4:31,0,0,0,0,0,0,0,0,0,0,0,0,0,0,159.321,0,0,0,0,32.277,0
4,6/6/50,4:32,0,0,0,0,0,0,0,0,0,0,0,0,0,0,11.197,0,0,0,0,20.859,0
4,6/6/50,4:33,0,0,0,0,0,0,111.451,0,0,0,0,0,0,0,191.928,0,0,0,0,16.734,0
4,6/6/50,4:34,0,0,0,0,115.011,0,47.862,0,0,0,0,0,0,0,173.041,0,0,0,0,147.641,0
4,6/6/50,4:35,0,0,0,0,7.604,0,60.732,0,0,0,0,0,0,0,181.761,0,0,0,0,84.827,0
4,6/6/50,4:36,0,0,0,0,23.622,0,100.707,0,0,0,0,0,0,0,211.491,0,0,0,0,49.73,0
4,6/6/50,4:37,0,0,0,0,93.06,0,32.59,0,0,0,0,0,0,0,68.487,0,0,0,0,50.726,0
4,6/6/50,4:38,0,0,0,0,40.322,0,80.605,0,0,0,0,23.8,0,0,208.904,0,0,0,0,75.732,0
4,6/6/50,4:39,0,0,0,0,0,0,0,0,0,0,0,179.889,0,0,49.007,0,98.059,0,0,92.218,0
4,6/6/50,4:40,0,0,0,0,0,1.653,0,0,0,0,0,50.723,0,147.292,55.911,0,137.375,0,0,148.437,0
4,6/6/50,4:41,0,0,0,0,0,69.012,57.018,0,0,0,0,0,0,171.627,37.48,0,97.291,0,0,67.809,0
4,6/6/50,4:42,0,0,0,0,0,16.962,81.247,0,0,0,0,31.556,0,0,23.912,0,27.017,0,0,52.786,0
4,6/6/50,4:43,0,0,0,0,0,0,39.965,0,0,0,0,63.838,0,0,0,0,122.534,0,0,91.879,0
4,6/6/50,4:44,0,0,0,0,185.685,37.759,0,0,0,0,0,69.147,0,0,117.554,0,125.588,0,0,18.815,0
4,6/6/50,4:45,0,0,51.464,0,43.672,84.585,32.871,0,0,0,0,72.21,0,0,104.956,0,36.461,0,0,0,0
4,6/6/50,4:46,0,0,117.288,0,78.373,132.857,42.862,0,0,0,0,76.251,0,54.011,119.809,0,0,0,0,0,0
4,6/6/50,4:47,104.361,0,154.658,0,92.739,107.47,10.976,0,0,0,0,95.366,0,113.992,113.972,0,0,0,0,0,0
4,6/6/50,4:48,175.842,0,38.537,0,0,13.28,23.587,0,0,0,0,6.41,0,86.012,122.826,0,0,0,0,28.02,0
4,6/6/50,4:49,46.285,0,0,0,9.357,0,91.568,0,0,0,0,74.96,0,130.068,100.451,0,8.219,70.276,0,136.121,0
4,6/6/50,4:50,20.428,0,24.754,0,146.21,115.046,81.38,68.91,0,0,0,27.499,0,31.159,131.596,0,54.59,99.572,0,46.054,0
4,6/6/50,4:51,86.594,0,13.862,0,39.071,75.68,65.002,62.268,0,0,0,142.314,0,45.919,150.902,0,75.05,138.711,0,26.757,0
4,6/6/50,4:52,161.611,0,48.91,0,23.026,52.999,96.724,89.7,25.17,0,0,67.756,0,21.046,206.847,0,85.934,106.717,0,0,0
4,6/6/50,4:53,71.327,0,60.959,0,33.964,41.734,59.581,68.82,54.604,0,0,23.246,0,17.825,18.739,0,15.401,61.175,0,0,0
4,6/6/50,4:54,140.29,0,24.328,0,155.456,0,0,20.077,97.948,0,0,29.712,0,18.275,47.877,0,0,92.283,0,0,0
4,6/6/50,4:55,40.811,0,56.229,0,39.255,0,0,51.083,20.963,0,0,37.305,0,90.902,71.078,0,0,30.551,0,0,0
4,6/6/50,4:56,17.09,0,103.141,0,0,0,0,14.585,17.685,0,0,0,0,194.433,56.663,0,0,28.246,0,0,0
4,6/6/50,4:57,19.065,0,54.314,0,0,0,46.775,190.975,76.588,39.166,0,0,0,85.863,56.252,0,84.349,9.273,0,0,0
4,6/6/50,4:58,27.478,0,138.625,0,0,0,80.086,45.101,0,54.715,0,0,0,5.522,114.698,0,160.124,11.663,0,0,0
4,6/6/50,4:59,108.319,118.346,45.457,0,0,0,0,25.784,0,22.189,75.384,0,0,0,92.045,0,113.539,17.064,0,0,0
4,6/6/50,5:00,19.831,68.054,11.88,0,0,0,0,72.526,0,19.124,103.874,0,0,90.178,101.343,0,158.992,15.375,43.658,0,0
4,6/6/50,5:01,14.695,26.965,51.536,0,0,0,0,144.385,38.823,15.03,96.43,0,0,120.678,52.928,0,92.411,31.879,25.186,0,0
4,6/6/50,5:02,42.451,139.147,111.154,0,0,0,0,68.319,109.841,14.78,110.939,0,0,189.88,38.593,0,144.357,118.329,25.959,0,0
4,6/6/50,5:03,31.21,229.999,0,0,0,0,8.917,89.205,144.077,30.192,94.529,0,0,0,17.154,0,37.819,120.716,132.266,0,0
4,6/6/50,5:04,125.164,33.516,0,0,0,0,75.278,27.174,118.284,40.5,49.687,0,0,0,68.013,0,0,51.933,36.978,0,0
4,6/6/50,5:05,161.652,35.309,0,0,0,0,101.008,14.872,168.123,51.743,41.36,0,0,0,0,0,0,0,49.272,0,0
4,6/6/50,5:06,89.145,119.712,0,0,0,0,48.291,31.038,54.595,38.8,24.664,0,0,0,51.982,0,0,0,74.641,0,0
4,6/6/50,5:07,95.419,103.855,0,0,0,0,149.003,37.4,0,19.792,72.193,0,0,0,116.328,0,0,0,33.936,0,0
4,6/6/50,5:08,130.843,130.004,0,0,0,0,0.824,19.229,0,15.215,42.197,0,0,0,74.157,0,0,0,86.545,0,0
4,6/6/50,5:09,52.596,181.912,0,0,0,0,0,18.086,0,19.67,122.265,0,0,0,129.9,0,0,0,83.42,0,0
4,6/6/50,5:10,12.778,222.726,0.701,0,0,0,0,53.722,22.262,43.304,40.141,0,3.49,0,157.311,0,0,0,30.843,0,0
4,6/6/50,5:11,17.606,247.243,92.149,65.63,0,0,80.938,0,48.106,41.382,129.746,0,35.819,0,126.483,0,0,0,27.81,0,0
4,6/6/50,5:12,21.314,201.06,213.929,86.121,0,0,40.835,0,63.219,78.362,105.991,0,15.459,0,62.629,0,108.416,0,0,0,83.787
4,6/6/50,5:13,65.682,106.787,90.825,122.705,0,0,88.238,106.126,21.625,101.349,42.561,0,69.282,0,128.453,0,69.933,0,0,0,0
4,6/6/50,5:14,190.256,141.59,129.15,65.299,0,0,28.407,109.567,0,28.357,0,0,86.886,0,93.6,29.676,114.903,0,0,0,0
4,6/6/50,5:15,46.644,226.872,123.451,50.452,0,0,0,50.957,0,70.308,0,0,106.045,0,55.563,159.432,177.712,0,0,89.763,0
4,6/6/50,5:16,128.247,107.167,113.466,46.284,0,0,0,11.899,0,53.555,57.32,0,93.788,0,61.704,87.814,186.692,0,0,199.52,0
4,6/6/50,5:17,44.582,122.686,65.461,43.933,0,0,0,130.613,0,41.55,53.514,0,12.924,0,69.203,215.029,165.042,0,1.198,92.519,0
4,6/6/50,5:18,94.407,49.007,7.919,0,0,0,98.249,114.505,0,92.465,0,0,23.803,0,45.675,159.317,114.341,0,103.973,86.223,0
4,6/6/50,5:19,88.104,100.404,38.521,0,0,0,73.549,0,25.214,16.662,0,0,45.198,0,57.992,150.227,0,0,12.265,107.843,25.108
4,6/6/50,5:20,30.367,153.868,90.391,88.97,0,0,23.279,30.409,0,18.453,12.503,0,14.953,0,0,164.453,0.938,0,111.864,121.962,204.777
4,6/6/50,5:21,50.928,118.594,39.256,47.989,0,0,0,37.84,0,29.855,32.812,0,14.071,0,0,193.806,149.081,0,20.069,60.275,28.305
4,6/6/50,5:22,51.97,110.838,85.286,0,0,0,0,22.6,0,32.216,19.933,0,57.495,0,0,55.986,0,0,67.812,78.825,23.554
4,6/6/50,5:23,22.56,173.897,118.571,61.511,0,0,0,50.778,0,29.467,53.852,0,47.124,0,0,143.29,0,0,53.197,31.899,0
4,6/6/50,5:24,121.714,49.933,116.933,22.485,0,0,0,103.486,0,29.939,10.657,0,60.574,0,0,151.09,0,0,0,58.351,0
4,6/6/50,5:25,91.138,140.624,79.68,38.318,0,0,0,143.977,6.938,95.894,106.576,0,138.971,0,0,41.707,4.707,0,0,107.393,0
4,6/6/50,5:26,37.6,28.55,64.093,67.349,0,0,0,82.299,93.662,61.535,113.228,0,43.45,0,0,96.515,181.654,0,0,116.532,41.818
4,6/6/50,5:27,25.315,110.987,56.372,48.115,0,0,0,125.116,130.588,54.645,127.151,0,34.471,0,0,103.177,91.123,0,0,72.038,22.234
4,6/6/50,5:28,46.469,121.01,71.078,41.029,0,0,0,89.624,0,92.834,60.467,114.099,40.287,0,0,43.453,0,0,0,93.019,34.684
4,6/6/50,5:29,69.768,175.117,16.9,176.313,0,0,0,105.009,15.319,151.867,0,95.676,133.637,0,0,179.156,0,0,0,31.306,86.89
4,6/6/50,5:30,0,158.031,21.797,0,0,0,0,0,81.183,58.179,0,48.24,55.958,0,0,0,0,0,25.026,153.972,72.367
4,6/6/50,5:31,0,153.966,19.835,0,0,0,0,0,71.264,29.585,0,10.131,0,0,0,0,0,0,0,110.111,16.388
4,6/6/50,5:32,0,131.248,30.077,0,0,0,0,50.88,22.458,31.215,0,143.515,0,0,0,0,0,0,0,40.922,76.444
4,6/6/50,5:33,0,48.715,75.731,0,0,0,0,109.454,0.668,31.281,0,80.817,0,0,0,0,0,0,0,22.834,26.313
4,6/6/50,5:34,2.971,84.293,45.125,0,0,0,0,75.637,5.066,40.054,0,94.84,0,0,0,0,0,0,0,103.892,170.769
4,6/6/50,5:35,96.371,118.11,59.756,0,0,0,0,28.395,28.321,66.089,0,154.142,37.218,0,0,0,0,0,0,72.07,134.263
4,6/6/50,5:36,73.336,49.708,28.76,0,0,0,0,0,0,0,0,118.326,58.535,0,0,0,0,0,0,110.91,52.676
4,6/6/50,5:37,128.365,53.013,96.605,0,0,0,0,0,0,0,0,38.753,0,0,0,0,0,0,0,28.265,114.506
4,6/6/50,5:38,76.589,53.55,43.709,0,0,0,0,0,78.844,0,0,45.29,0,0,0,0,0,0,0,60.891,76.781
4,6/6/50,5:39,0,57.012,30.177,0,0,0,0,0,52.149,0,0,0.85,3.779,0,0,0,0,0,0,53.971,17.216
4,6/6/50,5:40,0,39.141,112.57,0,0,0,0,0,32.273,0,0,0,17.355,0,0,0,0,0,0,97.711,134.431
4,6/6/50,5:41,0,35.432,105.319,0,0,0,0,0,32.635,85.418,0,0,68.061,0,0,0,0,0,0,110.943,111.759
4,6/6/50,5:42,0,23.177,200.718,0,0,0,0,0,7.612,57.859,0,22.707,18.988,0,0,0,0,0,0,82.736,0
4,6/6/50,5:43,0,91.035,92.207,0,0,0,0,0,2.769,79.432,0,117.862,39.369,0,0,0,0,0,0,197.685,57.04
4,6/6/50,5:44,0,138.803,46.413,0,0,0,0,0,32.738,20.502,0,84.263,0,0,0,0,0,0,0,106.049,116.673
4,6/6/50,5:45,0,40.34,8.707,0,0,0,0,18.217,52.032,18.474,0,27.445,0,0,0,0,0,0,0,38.384,11.69
4,6/6/50,5:46,0,35.73,10.489,0,0,0,0,117.202,54.633,18.314,0,42.382,0,0,0,0,0,0,0,0,146.206
4,6/6/50,5:47,0,24.14,24.377,0,0,0,0,63.966,124.88,19.226,0,93.367,5.122,0,0,0,0,0,0,47.411,161.618
4,6/6/50,5:48,0,110.722,2.737,0,0,0,0,0,39.337,18.319,0,140.633,79.078,0,0,0,0,0,0,0,102.491
4,6/6/50,5:49,0,155.581,50.516,0,0,0,0,0,0,42.826,0,44.035,99.677,0,0,0,0,0,0,45.642,153.589
4,6/6/50,5:50,0,123.051,0,0,0,0,0,0,0,24.545,0,29.699,92.03,0,0,0,0,0,0,77.134,152.176
4,6/6/50,5:51,0,85.704,130.327,0,0,0,0,0,0,31.909,0,29.534,25.16,0,0,0,0,0,0,170.203,1.362
4,6/6/50,5:52,0,162.075,197.812,0,0,0,0,0,0,90.223,0,70.776,0,0,0,0,0,25.809,0,0,199.338
4,6/6/50,5:53,0,129.174,157.29,0,0,0,0,0,0,61.922,0,15.326,46.251,0,0,0,0,147.737,0,0,40.355
4,6/6/50,5:54,0,166.267,40.124,0,0,0,0,0,0,44.818,0,40.106,196.364,0,0,0,0,86.058,0,0,0
4,6/6/50,5:55,0,165.638,49.671,0,0,0,0,0,0,66.664,0,171.056,182.833,0,0,0,0,26.893,0,28.609,0
4,6/6/50,5:56,0,191.888,76.369,0,0,0,0,0,0,96.603,0,107.984,101.072,0,0,0,0,98.817,0,51.604,0
4,6/6/50,5:57,0,127.575,72.556,0,0,0,0,0,0,94.014,0,0,45.715,0,0,0,0,66.953,0,154.333,0
4,6/6/50,5:58,0,152.88,107.215,0,0,0,0,0,0,56.696,0,54.105,46.962,0,0,0,0,0.303,0,52.174,0
4,6/6/50,5:59,0,34.481,23.887,0,0,0,0,0,0,156.766,0,152.157,0,0,0,0,0,157.083,0,79.641,0
5,6/6/50,6:00,0,112.878,39.765,0,0,0,0,0,0,77.481,0,114.339,0,0,0,0,0,91.649,0,52.743,0
5,6/6/50,6:01,0,158.41,121.292,0,0,0,0,0,51.77,36.441,0,177.6,0,0,0,0,0,67.328,0,106.103,0
5,6/6/50,6:02,0,48.772,182.36,0,0,0,63.989,0,0,29.497,0,177.99,0,0,0,0,0,112.941,0,0,0
5,6/6/50,6:03,0,162.337,126.025,0,0,0,139.274,0,0,24.026,0,82.872,0,0,0,0,0,0,0,0,0
5,6/6/50,6:04,0,137.295,39.667,0,0,0,161.631,0,0,0,0,87.637,0,0,0,0,0,54.358,0,0,0
5,6/6/50,6:05,0,17.992,0,0,0,0,21.95,0,0,0,0,73.637,0,0,0,0,0,33.263,0,0,0
5,6/6/50,6:06,0,0,0,0,0,0,27.288,0,0,54.528,0,0,0,0,0,0,0,57.486,0,0,0
5,6/6/50,6:07,0,52.6,0,0,0,0,63.678,0,0,0,0,0,0,0,0,0,0,32.017,0,0,0
5,6/6/50,6:08,0,106.265,0,0,0,0,91.701,37.239,0,0,0,0,0,0,0,0,0,0,0,0,0
5,6/6/50,6:09,0,0,0,0,0,0,72.443,28.703,0,0,0,0,0,0,0,0,0,0,0,0,0
5,6/6/50,6:10,0,0,0,0,0,0,0,100.459,0,0,0,0,0,0,0,0,0,12.218,0,0,0
5,6/6/50,6:11,0,0,0,0,0,0,0,112.81,0,0,0,0,0,0,0,0,0,60.937,0,0,0
5,6/6/50,6:12,0,0,0,0,0,0,0,31.718,0,0,0,0,0,0,0,0,0,70.96,0,0,0
5,6/6/50,6:13,0,0,0,0,0,0,2.312,0,0,0,0,0,0,0,0,0,0,56.947,0,0,0
5,6/6/50,6:14,0,0,0,0,0,0,105.445,0,0,0,0,0,0,0,0,0,0,74.492,0,0,0
5,6/6/50,6:15,0,0,0,0,0,0,65.728,0,0,0,0,0,0,0,0,0,0,0,0,0,0
5,6/6/50,6:16,0,0,0,0,0,0,8.041,0,0,0,0,0,0,0,0,0,0,0,0,0,0
5,6/6/50,6:17,0,0,0,0,0,0,56.579,0,0,0,0,0,0,0,0,0,0,0,0,0,0
5,6/6/50,6:18,0,12.755,0,0,0,0,62.917,0,0,0,0,0,0,0,0,0,0,0,0,0,0
5,6/6/50,6:19,0,66.761,0,0,0,42.234,25.822,0,0,0,0,0,0,0,0,0,0,0,0,0,0
5,6/6/50,6:20,0,105.799,0,0,0,0,0,0,0,0,0,0,0,0,0,0,0,0,0,0,0
5,6/6/50,6:21,0,0,0,0,0,0,0,0,0,0,0,0,0,0,0,0,0,0,0,0,0
5,6/6/50,6:22,0,0,0,0,0,14.182,0,0,0,0,0,0,0,0,0,0,0,0,0,0,0
5,6/6/50,6:23,0,0,0,0,0,140.468,0,0,0,0,0,0,0,0,0,0,0,0,0,0,0
5,6/6/50,6:24,0,0,0,0,0,36.62,0,0,0,0,0,0,0,0,0,0,0,0,0,0,0
5,6/6/50,6:25,0,0,0,0,0,0,0,0,0,0,0,0,0,0,0,0,0,0,0,0,0
5,6/6/50,6:26,0,0,0,0,0,0,0,0,0,0,0,0,0,0,0,0,0,0,0,0,0
5,6/6/50,6:27,0,0,0,0,0,0,0,0,0,0,0,0,0,0,0,0,0,0,0,0,0
5,6/6/50,6:28,0,0,0,0,0,28.255,0,0,0,0,0,0,0,0,0,0,0,0,0,0,0
5,6/6/50,6:29,0,0,0,0,0,52.669,0,0,0,0,0,0,0,0,0,0,0,0,0,0,0
5,6/6/50,6:30,0,0,0,0,0,81.236,0,0,0,0,0,0,0,0,0,0,0,0,0,0,0
5,6/6/50,6:31,0,0,0,0,0,77.937,0,0,0,0,0,0,0,0,0,0,0,0,0,0,0
5,6/6/50,6:32,0,0,0,0,0,101.422,0,0,0,0,0,0,0,0,47.047,0,0,0,0,0,0
5,6/6/50,6:33,0,0,0,0,0,67.514,0,0,0,0,0,0,0,0,120.8,0,0,0,0,0,0
5,6/6/50,6:34,0,0,0,0,0,167.261,0,0,0,0,0,0,0,0,109.73,0,0,0,0,0,0
5,6/6/50,6:35,0,0,0,0,0,0,0,0,0,0,0,0,0,0,115.284,0,0,0,0,0,0
5,6/6/50,6:36,0,0,0,0,0,0,0,0,0,0,0,0,0,0,106.484,0,0,0,0,0,0
5,6/6/50,6:37,0,0,0,0,0,0,0,0,0,0,0,0,0,0,28.312,0,0,0,0,0,0
5,6/6/50,6:38,0,0,0,0,0,0,0,0,0,0,0,0,0,0,0,0,0,0,0,0,0
5,6/6/50,6:39,0,0,0,0,0,0,0,0,0,0,0,0,0,0,0,0,0,0,0,0,0
5,6/6/50,6:40,0,0,0,0,0,0,0,0,0,0,0,0,0,0,29.544,0,0,0,0,0,0
5,6/6/50,6:41,0,0,0,0,0,0,0,0,0,0,0,0,0,0,17.621,0,0,0,0,0,0
5,6/6/50,6:42,0,0,0,0,0,49.292,0,0,0,0,0,0,0,0,82.126,0,0,0,0,0,0
5,6/6/50,6:43,0,0,0,0,0,3.543,0,0,0,0,0,0,0,0,178.545,0,0,0,0,0,0
5,6/6/50,6:44,0,0,0,0,0,0,0,0,0,0,0,0,0,0,95.912,0,0,0,0,0,0
5,6/6/50,6:45,0,0,0,0,0,0,0,0,0,0,0,0,0,0,96.583,0,0,0,0,0,0
5,6/6/50,6:46,0,0,0,0,0,21.106,0,0,0,0,0,0,0,0,62.665,0,0,0,0,0,0
5,6/6/50,6:47,0,0,0,0,0,55.668,0,0,0,0,0,0,0,0,33.175,0,0,0,0,0,0
5,6/6/50,6:48,0,0,0,0,0,107.88,0,0,0,0,0,0,0,0,0,0,0,0,0,0,0
5,6/6/50,6:49,0,0,0,0,0,134.041,0,0,0,0,0,0,0,0,0,0,0,0,0,0,0
5,6/6/50,6:50,0,0,0,0,0,22.385,0,0,0,0,0,0,0,0,70.598,0,0,0,0,0,0
5,6/6/50,6:51,0,0,0,0,0,11.612,0,0,0,0,0,0,0,0,106.726,0,0,0,0,0,0
5,6/6/50,6:52,0,0,0,0,0,43.329,0,0,0,0,0,0,0,0,131.456,0,0,0,0,0,0
5,6/6/50,6:53,0,0,0,0,0,38.634,0,0,0,0,0,0,0,0,85.451,0,0,0,0,0,0
5,6/6/50,6:54,0,0,0,0,0,36.17,0,0,0,0,0,0,0,0,78.67,0,0,0,0,0,0
5,6/6/50,6:55,0,0,0,0,0,60.998,0,0,0,0,0,0,0,0,35.564,0,0,0,0,0,0
5,6/6/50,6:56,0,0,0,0,0,47.206,0,0,0,0,0,0,0,0,0,0,0,0,0,0,0
5,6/6/50,6:57,0,0,0,0,0,51.935,0,0,0,0,0,0,0,0,0,0,0,0,0,0,0
5,6/6/50,6:58,0,0,0,0,0,44.563,0,0,0,0,0,0,0,0,0,0,0,0,0,0,0
5,6/6/50,6:59,0,0,0,0,0,0,0,0,0,0,0,0,0,0,0,0,0,0,0,0,0
5,6/6/50,7:00,0,0,0,0,0,0,0,0,0,0,0,0,0,0,0,0,0,0,0,0,0
5,6/6/50,7:01,0,0,0,0,0,0,0,0,0,0,0,0,0,0,0,0,0,0,0,0,0
5,6/6/50,7:02,0,0,0,0,0,0,0,0,0,21.853,0,0,0,0,0,0,0,0,0,0,0
5,6/6/50,7:03,0,0,0,0,0,0,0,0,0,27.289,0,0,0,0,0,0,0,0,0,0,0
5,6/6/50,7:04,0,0,0,0,0,0,0,0,0,12.322,0,0,0,0,0,0,0,0,0,0,0
5,6/6/50,7:05,0,0,0,0,0,0,0,0,0,13.325,0,0,0,0,0,0,0,0,0,0,0
5,6/6/50,7:06,0,0,0,0,0,0,0,0,0,10.604,0,0,0,0,0,2.187,0,0,0,0,0
5,6/6/50,7:07,0,0,0,0,0,0,0,0,0,10.046,0,0,0,0,0,149.044,0,0,0,0,0
5,6/6/50,7:08,0,0,0,0,0,0,0,0,0,16.929,0,0,0,0,0,82.59,0,0,0,0,0
5,6/6/50,7:09,0,0,0,0,0,0,0,0,0,83.773,0,0,0,0,0,200.336,0,0,0,0,0
5,6/6/50,7:10,0,0,0,0,0,0,0,0,0,22.863,0,0,0,0,0,198.403,0,0,0,0,0
5,6/6/50,7:11,0,0,0,0,0,0,0,0,0,0,0,0,0,0,0,110.748,0,0,0,0,0
5,6/6/50,7:12,0,0,0,0,0,0,0,0,0,0,0,0,0,0,0,114.701,0,0,0,0,0
5,6/6/50,7:13,0,0,0,0,0,0,0,0,0,0,0,0,0,0,0,22.187,0,0,0,0,0
5,6/6/50,7:14,0,0,0,0,0,0,0,0,0,0,0,0,0,0,0,148.041,0,0,0,0,0
5,6/6/50,7:15,0,0,0,0,0,0,0,0,0,0,0,0,0,0,0,154.782,0,0,0,0,0
5,6/6/50,7:16,0,0,0,0,0,0,0,0,0,0,0,0,0,116.748,0,246.741,0,0,0,0,0
5,6/6/50,7:17,0,0,0,0,0,0,0,0,0,0,0,0,0,131.093,0,0.191,0,0,0,0,0
5,6/6/50,7:18,0,0,0,0,0,0,0,0,0,0,0,0,0,153.912,0,134.731,0,0,0,0,0
5,6/6/50,7:19,0,0,0,0,0,0,0,0,0,0,0,0,0,61.355,0,193.095,0,0,0,0,0
5,6/6/50,7:20,0,0,0,0,0,0,0,0,0,0,0,0,21.781,143.174,0,94.111,0,0,0,0,0
5,6/6/50,7:21,0,0,0,0,0,0,0,0,0,0,0,0,93.748,52.188,0,57.972,0,0,0,0,0
5,6/6/50,7:22,0,0,0,0,0,0,0,0,0,0,0,0,53.908,0.462,0,33.4,0,0,0,0,0
5,6/6/50,7:23,0,0,0,0,0,0,0,0,0,0,0,0,103.711,28.544,0,35.195,0,0,0,0,0
5,6/6/50,7:24,0,0,0,0,0,0,0,0,0,0,0,0,60.91,87.466,0,0,0,0,0,0,0
5,6/6/50,7:25,0,0,0,0,0,0,0,0,0,0,0,0,24.424,97.925,0,0,0,0,0,0,0
5,6/6/50,7:26,0,0,0,0,0,0,0,0,0,0,0,0,0,125.609,0,0,0,0,0,0,0
5,6/6/50,7:27,0,0,0,0,0,0,0,0,0,0,0,0,0,34.522,0,0,0,0,0,0,0
5,6/6/50,7:28,0,0,0,0,0,0,0,0,0,0,0,0,91.671,9.715,0,0,0,0,0,0,0
5,6/6/50,7:29,0,0,0,54.705,0,0,0,0,0,0,0,0,42.305,10.111,0,0,0,0,0,32.975,0
5,6/6/50,7:30,0,0,0,0,0,0,0,0,0,0,0,0,20.914,2.015,0,145.466,0,0,0,34.357,0
5,6/6/50,7:31,0,0,0,0,0,0,0,0,0,0,0,0,0,35.56,0,117.692,0,0,0,16.328,0
5,6/6/50,7:32,0,0,0,0,0,0,0,0,0,0,0,0,0,20.762,0,148.646,0,0,0,39.684,0
5,6/6/50,7:33,0,0,0,0,0,0,0,0,0,0,0,0,0,151.298,0,26.978,0,0,21.606,53.756,0
5,6/6/50,7:34,0,0,0,0,0,0,0,0,0,0,0,0,0,72.327,0,100.773,0,0,96.723,31.705,0
5,6/6/50,7:35,0,0,0,0,0,0,0,57.104,0,0,0,0,0,146.633,0,151.463,0,0,28.737,75.039,0
5,6/6/50,7:36,0,0,0,22.369,0,0,0,37.042,0,0,0,0,0,28.328,0,163.836,0,0,59.076,151.455,0
5,6/6/50,7:37,0,0,0,0,113.252,0,0,0,0,0,0,0,0,55.046,0,186.916,0,0,65.169,105.916,0
5,6/6/50,7:38,0,0,0,0,32.341,0,0,0,0,0,0,0,0,71.994,0,151.189,0,0,20.736,107.259,0
5,6/6/50,7:39,0,0,0,0,0,0,0,0,0,0,0,0,0,10.611,0,121.91,0,0,71.538,56.91,0
5,6/6/50,7:40,0,0,0,0,0,0,0,0,0,0,0,0,0,11.118,0,136.318,0,0,112.636,34.044,0
5,6/6/50,7:41,0,0,0,0,0,0,0,0,0,0,0,0,0,67.333,0,66.586,0,0,74.247,42.59,0
5,6/6/50,7:42,0,0,0,0,0,0,0,0,0,0,0,0,0,0,0,34.072,175.18,0,0,0,0
5,6/6/50,7:43,0,0,0,0,0,0,0,0,0,0,75.18,0,0,24.263,0,0,87.944,0,0,0,0
5,6/6/50,7:44,0,0,0,0,38.067,0,0,0,0,0,105.209,0,0,0,0,0,0,0,0,0,0
5,6/6/50,7:45,0,0,0,0,136.452,0,0,0,0,0,127.338,0,0,0,0,0,0,0,0,0,0
5,6/6/50,7:46,0,0,0,0,1.332,0,0,0,0,0,49.629,0,0,0,0,0,95.422,0,0,0,0
5,6/6/50,7:47,0,0,0,0,0,0,0,0,0,0,35.647,0,0,0,0,0,124.551,0,0,0,0
5,6/6/50,7:48,0,0,0,0,0,0,0,0,0,0,40.417,0,0,0,0,0,139.006,0,0,0,0
5,6/6/50,7:49,0,0,0,0,0,0,0,0,0,0,14.893,0,0,0,0,0,78.695,0,0,0,0
5,6/6/50,7:50,0,0,0,0,0,0,0,0,0,0,70.177,0,0,0,0,0,43.123,0,40.306,0,0
5,6/6/50,7:51,0,0,0,0,28.244,0,0,0,0,0,57.268,0,0,0,0,0,109.387,70.657,57.632,0,0
5,6/6/50,7:52,0,0,0,0,56.74,0,0,0,0,0,57.597,0,0,0,0,0,95.771,173.71,145.573,0,0
5,6/6/50,7:53,0,0,0,0,132.634,0,0,0,0,0,9.462,0,0,0,0,0,163.969,92.008,57.819,0,0
5,6/6/50,7:54,0,0,0,0,32.118,0,0,0,0,0,159.665,100.792,0,0,0,0,53.643,114.249,0,0,0
5,6/6/50,7:55,0,0,0,0,52.537,0,0,0,0,0,151.793,143.465,0,0,0,0,114.691,24.024,0,0,0
5,6/6/50,7:56,0,0,0,0,57.14,0,0,0,0,0,132.682,139.684,0,0,0,0,0,60.617,0,0,0
5,6/6/50,7:57,0,0,0,0,90.336,0,0,0,0,0,138.199,54.863,0,0,0,0,0,0,0,0,0
5,6/6/50,7:58,0,0,0,0,0,0,0,0,0,0,76.86,63.997,0,107.375,0,0,61.553,0,0,0,0
5,6/6/50,7:59,0,0,0,0,24.29,0,0,0,0,0,0,76.918,0,125.176,0,0,39.902,0,0,0,0
5,6/6/50,8:00,0,0,0,0,30.512,0,0,0,0,0,0,0,0,122.381,0,0,0,0,0,0,0
5,6/6/50,8:01,0,0,0,0,168.483,0,0,0,0,0,0,0,0,54.193,0,0,0,0,0,0,0
5,6/6/50,8:02,0,0,0,0,0,0,0,0,0,0,0,0,0,191.564,66.712,0,0,0,0,0,0
5,6/6/50,8:03,0,0,0,0,0,0,0,0,0,0,0,0,0,66.159,120.839,0,0,0,0,0,0
5,6/6/50,8:04,0,0,0,0,0,0,0,0,0,0,0,0,0,38.698,74.177,0,0,0,0,0,0
5,6/6/50,8:05,0,0,0,0,0,0,0,0,0,0,0,0,0,94.788,172.425,0,0,0,0,0,0
5,6/6/50,8:06,0,0,0,0,0,0,0,0,0,0,0,0,0,123.741,169.723,0,0,0,0,0,0
5,6/6/50,8:07,0,0,0,0,0,0,0,0,0,0,0,0,0,80.439,78.359,0,0,0,0,0,0
5,6/6/50,8:08,0,0,0,0,0,0,0,0,0,0,0,0,0,127.357,138.152,0,0,0,0,0,0
5,6/6/50,8:09,0,0,0,0,0,0,0,0,0,0,0,0,0,135.22,86.962,0,0,0,0,0,0
5,6/6/50,8:10,0,0,0,0,0,0,0,0,0,0,0,0,0,72.216,145.412,0,0,0,0,0,0
5,6/6/50,8:11,0,0,0,0,0,0,0,0,0,0,0,0,0,128.544,49.595,0,0,0,0,0,0
5,6/6/50,8:12,0,0,0,0,0,0,0,0,0,0,0,0,0,59.467,120.135,0,0,0,0,0,0
5,6/6/50,8:13,18.032,0,0,0,0,0,0,0,0,0,0,0,0,0,75.275,0,0,0,0,0,0
5,6/6/50,8:14,0,0,0,0,0,0,0,0,0,0,0,0,0,0,83.707,0,0,0,0,0,0
5,6/6/50,8:15,71.607,0,0,0,0,0,0,0,0,0,0,0,0,0,214.135,0,0,0,0,0,0
5,6/6/50,8:16,34.547,0,0,0,0,0,0,0,0,0,0,0,0,0,166.573,0,0,0,0,0,0
5,6/6/50,8:17,125.666,0,0,0,0,0,0,0,0,0,0,0,0,0,169.217,0,0,0,0,0,0
5,6/6/50,8:18,112.682,0,92.933,0,0,0,0,0,0,0,0,0,0,0,132.098,28.622,0,0,0,0,0
5,6/6/50,8:19,73.387,0,0,0,0,0,0,0,0,0,0,0,0,0,174.293,127.956,0,0,0,0,0
5,6/6/50,8:20,24.612,0,0,0,0,0,0,0,0,0,0,0,0,0,96.741,150.686,0,0,0,0,0
5,6/6/50,8:21,56.844,0,0,0,0,0,0,0,0,0,0,0,0,0,159.289,155.612,0,0,0,0,0
5,6/6/50,8:22,0,0,0,0,0,0,0,0,0,0,0,0,0,0,0,146.08,0,0,0,0,0
5,6/6/50,8:23,0,0,3.667,0,0,0,0,0,0,0,0,0,0,0,0,183.469,0,0,0,0,0
5,6/6/50,8:24,0,0,12.359,0,0,0,0,0,0,0,0,0,0,0,0,110.072,0,0,0,0,0
5,6/6/50,8:25,5.162,0,87.014,0,0,0,0,0,0,0,0,0,0,0,0,62.92,0,0,0,0,0
5,6/6/50,8:26,82.002,0,102.286,0,0,0,0,0,0,0,0,0,0,0,17.042,205.197,0,0,0,0,0
5,6/6/50,8:27,0,0,0,0,0,0,0,0,0,0,0,0,0,0,69.906,180.766,0,0,0,0,0
5,6/6/50,8:28,0,0,0,0,0,0,0,0,0,0,0,0,0,0,59.01,54.401,0,0,0,0,0
5,6/6/50,8:29,0,0,23.493,0,0,0,0,0,0,0,0,0,0,0,0,154.446,0,0,0,0,0
5,6/6/50,8:30,0,0,0,0,0,0,0,0,0,0,0,0,0,0,0,48.5,0,0,0,0,0
5,6/6/50,8:31,0,0,0,0,0,0,0,0,0,0,0,0,0,0,0,92.495,0,0,0,0,0
5,6/6/50,8:32,0,0,0,0,0,0,0,0,0,0,0,0,0,0,0,0,0,0,0,0,0
5,6/6/50,8:33,0,0,0,0,0,0,0,0,0,0,0,0,0,0,0,0,0,0,0,0,0
5,6/6/50,8:34,0,0,0,0,0,0,40.864,0,0,0,0,0,0,0,0,0,0,0,0,0,0
5,6/6/50,8:35,0,0,0,0,0,0,161.066,0,0,0,0,0,0,0,0,0,0,0,0,0,0
5,6/6/50,8:36,0,0,0,0,0,0,45.346,0,0,0,0,0,0,0,0,0,0,0,0,0,0
5,6/6/50,8:37,0,15.065,0,0,0,0,60.097,0,0,0,0,0,0,0,0,0,0,0,0,0,0
5,6/6/50,8:38,0,65.413,0,0,0,0,17.748,0,0,0,0,0,0,0,0,0,0,0,0,0,0
5,6/6/50,8:39,0,70.371,0,0,0,0,0,0,0,0,0,0,55.417,0,0,0,0,0,0,0,0
5,6/6/50,8:40,0,23.241,0,0,0,0,0,0,0,0,0,0,0,0,0,0,0,0,0,0,0
5,6/6/50,8:41,0,0,0,0,0,0,0,0,0,0,0,0,0,0,0,0,0,0,0,0,0
5,6/6/50,8:42,0,0,0,0,0,0,0,0,0,0,0,0,0,0,0,0,0,0,0,0,0
5,6/6/50,8:43,0,0,0,0,0,0,0,0,0,0,0,0,0,0,0,0,0,0,0,0,0
5,6/6/50,8:44,22.007,43.371,10.558,0,0,0,0,0,0,0,0,0,0,0,0,0,0,0,0,0,0
5,6/6/50,8:45,53.533,42.298,15.071,0,0,0,0,0,0,0,0,0,81.666,0,0,0,0,0,0,0,0
5,6/6/50,8:46,108.224,145.542,35.319,0,0,0,0,0,0,0,0,0,53.256,0,0,0,0,0,0,0,0
5,6/6/50,8:47,44.167,0,0,0,0,0,0,0,0,0,0,0,0,0,0,0,0,0,0,0,0
5,6/6/50,8:48,0,0,0,0,0,0,0,0,0,0,0,0,30.746,0,0,0,0,0,0,0,0
5,6/6/50,8:49,0,0,0,0,0,0,0,0,0,0,0,0,1.867,0,0,0,0,0,0,0,0
5,6/6/50,8:50,0,0,0,0,0,0,0,0,0,0,0,0,0,0,0,0,0,0,0,0,0
5,6/6/50,8:51,0,0,0,0,0,0,0,0,0,0,0,0,99.864,0,0,0,0,0,0,0,0
5,6/6/50,8:52,0,0,0,1.772,0,0,0,0,0,0,0,0,69.572,0,0,0,0,0,0,0,0
5,6/6/50,8:53,0,0,0,60.203,0,0,0,0,0,0,0,0,0,0,0,0,0,0,0,0,0
5,6/6/50,8:54,0,0,0,0,0,0,0,0,0,0,0,0,0,0,0,0,0,0,0,0,0
5,6/6/50,8:55,0,0,0,30.634,0,0,0,0,0,0,0,0,124.251,0,0,0,0,0,0,0,0
5,6/6/50,8:56,0,0,0,53.761,0,0,0,0,0,0,0,0,118.843,0,0,0,0,0,0,0,0
5,6/6/50,8:57,0,0,0,0,0,0,0,0,0,0,0,0,213.843,0,0,0,0,0,0,0,0
5,6/6/50,8:58,0,0,0,0,0,0,0,0,0,0,0,0,82.943,0,0,0,0,0,0,0,0
5,6/6/50,8:59,0,0,0,0,0,0,0,0,0,0,0,0,46.035,0,0,0,0,0,0,0,0
5,6/6/50,9:00,0,0,0,0,0,0,0,0,0,0,0,0,152.33,0,0,0,0,0,0,0,0
5,6/6/50,9:01,0,0,0,0,0,0,0,0,0,0,0,0,61.553,0,0,0,0,0,0,0,0
5,6/6/50,9:02,0,0,0,0,0,0,0,0,0,0,0,0,0,0,0,0,0,0,0,0,0
5,6/6/50,9:03,0,0,0,0,0,0,0,0,0,0,0,0,0,0,0,0,0,0,0,0,0
5,6/6/50,9:04,0,0,0,0,0,0,0,0,0,0,0,0,0,0,0,0,0,0,0,0,0
5,6/6/50,9:05,0,0,0,0,0,77.508,0,0,0,0,0,0,0,0,0,0,0,0,0,0,0
5,6/6/50,9:06,0,0,0,0,0,0,0,0,0,0,0,0,0,0,0,0,0,0,0,0,0
5,6/6/50,9:07,0,0,0,0,0,23.85,0,0,0,0,0,0,0,0,0,0,0,0,0,0,0
5,6/6/50,9:08,0,0,0,0,0,0,0,0,0,0,0,0,0,0,0,0,0,0,0,0,0
5,6/6/50,9:09,0,0,0,0,0,0,0,0,0,0,0,0,0,0,0,0,0,0,0,0,0
5,6/6/50,9:10,0,0,0,0,0,0,0,0,0,0,0,0,0,0,0,0,0,0,0,0,0
5,6/6/50,9:11,0,0,0,0,0,0,0,0,0,0,0,0,0,0,0,0,0,0,0,0,0
5,6/6/50,9:12,0,0,0,0,0,0,0,0,0,0,0,0,0,0,0,0,0,0,0,0,0
5,6/6/50,9:13,0,0,0,0,0,0,0,0,0,0,0,0,0,0,0,0,0,0,0,0,0
5,6/6/50,9:14,0,0,0,0,0,0,0,0,0,0,0,0,0,0,103.64,0,0,0,0,0,0
5,6/6/50,9:15,0,0,0,0,0,0,0,0,0,0,0,0,0,0,102.789,0,0,0,0,0,0
5,6/6/50,9:16,0,0,0,0,0,0,0,0,0,0,0,0,0,0,138.035,0,0,0,0,0,0
5,6/6/50,9:17,0,0,0,0,0,0,0,0,0,0,0,0,0,0,107.721,0,0,0,0,0,0
5,6/6/50,9:18,0,0,0,0,0,0,0,0,0,0,0,0,0,0,115.401,0,0,0,0,0,0
5,6/6/50,9:19,0,0,0,0,0,0,0,0,0,0,0,0,0,0,79.291,0,0,0,0,0,0
5,6/6/50,9:20,0,0,0,0,0,0,0,0,0,0,0,0,0,0,134.559,0,0,0,46.31,0,0
5,6/6/50,9:21,0,0,0,0,0,0,0,0,0,0,0,0,0,0,0,0,0,0,24.872,0,0
5,6/6/50,9:22,0,0,0,0,0,0,0,0,0,0,0,0,0,0,54.157,0,0,0,0,0,0
5,6/6/50,9:23,0,0,0,0,0,0,0,0,0,0,0,0,0,0,175.061,0,0,0,0,0,0
5,6/6/50,9:24,0,0,0,0,0,0,0,0,0,0,0,0,0,0,0,0,0,0,0,0,0
5,6/6/50,9:25,0,0,0,0,0,0,0,0,0,0,0,0,0,0,0,0,0,0,0,0,0
5,6/6/50,9:26,0,0,0,0,0,0,0,0,0,0,0,0,0,0,0,0,0,0,0,0,0
5,6/6/50,9:27,0,0,0,0,0,0,0,0,0,0,0,0,0,0,0,0,0,0,0,0,0
5,6/6/50,9:28,0,0,0,0,0,0,53.103,0,0,0,0,0,0,0,0,0,0,0,0,0,129.646
5,6/6/50,9:29,0,0,0,0,0,0,63.658,0,0,0,0,0,0,0,0,0,0,0,0,0,63.996
5,6/6/50,9:30,0,0,0,0,0,0,52.342,0,0,0,0,0,0,0,0,0,0,0,0,0,195.713
5,6/6/50,9:31,0,0,0,0,0,0,0,0,0,0,0,0,0,0,0,0,0,0,0,0,192.331
5,6/6/50,9:32,0,0,0,0,0,0,0,0,0,0,0,0,0,0,0,0,0,0,0,0,0
5,6/6/50,9:33,0,0,0,0,0,0,0,0,0,0,0,0,0,0,0,0,0,0,0,0,51.796
5,6/6/50,9:34,0,0,0,0,0,0,0,0,0,0,0,0,0,0,0,0,0,0,0,0,0
5,6/6/50,9:35,0,0,0,0,0,0,0,0,0,0,0,0,0,0,0,0,0,0,0,0,15.023
5,6/6/50,9:36,0,0,0,0,0,0,0,0,0,0,0,0,0,0,0,0,0,0,0,0,5.977
5,6/6/50,9:37,0,0,0,0,0,0,0,0,0,0,0,0,0,0,0,0,0,0,0,0,0
5,6/6/50,9:38,0,0,0,0,0,0,0,0,0,0,0,0,0,0,0,0,0,0,0,0,25.29
5,6/6/50,9:39,0,0,0,0,0,0,0,0,0,0,0,0,0,0,0,33.983,0,0,0,0,103.703
5,6/6/50,9:40,0,0,0,0,0,0,0,0,0,0,0,0,0,0,0,159.202,0,0,0,0,58.819
5,6/6/50,9:41,0,0,0,0,0,0,0,0,0,0,0,0,0,0,0,141.614,0,0,0,0,25.059
5,6/6/50,9:42,0,0,0,0,0,0,0,0,0,0,0,0,0,0,0,151.987,0,0,0,0,0
5,6/6/50,9:43,0,0,0,0,0,0,0,0,0,0,0,0,0,0,0,106.952,0,0,0,0,151.814
5,6/6/50,9:44,0,0,0,0,0,0,0,0,0,0,0,0,0,0,0,0.792,0,0,0,0,0
5,6/6/50,9:45,0,0,0,0,0,0,0,0,0,0,0,0,0,0,0,106.082,0,0,0,0,0
5,6/6/50,9:46,0,0,0,0,0,0,0,0,0,0,0,0,0,0,0,56.654,0,nan,nan,nan,nan
5,6/6/50,9:47,0,0,0,0,0,0,0,0,0,0,0,0,0,0,0,0,0,nan,nan,nan,nan
5,6/6/50,9:48,0,0,0,0,0,0,0,0,0,0,0,0,0,0,0,0,0,nan,nan,nan,nan
5,6/6/50,9:49,0,0,0,0,0,0,0,0,0,0,0,0,0,0,0,0,0,nan,nan,nan,nan
5,6/6/50,9:50,0,0,0,0,0,0,0,0,0,0,0,0,0,0,0,0,0,nan,nan,nan,nan
5,6/6/50,9:51,0,0,0,0,0,0,0,0,0,0,0,0,0,0,0,0,0,nan,nan,nan,nan
5,6/6/50,9:52,0,0,0,0,0,0,0,0,0,0,0,0,0,0,0,0,0,nan,nan,nan,nan
5,6/6/50,9:53,0,0,0,0,0,0,0,0,0,0,0,0,0,0,0,0,0,nan,nan,nan,nan
5,6/6/50,9:54,0,0,0,0,0,0,0,0,0,0,0,0,0,0,0,0,0,nan,nan,nan,nan
5,6/6/50,9:55,0,0,0,0,0,0,0,0,0,0,0,0,0,0,0,0,0,0,0,0,0
5,6/6/50,9:56,0,0,0,0,0,0,0,0,0,0,0,0,0,0,0,0,0,0,0,0,0
5,6/6/50,9:57,0,0,0,0,0,0,0,0,0,0,0,0,0,0,0,0,0,0,0,0,0
5,6/6/50,9:58,0,0,0,0,0,0,0,0,0,0,0,0,0,0,0,0,0,0,0,0,0
5,6/6/50,9:59,0,0,0,0,0,0,0,0,0,0,0,0,0,0,0,0,0,0,0,0,0
5,6/6/50,10:00,0,0,0,0,0,0,0,0,0,0,0,0,0,0,0,0,0,0,0,0,0
5,6/6/50,10:01,0,0,0,47.571,0,0,0,0,0,0,0,0,0,0,0,0,0,0,0,0,0
5,6/6/50,10:02,0,0,0,108.585,0,0,0,0,0,0,0,0,0,0,0,0,0,0,0,0,0
5,6/6/50,10:03,0,0,0,147.93,0,0,0,0,0,0,0,0,0,0,0,0,0,0,0,0,0
5,6/6/50,10:04,0,0,0,0,0,0,0,0,0,0,0,0,0,0,0,0,0,0,0,0,0
5,6/6/50,10:05,0,0,0,59.736,0,0,0,0,0,0,0,0,0,0,0,0,0,0,0,0,0
5,6/6/50,10:06,0,0,0,15.347,0,0,0,0,0,0,0,0,0,0,0,0,0,0,0,0,0
5,6/6/50,10:07,0,0,0,21.769,0,0,0,0,0,0,0,0,0,0,0,0,0,0,0,0,0
5,6/6/50,10:08,0,0,0,28.512,0,0,0,0,0,0,0,0,0,0,0,0,0,0,0,0,0
5,6/6/50,10:09,0,0,0,28.178,0,0,0,0,0,0,0,0,0,0,0,0,0,0,0,0,0
5,6/6/50,10:10,0,0,0,44.048,0,0,0,0,0,0,0,0,0,0,0,0,0,0,0,0,0
5,6/6/50,10:11,0,0,0,43.142,0,0,0,0,0,0,0,0,0,0,0,0,0,0,0,0,0
5,6/6/50,10:12,0,0,0,46.584,0,0,0,0,0,0,0,0,0,0,0,0,0,0,0,0,0
5,6/6/50,10:13,0,0,0,86.246,0,0,0,0,0,0,0,0,0,0,0,0,0,0,0,0,0
5,6/6/50,10:14,0,0,0,108.571,0,0,0,0,0,0,0,0,0,0,0,0,0,0,0,0,0
5,6/6/50,10:15,0,0,0,0,0,0,0,0,0,0,0,0,0,0,0,0,0,0,0,0,0
5,6/6/50,10:16,0,0,0,73.753,0,0,0,0,0,40.737,0,0,0,0,0,0,0,0,0,0,0
5,6/6/50,10:17,0,0,0,0,0,0,0,0,0,16.003,0,0,0,0,0,0,0,0,0,0,0
5,6/6/50,10:18,0,0,0,0,0,0,0,0,0,14.202,0,0,0,0,0,0,0,0,0,0,0
5,6/6/50,10:19,0,0,0,0,0,0,0,0,0,16.273,0,0,0,0,0,0,0,0,0,0,0
5,6/6/50,10:20,0,0,0,0,0,0,0,0,0,12.962,0,0,0,0,0,0,0,0,0,0,0
5,6/6/50,10:21,0,0,0,0,0,0,0,0,0,18.987,0,0,0,0,0,0,0,0,0,0,0
5,6/6/50,10:22,0,0,0,0,0,0,0,0,0,19.127,0,0,0,0,0,0,0,0,0,0,0
5,6/6/50,10:23,0,0,0,0,0,0,0,0,0,16.883,0,0,0,0,0,0,0,0,0,0,0
5,6/6/50,10:24,0,0,0,0,0,0,0,0,0,18.605,0,0,0,0,0,0,0,0,0,0,0
5,6/6/50,10:25,0,0,0,0,0,0,0,0,0,22.799,0,0,0,0,0,0,0,0,0,0,0
5,6/6/50,10:26,nan,nan,nan,0,0,0,0,0,0,35.83,0,0,0,0,0,0,0,0,0,0,0
5,6/6/50,10:27,nan,nan,nan,0,0,0,0,0,0,18,0,0,0,0,0,0,0,0,0,0,0
5,6/6/50,10:28,nan,nan,nan,0,0,0,0,0,0,11.287,0,0,0,0,0,0,0,0,0,0,0
5,6/6/50,10:29,nan,nan,nan,0,0,0,0,0,0,10.792,0,0,0,0,0,0,0,0,0,0,0
5,6/6/50,10:30,nan,nan,nan,0,0,0,0,0,0,9.865,0,0,0,0,0,0,0,0,0,0,0
5,6/6/50,10:31,nan,nan,nan,0,0,0,0,0,0,50.154,0,0,0,0,0,0,0,0,0,0,0
5,6/6/50,10:32,nan,nan,nan,0,0,0,0,0,0,17.161,0,0,0,0,0,0,0,0,0,0,0
5,6/6/50,10:33,nan,nan,nan,0,0,0,0,0,0,57.585,0,0,0,0,0,0,0,0,0,0,0
5,6/6/50,10:34,0,0,0,0,0,0,0,0,0,85.05,0,0,0,0,0,0,0,0,0,0,0
5,6/6/50,10:35,0,0,0,0,0,0,0,0,0,41.361,0,0,0,0,0,0,0,0,0,0,0
5,6/6/50,10:36,0,0,0,0,0,0,0,0,0,20.016,0,0,0,0,0,0,0,0,0,0,0
5,6/6/50,10:37,0,0,0,0,0,0,0,0,0,65.783,0,0,0,0,0,0,0,0,0,0,0
5,6/6/50,10:38,0,0,0,0,0,0,0,0,0,65.858,0,0,0,0,0,0,0,0,0,0,0
5,6/6/50,10:39,0,0,0,0,0,0,0,0,0,0,0,0,0,0,0,0,0,0,0,0,0
5,6/6/50,10:40,0,0,0,0,0,0,0,0,0,0,0,0,0,0,0,0,0,43.922,0,0,0
5,6/6/50,10:41,0,0,0,0,0,0,0,0,0,0,0,0,0,0,0,0,0,142.763,0,0,0
5,6/6/50,10:42,0,0,0,0,0,0,0,0,0,0,0,0,0,0,0,0,0,125.747,0,0,0
5,6/6/50,10:43,0,0,0,0,0,0,0,0,0,0,0,0,0,nan,nan,nan,nan,19.592,0,0,0
5,6/6/50,10:44,0,0,0,0,0,0,0,0,0,0,0,0,0,nan,nan,nan,nan,146.511,0,0,0
5,6/6/50,10:45,0,0,0,0,0,0,0,0,0,0,nan,nan,nan,nan,nan,nan,nan,130.805,0,0,0
5,6/6/50,10:46,0,0,0,0,0,0,0,0,0,0,nan,nan,nan,nan,nan,nan,nan,25.911,0,0,0
5,6/6/50,10:47,0,0,0,0,0,0,0,0,0,0,nan,nan,nan,nan,nan,nan,nan,25.005,0,0,0
5,6/6/50,10:48,0,0,0,0,0,0,0,0,0,0,nan,nan,nan,nan,nan,nan,nan,0,0,0,0
5,6/6/50,10:49,0,0,0,0,0,0,0,0,0,0,nan,nan,nan,nan,nan,nan,nan,0,0,0,0
5,6/6/50,10:50,0,0,0,0,0,0,36.205,0,0,0,0,0,0,nan,nan,nan,nan,0,0,0,0
5,6/6/50,10:51,0,0,0,0,0,0,50.67,0,0,0,0,0,0,nan,nan,nan,nan,0,0,0,0
5,6/6/50,10:52,0,0,0,0,0,0,36.953,0,0,0,0,0,0,0,0,0,0,0,0,0,0
5,6/6/50,10:53,0,0,0,0,0,0,100.429,0,0,0,0,0,0,0,0,0,117.347,0,0,0,0
5,6/6/50,10:54,0,0,0,0,0,0,13.174,0,0,0,0,0,0,0,0,0,110.212,0,0,0,0
5,6/6/50,10:55,0,0,0,0,0,0,31.468,0,0,0,0,0,0,0,0,0,35.467,0,0,0,0
5,6/6/50,10:56,0,0,0,0,0,0,0,0,0,0,0,0,0,0,0,0,152.68,0,0,0,0
5,6/6/50,10:57,0,0,0,0,0,0,0,0,0,0,0,0,0,0,0,0,0,0,0,0,0
5,6/6/50,10:58,0,0,0,0,0,0,0,0,0,0,0,0,0,0,0,0,0,0,0,0,0
5,6/6/50,10:59,0,0,0,0,0,0,0,0,0,0,0,0,0,0,0,0,0,0,0,0,0
5,6/6/50,11:00,0,0,0,0,0,0,0,0,0,0,0,0,0,0,0,0,0,0,0,0,0
5,6/6/50,11:01,0,0,0,0,0,0,0,0,0,0,0,0,0,0,0,0,0,0,0,0,0
5,6/6/50,11:02,0,0,0,0,0,0,0,0,0,0,0,0,0,0,0,0,0,0,0,0,0
5,6/6/50,11:03,0,0,0,0,0,0,0,0,0,0,0,0,0,0,0,0,0,0,0,0,0
5,6/6/50,11:04,0,0,0,0,0,0,0,0,0,0,0,0,0,0,0,0,0,0,0,0,0
5,6/6/50,11:05,0,0,0,0,0,0,0,0,0,0,0,0,0,0,0,0,0,0,0,0,0
5,6/6/50,11:06,0,0,0,0,0,0,0,0,0,0,0,0,0,0,0,0,0,0,0,0,0
5,6/6/50,11:07,0,0,0,0,0,0,0,0,0,0,0,0,0,0,0,0,0,0,0,0,0
5,6/6/50,11:08,0,0,0,0,0,0,0,49.315,0,0,0,0,0,0,0,0,0,0,0,0,0
5,6/6/50,11:09,0,0,0,0,0,0,0,0,0,0,0,0,0,0,0,0,0,0,0,0,0
5,6/6/50,11:10,0,0,0,0,0,0,0,0,0,0,0,0,0,0,0,0,0,0,0,0,0
5,6/6/50,11:11,0,0,0,0,0,0,0,0,0,0,0,0,0,0,0,0,0,0,0,0,0
5,6/6/50,11:12,0,0,0,0,0,0,0,0,0,0,0,0,0,0,0,0,0,0,0,0,0
5,6/6/50,11:13,0,0,0,0,0,0,0,0,0,0,0,0,0,0,0,0,0,0,0,0,0
5,6/6/50,11:14,0,0,0,0,0,0,0,0,0,0,0,0,0,0,0,0,0,0,0,0,0
5,6/6/50,11:15,0,0,0,0,0,0,0,0,0,0,0,0,0,0,0,0,0,0,0,0,0
5,6/6/50,11:16,0,0,0,0,0,0,0,0,0,0,0,0,0,0,0,0,0,0,0,0,0
5,6/6/50,11:17,0,0,0,0,0,0,0,0,0,0,0,0,0,0,0,0,0,0,0,0,0
5,6/6/50,11:18,0,0,0,0,0,0,0,0,0,0,59.678,0,0,0,0,0,0,0,0,0,0
5,6/6/50,11:19,0,0,0,0,0,0,0,0,0,0,150.798,0,0,0,0,0,0,0,0,0,0
5,6/6/50,11:20,0,0,0,0,0,0,0,0,0,0,133.151,0,0,0,0,0,0,0,0,0,0
5,6/6/50,11:21,0,0,0,0,0,0,0,0,0,0,64.096,0,0,0,0,0,0,0,0,0,0
5,6/6/50,11:22,0,0,0,0,0,0,0,0,0,0,64.476,0,0,0,0,0,0,0,0,0,0
5,6/6/50,11:23,0,0,0,0,0,0,0,0,0,0,16.148,0,0,0,0,0,0,0,0,0,0
5,6/6/50,11:24,0,0,0,0,0,0,0,0,0,0,15.89,0,0,0,0,0,0,0,0,0,0
5,6/6/50,11:25,0,0,0,0,0,0,0,0,0,0,132.855,0,0,0,0,0,0,0,0,0,0
5,6/6/50,11:26,0,0,0,0,0,0,0,0,0,0,129.41,0,0,58.777,0,0,0,0,0,0,0
5,6/6/50,11:27,0,0,0,0,0,0,0,0,0,0,17.516,0,0,88.517,0,0,0,0,28.666,0,0
5,6/6/50,11:28,0,0,0,0,0,0,0,0,0,0,12.498,0,0,0,0,0,0,0,23.99,0,0
5,6/6/50,11:29,0,0,0,0,0,0,0,0,0,0,18.262,0,0,17.973,0,0,0,0,59.214,0,0
5,6/6/50,11:30,0,0,0,0,0,0,0,0,0,0,20.649,0,0,73.219,0,0,0,0,99.794,0,0
5,6/6/50,11:31,0,0,0,0,0,0,0,0,0,0,0,0,0,120.867,0,0,0,0,32.702,0,0
5,6/6/50,11:32,0,0,0,0,0,0,0,0,0,0,55.5,0,0,142.848,0,0,0,0,0,0,0
5,6/6/50,11:33,0,0,0,0,0,0,0,0,0,0,150.603,0,0,35.276,0,0,0,0,0,0,0
5,6/6/50,11:34,0,0,0,0,0,0,0,0,0,0,9.807,0,0,0,0,0,0,0,0,0,0
5,6/6/50,11:35,0,0,0,0,0,0,0,0,0,0,40.492,0,0,0,0,0,0,0,0,0,0
5,6/6/50,11:36,0,0,0,0,0,0,0,0,0,0,0,0,0,0,0,0,0,0,0,0,0
5,6/6/50,11:37,0,0,0,0,0,0,0,0,0,0,0,0,0,0,0,0,0,0,37.004,0,0
5,6/6/50,11:38,0,0,0,0,0,0,0,0,0,0,0,0,0,0,0,0,0,0,0,0,0
5,6/6/50,11:39,0,0,0,0,0,0,0,0,0,0,0,0,0,0,0,0,0,0,77.031,0,0
5,6/6/50,11:40,0,0,0,0,0,0,0,0,0,0,0,0,0,0,0,0,0,0,122.351,0,0
5,6/6/50,11:41,0,0,0,0,0,0,0,0,0,0,0,0,0,0,0,0,0,0,0,0,0
5,6/6/50,11:42,0,0,0,0,0,0,0,0,0,0,0,0,0,0,0,0,0,0,0,0,0
5,6/6/50,11:43,0,0,0,0,0,0,0,0,0,0,0,0,0,0,0,0,0,0,0,0,0
5,6/6/50,11:44,0,0,0,0,0,0,0,0,0,0,0,0,0,74.445,0,0,0,0,0,0,0
5,6/6/50,11:45,0,0,0,0,0,0,0,0,0,0,0,0,0,0,0,0,0,0,0,0,0
5,6/6/50,11:46,0,0,0,0,0,0,0,0,0,0,0,0,0,0,0,0,0,0,0,0,0
5,6/6/50,11:47,0,0,0,0,0,0,0,0,0,0,0,0,0,0,0,0,0,0,0,0,0
5,6/6/50,11:48,0,0,0,0,0,0,0,0,0,0,0,0,0,0,0,0,0,0,0,0,0
5,6/6/50,11:49,0,0,0,0,0,0,0,0,0,0,0,0,0,0,0,0,0,0,0,0,0
5,6/6/50,11:50,0,0,0,0,0,0,0,0,0,0,0,0,0,0,0,0,0,0,0,0,0
5,6/6/50,11:51,0,0,0,0,0,0,0,0,0,0,0,0,0,0,0,0,0,0,55.032,0,35.243
5,6/6/50,11:52,0,0,0,0,0,0,0,0,0,0,0,0,0,0,0,0,0,0,139.468,0,157.339
5,6/6/50,11:53,0,0,0,0,0,0,0,0,0,0,0,0,0,0,0,0,0,0,185.118,0,59.973
5,6/6/50,11:54,0,0,0,0,0,0,0,0,79.597,0,0,0,0,0,0,0,0,0,234.653,0,34.548
5,6/6/50,11:55,0,68.424,0,0,0,0,0,0,75.316,0,0,0,0,0,0,0,0,0,206.625,0,0
5,6/6/50,11:56,0,16.737,0,0,0,0,0,0,13.895,0,0,0,0,0,0,0,0,0,283.243,0,30.636
5,6/6/50,11:57,0,162.611,0,0,0,0,0,0,37.695,0,0,0,0,0,0,0,0,0,94.216,0,222.079
5,6/6/50,11:58,0,78.488,0,0,0,0,0,0,35.119,0,0,0,0,0,0,0,0,0,0,0,144.432
5,6/6/50,11:59,0,117.211,0,0,0,0,0,0,0,0,0,0,0,0,0,0,0,0,0,0,115.708
5,6/6/50,12:00,0,112.88,0,0,0,0,0,0,29.597,0,0,0,0,0,0,0,0,0,0,0,158.12
5,6/6/50,12:01,0,0,0,0,0,0,0,0,0,0,0,0,0,0,0,0,0,0,0,0,102.985
5,6/6/50,12:02,0,0,0,0,0,0,0,0,0,0,0,0,0,0,0,0,0,0,0,0,0
5,6/6/50,12:03,0,0,0,0,0,0,0,0,25.125,0,0,0,0,0,0,0,0,0,0,0,0
5,6/6/50,12:04,0,28.463,0,0,0,0,0,0,0.626,0,0,0,0,0,0,0,0,0,0,0,0
5,6/6/50,12:05,0,123.524,0,0,0,0,0,0,0,0,0,0,0,0,0,0,0,0,0,0,0
5,6/6/50,12:06,0,27.212,0,0,0,0,0,0,0,0,0,0,0,0,0,0,0,0,0,0,0
5,6/6/50,12:07,0,66.831,0,0,0,0,0,0,0,0,0,0,0,0,0,0,0,0,0,0,0
5,6/6/50,12:08,0,108.609,0,0,0,0,0,0,31.586,0,0,0,0,0,0,0,0,0,0,0,0
5,6/6/50,12:09,0,76.905,0,0,0,0,29.186,0,53.531,0,0,0,0,0,0,0,0,0,0,0,0
5,6/6/50,12:10,0,0,0,0,0,0,0,0,0,0,0,0,0,0,0,0,0,0,0,0,0
5,6/6/50,12:11,0,0,0,0,0,0,0,0,0,0,0,0,0,0,0,0,0,0,0,0,0
5,6/6/50,12:12,0,0,0,0,0,0,0,0,0,0,0,0,0,0,0,0,0,0,0,0,0
5,6/6/50,12:13,0,0,0,0,0,0,0,0,0,0,0,0,0,0,0,0,0,0,0,0,0
5,6/6/50,12:14,0,0,0,0,0,0,0,0,0,0,0,0,0,0,0,0,0,0,0,0,0
5,6/6/50,12:15,0,0,0,0,0,0,0,0,0,0,0,0,0,0,0,0,0,0,0,0,0
5,6/6/50,12:16,0,0,0,0,0,0,0,0,0,0,0,0,0,0,0,0,0,0,0,0,0
5,6/6/50,12:17,0,0,0,0,0,0,0,0,0,0,0,0,0,0,0,0,0,0,0,0,0
5,6/6/50,12:18,0,0,0,0,0,0,0,0,0,0,0,0,0,0,0,0,0,0,0,0,0
5,6/6/50,12:19,0,0,0,0,79.29,0,0,0,0,0,0,0,0,0,0,0,0,0,0,0,0
5,6/6/50,12:20,0,0,0,0,139.924,0,0,0,0,28.143,0,0,0,0,0,0,0,0,0,0,0
5,6/6/50,12:21,0,0,0,0,39.615,0,0,0,0,34.404,0,0,0,0,0,0,0,0,0,0,0
5,6/6/50,12:22,0,0,0,0,0,0,0,0,0,41.728,0,0,94.986,0,0,0,0,0,0,0,0
5,6/6/50,12:23,0,0,0,0,97.047,0,0,0,0,14.761,0,0,0,0,0,0,0,0,0,0,0
5,6/6/50,12:24,0,0,0,0,133.023,0,0,0,0,14.202,0,0,0,0,0,0,0,0,0,0,0
5,6/6/50,12:25,0,0,0,0,131.915,0,0,0,0,13.047,0,0,0,0,0,0,0,0,0,0,0
5,6/6/50,12:26,0,0,0,0,77.209,0,0,0,0,11.426,0,0,0,0,0,0,0,0,0,0,0
5,6/6/50,12:27,0,0,0,0,0,0,0,0,0,12.469,0,0,0,0,0,0,0,0,0,0,0
5,6/6/50,12:28,0,0,0,0,0,0,0,0,0,16.141,0,0,0,0,0,0,0,0,0,0,0
5,6/6/50,12:29,0,0,0,0,23.949,0,0,0,0,14.653,0,0,0,0,0,0,0,0,0,0,0
5,6/6/50,12:30,0,0,0,0,0,0,0,0,0,8.846,0,0,15.969,0,0,0,0,0,0,0,0
5,6/6/50,12:31,0,0,0,0,25.262,0,0,0,0,12.767,0,0,116.729,0,0,0,0,0,0,0,0
5,6/6/50,12:32,0,0,0,0,55.839,0,0,0,0,45.254,0,0,64.331,0,0,0,0,0,0,0,0
5,6/6/50,12:33,0,0,0,0,0,0,0,0,0,0,0,0,0,0,0,0,0,0,0,0,0
5,6/6/50,12:34,0,0,0,0,0,0,0,0,0,0,0,0,0,0,0,0,0,0,0,0,0
5,6/6/50,12:35,0,0,0,0,15.353,0,0,0,0,0,0,0,0,0,0,0,0,0,0,0,0
5,6/6/50,12:36,0,0,0,0,32.965,0,0,0,0,0,0,0,0,0,0,0,209.863,0,0,0,0
5,6/6/50,12:37,0,0,0,0,119.062,0,0,0,0,0,0,0,0,0,0,0,0,0,0,0,0
5,6/6/50,12:38,0,0,0,0,150.227,0,0,0,0,0,0,0,0,0,0,0,0,0,0,0,0
5,6/6/50,12:39,0,0,0,0,61.491,0,0,0,0,0,0,0,0,0,0,0,0,0,0,0,0
5,6/6/50,12:40,0,0,0,0,0,0,0,0,0,43.146,0,0,0,0,0,0,0,0,0,0,0
5,6/6/50,12:41,0,0,33.086,0,0,0,0,0,0,41.124,0,0,74.258,0,0,0,0,0,0,0,0
5,6/6/50,12:42,0,0,106.994,0,0,0,0,0,0,0,0,0,0,0,0,0,0,0,0,0,0
5,6/6/50,12:43,0,0,0,86.044,0,0,0,0,0,0,0,0,0,0,0,0,0,0,0,0,0
5,6/6/50,12:44,0,0,0,23.05,0,0,0,0,0,0,0,0,0,0,0,0,0,0,0,0,0
5,6/6/50,12:45,0,0,0,63.775,44.242,0,0,0,0,0,0,0,0,0,0,0,0,0,0,0,0
5,6/6/50,12:46,0,0,60.64,64.645,60.69,0,0,0,0,0,0,0,0,0,0,0,0,0,0,0,0
5,6/6/50,12:47,0,0,49.253,0,46.098,0,0,0,0,0,0,0,0,0,0,0,0,0,0,0,0
5,6/6/50,12:48,0,0,0,183.83,23.034,0,0,0,0,0,0,0,0,0,40.868,0,0,0,0,0,0
5,6/6/50,12:49,0,0,0,0,0,0,0,0,0,0,0,0,0,0,92.48,0,0,0,0,0,0
5,6/6/50,12:50,0,0,0,0,0,0,0,0,0,0,0,0,0,0,159.3,0,0,75.109,0,0,0
5,6/6/50,12:51,0,0,0,0,0,31.379,0,0,0,0,0,0,0,0,117.976,0,0,141.967,0,0,0
5,6/6/50,12:52,0,0,0,0,37.831,101.571,0,0,0,0,0,0,0,80.389,107.407,0,0,176.678,0,0,0
5,6/6/50,12:53,0,0,0,0,127.182,124.127,0,0,0,0,0,0,0,0,178.607,0,0,70.69,0,0,0
5,6/6/50,12:54,0,0,0,0,0,87.337,0,0,0,0,0,0,0,60.322,130.741,0,0,0,0,0,0
5,6/6/50,12:55,0,0,0,0,95.896,0,0,0,0,0,0,0,0,150.818,119.446,0,0,0,0,0,0
5,6/6/50,12:56,0,0,0,0,0,0,0,0,0,0,0,0,0,111.943,115.791,0,0,0,0,0,0
5,6/6/50,12:57,0,0,0,0,34.107,0,0,0,0,0,0,0,0,52.72,32.515,0,0,0,0,0,0
5,6/6/50,12:58,0,0,0,0,0,70.436,0,0,0,0,0,0,0,18.643,163.612,0,0,0,0,0,0
5,6/6/50,12:59,0,0,0,0,0,35.591,0,0,0,0,0,0,0,17.926,135.704,0,0,0,0,0,0
5,6/6/50,13:00,0,0,0,0,0,0,0,0,0,0,0,0,0,15.856,109.844,0,0,0,0,0,0
5,6/6/50,13:01,0,0,0,0,0,0,0,0,0,0,0,0,0,21.068,114.677,0,0,0,0,0,0
5,6/6/50,13:02,0,0,0,0,0,0,0,0,0,0,0,0,0,18.346,148.684,19.036,0,0,0,0,0
5,6/6/50,13:03,0,0,0,0,0,0,0,0,0,0,0,0,0,26.419,0,170.323,0,0,0,0,0
5,6/6/50,13:04,0,0,0,0,0,0,0,0,0,0,0,0,0,17.818,0,136.166,0,0,0,0,0
5,6/6/50,13:05,38.238,0,0,0,0,0,0,0,0,0,0,0,0,17.427,0,223.124,0,0,0,0,0
5,6/6/50,13:06,38.435,0,0,0,0,0,0,0,0,0,0,0,0,13.606,0,52.83,0,0,0,0,0
5,6/6/50,13:07,51.551,0,0,0,0,0,0,0,0,0,0,0,0,12.64,0,71.575,0,0,0,0,0
5,6/6/50,13:08,11.125,0,0,0,0,0,0,0,0,0,0,0,0,14.063,0,39.984,0,0,0,0,0
5,6/6/50,13:09,20.398,0,0,0,0,0,0,0,0,0,0,0,0,25.306,0,0,0,0,0,0,0
5,6/6/50,13:10,87.465,0,0,0,0,0,0,0,0,0,0,0,0,142.994,0,0,0,0,0,0,0
5,6/6/50,13:11,101.285,0,0,0,0,0,0,0,0,0,0,0,0,189.158,0,0,0,0,0,0,0
5,6/6/50,13:12,89.369,0,0,0,0,0,0,0,0,0,0,0,0,194.242,0,0,0,0,0,0,0
5,6/6/50,13:13,54.687,0,0,0,0,0,0,0,0,0,0,0,0,106.11,0,0,0,0,0,0,0
5,6/6/50,13:14,13.966,0,0,0,0,0,0,0,0,0,0,24.824,0,40.097,0,15.981,0,0,0,0,0
5,6/6/50,13:15,116.82,0,0,0,0,0,0,0,0,0,0,66.431,0,22.081,0,16.853,0,0,0,0,0
5,6/6/50,13:16,13.542,0,0,0,0,0,0,0,0,0,0,71.984,0,38.528,0,0,0,0,0,0,0
5,6/6/50,13:17,0,0,0,0,0,0,0,0,0,0,0,165.014,0,4.764,0,101.035,0,0,0,0,0
5,6/6/50,13:18,0,0,0,0,0,0,0,0,0,0,0,173.833,0,0,0,0,0,0,0,0,0
5,6/6/50,13:19,0,0,0,0,0,0,0,0,0,0,0,52.658,0,0,0,0,0,0,0,0,0
5,6/6/50,13:20,0,0,0,0,0,0,0,0,0,0,0,0,0,0,0,0,0,0,0,0,0
5,6/6/50,13:21,0,0,0,0,0,0,0,0,0,0,0,0,0,0,0,0,0,0,0,0,0
5,6/6/50,13:22,0,0,0,0,0,0,0,0,0,0,91.009,0,0,0,0,0,0,0,0,0,0
5,6/6/50,13:23,0,0,0,0,0,0,0,0,0,0,150.201,0,0,0,0,0,0,0,0,0,0
5,6/6/50,13:24,0,0,0,0,0,0,0,0,0,0,101.595,0,0,0,0,0,0,0,0,0,0
5,6/6/50,13:25,0,0,0,0,0,0,0,0,0,0,18.251,0,0,0,0,0,0,0,0,0,0
5,6/6/50,13:26,0,0,0,0,0,0,0,0,0,0,16.762,0,0,0,0,0,0,0,0,0,0
5,6/6/50,13:27,0,0,0,0,0,0,0,0,0,0,16.371,0,0,0,0,0,0,0,0,0,0
5,6/6/50,13:28,0,0,0,nan,nan,nan,nan,0,0,0,9.074,0,0,0,0,0,0,0,0,0,0
5,6/6/50,13:29,0,0,0,nan,nan,nan,nan,0,0,0,34.345,0,30.205,0,0,0,0,41.26,0,0,0
5,6/6/50,13:30,0,0,0,nan,nan,nan,nan,0,0,0,32.535,0,75.967,0,0,0,0,148.367,0,0,0
5,6/6/50,13:31,0,0,0,nan,nan,nan,nan,0,0,0,12.763,0,125.499,0,0,0,0,0,0,0,0
5,6/6/50,13:32,0,0,0,0,0,0,0,0,0,0,102.596,0,77.139,0,0,0,0,0,0,0,0
5,6/6/50,13:33,0,0,0,0,0,0,0,0,0,0,53.226,0,0,0,0,0,0,0,0,0,0
5,6/6/50,13:34,0,0,0,0,0,0,0,0,0,0,35.899,0,32.551,0,0,0,0,0,0,0,0
5,6/6/50,13:35,0,0,0,0,0,0,0,0,0,0,0,0,105.98,0,0,0,0,0,0,0,0
5,6/6/50,13:36,0,0,0,0,0,0,0,0,0,0,0,0,108.675,0,0,0,0,0,0,0,0
5,6/6/50,13:37,0,0,0,0,0,0,0,0,0,0,0,0,0,0,0,0,0,0,0,0,0
5,6/6/50,13:38,0,0,0,0,0,0,0,0,0,0,0,0,0,0,0,0,0,0,0,0,0
5,6/6/50,13:39,0,0,0,0,0,0,0,0,0,0,0,0,0,0,0,0,0,0,0,0,0
5,6/6/50,13:40,0,0,0,0,0,0,0,0,0,0,0,0,0,0,0,0,0,0,0,0,0
5,6/6/50,13:41,0,0,0,0,0,0,0,0,0,0,0,0,0,0,0,0,0,0,0,0,0
5,6/6/50,13:42,0,0,0,0,0,0,0,0,0,0,0,0,0,0,0,0,0,0,0,0,0
5,6/6/50,13:43,0,0,0,0,0,35.69,0,0,0,0,0,0,24.921,0,0,0,0,0,0,0,0
5,6/6/50,13:44,0,0,0,0,0,0,0,0,0,0,0,0,0,0,0,0,0,0,0,0,0
5,6/6/50,13:45,0,0,0,0,0,0,0,0,0,0,0,0,0,0,0,0,0,0,0,0,0
5,6/6/50,13:46,0,0,0,0,0,0,0,0,0,0,0,0,0,0,0,0,0,0,0,0,0
5,6/6/50,13:47,0,0,0,0,0,0,0,0,0,0,0,0,0,0,0,0,0,0,0,0,0
5,6/6/50,13:48,0,0,0,0,0,37.915,0,0,0,0,0,0,0,0,0,0,0,0,0,0,159.403
5,6/6/50,13:49,0,0,0,0,0,126.099,0,0,0,0,0,0,0,0,0,0,0,0,0,0,70.356
5,6/6/50,13:50,0,0,0,0,0,140.511,0,0,0,0,0,0,0,0,0,0,0,0,0,0,46.483
5,6/6/50,13:51,0,0,0,0,0,83.502,0,0,0,0,0,0,0,0,0,0,0,0,0,0,0
5,6/6/50,13:52,0,0,0,0,0,0,0,0,0,0,0,0,0,0,0,0,122.909,0,0,0,0
5,6/6/50,13:53,0,0,0,0,0,0,0,0,0,0,0,0,0,0,0,0,151.034,0,0,0,0
5,6/6/50,13:54,0,0,0,0,0,0,0,0,0,0,0,0,0,0,0,0,141.78,0,0,0,74.857
5,6/6/50,13:55,0,0,0,0,0,0,0,0,0,0,0,0,0,0,0,0,94.616,0,0,0,0
5,6/6/50,13:56,0,0,0,0,0,0,0,0,0,0,0,0,0,0,0,0,166.539,0,0,0,0
5,6/6/50,13:57,0,0,0,0,0,0,0,0,0,0,0,0,0,0,0,0,0,0,0,0,110.416
5,6/6/50,13:58,0,0,0,0,0,0,0,0,0,0,0,0,0,0,0,0,47.508,0,0,0,153.188
5,6/6/50,13:59,0,0,0,0,0,0,0,45.581,0,0,0,0,0,0,0,0,178.381,0,0,0,0
5,6/6/50,14:00,0,0,0,0,0,0,0,0,0,0,0,0,0,0,0,0,111.698,0,0,0,60.043
5,6/6/50,14:01,0,0,0,0,0,30.186,0,0,0,0,0,0,0,0,0,0,97.313,0,0,0,82.853
5,6/6/50,14:02,0,0,0,0,0,3.179,0,0,0,0,0,0,0,0,0,0,14.959,0,0,0,174.565
5,6/6/50,14:03,0,0,0,0,0,94.385,0,0,0,0,0,0,0,0,0,0,116.619,0,0,0,170.907
5,6/6/50,14:04,0,0,0,0,0,19.257,0,0,0,0,0,0,0,0,0,0,119.134,0,0,0,142.876
5,6/6/50,14:05,0,0,0,0,0,0,0,0,0,0,0,0,0,0,0,0,128.015,0,0,0,121.033
5,6/6/50,14:06,0,0,0,0,0,0,0,0,0,0,0,0,0,0,0,0,140.476,0,0,0,95.414
5,6/6/50,14:07,0,0,0,0,0,0,0,0,0,0,0,0,0,0,0,0,50.222,0,0,0,0
5,6/6/50,14:08,0,0,0,0,0,0,0,0,0,0,0,0,0,0,0,0,0,0,0,0,0
5,6/6/50,14:09,0,0,0,0,0,0,0,0,0,0,0,0,0,0,0,0,0,0,0,0,0
5,6/6/50,14:10,0,0,0,0,0,0,0,0,0,0,0,0,0,0,0,0,0,0,0,0,0
5,6/6/50,14:11,0,0,0,0,0,127.787,0,0,0,0,0,0,0,0,0,0,0,0,0,0,0
5,6/6/50,14:12,0,0,0,0,0,50.402,0,0,0,0,0,0,0,0,0,0,0,0,0,0,0
5,6/6/50,14:13,0,0,0,0,0,0,0,0,0,0,0,0,0,0,0,0,0,0,0,0,0
5,6/6/50,14:14,0,0,0,0,0,0,0,0,0,0,0,0,0,0,0,0,0,0,0,0,0
5,6/6/50,14:15,0,0,0,0,0,0,0,0,0,0,0,0,0,0,0,0,0,0,0,0,0
5,6/6/50,14:16,0,0,0,0,0,0,0,0,0,0,0,0,0,0,0,0,0,0,0,0,0
5,6/6/50,14:17,0,0,0,0,0,0,0,0,0,0,0,0,0,0,0,0,0,0,0,0,0
5,6/6/50,14:18,0,0,0,0,0,0,0,0,0,0,0,0,0,0,0,0,0,0,0,0,0
5,6/6/50,14:19,0,0,0,0,0,0,0,0,0,0,0,0,0,0,0,0,0,0,0,0,54.189
5,6/6/50,14:20,0,0,0,0,0,0,0,0,0,0,0,0,0,0,0,0,24.531,0,0,0,134.143
5,6/6/50,14:21,0,0,0,0,0,0,0,0,0,0,0,0,0,0,0,0,0,0,0,0,0
5,6/6/50,14:22,0,0,0,0,0,0,0,0,0,0,0,0,0,0,0,0,0,0,0,0,0
5,6/6/50,14:23,0,0,0,0,0,0,0,0,0,0,0,0,0,0,0,0,0,0,0,0,0
5,6/6/50,14:24,0,0,0,0,0,0,0,0,0,0,0,0,0,0,0,0,0,0,0,0,0
5,6/6/50,14:25,0,0,0,0,0,0,0,0,0,0,0,0,0,0,0,0,0,0,0,0,0
5,6/6/50,14:26,0,0,0,0,0,0,0,0,0,0,0,0,0,0,0,0,0,0,0,0,0
5,6/6/50,14:27,0,0,24.698,0,0,0,0,0,0,0,0,0,0,0,0,0,0,0,0,0,0
5,6/6/50,14:28,0,0,56.344,0,0,0,0,0,0,0,0,0,0,0,0,0,0,0,0,0,0
5,6/6/50,14:29,0,0,56.886,0,0,0,0,0,0,0,0,0,0,0,0,0,0,0,0,0,0
5,6/6/50,14:30,0,0,0,0,0,0,0,0,0,0,0,0,0,0,0,0,0,0,0,0,0
5,6/6/50,14:31,0,0,58.796,0,0,0,0,0,0,0,0,0,0,0,0,0,0,0,0,0,0
5,6/6/50,14:32,0,0,1.134,0,0,0,0,0,0,41.316,0,0,0,0,0,0,0,0,0,0,0
5,6/6/50,14:33,0,0,83.945,0,0,0,0,0,0,16.626,0,0,0,0,0,0,0,0,0,0,0
5,6/6/50,14:34,0,0,81.499,0,0,0,0,0,0,20.749,0,0,0,0,0,0,0,0,0,0,0
5,6/6/50,14:35,0,0,0,0,0,0,0,0,0,15.801,0,0,0,0,0,0,0,0,0,0,0
5,6/6/50,14:36,0,0,0,0,0,0,0,0,0,19.688,0,0,0,0,0,0,0,0,0,0,0
5,6/6/50,14:37,0,0,5.281,0,0,0,0,0,0,73.229,0,0,0,0,0,0,0,0,0,0,0
5,6/6/50,14:38,0,0,0,0,0,0,0,0,0,50.552,0,0,0,0,0,0,0,0,0,0,0
5,6/6/50,14:39,0,0,26.22,0,0,0,0,0,0,0,0,0,0,0,0,0,0,0,0,0,0
5,6/6/50,14:40,0,0,8.98,0,0,0,0,0,68.553,0,0,0,0,0,0,0,0,0,0,0,0
5,6/6/50,14:41,0,0,0.738,0,0,0,0,0,38.439,0,0,0,0,0,0,0,0,0,16.549,0,0
5,6/6/50,14:42,0,0,36.014,0,0,0,0,0,14.02,0,0,0,0,0,0,0,0,0,102.741,0,0
5,6/6/50,14:43,0,0,63.089,0,0,0,0,0,0,0,0,0,0,0,0,0,0,0,0,0,0
5,6/6/50,14:44,0,0,138.14,0,0,0,0,0,0,0,0,0,0,0,0,0,0,0,147.535,0,0
5,6/6/50,14:45,0,0,103.173,0,0,0,0,0,23.984,0,0,0,0,0,0,0,0,0,57.188,0,0
5,6/6/50,14:46,0,0,88.898,0,0,0,0,0,0,0,62.553,0,0,0,0,0,0,0,0,0,0
5,6/6/50,14:47,0,0,63.525,2.108,0,0,0,0,33.587,0,27.101,0,0,0,0,0,0,0,0,0,0
5,6/6/50,14:48,0,0,0,84.092,0,0,0,0,4.444,48.415,17.002,0,0,0,0,0,0,0,0,0,0
5,6/6/50,14:49,0,0,78.488,88.453,0,0,0,0,1.806,27.236,26.106,0,0,0,0,0,0,0,0,0,0
5,6/6/50,14:50,0,0,125.295,248.208,0,0,0,0,20.929,13.922,12.036,0,0,0,0,0,0,0,0,0,0
5,6/6/50,14:51,0,0,88.22,130.332,0,0,0,0,0,36.882,26.804,0,0,0,0,0,0,0,59.98,0,0
5,6/6/50,14:52,0,0,50.871,103.915,0,0,0,0,0.152,0,55.332,0,0,0,0,0,0,0,221.631,0,0
5,6/6/50,14:53,0,0,0,88.805,25.936,0,0,0,15.312,0,15.216,0,0,40.035,0,0,0,0,0,0,0
5,6/6/50,14:54,0,0,19.484,0,0,0,0,0,0,0,17.229,0,0,12.514,0,0,0,0,0,0,0
5,6/6/50,14:55,0,0,42.755,0,75.329,0,0,0,0,0,20.115,0,0,18.219,0,0,0,0,0,0,0
5,6/6/50,14:56,0,0,0,0,0,0,0,nan,nan,nan,22.656,0,0,15.456,17.658,0,0,0,0,0,0
5,6/6/50,14:57,0,0,83.352,0,0,0,0,nan,nan,nan,65.956,0,0,19.797,53.829,0,0,0,0,0,0
5,6/6/50,14:58,0,0,31.996,0,0,0,0,nan,nan,nan,154.923,0,0,24.103,135.692,0,0,0,0,0,0
5,6/6/50,14:59,0,0,0,0,0,0,0,nan,nan,nan,47.914,0,0,28.811,94.863,0,0,0,0,0,0
5,6/6/50,15:00,0,0,0,0,0,0,0,nan,nan,nan,39.091,0,81.708,16.322,0,0,0,0,0,0,0
5,6/6/50,15:01,0,0,0,0,119.585,0,0,nan,nan,nan,0,0,3.688,18.82,0,0,0,0,0,0,0
5,6/6/50,15:02,0,0,0,0,0,0,0,nan,nan,nan,0,0,48.198,23.443,0,0,0,0,0,0,0
5,6/6/50,15:03,0,0,0,0,0,0,0,nan,nan,nan,0,0,0,26.872,0,0,0,0,0,0,0
5,6/6/50,15:04,0,0,0,0,0,0,0,nan,nan,nan,0,0,0,113.285,0,0,0,0,0,0,0
5,6/6/50,15:05,0,0,0,0,0,0,0,nan,nan,nan,0,0,0,35.101,0,0,0,0,0,0,0
5,6/6/50,15:06,0,0,0,0,0,0,0,nan,nan,nan,0,0,0,69.826,0,0,0,0,0,0,0
5,6/6/50,15:07,0,0,0,0,0,0,0,nan,nan,nan,0,0,0,61.785,0,0,0,0,0,0,0
5,6/6/50,15:08,0,0,0,0,0,0,0,nan,nan,nan,0,0,0,0,0,0,0,0,0,0,0
5,6/6/50,15:09,0,0,0,0,0,0,0,nan,nan,nan,0,0,0,0,0,0,0,0,0,0,0
5,6/6/50,15:10,0,0,0,0,32.32,0,0,nan,nan,nan,0,0,24.432,0,0,0,0,0,0,0,0
5,6/6/50,15:11,0,0,0,0,0,0,0,nan,nan,nan,0,0,0,2.57,0,0,0,0,0,0,0
5,6/6/50,15:12,0,0,0,0,0,0,0,nan,nan,nan,0,0,0,31.356,0,0,0,0,0,0,0
5,6/6/50,15:13,0,0,0,0,0,0,0,nan,nan,nan,0,0,0,35.624,0,0,0,0,0,0,0
5,6/6/50,15:14,26.098,0,0,0,0,0,0,nan,nan,nan,0,0,0,0,0,0,0,0,0,0,0
5,6/6/50,15:15,140.011,0,0,0,0,0,0,nan,nan,nan,0,0,0,0,0,0,0,0,0,0,24.133
5,6/6/50,15:16,33.347,0,0,0,0,0,0,nan,nan,nan,0,0,0,0,0,0,0,0,0,0,0
5,6/6/50,15:17,33.022,0,0,0,0,0,0,nan,nan,nan,0,0,0,0,0,0,0,0,0,0,0
5,6/6/50,15:18,28.999,0,0,0,0,0,0,nan,nan,nan,0,0,0,0,0,0,0,0,0,0,0
5,6/6/50,15:19,34.218,0,0,0,0,0,0,nan,nan,nan,0,0,0,0,0,0,0,0,0,0,0
5,6/6/50,15:20,10.066,0,0,0,0,0,0,nan,nan,nan,0,0,0,0,0,0,0,0,0,0,0
5,6/6/50,15:21,21.124,0,0,0,0,0,0,nan,nan,nan,0,0,0,0,0,0,0,0,0,0,0
5,6/6/50,15:22,94.678,0,0,0,0,0,0,nan,nan,nan,0,0,0,0,0,0,0,0,0,0,0
5,6/6/50,15:23,77.445,0,0,0,0,0,0,nan,nan,nan,0,0,0,0,0,0,0,0,0,0,0
5,6/6/50,15:24,96.435,0,0,0,0,0,0,nan,nan,nan,0,0,0,0,0,0,0,0,0,0,0
5,6/6/50,15:25,20.366,0,0,0,0,0,0,nan,nan,nan,0,0,0,0,0,0,0,0,0,0,0
5,6/6/50,15:26,0,0,0,0,0,0,0,nan,nan,nan,0,0,0,0,0,0,0,0,0,0,0
5,6/6/50,15:27,0,0,0,0,0,0,0,nan,nan,nan,0,0,0,0,0,0,0,0,0,0,0
5,6/6/50,15:28,0,0,0,0,0,0,0,nan,nan,nan,0,0,0,0,0,0,0,0,0,0,0
5,6/6/50,15:29,0,0,0,0,0,0,44.541,nan,nan,nan,0,0,0,0,0,0,0,0,0,0,0
5,6/6/50,15:30,0,0,0,0,0,0,29.593,nan,nan,nan,0,0,0,0,0,0,0,0,0,0,0
5,6/6/50,15:31,0,0,0,0,0,0,148.703,nan,nan,nan,0,0,0,0,0,0,0,0,0,0,0
5,6/6/50,15:32,0,0,0,0,0,25.786,68.771,nan,nan,nan,0,0,0,0,0,0,0,0,0,0,0
5,6/6/50,15:33,0,0,0,0,0,0,80.442,nan,nan,nan,0,0,0,0,0,0,0,0,0,0,0
5,6/6/50,15:34,0,0,0,0,0,0,37.07,nan,nan,nan,0,0,0,0,0,0,0,0,0,0,0
5,6/6/50,15:35,0,0,0,0,0,0,41.508,nan,nan,nan,0,0,0,0,0,0,0,0,0,0,34.514
5,6/6/50,15:36,0,0,0,0,0,0,46.173,nan,nan,nan,0,0,0,0,0,0,0,0,0,0,0
5,6/6/50,15:37,0,0,0,0,0,0,5.486,nan,nan,nan,0,0,0,0,0,0,0,0,0,0,0
5,6/6/50,15:38,0,0,0,0,0,0,26.206,nan,nan,nan,0,0,0,0,0,0,0,0,0,0,0
5,6/6/50,15:39,0,0,0,0,0,0,0,nan,nan,nan,0,0,0,0,0,0,0,0,0,0,0
5,6/6/50,15:40,0,0,0,0,0,0,0,nan,nan,nan,0,0,0,0,0,0,0,0,0,0,0
5,6/6/50,15:41,0,0,0,0,0,0,0,nan,nan,nan,0,0,0,0,0,0,0,0,0,0,0
5,6/6/50,15:42,0,0,0,0,0,0,0,nan,nan,nan,0,0,0,0,0,0,0,0,0,0,0
5,6/6/50,15:43,0,0,0,0,0,35.705,0,nan,nan,nan,0,0,0,0,0,0,0,0,0,0,0
5,6/6/50,15:44,0,0,0,0,0,0,0,nan,nan,nan,0,0,0,0,0,0,0,0,0,0,0
5,6/6/50,15:45,0,0,0,0,0,0,0,nan,nan,nan,0,0,0,0,0,0,0,0,0,0,0
5,6/6/50,15:46,0,0,0,25.122,0,0,0,nan,nan,nan,0,0,0,0,0,0,0,0,0,0,0
5,6/6/50,15:47,0,0,0,143.678,0,0,0,nan,nan,nan,0,0,0,0,0,0,0,0,0,0,0
5,6/6/50,15:48,0,0,0,166.957,0,0,0,nan,nan,nan,0,0,0,0,0,0,26.174,0,0,0,0
5,6/6/50,15:49,0,0,0,49.176,0,0,0,nan,nan,nan,0,0,0,0,0,0,0,0,0,0,0
5,6/6/50,15:50,0,0,0,0,0,0,0,nan,nan,nan,0,0,26.801,0,0,103.973,0,0,0,0,0
5,6/6/50,15:51,0,0,0,0,0,0,0,0,0,0,0,0,29.428,0,0,0,0,0,0,0,0
5,6/6/50,15:52,0,0,0,0,0,0,0,0,0,0,0,0,0,0,0,125.969,0,0,0,0,0
5,6/6/50,15:53,0,0,0,0,0,0,0,0,0,0,0,0,0,0,0,160.988,0,0,0,0,0
5,6/6/50,15:54,0,0,0,0,0,0,0,0,0,0,0,0,0,0,0,0,0,0,0,0,0
5,6/6/50,15:55,0,68.447,0,0,0,0,0,0,0,0,0,0,0,0,0,0,0,0,0,0,0
5,6/6/50,15:56,0,16.338,2.907,43.314,0,0,0,0,0,0,0,0,0,0,0,0,0,0,0,0,0
5,6/6/50,15:57,0,45.748,9.024,162.419,0,0,0,0,0,0,0,0,0,0,0,159.603,0,0,0,0,0
5,6/6/50,15:58,0,71.723,22.386,120.561,0,0,0,0,0,0,0,157.731,0,0,0,229.791,161.344,0,0,0,0
5,6/6/50,15:59,0,87.594,30.762,87.406,0,0,0,0,0,0,0,195.134,0,0,0,64.557,24.596,0,0,0,0
5,6/6/50,16:00,0,70.836,14.229,138.283,0,0,0,0,0,0,0,4.719,0,95.598,0,151.698,0,0,0,0,0
5,6/6/50,16:01,0,140.305,15.047,72.636,0,0,0,0,0,0,0,63.913,0,147.113,0,20.134,111.397,0,0,0,0
5,6/6/50,16:02,0,59.157,20.543,0,0,0,0,0,0,0,83.379,150.976,0,26.604,0,0,32.177,0,0,26.751,0
5,6/6/50,16:03,0,41.188,32.466,96.765,0,0,0,0,0,0,12.644,174.706,0,29.318,0,0,0,0,0,57.868,0
5,6/6/50,16:04,0,20.118,0,132.371,0,0,0,0,0,0,20.469,135.394,0,23.386,0,0,0,0,0,147.882,0
5,6/6/50,16:05,0,43.722,27.046,174.449,0,0,0,0,0,0,23.294,14.318,0,25.829,0,0,0,0,0,136.686,0
5,6/6/50,16:06,0,33.251,59.026,58.092,0,0,0,0,0,0,24.932,110.577,0,25.882,0,0,0,0,0,200.058,0
5,6/6/50,16:07,0,43.493,103.953,0,23.825,0,0,0,0,0,12.635,90.554,0,40.506,0,0,0,0,0,155.259,0
5,6/6/50,16:08,0,48.458,111.667,0,0,0,0,0,0,0,36.087,34.694,0,31.045,0,0,0,0,0,80.842,0
5,6/6/50,16:09,0,0,12.598,22.111,0,0,0,0,0,0,35.741,43.359,0,35.915,0,0,0,0,0,0,0
5,6/6/50,16:10,0,0,15.889,48.071,0,0,0,0,0,0,23.409,0,0,42.33,0,0,0,0,0,81.515,0
5,6/6/50,16:11,0,0,77.147,28.413,0,0,0,0,0,0,64.314,157.75,0,31.7,0,0,0,0,0,109.089,0
5,6/6/50,16:12,0,0,34.895,41.77,0,0,0,0,0,0,37.432,130.655,0,31.429,0,0,0,0,0,0,0
5,6/6/50,16:13,0,0,0,63.984,115.287,0,0,0,0,0,65.401,85.181,0,0,0,0,88.402,0,0,0,0
5,6/6/50,16:14,0,0,0,41.519,48.194,0,0,0,0,0,30.794,192.034,0,0,0,0,0,0,0,0,23.42
5,6/6/50,16:15,0,0,0,46.569,0,0,0,0,0,0,45.294,42.177,0,0,0,0,0,0,0,0,0
5,6/6/50,16:16,0,0,0,0,0,0,0,0,63.409,0,46.252,0,0,0,0,0,0,25.947,0,0,0
5,6/6/50,16:17,28.414,0,0,163.17,0,0,0,0,0,0,0,0,0,0,0,0,0,107.788,0,0,0
5,6/6/50,16:18,31.313,0,0,197.809,0,0,0,0,0,0,0,38.386,0,0,0,0,0,145.323,0,0,0
5,6/6/50,16:19,8.493,0,0,119.449,41.199,0,0,0,0,0,0,124.231,0,0,0,0,0,120.579,0,0,0
5,6/6/50,16:20,102.021,0,0,191.927,0,0,0,0,0,0,0,204.294,0,0,0,0,0,140.935,0,0,0
5,6/6/50,16:21,72.454,0,0,31.757,0,0,0,0,0,0,0,149.207,0,0,0,0,0,152.366,24.523,0,0
5,6/6/50,16:22,30.812,0,0,149.009,0,0,0,0,56.303,0,0,26.827,0,0,0,0,0,131.602,40.035,0,0
5,6/6/50,16:23,0,0,0,75.497,0,0,0,0,0,0,0,0,0,0,0,0,0,32.769,42.515,0,0
5,6/6/50,16:24,0,0,0,111.065,0,30.107,0,0,0,0,0,0,0,0,0,0,0,101.946,0,0,0
5,6/6/50,16:25,0,0,0,101.228,0,0,0,0,0,0,0,0,0,0,0,0,0,39.639,0,0,0
5,6/6/50,16:26,0,0,0,9.17,0,0,0,0,88.982,0,0,0,0,0,0,0,0,156.413,0,0,0
5,6/6/50,16:27,0,0,0,59.571,0,0,0,0,147.43,0,0,0,0,0,0,0,0,99.015,0,0,0
5,6/6/50,16:28,0,0,0,34.742,0,0,0,0,43.276,0,0,0,0,0,87.49,0,0,13.944,0,0,0
5,6/6/50,16:29,0,0,0,99.024,0,0,0,0,0,0,0,0,0,0,92.329,0,0,153.437,53.22,0,0
5,6/6/50,16:30,0,0,0,65.006,0,20.646,0,0,0,0,0,0,0,0,109.49,0,0,153.706,26.944,0,0
5,6/6/50,16:31,0,0,0,0,0,124.237,0,0,0,0,0,0,0,0,78.69,0,0,35.507,53.9,0,0
5,6/6/50,16:32,0,0,0,0,0,60.004,0,0,0,0,0,0,0,0,33.064,0,0,65.418,46.662,0,117.836
5,6/6/50,16:33,0,0,0,0,0,0,0,0,0,25.732,0,0,0,0,50.554,0,0,53.104,0,0,68.532
5,6/6/50,16:34,0,0,0,0,0,0,0,0,67.328,67.781,0,0,0,0,29.308,0,0,146.762,36.833,0,0
5,6/6/50,16:35,0,0,0,0,0,0,0,21.775,93.807,117.619,0,0,0,0,0,0,0,152.284,0,0,0
5,6/6/50,16:36,0,0,0,0,0,0,97.198,5.274,101.066,154.712,0,0,31.389,0,82.244,0,0,0,0,0,0
5,6/6/50,16:37,0,0,0,0,0,0,129.621,147.719,67.647,174.619,0,0,78.686,31.479,118.651,0,0,0,0,0,0
5,6/6/50,16:38,0,0,0,0,0,0,87.009,146.845,67.323,25.238,0,0,56.336,0,76.241,0,0,0,0,0,0
5,6/6/50,16:39,0,0,0,0,0,39.659,105.682,79.242,0,27.145,0,0,12.45,0,0,0,0,0,0,0,0
5,6/6/50,16:40,0,0,0,0,0,0,17.19,168.462,58.639,0,0,0,0,0,0,0,0,0,0,0,0
5,6/6/50,16:41,0,0,0,0,0,108.273,88.326,173.223,86.155,0,0,0,0,0,0,0,0,0,0,0,0
5,6/6/50,16:42,0,0,0,0,0,49.361,177.317,41.119,98.991,0,0,0,0,0,0,0,0,0,0,0,0
5,6/6/50,16:43,0,0,0,0,0,55.754,119.026,132.886,30.531,0,0,0,0,0,0,0,0,0,0,0,0
5,6/6/50,16:44,27.586,0,0,0,0,0,140.306,90.399,0,0,0,0,0,0,0,0,0,0,0,0,0
5,6/6/50,16:45,20.626,0,0,0,0,0,35.37,0,0,0,0,0,0,0,0,0,0,0,12.415,0,0
5,6/6/50,16:46,38.549,0,0,0,0,0,37.276,0,0,0,0,0,80.755,0,0,0,0,0,35.504,0,0
5,6/6/50,16:47,0,0,0,0,0,0,26.113,0,81.162,0,0,0,0,0,0,0,0,0,0,0,0
5,6/6/50,16:48,0,0,0,0,0,27.658,22.287,0,71.364,0,0,0,0,0,0,0,0,0,0,0,0
5,6/6/50,16:49,0,0,0,0,0,38.406,38.223,0,25.42,0,0,0,0,0,0,0,0,0,0,0,0
5,6/6/50,16:50,0,0,0,0,0,0,55.618,0,48.101,0,0,0,0,0,0,0,0,0,0,0,0
5,6/6/50,16:51,0,0,0,0,0,0,128.713,0,0,0,0,0,0,108.008,0,0,0,0,0,0,24.984
5,6/6/50,16:52,nan,nan,nan,0,25.64,0,88.308,0,28.677,0,98.502,0,0,74.584,0,0,0,0,0,0,0
5,6/6/50,16:53,nan,nan,nan,0,101.646,0,0,0,70.332,0,49.574,0,0,0,0,0,0,0,0,0,0
5,6/6/50,16:54,nan,nan,nan,0,194.43,0,84.661,0,60.554,0,105.103,0,0,28.829,0,0,28.46,0,0,0,0
5,6/6/50,16:55,nan,nan,nan,0,13.059,0,108.504,0,34.419,0,132.933,0,0,0,0,0,16.569,0,0,0,0
5,6/6/50,16:56,nan,nan,nan,0,0,0,31.441,0,83.099,0,76.006,0,0,0,0,0,0,0,0,0,0
5,6/6/50,16:57,nan,nan,nan,0,39.48,0,94.14,0,26.133,0,88.079,0,0,0,0,0,0,0,0,0,0
5,6/6/50,16:58,nan,nan,nan,0,82.917,0,119.139,0,87.496,0,159.22,0,0,0,0,0,0,0,0,0,0
5,6/6/50,16:59,nan,nan,nan,0,122.65,0,81.297,0,27.251,0,60.737,0,0,0,0,0,0,0,0,0,0
5,6/6/50,17:00,nan,nan,nan,0,181.395,0,82.729,0,0,0,33.978,0,0,0,0,0,0,0,0,0,0
5,6/6/50,17:01,nan,nan,nan,0,15.136,0,0,0,0,0,29.591,0,0,0,0,0,0,0,0,32.924,0
5,6/6/50,17:02,nan,nan,nan,0,0,0,0,0,0,0,31.724,0,0,0,0,0,0,0,0,16.953,0
5,6/6/50,17:03,0,0,26.365,0,0,0,0,0,0,0,34.636,0,0,0,0,0,86.244,0,0,99.49,0
5,6/6/50,17:04,0,0,95.916,0,50.758,0,0,0,0,0,42.595,0,0,0,0,0,134.041,0,0,135.208,44.471
5,6/6/50,17:05,0,0,130.88,0,132.613,0,0,0,0,0,22.3,0,0,0,0,0,156.475,0,0,74.487,162.098
5,6/6/50,17:06,0,0,0,0,209.353,0,0,0,0,0,41.126,0,0,0,0,0,171.224,0,0,127.058,0
5,6/6/50,17:07,0,0,0,0,67.672,0,0,0,0,0,44.944,0,0,0,0,0,193.164,0,0,0,0
5,6/6/50,17:08,0,0,144.523,0,39.428,0,0,0,0,0,0,0,0,0,0,0,77.098,0,0,0,0
5,6/6/50,17:09,0,0,118.39,0,0,0,0,0,0,0,0,0,0,0,0,0,0,0,0,0,0
5,6/6/50,17:10,0,0,139.486,0,0,0,0,0,0,0,0,0,0,0,0,0,0,0,0,0,40.991
5,6/6/50,17:11,0,0,133.784,0,0,0,0,0,0,0,0,0,0,0,0,0,0,0,0,0,0
5,6/6/50,17:12,0,0,11.365,0,0,0,0,0,0,0,0,0,0,0,0,0,0,0,0,0,0
5,6/6/50,17:13,0,0,39.757,0,0,0,0,0,0,0,0,0,54.69,0,0,0,0,0,0,0,0
5,6/6/50,17:14,20.868,0,157.796,0,0,0,0,0,0,0,0,0,0,0,0,0,0,0,0,0,0
5,6/6/50,17:15,133.034,0,114.265,0,0,0,0,0,0,52.385,0,0,0,0,0,0,0,0,0,0,0
5,6/6/50,17:16,49.552,0,60.398,0,0,0,0,0,0,0,0,0,0,0,0,71.349,0,0,0,0,0
5,6/6/50,17:17,83.099,0,0,0,0,23.549,0,0,0,0,0,0,0,0,0,29.36,0,0,0,0,0
5,6/6/50,17:18,163.224,0,115.189,0,0,0,0,0,0,0,0,0,0,0,0,0,0,0,0,0,0
5,6/6/50,17:19,145.235,0,21.53,0,0,0,0,0,0,0,0,0,0,0,0,0,0,0,0,0,0
5,6/6/50,17:20,79.716,0,0,0,0,0,0,72.77,0,0,0,0,0,0,0,0,36.954,0,0,0,23.609
5,6/6/50,17:21,101.249,0,123.199,0,0,0,0,97.851,0,0,0,0,0,0,23.344,0,0,0,0,0,30.251
5,6/6/50,17:22,75.003,81.109,99.399,0,0,0,0,78.511,0,0,0,0,27.441,0,60.246,0,0,0,0,0,0
5,6/6/50,17:23,26.413,145.983,0,0,0,0,0,100.687,0,0,0,0,71.958,30.167,109.711,0,0,0,0,0,0
5,6/6/50,17:24,71.23,73.897,0,0,0,36.456,0,63.407,0,0,0,0,93.803,0,41.148,0,0,0,0,0,0
5,6/6/50,17:25,155.348,71.852,17.938,0,0,79.588,0,0,0,0,0,0,96.808,0,131.946,0,0,0,0,0,0
5,6/6/50,17:26,15.262,175.732,92.65,0,0,0,0,0,0,0,0,0,180.407,0,200.717,0,0,0,0,0,33.989
5,6/6/50,17:27,26.655,143.484,0,0,0,0,0,122.556,0,0,37.972,46.013,129.953,0,90.528,0,0,0,0,0,108.793
5,6/6/50,17:28,39.221,40.218,0,0,0,0,0,61.267,0,0,12.706,177.183,175.428,0,0,0,0,0,0,0,92.08
5,6/6/50,17:29,31.569,41.029,0,0,0,0,0,96.829,0,0,13.163,123.026,0,0,41.1,0,0,0,23.607,0,0
5,6/6/50,17:30,27.847,0,0,0,0,0,56.705,90.26,0,0,118.463,54.225,0,0,106.504,0,0,0,0,0,0
5,6/6/50,17:31,22.822,0,0,75.089,0,0,0,132.417,0,0,43.534,142.634,0,0,117.327,0,0,0,0,0,0
5,6/6/50,17:32,43.811,0,0,167.012,0,0,0,59.376,0,0,44.514,96.055,0,0,31.611,0,0,0,0,29.046,0
5,6/6/50,17:33,62.879,0,0,128.545,121.506,0,0,149.313,0,0,22.613,99.458,22.851,0,0,0,0,0,0,121.25,0
5,6/6/50,17:34,0,0,0,90.262,0,0,0,23.722,0,79.177,17.885,0,33.141,0,0,0,0,0,0,48.526,0
5,6/6/50,17:35,0,0,0,0.253,0,0,0,61.772,0,120.096,86.222,0,0,0,0,0,0,0,0,0,0
5,6/6/50,17:36,0,0,0,76.003,39.281,0,66.286,99.663,0,25.357,29.005,0,0,106.954,0,0,0,0,0,46.818,0
5,6/6/50,17:37,0,0,0,152.451,67.548,0,25.836,139.172,0,56.371,0,0,0,40.09,0,0,0,0,0,141.962,0
5,6/6/50,17:38,0,0,0,93.586,55.388,53.785,120.221,87.448,0,0,0,0,0,84.737,0,0,0,0,46.409,108.287,0
5,6/6/50,17:39,0,0,0,64.429,51.259,0,67.69,99.922,0,104.806,0,0,0,82.356,0,0,0,0,0,0,0
5,6/6/50,17:40,0,0,0,119.467,48.079,0,158.888,117.628,0,44.647,0,0,0,25.624,0,0,0,99.544,0,82.169,24.49
5,6/6/50,17:41,0,0,0,18.332,143.322,0,90.951,50.137,0,48.327,0,0,0,29.837,0,0,0,120.609,0,57.536,0
5,6/6/50,17:42,0,0,0,34.057,100.898,0,79.959,0,0,86.803,0,0,0,28.558,0,0,0,107.315,0,103.056,0
5,6/6/50,17:43,0,0,0,0,0,74.052,0,0,0,58.977,0,0,0,25.799,0,0,0,65.957,0,61.724,0
5,6/6/50,17:44,0,0,0,0,69.398,80.525,24.956,0,0,92.421,0,0,0,0,0,0,0,78.674,0,0,0
5,6/6/50,17:45,0,0,0,0,21.931,21.923,118.302,0,78.551,81.264,0,0,0,0,0,0,0,108.171,0,0,0
5,6/6/50,17:46,0,0,0,0,84.527,0,69.675,0,12.698,71.038,0,0,0,0,0,0,0,53.381,0,0,0
5,6/6/50,17:47,0,0,0,0,79.577,0,24.503,0,78.425,13.562,0,0,0,0,0,0,0,70.946,0,0,0
5,6/6/50,17:48,0,0,0,0,58.096,0,72.174,0,23.499,18.426,0,0,0,0,0,0,0,53.475,0,0,22.946
5,6/6/50,17:49,0,0,0,0,41.816,0,72.007,0,31.921,15.877,0,0,0,0,0,0,0,80.811,0,0,67.227
5,6/6/50,17:50,0,0,0,0,0,0,0,0,0,12.62,0,78.793,0,94.608,0,0,0,106.076,0,0,42.413
5,6/6/50,17:51,0,0,0,0,0,0,0,0,0,14.037,0,40.714,0,66.016,0,0,0,89.504,0,0,22.903
5,6/6/50,17:52,0,0,0,0,0,0,0,0,25.199,11.322,0,192.901,0,0,0,0,0,94.791,0,0,21.282
5,6/6/50,17:53,0,0,0,0,0,0,0,0,57.272,62.023,0,111.686,0,0,0,120.496,0,0,0,0,132.654
5,6/6/50,17:54,0,0,2.013,0,0,0,0,0,0,0,0,125.048,0,0,0,189.754,0,0,0,0,79.654
5,6/6/50,17:55,0,0,99.38,0,0,0,0,0,0,0,0,164.162,0,0,0,236.832,0,0,0,0,142.909
5,6/6/50,17:56,0,0,80.914,0,0,0,0,0,0,0,0,191.627,0,0,0,0,0,0,0,0,0
5,6/6/50,17:57,0,0,0,0,0,0,0,0,71.397,0,3.656,124.491,0,0,0,0,27.602,0,0,0,34.586
5,6/6/50,17:58,0,2.498,0,52.66,0,0,0,0,63.88,0,35.758,31.664,0,0,0,0,0,0,24.271,0,145.94
5,6/6/50,17:59,52.692,116.982,85.83,106.921,0,0,0,0,0,0,12.015,46.537,0,0,0,0,0,0,0,0,73.676
5,6/6/50,18:00,102.966,134.504,30.283,7.582,0,0,0,0,0,0,34.125,29.412,48.536,0,0,0,0,0,0,0,171.357
5,6/6/50,18:01,64.712,207.081,14.683,115.39,0,0,0,0,0,0,61.614,26.601,63.866,23.56,0,0,120.038,0,0,0,0
5,6/6/50,18:02,82.662,35.024,108.525,46.916,0,0,0,0,0,0,19.62,58.471,27.824,0,0,107.111,29.187,0,0,0,0
5,6/6/50,18:03,98.323,213.732,62.153,39.885,0,23.529,6.216,0,0,0,25.986,32.88,0,0,0,116.553,20.532,0,0,0,92.686
5,6/6/50,18:04,162.098,189.543,184.408,268.077,0,0,237.65,0,0,0,36.155,124.181,0,0,0,202.386,42.022,0,0,0,35.065
5,6/6/50,18:05,89.11,191.07,126.899,126.718,0,68.64,194.108,0,0,48.34,23.787,24.489,103.593,0,0,142.954,0,0,0,0,91.512
5,6/6/50,18:06,208.554,240.899,220.755,88.879,0,77.346,111.586,55.436,0,112.446,159.614,145.523,107.343,0,0,137.396,0,0,175.928,0,242.334
5,6/6/50,18:07,165.59,285.607,104.274,99.8,0,64.2,107.38,139.975,0,50.619,178.267,140.752,152.64,0,0,193.86,226.026,0,133.84,0,138.866
5,6/6/50,18:08,128.991,149.57,188.84,88.078,40.184,0,119.791,154.375,0,87.904,50.273,98.495,137.146,130.059,0,0,207.277,0,65.437,203.412,225.304
5,6/6/50,18:09,15.564,155.991,82.749,56.68,0,0,120.046,108.405,0,195.377,152.575,212.62,62.957,45.939,0,123.663,186.438,0,8.01,113.472,110.971
5,6/6/50,18:10,206.9,191.748,102.587,84.242,62.346,0,105.354,164.829,0,114.366,58.079,149.051,103.912,122.448,0,182.986,175.797,0,105.18,8.819,224.916
5,6/6/50,18:11,161.94,163.043,73.207,111.916,105.824,24.176,0,3.102,0,120.308,76.415,18.132,69.295,1.602,0,57.566,5.122,0,0,171.446,193.19
5,6/6/50,18:12,62.035,136.213,44.776,111.996,113.118,149.706,105.765,69.989,86.904,125.497,35.06,0,94.341,0,0,54.191,77.47,0,41.611,122.619,135.784
5,6/6/50,18:13,199.67,153.139,0,61.38,175.806,73.608,124.14,73.524,188.526,107.072,42.764,0,48.758,0,0,61.528,40.296,147.728,0,42.344,70.396
5,6/6/50,18:14,34.164,92.4,87.051,0,55.616,97.256,149.414,0,0,175.565,22.158,47.947,17.19,0,0,17.005,0,121.366,0,81.395,106.786
5,6/6/50,18:15,68.013,221.123,134.412,0,68.405,0,91.58,122.975,0,169.369,29.15,175.241,214.929,0,70.911,85.153,0,85.643,0,26.061,127.604
5,6/6/50,18:16,28.857,215.079,103.103,33.683,58.448,0,73.346,88.13,86.864,107.604,60.188,153.703,22.91,0,178.037,17.894,0,151.969,0,196.133,153.587
5,6/6/50,18:17,39.436,224.494,148.676,75.107,231.882,0,101.851,100.351,42.737,61.144,74.819,64.23,47.249,0,122.14,104.891,0,153.386,55.023,158.185,160.566
5,6/6/50,18:18,80.047,79.604,113.377,67.133,0,0,99.141,132.013,98.779,26.214,11.859,130.231,151.096,0,129.152,183.564,0,184.218,17.374,136.758,184.552
5,6/6/50,18:19,160.953,0,100.786,55.778,0,0,54.797,203.712,104.441,31.115,85.165,41.699,162.02,0,154.343,249.469,0,133.578,11.118,62.001,78.088
5,6/6/50,18:20,34.922,121.89,83.958,15.104,0,0,56.58,168.074,60.456,31.793,8.697,99.468,153.577,35.237,43.034,52.918,0,16.038,20.56,120.251,223.396
5,6/6/50,18:21,94.016,197.855,40.244,143.19,65.087,0,111.591,120.54,40.815,43.592,9.542,120.318,0,24.057,77.407,156.063,0,70.838,55.708,66.366,177.87
5,6/6/50,18:22,209.098,189.913,113.373,124.025,155.939,23.812,158.829,90.738,104.259,110.166,84.41,0,30.149,0,51.899,55.594,0,30.387,0,59.832,105.927
5,6/6/50,18:23,109.075,140.172,162.327,129.89,86.806,0,141.806,0,47.604,0,0,0,107.54,0,108.682,227.754,0,22.268,8.709,132.832,86.079
5,6/6/50,18:24,240.867,220.495,86.727,121.322,58.958,0,7.46,109.377,26.648,0,0,0,10.877,0,36.565,53.113,0,89.61,24.939,158.798,163.632
5,6/6/50,18:25,107.304,144.33,141.76,91.564,89.303,0,44.788,73.877,0,0,0,0,85.038,0,97.28,215.848,37.075,146.412,60.257,41.925,111.485
5,6/6/50,18:26,133.126,141.272,110.887,30.469,182.999,0,77.209,71.388,141.657,0,0,0,115.567,0,148.747,26.157,0,92.918,46.552,54.384,153.941
5,6/6/50,18:27,100.333,188.73,0,0,75.211,0,89.571,157.949,124.742,0,0,0,52.983,0,34.827,27.042,0,32.877,22.318,0,136.424
5,6/6/50,18:28,195.204,180.772,0,89.159,80.489,0,139.825,20.389,50.383,0,0,0,0,0,182.959,42.954,0,161.135,44.469,0.452,52.434
5,6/6/50,18:29,146.505,197.966,68.422,70.603,62.423,0,52.535,0,36.816,0,0,0,0,0,83.127,206.63,0,78.011,64.716,0,89.07
5,6/6/50,18:30,225.755,226.662,156.875,17.507,47.871,0,141.761,0,0,38.913,0,0,84.347,0,110.354,56.937,0,0,151.566,0,129.151
5,6/6/50,18:31,156.79,85.693,92.691,0,117.885,0,144.982,0,0,130.281,0,68.895,93.787,0,111.244,121.851,28.1,0,0,127.052,19.133
5,6/6/50,18:32,184.64,198.843,186.627,0,166.921,0,96.806,0,0,41.06,0,86.508,158.98,24.331,199.878,20.232,0,0,0,107.298,18.65
5,6/6/50,18:33,92.793,153.737,124.658,0,56.05,0,45.694,0,0,160.65,0,174.754,108.032,0,156.317,19.667,0,0,0,132.121,73.093
5,6/6/50,18:34,92.179,48.333,89.241,0,15.734,40.255,0,16.945,0,20.881,0,134.317,52.544,0,179.036,146.274,0,0,0,94.928,26.996
5,6/6/50,18:35,110.355,138.649,0,35.723,134.961,42.214,1.806,121.764,0,37.822,0,95.4,19.822,0,65.086,125.115,0,0,0,85.639,105.509
5,6/6/50,18:36,113.854,146.58,90.714,112.844,30.196,68.665,143.18,83.073,0,0,0,121.583,11.155,0,171.044,24.163,0,0,0,125.019,174.782
5,6/6/50,18:37,198.833,111.239,141.576,154.437,130.891,0,62.632,19.99,93.672,0,0,106.057,90.414,0,92.112,20.669,99.448,0,0,134.095,104.987
5,6/6/50,18:38,48.856,204.366,140.573,100.273,23.803,0,86.467,88.852,0,0,0,151.822,0,0,208.414,98.103,89.939,0,0,156.497,24.276
5,6/6/50,18:39,172.393,134.483,136.935,110.435,0,0,85.934,132.698,46.798,0,0,65.697,0,0,52.457,120.849,26.44,0,66.609,0,103.874
5,6/6/50,18:40,38.19,119.089,0,94.892,134.697,0,76.077,101.943,0,0,27.839,24.071,0,0,117.371,1.082,76.75,84.199,18.51,35.601,34.355
5,6/6/50,18:41,129.643,193.508,0,38.48,20.879,0,95.47,119.078,0,0,48.393,99.87,0,0,43.573,153.566,187.456,60.929,116.468,41.65,0
5,6/6/50,18:42,112.103,195.69,0,28.236,150.78,0,22.611,136.964,0,0,93.484,113.138,0,0,119.186,98.305,108.2,96.138,48.198,131.523,0
5,6/6/50,18:43,221.07,169.385,0,45.835,67.963,0,82.726,143.935,0,0,109.612,46.388,0,0,98.93,22.213,150.332,115.739,10.449,147.398,0
5,6/6/50,18:44,216.044,264.371,0,69.113,22.102,0,89.09,167.55,67.98,0,76.1,86.354,0,0,108.975,116.408,82.035,98.752,20.412,81.775,0
5,6/6/50,18:45,24.977,232.063,0,124.948,80.296,0,65.381,58.697,4.525,0,37.695,37.935,0,0,51.222,175.232,61.518,50.382,34.791,28.892,0
5,6/6/50,18:46,73.033,41.021,0,30.274,126.591,0,64.895,77.327,46.296,0,14.771,90.159,0,136.269,147.285,36.784,0,64.43,54.996,118.054,0
5,6/6/50,18:47,154.014,56.805,0,0,0,0,0,184.627,0,126.994,0,120.133,0,160.176,47.769,208.703,15.829,43.352,0,100.747,0
5,6/6/50,18:48,192.408,54.562,0,47.312,91.692,0,0,113.543,0,104.352,55.165,69.898,0,41.097,55.274,133.793,108.653,61.281,0,106.77,0
5,6/6/50,18:49,114.797,226.363,0,53.094,54.9,0,69.47,113.401,0,142.512,6.036,0,123.703,0,75.858,163.799,58.758,62.119,25.875,0,0
5,6/6/50,18:50,106.346,230.041,0,23.493,36.759,0,15.951,77.79,0,90.417,27.541,0,0,0,84.818,32.949,0,130.5,172.547,0,0
5,6/6/50,18:51,102.614,171.257,0,103.477,152.345,0,77.547,19.064,0,21.979,97.932,0,72.505,4.375,181.745,13.599,0,20.323,60.099,21.243,0
5,6/6/50,18:52,177.472,127.301,0,107.208,166.682,0,92.056,141.019,0,29.574,22.914,116.995,13.797,79.503,93.434,15.635,0,143.404,24.12,0,0
5,6/6/50,18:53,190.261,0,0,130.627,40.325,0,89.168,103.526,62.154,111.005,0,158.72,53.354,117.807,81.497,41.501,179.764,16.975,27.13,0,0
5,6/6/50,18:54,163.704,225.302,0,50.62,70.173,0,89.655,31.017,57.247,121.358,51.715,157.255,126.791,61.844,144.598,78.575,147.018,53.454,38.323,15.323,0
5,6/6/50,18:55,156.146,140.916,0,18.13,136.252,0,19.439,121.879,54.114,30.241,0,99.004,0,32.588,0.314,183.548,66.151,41.277,0,143,0
5,6/6/50,18:56,150.023,235.189,0,0,0,0,0,53.477,0,139.967,0,107.605,100.354,0,83.922,200.252,0,41.793,0,78.758,0
5,6/6/50,18:57,42.942,238.106,0,0,55.822,0,0,68.266,0,118.356,0,36.205,127.176,0,46.537,98.132,0,62.149,0,18.119,0
5,6/6/50,18:58,110.149,153.98,0,0,159.675,0,0,146.235,0,72.071,0,0,83.55,0,60.561,25.598,0,39.315,0,137.206,0
5,6/6/50,18:59,70.982,127.309,0,0,32.006,22.946,101.225,136.374,0,126.35,0,0,115.673,0,35.114,13.344,0,63.889,0,171.181,0
5,6/6/50,19:00,181.669,237.69,0,0,143.17,0,72.726,81.895,0,30.516,0,0,74.179,0,53.885,54.361,0,39.941,0,53.502,0
5,6/6/50,19:01,21.797,120.316,0,0,85.228,0,97.131,144.145,0,41.265,0,0,0,0,129.413,147.098,0,0,0,117.351,0
5,6/6/50,19:02,15.523,156.763,0,0,48.618,0,88.967,105.22,0,95.65,0,0,0,0,71.31,136.77,0,0,18.951,41.641,0
5,6/6/50,19:03,96.576,167.2,0,0,190.688,0,85.528,108.451,0,28.553,0,0,79.716,0,75.767,221.806,0,0,113.684,58.866,0
5,6/6/50,19:04,99.66,146.337,0,0,60.172,0,118.175,92.26,0,160.319,0,0,21.755,0,103.495,161.776,0,0,69.141,150.23,0
5,6/6/50,19:05,82.982,187.34,0,0,48.469,0,50.716,91.348,0,103.032,0,46.017,185.157,0,130.615,151.675,0,0,0,59.429,0
5,6/6/50,19:06,105.313,288.646,0,84.347,167.392,0,29.488,80.393,0,123.487,0,122.584,0,0,72.524,23.603,0,0,0,133.082,0
5,6/6/50,19:07,104.382,66.653,0,58.327,24.328,0,77.271,146.608,0,12.741,44.537,120.225,26.903,0,113.079,13.913,0,0,0,52.199,0
5,6/6/50,19:08,86.993,91.557,0,95.88,117.682,0,86.314,106.702,105.788,15.135,0,140.948,137.943,0,135.481,69.671,0,0,0,92.147,0
5,6/6/50,19:09,17.263,18.095,0,94.527,73.584,60.417,93.476,66.597,66.752,11.716,9.351,42.137,0,0,153.633,0,0,0,0,61.668,0
5,6/6/50,19:10,0,217.657,56.898,143.37,28.342,57.168,81.029,79.328,34.116,8.328,15.371,105.674,0,0,95.772,71.15,0,0,84.306,94.201,0
5,6/6/50,19:11,0,227.207,90.823,160.793,107.396,12.164,108.947,143.204,10.038,31.942,86.432,124.111,0,51.156,46.768,0,0,0,13.604,148.772,0
5,6/6/50,19:12,0,197.983,0,98.415,185.009,33.646,78.352,91.855,117.657,87.821,88.311,99.768,0,81.572,57.344,6.772,0,0,25.014,88.963,0
5,6/6/50,19:13,0,208.104,67.996,151.963,82.598,0,140.95,76.281,57.866,76.041,22.039,124.106,0,96.127,47.232,225.493,79.902,0,67.811,137.813,0
5,6/6/50,19:14,0,190.534,33.75,78.21,48.621,0,98.043,124.215,43.327,134.256,53.037,109.944,0,24.335,112.958,132.086,0,0,0,100.595,0
5,6/6/50,19:15,0,185.137,156.834,47.189,114.388,0,93.596,66.902,12.612,62.324,0,74.31,0,25.65,57.031,22.623,81.859,34.789,0,19.928,0
5,6/6/50,19:16,0,51.678,40.218,66.136,68.818,0,58.654,61.281,56.784,63.304,58.081,149.864,0,47.189,95.657,22.374,63.842,118.476,19.117,137.822,0
5,6/6/50,19:17,0,179.266,65.492,28.47,61.41,0,74.384,120.563,159.68,35.734,0,54.345,0,0,129.736,144.378,0,199.472,22.132,97.09,0
5,6/6/50,19:18,0,232.16,101.693,28.051,110.833,0,44.75,33.904,46.28,103.752,15.041,128.483,0,0,37.657,163.726,0,101.906,0,108.816,137.135
5,6/6/50,19:19,0,165.283,40.525,128.913,0,0,115.234,171.428,26.693,93.225,14.801,66.594,0,0,48.445,0,0,31.667,0,66.877,0
5,6/6/50,19:20,0,139.125,109.792,49.078,0,0,33.913,77.715,38.161,78.96,26.034,102.821,0,0,0,64.048,0,100.204,0,141.151,0
5,6/6/50,19:21,0,90.91,104.494,82.208,0,0,0,137.999,34.19,84.778,0,99.299,0,0,21.714,18.996,34.108,9.711,0,75.488,0
5,6/6/50,19:22,0,278.382,42.857,112.228,102.763,0,0,109.372,40.566,25.258,0,54.657,0,0,0,24.548,0,99.634,0,75.075,0
5,6/6/50,19:23,0,217.781,10.702,112.387,105.825,0,0,92.255,63.776,122.55,0,27.439,0,0,20.755,165.408,0,63.966,0,72.368,0
5,6/6/50,19:24,0,111.071,147.829,140.515,26.891,0,0,147.448,11.69,16.549,0,0,0,0,32.337,28.833,0,65.963,0,13.981,0
5,6/6/50,19:25,0,158.392,12.468,102.091,13.842,0,0,84.63,45.817,168.051,0,0,0,0,82.947,17.057,154.37,27.036,0,92.008,0
5,6/6/50,19:26,0,115.545,141.518,70.764,14.745,0,0,126.427,0,70.993,0,89.638,0,0,111.695,111.823,0,87.929,0,40.766,79.442
5,6/6/50,19:27,0,199.251,123.361,65.141,32.204,23.308,0,79.82,0,4.845,0,119.296,0,0,55.218,118.804,0,80.999,0,76.787,135.277
5,6/6/50,19:28,0,212.034,38.273,56.332,148.263,100.863,0,107.561,0,117.246,0,114.519,0,0,40.748,148.265,0,38.465,0,68.86,34.735
5,6/6/50,19:29,0,210.87,64.556,35.343,52.672,92.786,0,0,0,56.6,0,79.516,0,0,61.899,26.052,0,0,0,68.099,0
5,6/6/50,19:30,0,78.731,99.837,168.258,29.692,135.425,0,0,0,79.182,0,55.306,0,0,135.258,12.705,0,0,0,83.822,0
5,6/6/50,19:31,0,301.471,169.495,77.94,143.616,0,0,85.509,0,24.68,0,136.193,0,0,87.072,101.413,0,0,0,146.669,56.225
5,6/6/50,19:32,0,158.067,155.899,29.788,0,55.195,0,97.056,0,0,0,98.089,0,107.762,60.884,135.231,0,0,0,76.534,98.286
5,6/6/50,19:33,0,152.453,103.906,26.098,0,110.412,0,50.737,0,0,0,39.893,0,0,67.458,120.157,0,0,0,152.59,121.747
5,6/6/50,19:34,0,206.216,67.892,107.445,0,144.388,0,122.569,0,0,0,55.41,0,0,27.63,0,0,0,0,97.691,65.301
5,6/6/50,19:35,0,119.979,67.523,38.228,0,41.322,0,75.804,0,0,0,90.033,73.991,0,167.643,119.345,0,0,0,89.243,113.751
5,6/6/50,19:36,0,107.525,82.73,144.166,0,0,0,102.553,0,0,0,44.118,112.501,0,52.082,24.427,0,0,0,91.733,15.607
5,6/6/50,19:37,0,186.567,169.611,99.761,0,0,0,21.693,0,100.455,0,200.573,71.044,0,36.225,217.612,0,0,0,88.227,71.262
5,6/6/50,19:38,0,288.723,243.101,30.155,0,0,0,0,0,87.915,0,95.455,131.18,0,57.551,147.839,0,0,0,173.375,88.455
5,6/6/50,19:39,0,234.278,203.43,0,0,0,0,0,0,127.211,0,101.179,171.982,0,0,153.998,0,0,0,81.509,70.668
5,6/6/50,19:40,0,140.451,137.732,0,0,0,0,0,0,142.19,0,110.496,26.453,0,0,45.829,0,0,0,32.018,98.281
5,6/6/50,19:41,0,106.256,162.47,0,0,0,0,0,0,18.683,0,104.374,63.108,0,0,89.776,0,0,0,158.635,93.984
5,6/6/50,19:42,0,37.742,205.766,0,0,0,0,0,0,52.036,0,29.621,49.373,0,0,127.686,0,0,0,84.885,188.179
5,6/6/50,19:43,0,116.231,103.506,0,0,20.733,0,0,0,67.902,46.418,0,27.535,0,124.971,139.98,0,0,0,126.281,67.655
5,6/6/50,19:44,0,132.176,119.029,0,0,56.528,88.476,131.609,0,63.884,0,0,128.39,0,66.621,75.084,0,0,0,156.379,51.215
5,6/6/50,19:45,0,138.484,60.291,0,0,122.723,93.301,81.406,0,49.307,17.536,56.869,76.35,0,6.955,17.713,0,0,0,63.13,0
5,6/6/50,19:46,0,176.705,0,0,0,68.05,116.963,0,0,110.68,122.276,89.72,62.688,0,18.855,12.287,0,0,0,11.325,0
5,6/6/50,19:47,18.059,218.669,41.787,0,0,0,81.017,0,0,56.245,19.156,101.835,116.91,0,83.962,15.14,0,0,0,35.778,0
5,6/6/50,19:48,76.821,131.884,1.695,0,0,55.064,3.869,11.057,0,118.705,61.119,100.18,89.135,0,88.506,32.039,0,0,0,4.587,0
5,6/6/50,19:49,123.443,132.294,0,0,0,90.647,93.993,103.081,0,64.467,72.072,106.075,12.885,23.686,50.991,143.099,0,0,0,0,0
5,6/6/50,19:50,130.193,169.265,0,0,0,39.186,93.297,158.524,0,74.656,23.593,0,0,0,16.602,151.195,0,0,0,0,0
5,6/6/50,19:51,150.323,125.891,0,0,0,55.588,128.615,102.568,0,112.836,4.141,24.869,0,0,39.178,89.4,0,0,23.542,0,0
5,6/6/50,19:52,83.31,126.085,0,0,0,58.356,76.772,103.05,0,61.993,74.277,108.135,0,0,101.632,4.684,0,0,18.535,0,0
5,6/6/50,19:53,73.112,195.94,0,0,0,93.676,76.951,97.989,0,50.837,49.561,18.743,46.56,0,50.513,8.921,0,76.675,93.671,83.604,0
5,6/6/50,19:54,125.968,131.193,0,0,0,108.463,40.714,34.547,0,19.557,15.076,0,69.194,0,97.622,44.842,0,123.591,3.341,100.616,0
5,6/6/50,19:55,33.762,189.328,0,0,0,63.992,63.879,0,0,62.973,14.76,0,16.313,0,94.751,82.048,0,94.063,41.646,64.889,0
5,6/6/50,19:56,112.333,161.181,0,0,0,47.092,46.513,0,0,76.832,92.26,0,126.805,0,0,82.636,0,48.89,0,25.164,0
5,6/6/50,19:57,74.232,132.27,0,0,0,199.063,7.649,0,0,7.873,103.076,0,11.611,0,26.557,162.389,0,108.432,0,13.266,0
5,6/6/50,19:58,61.716,230.297,0,0,0,23.551,99.812,0,0,19.977,33.676,0,67.613,0,0,139.256,0,47.289,0,13.778,0
5,6/6/50,19:59,90.081,131.247,0,0,0,50.059,56.087,0,0,0,44.648,0,16.029,0,0,30.118,0,68.477,0,0,0
5,6/6/50,20:00,58.923,243.352,0,0,0,122.664,92.108,0,0,0,52.45,0,184.15,0,0,139.183,0,93.308,0,0,0
5,6/6/50,20:01,164.913,200.292,0,62.427,0,33.068,73.619,0,0,0,39.46,0,73.902,0,9.878,66.876,0,68.288,0,0,0
5,6/6/50,20:02,187.904,154.644,0,95.322,0,5.977,0,0,0,0,0,0,119.65,0,8.621,21.876,0,5.058,0,0,0
5,6/6/50,20:03,164.443,106.496,0,113.579,0,29.132,60.14,0,0,0,0,0,55.903,0,41.631,20.444,0,73.737,0,0,0
5,6/6/50,20:04,139.704,14.507,0,91.703,0,0,55.603,0,0,0,0,0,14.224,0,99.361,75.307,0,79.277,0,0,0
5,6/6/50,20:05,105.99,117.223,0,124.997,0,0,123.585,0,0,0,0,0,116.966,0,89.585,190.596,0,95.242,0,0,0
5,6/6/50,20:06,186.617,51.367,0,77.66,31.87,0,74.253,0,0,0,0,0,115.541,0,82.95,49.779,0,25.372,0,0,0
5,6/6/50,20:07,198.231,177.132,0,82.689,120.266,0,77.972,0,0,0,0,0,23.762,19.656,0,0,0,39.42,0,0,0
5,6/6/50,20:08,79.84,158.72,0,75.446,41.6,0,54.364,0,0,0,0,0,39.59,171.014,0,0,0,53.529,69.39,0,0
5,6/6/50,20:09,27.72,189.885,0,109.857,24.408,0,0,0,0,0,0,0,0,27.355,0,84.515,0,2.053,24.5,0,0
5,6/6/50,20:10,39.242,43.451,0,120.059,82.251,0,60.851,0,0,0,0,0,0,0,0,0,0,69.578,66.999,0,0
5,6/6/50,20:11,36.426,178.829,0,131.456,148.967,0,39.972,0,0,0,0,0,0,0,0,0,0,59.534,41.248,0,0
5,6/6/50,20:12,79.166,163.018,0,134.147,23.856,0,91.124,0,0,0,0,0,0,0,0,0,0,42.927,0,0,24.936
5,6/6/50,20:13,34.151,265.147,0,0,85.145,0,82.776,0,0,0,0,0,0,0,0,0,0,32.719,0,0,60.965
5,6/6/50,20:14,65.398,181.771,0,0,17.014,0,71.047,0,0,0,0,0,0,0,0,133.491,0,96.267,0,0,0
5,6/6/50,20:15,218.335,182.495,0,0,65.518,0,0,0,0,0,0,0,0,99.768,0,69.791,0,62.658,25.708,70.357,0
5,6/6/50,20:16,30.472,158.304,0,0,120.369,0,0,0,0,0,0,0,0,0,0,158.146,0,100.972,53.319,105.08,0
5,6/6/50,20:17,93.781,165.817,0,0,34.346,0,0,0,0,0,0,0,0,115.35,0,52.643,0,43.5,18.016,59.373,0
5,6/6/50,20:18,103.601,131.907,0,7.47,142.88,0,0,0,0,0,0,0,0,76.128,0,43.949,0,126.525,65.812,23.201,0
5,6/6/50,20:19,97.234,151.885,0,107.361,97.614,0,59.968,0,0,0,0,0,0,0,0,17.921,0,0,60.521,94.227,0
5,6/6/50,20:20,87.375,148.993,0,72.932,65.891,24.484,53.081,0,0,0,0,0,0,0,0,93.02,0,160.613,0,91.69,90.947
5,6/6/50,20:21,136.813,159.963,115.786,88.118,135.656,0,105.033,0,0,0,0,0,0,0,0,0,0,85.572,0,16.588,53.3
5,6/6/50,20:22,77.425,128.386,47.182,63.721,0,0,69.588,0.647,0,0,0,0,0,0,0,53.641,0,73.294,0,36.747,78.251
5,6/6/50,20:23,87.394,121.7,35.501,0,74.696,0,43.145,16.654,0,0,0,0,0,0,0,96.094,0,35.967,0,94.221,19.306
5,6/6/50,20:24,78.814,116.969,66.064,110.6,150.559,0,0,29.988,0,0,0,0,0,0,0,142.768,0,0,142.247,132.217,14.334
5,6/6/50,20:25,18.787,143.942,1.561,89.905,65.028,50.846,0,135.661,0,0,0,0,0,0,0,133.2,0,2.834,70.862,78.964,90.633
5,6/6/50,20:26,35.885,130.394,0,116.594,38.594,80.219,0,68.926,0,0,0,0,0,0,0,169.299,0,87.792,50.49,120.476,131.498
5,6/6/50,20:27,157.549,152.954,3.448,50.661,193.486,123.575,0,24.597,0,0,0,0,0,0,0,116.108,0,55.149,24.039,118.44,95.117
5,6/6/50,20:28,254.57,126.775,155.558,90.885,0,24.629,0,15.018,0,0,0,0,0,0,0,148.661,24.674,31.302,60.078,92.369,66.126
5,6/6/50,20:29,107.818,129.144,136.296,133.834,0,27.477,0,195.179,0,0,0,0,0,0,0,146.363,0,54.68,0,20.556,171.384
5,6/6/50,20:30,118.806,214.139,149.603,136.305,120.543,53.622,0,42.12,0,0,0,0,0,0,0,115.422,0,38.093,0,27.996,13.477
5,6/6/50,20:31,33.525,178.943,59.848,32.821,82.115,110.883,0,50.66,0,57.663,0,0,0,0,0,34.161,0,131.412,0,37.286,0
5,6/6/50,20:32,116.124,158.679,98.773,0,122.886,55.276,0,93.412,0,41.804,0,0,0,18.086,70.139,0,0,35.84,0,31.596,0
5,6/6/50,20:33,32.437,183.807,36.638,0,97.003,0,0,76.652,0,0,0,0,0,108.803,142.113,0,0,0,0,89.186,0
5,6/6/50,20:34,40.295,130.377,112.835,0,108.582,0,0,22.184,0,0,0,0,0,93.444,100.604,0,0,0,90.096,70.569,130.768
5,6/6/50,20:35,86.797,72.988,119.569,0,49.449,0,0,19.043,0,19.201,0,0,0,28.284,127.662,0,0,40.483,29.972,14.436,34.399
5,6/6/50,20:36,112.53,153.927,113.852,0,124.305,0,0,192.165,0,108.291,0,0,0,40.211,89.126,0,0,124.779,0,67.326,55.854
5,6/6/50,20:37,75.631,129.805,191.544,0,75.823,0,0,23.161,0,34.538,0,113.478,0,38.457,87.643,0,0,51.517,0,24.615,155.463
5,6/6/50,20:38,50.416,171.829,34.081,0,17.345,0,0,155.171,0,153.972,0,196.521,0,37.953,115.818,0,0,0,52.953,95.427,44.952
5,6/6/50,20:39,0,165.621,16.171,0,15.974,32.775,0,27.151,0,101.56,0,107.157,0,33.266,73.011,0,0,0,20.069,60.008,22.716
5,6/6/50,20:40,0,233.217,0,0,180.91,0,0,0,17.516,46.243,0,73.066,0,31.799,5.571,0,26.473,42.595,20.537,132.093,48.64
5,6/6/50,20:41,59.542,138.684,0,0,36.998,0,0,100.648,72.25,34.492,0,79.183,0,52.516,105.306,0,80.15,44.036,132.554,135.772,17.221
5,6/6/50,20:42,169.966,181.959,0,0,17.906,0,0,195.243,26.568,62.373,0,117.043,0,0,117.829,0,0,102.028,43.254,94.358,0
5,6/6/50,20:43,0,172.206,51.989,0,167.988,0,0,107.644,18.057,58.781,0,0,0,0,59.189,0,0,32.623,0,118.465,0
5,6/6/50,20:44,0,113.546,56.508,0,105.602,0,0,47.697,19.485,99.501,0,0,0,0,119.678,0,0,10.402,0,169.128,0
5,6/6/50,20:45,0,119.169,86.804,0,37.251,37.299,0,33.193,36.598,111.771,0,0,0,0,21.066,0,0,18.173,0,137.36,28.413
5,6/6/50,20:46,0,155.41,78.515,95.444,116.126,34.477,0,73.468,61.943,13.406,0,59.639,0,0,21.206,0,0,0,0,33.317,96.263
5,6/6/50,20:47,0,165.194,135.875,0,134.962,42.234,0,0,8.471,31.777,78.864,115.023,0,0,77.12,0,145.151,22.917,0,10.12,0
5,6/6/50,20:48,0,46.845,66.049,67.943,161.069,77.768,0,11.201,62.236,161.094,64.464,101.508,93.947,0,0,0,44.747,16.065,0,80.258,0
5,6/6/50,20:49,0,138.895,155.311,84.444,125.575,74.299,0,41.889,83.585,53.364,60.235,67.251,31.13,0,137.268,0,35.23,41.736,0,156.667,0
5,6/6/50,20:50,0,167.825,161.423,131.935,91.601,85.908,0,67.409,0,0,0,36.716,84.422,0,100.393,0,0,0,0,46.488,0
5,6/6/50,20:51,0,144.9,77.49,73.446,16.936,51.347,0,104.563,30.181,0,0,29.529,19.672,0,172.075,0,0,50.872,0,114.781,0
5,6/6/50,20:52,0,76.47,0,0,23.11,50.805,0,81.77,45.096,0,68.213,106.153,137.722,0,89.757,0,0,0,0,87.384,0
5,6/6/50,20:53,0,170.937,38.191,0,17.123,29.041,0,71.872,31.908,0,24.82,109.923,56.65,0,16.109,0,0,0,0,150.583,0
5,6/6/50,20:54,0,126.997,98.818,0,0,34.966,0,140.955,27.909,0,36.008,66.21,38.663,0,19.807,0,0,15.875,0,58.182,0
5,6/6/50,20:55,0,57.424,0,122.033,0,20.657,0,93.559,51.094,0,32.923,132.938,60.649,0,61.376,0,0,121.219,0,57.476,0
5,6/6/50,20:56,0,127.431,0,161.238,0,33.226,0,159.391,61.121,0,0,142.409,90.84,0,104.563,0,0,67.186,0,128.29,0
5,6/6/50,20:57,0,92.365,33.945,87.092,88.802,34.525,0,153.829,7.968,0,26.266,57.006,69.998,0,5.103,0,0,0,0,58.384,0
5,6/6/50,20:58,0,136.393,50.125,48.377,71.312,17.31,0,130.767,58.139,0,38.768,91.755,0,0,66.631,0,0,0,0,79.849,0
5,6/6/50,20:59,0,181.965,168.193,78.348,53.754,0,0,90.343,0,0,12.942,137.631,45.681,50.47,110.782,0,56.772,0,0,55.694,0
5,6/6/50,21:00,0,55.65,150.314,114.852,17.493,37.547,0,15.838,0,0,62.087,77.359,24.792,0,73.215,0,0,0,0,51.488,0
5,6/6/50,21:01,0,4.664,98.502,67.202,15.818,60.497,60.029,0,0,0,17.126,0,12.263,0,78.987,0,0,0,0,78.439,0
5,6/6/50,21:02,0,0,107.043,31.186,41.117,94.213,137.515,64.266,0,0,14.659,0,62.779,0,117.133,0,0,0,0,154.83,0
5,6/6/50,21:03,0,0,0,0,0,0,51.986,47.532,0,0,35.51,73.653,159.554,0,44.878,0,0,0,0,123.215,0
5,6/6/50,21:04,0,0,0,0,29.792,62.307,112.447,139.157,0,0,18.197,88.492,7.118,0,58.293,0,0,0,0,96.704,0
5,6/6/50,21:05,0,0,26.068,0,121.637,76.843,73.119,99.814,0,0,15.685,126.195,68.422,0,0,0,0,0,0,180.782,0
5,6/6/50,21:06,0,40.913,144.939,0,0,42.43,72.639,65.449,0,0,14.695,7.268,115.632,0,49.347,0,0,0,0,84.636,0
5,6/6/50,21:07,0,106.902,136.691,0,52.306,0,99.841,127.755,0,0,51.767,32.549,12.118,0,0,0,0,0,0,104.118,0
5,6/6/50,21:08,0,118.425,93.573,0,101.331,0,76.409,116.069,0,0,17.975,25.825,179.475,0,0,0,0,0,0,0,0
5,6/6/50,21:09,0,127.03,121.06,0,124.815,99.265,71.494,73.815,0,0,25.138,93.758,0,0,68.501,111.752,0,0,0,0,0
5,6/6/50,21:10,0,131.29,55.033,0,67.099,0,59.3,103.668,0,18.297,0,166.067,119.19,0,45.07,146.707,0,0,0,135.186,0
5,6/6/50,21:11,0,178.233,30.634,0,91.119,0,130.848,34.858,0,102.279,0,169.207,119.396,0,118.059,0,0,0,0,162.046,0
5,6/6/50,21:12,0,170.752,152.663,98.022,62.658,0,64.395,86.821,0,74.917,0,80.345,13.842,0,41.581,7.096,0,0,41.99,55.472,0
5,6/6/50,21:13,0,33.573,127.239,83.589,68.581,0,98.015,104.048,0,88.189,0,112.204,0,0,88.42,105.567,0,0,66.765,136.275,0
5,6/6/50,21:14,0,50.481,223.886,68.42,120.687,0,87.915,114.513,0,89.468,0,29.165,29.484,0,115.128,118.83,0,0,0,55.187,0
5,6/6/50,21:15,0,35.737,218.878,0,0,0,85.102,119.066,0,68.913,0,60.218,64.757,0,28.241,244.387,0,0,0,64.387,0
5,6/6/50,21:16,0,45.186,128.55,0,0,0,117.154,0,0,124.578,0,42.241,0,0,38.886,203.807,0,0,28.233,61.712,0
5,6/6/50,21:17,0,120.05,195.221,0,0,0,84.549,73.489,0,59.85,0,120.008,69.002,0,12.528,125.16,0,0,9.791,146.832,0
5,6/6/50,21:18,0,123.685,164.162,0,0,0,104.739,96.928,0,16.485,0,142.558,11.878,0,21.001,121.466,0,0,21.301,69.923,0
5,6/6/50,21:19,0,155.874,152.357,0,0,0,41.291,127.65,0,91.226,0,84.251,18.559,0,20.8,59.786,0,0,22.575,130.714,0
5,6/6/50,21:20,0,39.425,148.601,0,0,0,34.217,86.866,0,72.8,0,139.557,0,0,0,45.162,0,0,20.21,38.69,0
5,6/6/50,21:21,0,94.599,51.364,0,0,0,99.582,84.155,0,41.114,0,40.062,0,0,0,160.846,0,0,17.918,34.054,0
5,6/6/50,21:22,53.028,80.662,0,0,0,0,71.601,124.665,0,136.291,0,116.002,0,0,0,192.794,0,0,20.253,12.865,0
5,6/6/50,21:23,185.952,0,0,0,0,0,80.263,96.598,0,60.704,0,36.554,0,0,0,151.887,0,0,36.913,126.979,0
5,6/6/50,21:24,153.7,0,32.739,0,0,0,90.547,130.25,0,45.415,0,100.094,0,0,0,159.562,0,0,32.793,193.265,0
5,6/6/50,21:25,55.282,0,0,0,0,0,19.071,0,0,180.875,0,111.189,0,0,0,106.76,0,0,80.443,88.795,28.315
5,6/6/50,21:26,91.628,0,0,0,0,23.061,48.404,0,0,125.363,0,103.802,0,0,0,205.724,0,0,28.826,63.736,0
5,6/6/50,21:27,57.254,0,0,0,0,70.932,4.418,55.791,0,64.456,0,112.305,0,0,0,200.857,0,0,77.221,0,0
5,6/6/50,21:28,0,80.71,0,0,0,99.537,0,48.484,0,33.52,0,90.93,0,0,0,58.255,0,0,36.278,0,61.587
5,6/6/50,21:29,0,45.282,0,0,0,67.405,0,70.729,0,70.515,0,18.164,0,84.911,0,108.8,0,0,79.06,0,0
5,6/6/50,21:30,0,195.063,0,59.938,0,47.424,73.979,116.8,0,96.174,0,52.687,0,42.246,0,92.543,0,0,23.672,0,0
5,6/6/50,21:31,0,36.27,0,123.213,0,30.159,56.807,126.06,0,136.452,0,20.181,0,0,0,0,0,0,29.98,98.648,0
5,6/6/50,21:32,0,0,0,0,0,0,41.852,129.177,0,73.654,0,24.155,0,0,0,48.456,0,0,85.17,101.676,41.244
5,6/6/50,21:33,0,137.193,0,0,0,63.566,70.709,29.76,0,133.529,0,59.717,0,0,0,206.102,0,0,47.573,24.148,151.774
5,6/6/50,21:34,0,43.055,0,0,0,119.672,99.243,103.517,0,110.84,0,144.193,0,0,0,71.513,0,0,71.744,84.013,58.698
5,6/6/50,21:35,0,0,0,55.968,0,138.332,96.732,74.143,0,103.806,0,0,0,0,0,158.395,0,0,29.48,102.717,23.106
5,6/6/50,21:36,0,0,0,90.754,0,97.978,41.772,66.56,0,16.413,0,0,0,0,0,78.704,0,0,54.684,44.056,100.933
5,6/6/50,21:37,0,94.874,0,62.304,0,81.22,67.593,58.174,0,149.303,0,0,0,0,0,147.391,0,0,36.508,73.856,106.468
5,6/6/50,21:38,0,180.666,0,102.943,0,135.463,39.562,31.031,0,70.059,0,56.848,0,0,0,117.276,0,0,40.006,63.625,141.43
5,6/6/50,21:39,0,17.161,0,82.43,0,46.809,80.364,77.328,0,63.809,0,70.667,0,0,0,176.413,0,0,9.46,67.013,16.44
5,6/6/50,21:40,0,130.537,0,97.798,0,79.96,36.43,139.584,0,83.27,0,18.495,0,0,0,95.71,0,0,0,89.209,0
5,6/6/50,21:41,0,146.151,0,38.906,0,0,0,140.268,0,85.304,0,0,0,0,0,124.373,0,0,0,119.878,0
5,6/6/50,21:42,0,119.705,0,91.645,0,0,0,128.732,0,72.018,0,0,0,0,0,133.311,0,0,0,54.797,0
5,6/6/50,21:43,0,167.87,0,0,0,0,0,93.267,0,23.933,0,135.057,0,0,0,150.987,0,0,0,145.505,0
5,6/6/50,21:44,0,147.875,0,30.955,0,0,0,74.531,0,77.859,0,89.727,0,0,0,31.192,0,0,0,76.439,58.644
5,6/6/50,21:45,0,68.936,0,87.154,0,39.397,0,0,0,120.113,0,100.882,0,0,0,0,0,0,0,0,114.469
5,6/6/50,21:46,0,49.089,0,97.048,0,84.587,0,0,0,105.541,0,96.81,0,135.687,0,0,0,0,0,95.898,65.363
5,6/6/50,21:47,0,176.084,0,104.294,0,33.349,0,58.391,0,187.865,0,148.11,0,121.742,0,0,0,0,50.584,100.309,110.265
5,6/6/50,21:48,0,155.93,0,83.379,0,13.144,0,61.878,0,86.503,0,153.099,0,89.596,0,0,0,0,12.257,68.12,92.28
5,6/6/50,21:49,0,44.775,0,0,0,67.096,0,146.973,0,8.013,0,57.822,0,41.879,0,0,0,0,11.297,0,24.178
5,6/6/50,21:50,0,0,0,0,0,0,0,70.191,0,105.902,0,88.679,0,34.743,0,133.377,0,0,101.402,0,0
5,6/6/50,21:51,0,0,0,27.143,0,0,0,95.741,0,88.611,129.006,30.401,0,32.718,0,25.195,0,0,48.643,0,0
5,6/6/50,21:52,0,0,0,112.429,0,0,0,98.92,0,108.607,94.166,92.771,0,39.599,0,0,0,0,14.615,0,0
5,6/6/50,21:53,0,0,0,0,0,0,0,36.193,0,147.326,108.818,84.02,0,35.635,0,176.367,0,0,0,0,0
5,6/6/50,21:54,0,0,0,0,0,0,0,44.278,0,89.809,100.584,0,0,27.261,0,71.801,0,0,0,0,0
5,6/6/50,21:55,0,0,0,0,0,0,0,0,0,25.014,48.314,0,0,38.001,0,50.439,26.098,0,0,0,0
5,6/6/50,21:56,0,0,0,0,0,0,0,0,0,24.852,75.55,0,0,45.943,0,175.42,90.386,0,56.684,0,0
5,6/6/50,21:57,0,0,0,0,0,0,0,0,0,62.079,11.186,0,0,37.669,0,135.654,0,0,22.651,0,0
5,6/6/50,21:58,0,0,0,0,0,0,0,0,0,97.892,15.933,0,0,37.169,0,113.395,0,0,109.177,0,0
5,6/6/50,21:59,0,0,0,0,0,0,0,0,0,48.494,27.803,0,0,32.883,0,137.529,0,0,16.469,0,0
5,6/6/50,22:00,0,0,0,0,0,0,0,0,0,0,59.999,0,0,32.533,0,160.706,0,0,0,0,0
5,6/6/50,22:01,0,0,0,0,0,0,0,0,0,0,17.689,0,0,28.786,0,150.235,0,0,0,0,0
5,6/6/50,22:02,0,0,0,0,0,0,0,0,0,0,52.971,0,0,37.805,0,153.628,0,0,0,0,0
5,6/6/50,22:03,0,0,0,0,0,0,0,0,0,0,16.802,0,0,46.186,0,81.791,0,0,0,0,0
5,6/6/50,22:04,0,0,0,0,0,0,0,0,0,0,15.684,0,0,48.044,0,0,0,0,0,0,0
5,6/6/50,22:05,0,0,0,0,41.209,0,0,0,0,0,54.013,0,0,95.141,0,79.647,0,0,33.845,0,0
5,6/6/50,22:06,0,0,0,0,79.659,0,0,0,0,0,52.057,0,0,67.107,0,69.054,0,20.289,0,0,0
5,6/6/50,22:07,0,0,0,0,26.425,0,0,0,0,0,38.553,0,110.552,10.951,0,94.664,0,176.919,0,0,0
5,6/6/50,22:08,35.878,0,0,0,135.572,0,0,0,0,0,22.832,0,142.622,0,0,50.96,0,8.45,0,0,0
5,6/6/50,22:09,243.545,0,0,0,51.473,0,0,0,0,0,35.959,0,0,0,0,79.441,0,51.202,0,0,0
5,6/6/50,22:10,55.725,0,0,0,67.766,0,0,0,0,0,63.171,0,104.01,0,0,128.426,0,46.226,0,0,0
5,6/6/50,22:11,14.994,0,0,0,106.841,0,46.605,1.121,0,0,51.85,0,24.088,0,0,36.618,0,41.034,0,0,0
5,6/6/50,22:12,0,0,0,0,76.893,0,55.734,70.334,0,0,64.659,0,71.067,0,0,72.301,68.679,66.737,0,0,0
5,6/6/50,22:13,0,0,0,0,0,0,46.767,92.89,0,0,76.331,0,0,0,0,184.893,3.158,65.328,0,0,0
5,6/6/50,22:14,0,0,0,0,55.572,0,41.417,61.99,0,0,28.633,0,0,0,0,30.942,0,88.081,0,0,0
5,6/6/50,22:15,0,0,0,0,91.766,0,77.672,126.455,0,0,123.739,0,0,0,0,0,0,84.974,0,0,0
5,6/6/50,22:16,0,0,0,0,29.081,0,87.117,53.474,0,0,30.591,0,82.571,0,0,0,0,21.495,0,0,0
5,6/6/50,22:17,0,0,0,0,19.087,0,116.493,69.946,0,0,58.013,0,24.089,0,0,0,0,62.478,0,0,0
5,6/6/50,22:18,0,0,0,0,106.825,0,27.242,110.927,0,0,22.702,0,119.55,0,0,0,151.703,46.584,0,0,0
5,6/6/50,22:19,0,0,0,0,53.271,0,0,118.081,0,0,149.349,0,0,0,0,0,23.494,81.256,0,0,0
5,6/6/50,22:20,0,0,0,0,150.104,0,10.494,111.135,0,0,90.989,0,14.091,0,0,0,16.491,83.374,0,0,0
5,6/6/50,22:21,0,0,0,0,59.244,0,96.77,113.236,0,0,26.568,0,61.575,0,0,0,18.606,52.267,64.372,0,0
5,6/6/50,22:22,0,0,0,123.456,16.583,0,74.3,90.696,0,0,18.224,0,73.199,0,0,0,13.748,62.978,0,0,0
5,6/6/50,22:23,0,0,0,0,106.113,0,53.907,97.96,0,0,35.058,0,106.154,0,38.584,0,41.016,52.362,0,0,0
5,6/6/50,22:24,0,0,0,141.317,27.969,0,149.324,80.45,48.266,0,27.406,0,72.329,27.975,155.943,0,53.767,84.874,0,0,0
5,6/6/50,22:25,0,0,0,82.559,129.041,0,73.55,49.437,128.395,0,0,0,0,33.235,141.239,0,65.552,138.647,7.949,0,0
5,6/6/50,22:26,189.669,0,0,97.392,44.831,0,9.753,152.802,26.389,0,0,0,0,0,154.643,0,142.982,75.492,36.989,142.532,0
5,6/6/50,22:27,178.874,0,0,90.148,101.377,0,84.075,106.272,0,0,71.793,0,0,0,166.575,0,21.396,60.795,0,21.282,0
5,6/6/50,22:28,127.394,0,0,82.481,83.559,0,66.446,129.546,9.206,0,101.963,0,0,0,108.125,0,122.515,103.281,70.823,34.25,0
5,6/6/50,22:29,89.46,0,0,50.031,185.25,0,102.217,71.615,42.362,0,26.621,0,0,0,153.647,0,68.949,60.917,160.369,40.998,0
5,6/6/50,22:30,94.217,0,0,43.595,46.49,0,70.625,123.068,0,0,18.481,0,0,0,176.301,0,87.863,29.627,4.537,72.295,0
5,6/6/50,22:31,42.061,0,0,103.191,140.857,0,64.391,74.339,39.885,0,45.61,0,129.627,0,86.313,0,228.932,65.872,0,54.551,0
5,6/6/50,22:32,34.902,0,0,17.896,22.68,0,33.291,104.689,13.891,0,7.25,0,52.915,0,194.035,0,60.765,75.321,0,125.89,0
5,6/6/50,22:33,87.548,0,0,0,107.21,0,24.32,63.986,93.937,0,23.648,0,40.586,0,74.875,0,99.329,68.454,0,0,0
5,6/6/50,22:34,85.579,0,0,22.603,48.925,0,84.411,95.861,0,0,0,0,37.532,0,135.017,0,43.519,105.276,0,28.704,0
5,6/6/50,22:35,37.033,0,0,90.564,36.888,0,0,56.868,0,0,44.529,0,57.09,0,0,0,0,94.963,0,32.404,0
5,6/6/50,22:36,71.012,0,0,81.001,0,0,61.226,116.168,84.424,0,33.641,0,55.376,0,11.993,0,0,62.723,0,58.682,0
5,6/6/50,22:37,176.91,0,0,119.418,0,0,108.157,70.163,20.439,0,11.265,0,80.463,0,26.375,0,0,56.759,0,113.543,0
5,6/6/50,22:38,126.12,0,0,116.445,0,0,102.393,23.416,22.556,0,0,0,0,0,122.9,0,0,31.845,0,94.738,0
5,6/6/50,22:39,190.212,0,0,79.909,0,0,132.773,0,42.67,0,55.79,0,51.563,0,137.89,0,0,82.614,0,62.378,0
5,6/6/50,22:40,37.397,0,0,40.297,0,0,23.334,0,23.145,0,22.744,0,174.694,0,130.022,0,0,0,0,40.803,0
5,6/6/50,22:41,43.607,0,0,153.907,0,0,0,0,0,0,24.842,0,44.131,0,136.516,0,0,0,0,28.902,0
5,6/6/50,22:42,0,0,0,166.614,0,0,0,0,21.2,0,22.119,0,96.284,0,30.933,0,0,32.704,0,0,0
5,6/6/50,22:43,19.755,0,0,112.55,0,0,0,0,0,0,32.189,0,43.021,0,67.535,0,0,122.389,59.567,0,0
5,6/6/50,22:44,129.807,0,0,132.427,0,0,0,0,0,0,50.021,0,170.997,32.18,9.848,0,0,34.257,31.664,0,0
5,6/6/50,22:45,21.229,0,0,98.573,0,0,0,0,0,0,0,0,52.281,0,41.282,0,0,54.983,107.495,0,0
5,6/6/50,22:46,45.416,0,53.47,0,0,0,13.885,0,0,0,0,0,94.858,0,25.914,0,0,45.083,97.517,9.63,57.61
5,6/6/50,22:47,183.617,0,3.861,70.046,0,0,87.203,0,0,0,0,0,133.238,0,144.735,0,0,25.656,74.507,118.931,31.621
5,6/6/50,22:48,166.759,0,150.208,52.999,0,0,70.394,0,0,0,0,0,2.581,20.878,180.84,0,0,51.319,17.782,125.412,30.58
5,6/6/50,22:49,87.44,0,152.323,122.499,0,0,55.197,0,0,0,0,0,145.572,131.49,75.495,0,0,69.31,0,46.404,0
5,6/6/50,22:50,81.219,0,123.097,131.699,0,0,77.804,0,0,0,0,0,99.862,149.768,78.393,0,0,56.752,0,126.315,0
5,6/6/50,22:51,49.359,0,201.588,85.814,0,0,0,0,0,0,0,0,69.364,187.371,62.266,0,0,145.595,16.987,0,0
5,6/6/50,22:52,212.19,0,206.585,75.418,0,60.43,0,0,0,0,0,0,0,16.063,54.981,0,0,0,54.881,26.048,0
5,6/6/50,22:53,271.771,0,221.229,34.562,0,23.971,0,0,0,0,0,0,0,0,162.021,0,0,0,100.629,138.628,0
5,6/6/50,22:54,0,0,82.324,0,0,40.22,0,0,0,0,0,0,109.243,0,47.832,0,0,0,87.357,95.094,27.207
5,6/6/50,22:55,0,0,5.478,0,0,61.877,0,0,0,0,0,0,53.947,0,97.64,0,0,17.851,64.138,87.488,0
5,6/6/50,22:56,0,0,0,0,0,53.935,0,0,0,0,0,0,72.844,0,151.016,0,0,106.955,44.077,116.998,0
5,6/6/50,22:57,50.535,0,0,0,0,72.524,0,0,0,0,0,0,139.013,0,42.431,0,0,79.673,24.527,38.175,0
5,6/6/50,22:58,47.888,0,33.923,0,0,114.134,0,0,0,0,0,0,0,0,65.8,0,0,11.451,0,5.103,0
5,6/6/50,22:59,0,0,43.189,0,0,84.862,0,0,0,0,0,128.702,0,0,0,0,0,13.936,0,126.634,0
5,6/6/50,23:00,87.684,0,59.469,0,0,100.1,0,0,0,0,0,116.873,0,145.909,68.879,0,0,71.708,0,81.76,0
5,6/6/50,23:01,57.539,0,214.725,0,0,32.024,0,0,0,0,0,93.144,0,85.198,85.194,0,0,37.829,0,89.714,0
5,6/6/50,23:02,37.55,0,151.774,0,0,119.711,0,0,0,0,0,41.723,0,38.682,104.604,0,0,37.742,0,0,92.644
5,6/6/50,23:03,120.511,0,233.91,0,0,26.518,0,0,0,0,0,68.896,0,49.882,61.088,0,0,15.437,0,12.447,152.289
5,6/6/50,23:04,13.759,0,225.229,0,0,116.923,0,0,0,0,0,99.498,49.704,24.478,132.104,0,0,0,0,117.566,101
5,6/6/50,23:05,58.301,0,24.495,0,0,36.948,0,0,0,0,0,88.288,122.898,33.063,0,0,0,0,0,63.721,80.874
5,6/6/50,23:06,0,0,0,0,0,34.529,0,0,0,0,0,162.475,74.901,33.014,0,0,0,0,0,86.417,204.576
5,6/6/50,23:07,96.151,0,0,0,0,131.884,0,0,0,0,0,159.478,28.53,43.152,137.27,0,0,0,0,133.114,222.579
5,6/6/50,23:08,81.132,0,44.963,0,0,90.568,0,0,0,0,0,105.546,0,56.704,51.651,0,0,0,0,152.571,96.544
5,6/6/50,23:09,11.806,0,26.688,0,0,133.036,0,0,0,0,0,60.895,0,41.707,102.63,0,0,0,0,74.756,0
5,6/6/50,23:10,98.427,0,174.032,0,59.273,18.286,0,0,0,0,0,55.251,0,20.641,113.254,130.634,0,0,0,28.573,0
5,6/6/50,23:11,171.319,0,139.927,0,30.226,39.81,0,0,0,0,0,121.369,0,0,139.68,93.671,0,0,0,66.076,0
5,6/6/50,23:12,25.397,0,205.51,90.512,0,106.195,0,0,0,0,0,91.052,0,0,2.53,0,0,0,0,0,0
5,6/6/50,23:13,9.515,0,164.373,63.915,26.964,0,0,0,0,0,0,92.896,0,0,0,27.793,0,0,0,0,0
5,6/6/50,23:14,179.18,0,157.511,0,19.477,0,0,0,0,0,0,128.868,0,0,0,70.414,0,0,36.365,0,0
5,6/6/50,23:15,178.216,0,134.334,43.766,119.209,7.893,0,0,0,0,0,25.719,0,0,0,107.464,0,0,68.475,0,0
5,6/6/50,23:16,26.676,0,144.464,65.54,0,79.09,0,31.702,0,0,0,88.222,0,134.612,0,211.176,0,0,67.447,0,0
5,6/6/50,23:17,85.991,0,0,107.618,26.548,105.558,0,34.948,0,0,0,98.599,0,0,66.174,177.267,0,0,0,0,0
5,6/6/50,23:18,16.998,0,0,123.099,23.076,10.731,0,176.073,0,0,0,114.819,0,0,54.996,125.94,0,0,0,64.94,0
5,6/6/50,23:19,94.834,0,0,0,56.359,117.61,0,71.338,0,0,0,118.82,0,0,112.435,120.636,0,0,0,66.371,0
5,6/6/50,23:20,41.855,0,111.241,105.96,44.094,90.091,0,0,0,0,0,94.955,0,0,135.684,81.151,0,0,65.16,86.495,0
5,6/6/50,23:21,103.671,0,115.489,92.34,179.819,0,0,62.125,0,0,0,101.755,0,0,134.175,110.217,0,0,51.529,66.356,0
5,6/6/50,23:22,54.289,0,156.321,90.255,11.055,0,0,33.175,0,0,0,50.936,0,0,121.58,125.213,0,0,0,93.686,0
5,6/6/50,23:23,66.33,0,163.554,45.954,71.279,38.676,0,122.877,0,0,0,76.36,0,0,0,106.02,0,0,0,145.325,0
5,6/6/50,23:24,0,0,120.506,67.399,46.715,0,0,80.439,0,0,0,47.346,0,0,105.919,118.644,0,0,0,51.297,0
5,6/6/50,23:25,0,0,197.274,19.322,76.852,40.322,0,132.127,0,0,0,73.296,0,0,0,88.998,0,0,0,0,0
5,6/6/50,23:26,0,0,67.638,0,49.112,142.147,0,35.166,0,0,0,118.762,0,0,0,158.571,0,0,0,0,0
5,6/6/50,23:27,148.366,0,0,0,69.987,128.572,0,28.961,0,0,0,170.138,0,0,0,0,0,0,0,0,0
5,6/6/50,23:28,62.402,0,0,0,9.653,2.311,0,53.371,0,0,0,121.157,0,0,54.073,0,0,0,0,0,0
5,6/6/50,23:29,37.989,0,28.999,0,29.77,0,0,63.372,0,0,0,135.768,0,0,95.17,78.523,0,0,0,5.204,0
5,6/6/50,23:30,117.031,159.653,144.672,0,78.994,0,0,81.631,0,0,0,83.418,0,0,39.325,87.71,0,0,0,110.835,0
5,6/6/50,23:31,53.302,0,142.614,0,54.294,0,0,24.69,0,30.841,0,68.638,0,0,66.081,165.775,0,0,0,88.27,0
5,6/6/50,23:32,0,0,147.479,0,95.475,76.971,0,35.834,0,55.492,0,58.635,0,0,0,125.107,0,0,0,25.872,0
5,6/6/50,23:33,0,135.147,124.456,0,69.222,55.748,0,31.72,0,106.179,0,100.215,0,0,0,99.816,0,0,0,19.31,0
5,6/6/50,23:34,0,137.006,187.111,0,61.312,164.222,0,61.792,0,54.161,0,20.283,0,0,0,28.64,0,0,0,0,0
5,6/6/50,23:35,0,152.487,89.694,0,56.078,161.86,0,22.588,0,17.327,0,89.524,0,0,0,0,0,0,0,30.926,0
5,6/6/50,23:36,0,164.549,0,0,118.669,55.389,0,111.96,0,90.974,0,53.484,0,0,0,0,0,0,0,93.502,0
5,6/6/50,23:37,0,76.267,0,0,50.174,59.496,0,57.995,0,37.746,0,0,0,0,0,0,0,0,0,71.02,0
5,6/6/50,23:38,0,182.75,0,0,82.57,191.139,0,58.215,0,55.599,0,0,0,0,0,33.735,0,0,0,19.765,0
5,6/6/50,23:39,0,245.834,52.879,0,110.319,32.033,0,11.589,0,97.844,0,0,0,0,0,117.588,0,0,0,0,0
5,6/6/50,23:40,0,159.785,32.553,0,53.516,0,0,0,0,134.997,0,0,0,0,0,111.072,0,0,0,0,0
5,6/6/50,23:41,0,112.174,46.772,0,107.972,0,0,0,0,99.153,0,0,0,0,0,179.325,0,0,0,24.727,0
5,6/6/50,23:42,0,176.165,150.762,0,30.713,0,0,83.837,0,151.167,0,0,0,0,0,152.258,0,0,0,157.462,0
5,6/6/50,23:43,0,149.68,125.858,0,128.424,0,0,91.477,0,61.058,0,0,0,0,0,135.346,0,0,0,128.514,0
5,6/6/50,23:44,0,109.894,145.111,0,43.942,0,0,102.09,0,82.912,0,0,0,0,0,9.611,0,0,0,133.184,0
5,6/6/50,23:45,0,30.209,0,0,22.371,0,0,89.748,0,147.635,0,0,0,0,0,87.059,0,0,0,124.35,0
5,6/6/50,23:46,0,140.787,0,0,15.154,0,0,35.406,0,43.079,0,0,0,0,0,71.976,0,0,0,0,0
5,6/6/50,23:47,0,209.851,0,0,118.988,0,0,0,0,16.233,0,0,0,0,0,104.362,0,0,0,0,0
5,6/6/50,23:48,0,181.078,24.644,0,115.095,0,53.905,0,0,90.193,0,0,0,0,0,162.168,0,0,0,0,0
5,6/6/50,23:49,0,208.205,75.637,0,120.736,0,105.692,0,0,0,0,0,0,0,0,102.833,0,0,0,0,0
5,6/6/50,23:50,0,157.052,0,0,55.091,0,97.109,0,0,40.285,0,0,0,0,0,0,0,0,0,0,0
5,6/6/50,23:51,0,79.238,0,0,42.418,0,88.807,0,0,117.842,0,0,0,0,0,0,0,0,0,0,0
5,6/6/50,23:52,0,87.433,0,0,147.234,0,36.018,0,0,96.504,0,0,0,0,0,0,0,0,0,0,0
5,6/6/50,23:53,0,189.418,0,0,78.838,0,0.115,0,0,47.093,0,0,0,0,0,117.742,0,0,0,0,0
5,6/6/50,23:54,0,102.703,0,0,62.623,0,99.993,0,0,0,0,0,0,0,0,106.704,0,0,0,0,0
5,6/6/50,23:55,0,120.096,6.139,0,152.619,0,110.019,0,0,0,0,0,0,0,0,204.533,0,0,0,0,0
5,6/6/50,23:56,0,160.873,66.069,0,62.014,0,113.737,19.677,0,0,0,0,0,0,0,31.01,0,0,0,0,0
5,6/6/50,23:57,0,206.309,85.781,0,142.958,0,80.833,62.03,0,0,0,0,0,0,0,19.162,0,0,0,0,0
5,6/6/50,23:58,0,80.83,0,0,34.327,0,72.778,0,0,0,0,0,0,0,0,101.768,0,0,0,0,0
5,6/6/50,23:59,0,130.131,0,0,17.12,0,83.019,0,0,0,0,0,0,0,0,186.759,0,0,0,0,0
5,6/7/50,0:00,0,99.386,0,0,92.616,0,126.476,0,0,0,0,0,0,0,0,35.475,0,0,0,0,0
5,6/7/50,0:01,0,81.801,0,0,2.849,0,169.627,0,0,0,0,0,0,0,0,0,0,0,0,0,0
5,6/7/50,0:02,0,87.713,0,0,0,0,87.196,0,0,0,0,0,0,0,0,10.86,0,0,0,0,0
5,6/7/50,0:03,0,179.847,0,0,72.706,0,97.536,0,0,0,94.414,0,0,0,0,119.322,0,0,0,0,0
5,6/7/50,0:04,0,201.07,0,0,25.088,0,125.058,0,0,0,0,0,0,67.419,0,70.503,0,0,0,0,0
5,6/7/50,0:05,0,66.011,0,0,90.527,0,0,0,0,0,89.525,0,0,59.333,0,0,0,0,0,0,0
5,6/7/50,0:06,0,94.959,0,0,52.231,0,34.718,0,0,0,171.001,0,0,0,0,102.212,0,0,0,0,0
5,6/7/50,0:07,0,0,0,0,158.98,0,64.981,0,0,0,0,0,0,0,0,103.766,0,0,0,0,0
5,6/7/50,0:08,0,50.363,0,0,26.775,0,21.343,0,0,0,141.911,0,0,0,0,217.562,0,0,0,0,0
5,6/7/50,0:09,0,66.59,0,0,68.463,0,55.201,0,0,0,106.061,0,0,0,0,72.401,0,0,0,0,0
5,6/7/50,0:10,0,89.894,0,0,23.993,0,60.191,0,0,0,107.676,0,0,0,0,142.358,0,0,0,0,0
5,6/7/50,0:11,0,52.74,0,0,29.447,0,77.015,0,0,0,0,0,0,0,0,0,0,0,0,0,0
5,6/7/50,0:12,0,146.746,0,0,0,0,0,0,0,0,70.441,0,0,0,0,0,0,0,0,0,0
5,6/7/50,0:13,0,161.651,0,0,120.275,0,0,0,0,0,82.372,0,0,0,0,0,0,164.534,0,0,0
5,6/7/50,0:14,0,126.035,0,0,191.029,0,0,0,0,0,64.606,0,0,0,0,0,0,58.381,0,0,0
5,6/7/50,0:15,0,172.125,0,0,27.014,0,0,0,0,0,84.348,0,0,0,0,72.653,81.261,46.251,0,0,0
5,6/7/50,0:16,0,119.054,0,0,17.226,0,0,0,0,0,37.265,0,0,0,0,161.909,101.276,141.632,0,0,0
5,6/7/50,0:17,0,146.826,0,0,0,0,0,0,0,0,130.782,0,0,0,0,83.868,7.928,144.998,0,0,0
5,6/7/50,0:18,0,148.598,0,0,0,0,0,0,0,0,41.918,0,0,0,0,23.473,38.503,76.388,0,0,0
5,6/7/50,0:19,0,119.104,0,0,0,0,0,0,0,0,68.328,0,0,0,0,68.932,21.773,0,0,0,0
5,6/7/50,0:20,0,119.522,0,0,0,0,0,0,0,0,7.396,74.56,0,0,0,0,21.311,0,0,0,0
5,6/7/50,0:21,0,133.292,0,0,0,0,0,0,0,0,20.342,81.585,0,0,0,0,0,0,0,0,0
5,6/7/50,0:22,0,202.845,0,0,0,0,0,2.04,0,0,24.199,101.591,0,0,0,0,0,87.838,0,0,0
5,6/7/50,0:23,0,162.072,0,0,0,0,0,81.775,0,0,18.58,0,0,0,0,0,0,43.114,0,0,0
5,6/7/50,0:24,0,135.053,0,0,0,0,0,150.499,0,0,30.877,0,0,0,0,0,0,92.948,0,0,0
5,6/7/50,0:25,0,143.853,0,0,0,0,0,114.748,0,0,43.436,65.207,0,0,0,0,189.124,94.06,0,0,0
5,6/7/50,0:26,0,111.926,0,0,0,0,0,92.019,0,0,37.634,67.901,0,0,69.251,0,277.028,46.853,0,0,0
5,6/7/50,0:27,0,25.707,0,0,0,0,0,0,0,0,20.179,30.083,0,0,116.871,0,285.784,57.995,0,0,0
5,6/7/50,0:28,0,115.933,0,0,0,0,0,0,0,0,16.027,0,0,0,123.574,0,182.644,0,0,0,27.244
5,6/7/50,0:29,0,147.591,0,0,0,0,0,0,0,0,40.247,0,0,0,125.289,0,52.834,109.494,0,0,0
5,6/7/50,0:30,0,111.185,0,0,0,0,0,0,0,0,34.118,0,0,0,29.62,0,151.859,79.707,0,0,0
5,6/7/50,0:31,0,0,0,0,0,0,0,0,0,0,32.137,0,0,0,0,0,0,0,0,0,0
5,6/7/50,0:32,0,0,0,0,0,0,0,97.455,0,0,37.495,0,0,0,0,0,0,28.232,0,0,0
5,6/7/50,0:33,0,0,0,0,0,0,0,103.584,0,53.789,37.407,0,0,0,0,0,0,7.747,0,0,50.628
5,6/7/50,0:34,0,0,0,0,0,0,0,132.667,0,54.399,45.117,0,0,0,29.872,0,22.568,34.842,0,0,89.673
5,6/7/50,0:35,0,0,0,0,0,0,0,99.805,58.538,60.653,50.366,0,0,0,136.262,0,93.608,89.421,0,0,54.646
5,6/7/50,0:36,0,0,0,0,0,0,0,55.85,121.834,129.822,60.627,0,0,0,73.236,0,22.69,63.165,0,0,97.64
5,6/7/50,0:37,0,0,0,0,0,0,0,27.557,0,185.463,0,0,0,0,131.836,0,31.676,5.876,0,0,122.093
5,6/7/50,0:38,0,0,0,0,0,0,0,134.795,40.461,91.422,0,0,0,0,192.996,0,12.141,24.749,0,0,0
5,6/7/50,0:39,0,0,0,0,0,0,0,74.637,10.714,52.034,0,0,0,0,131.142,0,0,0,0,0,0
5,6/7/50,0:40,0,0,0,0,0,0,0,85.635,93.249,78.437,21.948,0,0,0,103.2,0,0,0,0,0,78.316
5,6/7/50,0:41,0,0,0,0,0,0,0,72.018,0,93.351,3.845,0,23.628,0,0,0,0,0,0,0,125.161
5,6/7/50,0:42,0,0,0,0,0,0,0,102.158,0,5.156,98.384,0,0,0,39.972,0,0,0,0,0,93.182
5,6/7/50,0:43,0,0,0,0,0,0,0,106.887,0,8.533,31.131,0,99.892,0,46.994,0,0,0,0,0,98.165
5,6/7/50,0:44,0,0,0,0,0,0,0,155.403,0,139.045,0,0,101.497,0,32.849,0,0,0,0,0,44.764
5,6/7/50,0:45,0,0,0,0,0,0,0,129.543,0,41.663,24.855,0,198.915,0,80.506,0,0,0,0,0,108.549
5,6/7/50,0:46,0,0,0,0,0,0,0,147.281,0,69.791,11.67,0,95.163,0,91.52,0,0,0,0,0,59.871
5,6/7/50,0:47,0,0,0,0,0,0,0,83.738,41.011,127.269,58.864,0,0,0,68.501,0,0,0,0,0,0
5,6/7/50,0:48,0,0,0,0,0,0,0,0,111.85,80.585,110.105,0,70.967,0,49.06,0,0,0,0,0,0
5,6/7/50,0:49,0,0,0,0,0,0,0,0,10.975,124.73,78.609,0,103.739,0,172.79,0,0,0,0,0,0
5,6/7/50,0:50,0,0,0,0,0,0,0,0,39.875,90.986,101.612,0,37.795,0,63.488,0,0,0,0,0,0
5,6/7/50,0:51,0,0,0,0,0,0,0,0,27.904,139.495,36.635,0,32.393,0,36.957,0,0,0,0,0,0
5,6/7/50,0:52,0,0,0,0,0,0,0,23.345,74.096,50.059,160.506,0,0,0,42.308,0,0,0,0,0,70.354
5,6/7/50,0:53,0,0,0,0,0,0,0,77.813,33.655,14.799,62.977,0,41.919,54.135,0,0,0,0,0,0,104.352
5,6/7/50,0:54,0,0,0,0,0,0,0,41.08,40.292,27.755,48.87,0,91.08,155.852,24.447,0,0,0,0,0,197.418
5,6/7/50,0:55,0,0,0,0,0,0,0,17.658,25.74,52.41,0,0,0,0,58.017,0,18.716,0,0,0,100.955
5,6/7/50,0:56,0,0,0,0,0,0,0,75.333,61.643,49.525,0,0,132.347,0,95.406,0,174.437,0,0,0,67.456
5,6/7/50,0:57,0,0,0,0,0,0,0,0,0,85.649,4.332,0,135.863,0,0,0,0,0,0,0,54.301
5,6/7/50,0:58,0,0,0,0,0,0,0,0,0,68.504,58.887,0,0,22.019,0,0,0,0,0,0,73.334
5,6/7/50,0:59,0,0,0,0,0,0,0,0,0,34.023,15.706,0,0,0,0,0,0,0,0,0,66.559
5,6/7/50,1:00,0,0,0,0,0,0,0,0,0,0,0,0,0,0,0,0,0,0,0,0,157.129
5,6/7/50,1:01,0,0,0,0,0,0,0,0,0,74.097,0,0,0,0,0,0,0,0,0,0,110.535
5,6/7/50,1:02,0,0,0,0,0,0,0,0,0,135.515,0,0,146.027,0,0,0,80.342,0,49.651,0,49.714
5,6/7/50,1:03,0,0,0,0,0,0,0,0,0,55.166,0,0,55.335,149.359,0,0,31.569,0,0,0,0
5,6/7/50,1:04,0,46.059,0,0,0,0,0,0,0,79.571,0,0,0,143.379,0,0,0,0,75.772,0,0
5,6/7/50,1:05,0,56.483,0,0,0,0,0,0,0,68.727,0,0,108.947,107.861,0,0,0,0,60.285,0,0
5,6/7/50,1:06,0,133.319,0,0,0,0,0,0,0,37.616,0,0,37.805,147.109,0,0,0,0,84.656,0,0
5,6/7/50,1:07,0,87.779,0,0,0,0,0,0,0,56.339,0,0,38.391,58.008,0,0,0,0,72.308,0,0
5,6/7/50,1:08,0,189.93,0,0,0,0,0,0,0,106.102,76.548,0,165.396,17.851,0,0,0,0,0,0,0
5,6/7/50,1:09,0,131.777,0,0,0,0,0,0,0,103.9,23.581,0,0,63.024,0,0,0,0,0,0,0
5,6/7/50,1:10,0,0,0,0,0,0,0,0,0,93.153,66.098,0,0,47.706,0,0,0,0,0,0,0
5,6/7/50,1:11,0,0,0,0,0,0,0,0,0,32.632,73.68,0,0,43.546,0,0,0,0,59.656,0,0
5,6/7/50,1:12,0,0,0,0,0,0,0,0,0,26.773,133.652,0,0,44.746,0,0,0,0,22.164,0,0
5,6/7/50,1:13,0,0,0,64.789,0,0,0,0,0,72.599,26.607,0,0,22.546,0,0,41.146,0,149.67,0,0
5,6/7/50,1:14,0,0,0,89.699,0,0,0,0,0,10.711,52.526,0,0,0,0,0,0,0,126.161,0,0
5,6/7/50,1:15,0,0,0,69.399,0,0,0,0,0,7.157,11.777,0,0,0,0,0,0,0,59.972,0,0
5,6/7/50,1:16,0,0,0,108.237,0,0,0,0,0,22.862,30.028,0,0,0,0,0,0,0,0,0,0
5,6/7/50,1:17,0,0,0,0,0,0,0,0,0,37.364,39.969,0,0,0,0,0,0,0,0,0,0
5,6/7/50,1:18,0,0,0,59.487,0,0,0,0,0,20.742,71.266,0,0,0,0,0,0,0,0,0,0
5,6/7/50,1:19,0,0,0,106.373,0,0,0,0,0,0,58.897,0,0,24.338,0,0,0,0,3.155,0,0
5,6/7/50,1:20,0,0,0,37.302,0,0,0,0,0,0,9.184,0,0,111.856,0,0,0,0,13.841,0,0
5,6/7/50,1:21,0,0,0,89.84,0,0,0,0,0,0,160.197,0,0,146.043,0,0,0,0,0,0,0
5,6/7/50,1:22,0,0,0,0,0,0,0,0,0,0,36.881,0,0,122.342,0,0,0,0,0,0,0
5,6/7/50,1:23,0,0,0,0,0,0,0,0,0,43.041,199.329,0,0,102.826,0,0,0,0,0,0,0
5,6/7/50,1:24,0,0,0,49.152,0,0,0,0,0,0,111.779,0,0,34.096,0,0,0,0,0,0,0
5,6/7/50,1:25,0,0,0,121.429,0,0,0,0,0,0,41.851,0,0,63.219,0,0,0,0,0,0,0
5,6/7/50,1:26,0,0,0,26.213,0,0,0,0,0,0,100.85,0,0,45.356,0,0,0,0,0,0,0
5,6/7/50,1:27,0,0,0,15.794,0,53.785,0,0,0,0,23.505,0,0,130.682,0,0,0,0,0,0,0
5,6/7/50,1:28,0,0,0,95.202,0,0,0,0,0,0,32.27,0,0,128.18,0,0,0,0,38.844,0,0
5,6/7/50,1:29,0,0,0,36.058,0,68.284,0,0,0,0,0,0,0,0,0,0,0,0,77.217,0,0
5,6/7/50,1:30,0,0,0,0,0,0,20.488,0,0,0,0,0,0,147.584,0,0,0,0,84.748,0,0
5,6/7/50,1:31,0,0,0,46.812,0,41.653,131.246,0,0,0,0,0,0,51.333,0,0,0,0,141.699,0,0
5,6/7/50,1:32,0,0,0,0,0,0,95.749,0,0,0,0,0,0,53.156,0,0,0,0,13.649,0,0
5,6/7/50,1:33,0,0,0,0,0,0,30.191,0,0,0,0,0,0,43.629,0,0,0,0,22.691,0,0
5,6/7/50,1:34,0,0,0,0,0,0,183.199,0,0,0,0,0,0,57.992,2.46,0,0,0,26.607,0,0
5,6/7/50,1:35,0,0,0,0,0,23.5,23.918,0,0,0,0,0,0,16.902,173.192,0,0,0,49.369,0,0
5,6/7/50,1:36,0,0,0,0,0,120.863,71.743,0,0,0,0,0,0,33.834,64.265,0,0,0,21.105,0,0
5,6/7/50,1:37,0,0,0,0,0,155.651,40.849,0,0,0,0,0,0,0,130.189,0,0,0,22.31,0,0
5,6/7/50,1:38,0,0,0,0,0,0,73.708,0,0,0,0,0,0,38.796,0,38.041,0,0,26.619,0,0
5,6/7/50,1:39,0,0,0,0,0,29.83,106.25,0,0,0,0,0,0,0,0,248.676,0,1.924,26.958,24.13,0
5,6/7/50,1:40,0,0,0,0,0,0,21.617,0,0,0,0,0,0,199.257,0,154.128,0,112.383,38.212,69.582,0
5,6/7/50,1:41,0,0,0,0,0,0,0,0,0,0,0,0,0,65.404,0,137.428,0,82.113,28.848,80.254,0
5,6/7/50,1:42,0,0,0,0,0,0,139.271,0,0,0,0,0,0,22.873,0,111.956,0,79.374,31.86,191.062,0
5,6/7/50,1:43,0,0,0,0,0,0,59.065,0,0,0,0,0,0,0,0,116.718,0,95.387,38.219,152.179,0
5,6/7/50,1:44,0,0,0,0,0,0,15.17,0,0,0,0,0,0,0,0,181.565,0,3.084,53.976,22.819,0
5,6/7/50,1:45,0,0,0,0,0,0,0,0,0,0,0,102.351,0,0,0,158.558,0,128.687,21.601,131.21,0
5,6/7/50,1:46,0,0,0,0,0,0,0,0,0,0,0,63.772,0,59.595,0,161.819,0,88.173,29.533,0,0
5,6/7/50,1:47,0,0,0,0,0,0,0,0,0,0,0,145.943,0,48.831,0,123.312,0,0,64.499,0,0
5,6/7/50,1:48,0,0,0,0,0,0,4.18,0,0,0,0,174.442,0,2.328,0,119.216,0,0,33.205,0,0
5,6/7/50,1:49,0,0,0,0,0,0,116.355,0,0,0,0,2.929,0,0,0,107.962,0,0,35.499,0,0
5,6/7/50,1:50,0,0,0,0,0,0,92.636,0,0,0,0,63.757,0,100.351,0,0,0,67.485,96.978,0,0
5,6/7/50,1:51,0,0,0,0,0,0,106.122,0,0,0,0,139.111,0,163.863,0,0,0,42.006,26.22,102.348,0
5,6/7/50,1:52,0,0,0,0,0,0,66.347,0,0,0,0,120.811,0,23.502,0,41.642,0,83.142,28.459,59.769,0
5,6/7/50,1:53,0,0,0,0,0,0,101.811,0,0,0,0,115.368,0,44.684,0,168.271,0,37.258,52.707,65.418,0
5,6/7/50,1:54,0,0,0,0,0,0,80.733,0,0,0,0,92.596,0,22.178,0,164.047,0,41.314,80.103,0,0
5,6/7/50,1:55,0,0,0,0,0,0,36.959,0,0,0,0,132.381,0,17.215,0,0,0,0,41.506,25.186,0
5,6/7/50,1:56,0,0,0,0,0,0,72.871,0,0,0,0,160.043,0,29.882,0,0,0,0,76.885,102.834,0
5,6/7/50,1:57,0,0,0,0,0,0,32.003,0,0,0,0,51.039,0,0,0,0,0,0,77.124,3.951,0
5,6/7/50,1:58,0,0,0,0,0,0,0,0,0,0,0,95.522,0,0,0,73.495,0,0,0,116.823,0
5,6/7/50,1:59,0,0,0,0,0,0,0,0,0,0,0,79.732,0,0,0,5.799,0,0,50.782,43.655,0
5,6/7/50,2:00,0,0,0,0,0,0,0,0,0,0,0,116.157,0,0,0,0,0,0,59.924,111.32,0
5,6/7/50,2:01,0,0,0,0,0,0,0,0,0,0,0,44.37,0,0,0,92.024,0,0,0,0,0
5,6/7/50,2:02,0,26.799,0,0,0,0,0,0,0,0,0,52.491,0,0,0,175.423,0,0,0,0,0
5,6/7/50,2:03,0,0,0,0,0,0,0,0,0,0,0,123.388,0,0,0,125.574,0,0,0,0,0
5,6/7/50,2:04,0,0,0,0,0,0,43.022,0,0,0,0,100.118,0,0,0,34.059,0,0,0,19.356,0
5,6/7/50,2:05,0,0,0,0,0,0,31.806,0,0,0,0,51.609,0,0,0,0,0,0,0,171.127,0
5,6/7/50,2:06,0,0,0,0,0,0,37.893,0,0,0,0,52.06,0,0,0,0,0,0,35.622,67.513,0
5,6/7/50,2:07,0,0,0,0,0,0,0,0,0,0,0,65.803,0,0,0,0,0,0,75.177,106.442,0
5,6/7/50,2:08,0,0,0,0,0,0,0,0,0,0,0,51.558,0,0,0,0,0,0,112.624,61.231,0
5,6/7/50,2:09,0,0,0,0,36.728,0,0,0,0,0,0,91.474,0,0,0,114.787,0,0,41.732,139.491,0
5,6/7/50,2:10,0,0,0,0,145.472,0,0,0,0,0,0,110.008,0,0,0,98.185,0,0,0,96.509,0
5,6/7/50,2:11,0,0,0,0,11.789,0,0,0,0,0,0,86.088,0,0,0,48.712,0,0,0,0,0
5,6/7/50,2:12,0,0,0,0,23.203,0,0,0,0,0,0,119.105,0,0,0,54.926,0,0,0,28.939,0
5,6/7/50,2:13,0,0,0,0,121.198,0,0,0,0,0,0,52.541,0,0,0,0,0,0,43.043,149.977,0
5,6/7/50,2:14,0,0,0,0,113.589,0,0,0,0,0,0,0,0,0,0,0,0,0,18.907,0,0
5,6/7/50,2:15,0,0,0,0,0,0,0,0,0,0,0,0,0,0,0,0,0,0,175.501,61.661,0
5,6/7/50,2:16,0,0,0,0,30.476,0,0,0,0,0,0,47.649,0,0,24.579,0,0,0,30.836,0,0
5,6/7/50,2:17,0,0,0,0,52.103,0,0,0,0,0,0,21.931,0,0,142.644,0,0,0,27.945,0,0
5,6/7/50,2:18,57.271,0,0,0,128.748,0,0,0,0,0,0,129.338,0,0,106.267,0,0,0,32.107,0,0
5,6/7/50,2:19,211.649,0,0,0,52.268,0,0,0,0,0,0,55.422,0,0,199.113,0,0,0,38.878,0,0
5,6/7/50,2:20,125.567,0,58.711,0,18.644,0,0,0,0,0,0,24.928,0,0,184.492,0,0,0,24.671,0,0
5,6/7/50,2:21,20.992,0,0,0,44.031,0,0,0,0,0,0,29.647,0,0,80.817,0,0,0,51.237,0,0
5,6/7/50,2:22,193.314,0,0,0,9.788,0,0,0,0,0,0,76.661,0,0,0,0,0,0,21.162,0,0
5,6/7/50,2:23,189.991,0,0,0,61.704,0,0,0,0,0,0,32.276,0,0,77.842,0,0,0,78.013,0,0
5,6/7/50,2:24,82.044,0,0,0,0,0,0,0,0,0,0,0,0,0,113.479,0,0,0,0,0,0
5,6/7/50,2:25,170.438,0,0,0,6.296,0,0,0,0,0,0,0,0,0,112.996,0,0,0,124.393,0,0
5,6/7/50,2:26,131.611,0,0,0,19.033,0,0,0,0,0,0,0,0,0,64.452,0,0,0,58.434,0,0
5,6/7/50,2:27,52.221,0,0,0,17.085,0,0,0,0,0,0,0,0,0,54.572,0,0,0,15.294,0,0
5,6/7/50,2:28,139.352,0,0,0,111.264,0,0,0,0,0,0,0,0,0,124.245,0,0,0,21.118,0,0
5,6/7/50,2:29,78.989,0,0,0,40.412,0,0,0,0,0,0,0,0,0,64.724,0,0,0,30.642,0,0
5,6/7/50,2:30,122.996,0,25.326,0,89.682,0,0,0,0,0,0,45.243,0,0,107.259,0,0,0,38.476,0,0
5,6/7/50,2:31,142.442,0,96.063,0,40.306,0,0,0,0,0,0,75.849,0,0,57.439,0,0,0,46.034,0,0
5,6/7/50,2:32,73.176,0,230.459,0,92.327,0,0,0,0,0,0,0,0,0,0,0,0,0,37.318,0,0
5,6/7/50,2:33,42.138,0,72.987,0,48.128,0,0,0,0,0,0,0,0,0,0,0,0,0,37.182,0,0
5,6/7/50,2:34,0,0,0,0,79.317,0,0,0,0,0,0,0,0,0,0,0,0,0,21.469,0,0
5,6/7/50,2:35,0,0,0,0,88.973,0,0,0,0,0,0,0,0,0,0,0,0,0,19.677,0,0
5,6/7/50,2:36,0,0,113.119,0,78.503,0,0,0,0,0,0,0,0,0,7.966,0,0,0,34.551,0,0
5,6/7/50,2:37,0,0,156.918,0,58.532,0,0,0,0,0,0,0,0,0,33.584,0,0,0,88.829,0,46.913
5,6/7/50,2:38,0,0,36.022,0,155.853,0,0,31.507,0,0,0,0,0,0,69.703,0,0,0,88.134,0,0
5,6/7/50,2:39,0,0,126.174,0,54.032,0,0,95.41,0,0,78.037,0,0,0,90.615,0,0,0,0,0,0
5,6/7/50,2:40,0,0,260.92,0,123.151,0,0,79.53,0,0,177.875,0,0,0,30.616,0,0,0,0,0,0
5,6/7/50,2:41,0,0,160.777,0,68.771,0,0,25.802,0,0,150.505,0,0,0,0,0,0,0,0,0,0
5,6/7/50,2:42,0,0,160.133,0,132.797,0,0,89.439,0,0,6.841,0,0,0,0,0,0,0,0,0,0
5,6/7/50,2:43,0,0,82.426,0,282.603,0,0,23.046,0,0,28.349,0,0,0,0,0,0,0,0,0,0
5,6/7/50,2:44,0,0,12.033,0,41.639,0,0,54.629,0,0,21.659,0,24.58,0,0,0,0,0,0,0,0
5,6/7/50,2:45,0,0,42.756,0,0,0,0,25.148,0,0,44.16,0,0,0,0,0,0,0,0,0,0
5,6/7/50,2:46,0,0,0,0,0,0,86.999,82.363,0,0,62.921,0,12.432,0,0,0,0,0,0,0,0
5,6/7/50,2:47,0,25.058,32.049,0,0,0,60.057,76.821,0,0,90.586,0,184.668,0,0,0,0,0,0,0,2.416
5,6/7/50,2:48,0,155.198,35.971,0,0,0,0,105.369,0,0,0,0,42.149,0,0,0,0,0,0,0,46.224
5,6/7/50,2:49,0,28.319,0,0,0,0,0,94.474,0,0,0,0,50.695,0,0,0,0,0,0,0,63.857
5,6/7/50,2:50,0,0,0,0,0,0,0,87.989,0,0,0,0,0,0,0,0,0,0,0,0,0
5,6/7/50,2:51,0,0,0,0,0,0,0,77.747,0,0,0,0,2.914,0,0,0,0,0,0,0,0
5,6/7/50,2:52,0,0,111.146,0,0,0,0,18.463,0,0,0,0,153.623,0,0,0,0,0,0,0,72.043
5,6/7/50,2:53,0,0,186.404,0,0,0,0,6.582,0,0,0,0,49.632,0,0,0,0,0,0,0,109.789
5,6/7/50,2:54,0,0,141.581,0,0,0,0,13.041,0,0,0,0,0,0,0,0,123.481,0,0,0,152.526
5,6/7/50,2:55,0,0,172.843,0,0,0,0,20.978,0,0,0,0,0,0,0,0,13.484,0,96.324,0,42.861
5,6/7/50,2:56,0,0,0.46,0,0,0,0,42.553,0,0,0,0,0,0,0,0,9.568,0,0,0,31.387
5,6/7/50,2:57,0,0,0,0,0,0,0,74.764,0,0,0,0,0,0,0,0,115.435,0,0,0,113.228
5,6/7/50,2:58,0,0,0,0,0,23.445,0,39.416,0,0,0,0,0,0,0,0,0,115.606,0,0,50.395
5,6/7/50,2:59,0,0,0,0,0,0,0,0,0,0,0,0,0,0,0,0,0,83.374,0,0,53.631
5,6/7/50,3:00,0,0,0,0,0,0,0,0,0,0,0,0,0,0,0,0,0,83.934,0,0,116.604
5,6/7/50,3:01,0,0,81.046,0,0,0,0,0,0,0,0,0,0,0,0,0,0,57.288,0,0,23.421
5,6/7/50,3:02,0,0,63.448,0,0,0,0,0,0,0,0,0,0,0,0,0,0,132.937,0,0,125.466
5,6/7/50,3:03,0,0,54.91,0,0,38.571,0,0,0,0,0,0,0,0,0,0,0,69.41,0,0,107.758
5,6/7/50,3:04,0,0,112.134,23.17,0,39.603,0,0,0,0,0,0,0,0,0,0,0,45.963,0,0,244.955
5,6/7/50,3:05,0,0,10.434,35.527,0,15.882,0,0,0,0,0,0,0,0,0,0,0,35.207,0,0,25.525
5,6/7/50,3:06,0,45.135,32.474,0,0,46.854,0,0,0,0,0,0,0,0,0,0,0,26.968,0,0,188.246
5,6/7/50,3:07,0,97.272,0,0,0,0,0,0,0,0,0,0,0,0,0,0,0,46.149,0,0,402.488
5,6/7/50,3:08,0,71.164,0,0,0,0,0,0,0,0,0,0,0,0,0,0,0,37.272,0,0,191.387
5,6/7/50,3:09,0,151.546,0,27.831,0,0,0,0,0,0,0,0,0,0,0,0,0,0,0,0,41.699
5,6/7/50,3:10,0,199.125,0,61.429,0,0,0,0,0,0,0,0,0,0,0,0,0,0,0,0,26.398
5,6/7/50,3:11,0,118.652,0,0,0,0,0,0,0,0,0,0,0,0,0,0,0,0,0,0,0
5,6/7/50,3:12,0,127.805,0,0,0,0,0,0,0,0,0,0,0,0,0,0,0,0,0,0,0
5,6/7/50,3:13,0,129.287,0,101.874,0,0,0,0,0,0,0,0,0,0,0,0,8.921,0,0,0,0
5,6/7/50,3:14,0,17.055,0,60.756,0,0,0,0,0,0,0,0,0,0,0,0,177.033,0,0,0,0
5,6/7/50,3:15,0,0,0,124.615,0,0,0,0,0,0,0,0,0,0,0,0,54.541,0,0,0,0
5,6/7/50,3:16,0,0,0,29.24,0,0,0,0,0,0,0,0,0,0,0,0,0,0,0,0,0
5,6/7/50,3:17,0,0,0,51.067,0,0,0,0,0,0,0,0,0,0,0,0,0,0,0,0,0
5,6/7/50,3:18,0,0,0,8.151,0,0,0,0,0,0,0,0,0,0,0,0,0,0,0,0,0
5,6/7/50,3:19,0,0,0,65.211,0,0,0,0,0,0,0,0,0,0,0,0,0,0,0,0,0
5,6/7/50,3:20,0,0,0,0,0,0,0,0,0,0,0,0,0,0,0,0,0,0,0,0,0
5,6/7/50,3:21,0,0,0,36.102,0,0,0,0,0,0,0,0,0,0,0,0,0,0,0,0,0
5,6/7/50,3:22,0,0,0,100.15,0,0,92.727,0,0,0,0,0,0,0,0,0,0,0,0,0,0
5,6/7/50,3:23,0,0,0,76.83,0,0,102.62,0,0,0,0,0,0,0,0,0,57.891,0,0,0,0
5,6/7/50,3:24,0,0,0,0,0,0,0,0,0,0,0,0,0,0,0,0,174.27,0,0,0,0
5,6/7/50,3:25,45.744,0,0,0,0,0,12.706,0,0,0,0,41.187,0,0,0,0,20.896,0,0,0,0
5,6/7/50,3:26,52.957,0,0,0,0,0,15.816,0,0,0,0,99.668,0,0,0,0,0,0,0,0,0
5,6/7/50,3:27,0,0,0,0,0,0,52.12,0,0,0,0,0,0,0,0,0,0,0,0,0,0
5,6/7/50,3:28,0,0,0,0,0,0,17.368,0,0,0,0,38.034,0,0,0,0,15.654,0,0,0,0
5,6/7/50,3:29,0,0,0,0,0,0,78.798,0,29.204,35.894,0,81.835,0,0,0,0,25.065,0,0,0,0
5,6/7/50,3:30,0,0,0,0,0,0,107.52,0,35.908,65.264,0,33.868,0,0,0,0,163.398,0,0,0,0
5,6/7/50,3:31,0,0,0,0,0,0,51.372,0,15.798,164.386,0,0,0,0,0,0,195.384,0,0,0,0
5,6/7/50,3:32,0,0,0,0,0,0,97.033,0,31.897,76.711,0,0,0,0,0,0,86.402,0,0,0,0
5,6/7/50,3:33,0,0,0,0,0,0,77.422,0,0,24.567,0,0,0,0,0,0,0,0,0,170.394,0
5,6/7/50,3:34,0,0,0,0,0,0,73.998,0,56.921,16.542,0,0,0,0,0,0,0,0,0,85.043,0
5,6/7/50,3:35,0,0,0,0,0,0,38.654,0,74.916,55.78,0,0,0,0,0,0,0,0,0,58.248,0
5,6/7/50,3:36,0,0,0,0,0,0,49.187,0,0,113.323,0,0,0,0,0,0,0,0,0,125.566,0
5,6/7/50,3:37,0,0,0,0,0,0,98.663,0,0,74.447,0,0,0,0,0,132.608,0,0,0,73.837,0
5,6/7/50,3:38,0,163.22,0,0,0,0,44.955,0,0,85.135,0,0,0,0,0,199.546,0,0,0,145.242,0
5,6/7/50,3:39,0,210.615,0,0,0,0,80.607,0,21.539,84.308,0,0,0,0,0,109.287,54.465,23.936,0,110.432,0
5,6/7/50,3:40,0,67.147,0,0,0,0,0,0,30.126,64.587,0,0,0,0,0,46.927,92.862,80.295,0,48.005,0
5,6/7/50,3:41,0,60.318,0,0,0,0,0,0,36.045,32.823,0,0,0,0,0,64.544,154.71,0,0,164.417,0
5,6/7/50,3:42,0,98.964,0,0,0,0,0,0,12.991,62.038,0,0,0,0,0,118.451,83.468,0,0,61.221,0
5,6/7/50,3:43,0,103.733,0,0,0,0,118.424,0,36.037,132.635,0,0,0,0,0,110.326,0,0,0,120.78,0
5,6/7/50,3:44,0,31.612,0,0,0,0,119.288,0,14.657,38.309,0,0,0,0,0,65.995,122.22,0,0,25.066,0
5,6/7/50,3:45,0,63.212,0,0,0,0,37.717,0,109.35,0,0,0,0,0,0,17.665,118.148,0,0,48.038,0
5,6/7/50,3:46,0,0,0,0,0,0,34.309,0,93.432,0,0,0,0,0,0,68.632,28.789,0,0,22.73,0
5,6/7/50,3:47,0,58.49,0,0,0,0,38.349,0,37.998,0,0,0,0,0,0,26.428,0,152.899,0,89.21,0
5,6/7/50,3:48,119.501,76.399,0,0,0,0,81.048,0,10.692,0,0,0,0,0,0,0,101.588,0,0,160.329,0
5,6/7/50,3:49,90.53,158.915,0,0,0,0,74.068,0,101.858,0,51.294,0,0,0,170.982,0,97.338,19.688,0,0,0
5,6/7/50,3:50,103.167,103.826,0,0,0,0,0,0,33.489,0,19.505,0,24.453,0,77.503,0,7.302,61.605,0,0,0
5,6/7/50,3:51,50.73,166.213,0,0,0,0,0,0,12.99,0,39.374,0,0,0,172.082,0.749,163.808,115.005,0,0,0
5,6/7/50,3:52,29.137,147.904,0,0,0,0,56.271,0,57.156,0,61.1,0,0,0,126.077,115.702,41.724,92.945,0,0,0
5,6/7/50,3:53,57.954,169.445,0,0,0,0,64.678,0,0,0,91.008,0,104.772,0,161.201,166.5,0,41.3,0,16.292,0
5,6/7/50,3:54,149.337,95.005,0,0,0,0,92.408,0,0,0,144.419,0,63.356,0,78.67,60.089,0,0,0,140.327,0
5,6/7/50,3:55,259.813,122.343,0,0,0,0,24.091,0,0,0,100.463,0,0,0,100.046,30.456,96.778,0,0,81.96,0
5,6/7/50,3:56,147.88,48.227,0,0,0,0,53.405,0,0,0,23.195,0,92.789,0,166.055,0,104.595,0,0,77.05,0
5,6/7/50,3:57,55.047,190.908,0,0,0,0,164.93,0,0,0,23.151,0,134.672,0,81.611,0,230.415,0,0,109.561,0
5,6/7/50,3:58,106.452,57.508,0,0,0,0,109.919,0,0,0,25.263,0,10.134,0,60.35,0,94.21,0,0,130.612,0
5,6/7/50,3:59,69.167,0,0,0,0,23.392,47.901,0,0,0,16.423,0,0,0,112.666,0,0,0,0,26.306,0
5,6/7/50,4:00,51.798,0,0,0,0,0,0,0,0,0,20.845,0,0,0,23.94,0,20.361,0,0,106.476,0
5,6/7/50,4:01,0,0,0,0,0,79.242,0,0,0,0,60.434,0,0,0,57.004,0,18.316,0,0,73.664,0
5,6/7/50,4:02,0,0,0,0,0,91.017,52.937,0,0,0,46.327,0,0,0,82.958,0,0,0,0,1.645,0
5,6/7/50,4:03,0,0,0,0,0,81.578,75.216,0,0,0,38.998,0,0,0,0,0,0,0,0,49.373,0
5,6/7/50,4:04,0,0,0,0,0,0,53.252,0,0,0,36.601,0,0,0,0,0,0,0,0,0,0
5,6/7/50,4:05,0,0,0,0,0,0,0,0,0,0,53.951,0,13.295,0,0,178.113,0,0,0,0,0
5,6/7/50,4:06,0,0,0,0,0,51.637,0,0,0,0,30.183,0,73.875,0,0,100.744,0,0,0,0,0
5,6/7/50,4:07,0,0,0,0,0,0,0,0,0,0,40.369,0,115.637,0,0,0,0,0,0,0,0
5,6/7/50,4:08,0,0,0,0,0,0,0,0,0,0,34.342,0,98.73,0,0,0,0,0,0,0,0
5,6/7/50,4:09,0,0,0,0,0,0,0,0,0,0,73.642,0,108.292,0,0,0,0,0,0,0,0
5,6/7/50,4:10,0,0,0,0,0,0,0,0,0,0,27.107,0,0,0,0,0,0,0,0,0,0
5,6/7/50,4:11,0,0,0,0,0,0,0,0,0,0,23.152,0,25.733,0,0,0,0,0,0,0,0
5,6/7/50,4:12,0,0,0,0,0,0,0,64.45,0,0,36.175,0,82.947,0,0,0,0,0,0,0,0
5,6/7/50,4:13,0,0,0,0,0,0,0,0,0,0,31.505,0,105.497,0,0,0,0,0,0,0,0
5,6/7/50,4:14,0,0,0,0,0,0,0,0,0,0,27.591,0,165.988,0,0,0,0,0,0,0,0
5,6/7/50,4:15,0,0,0,0,0,0,0,0,0,0,68.243,0,53.792,0,0,0,0,0,0,0,0
5,6/7/50,4:16,0,0,0,0,0,0,0,0,0,0,0,0,0,0,0,0,0,0,0,0,0
5,6/7/50,4:17,2.66,0,0,0,0,0,0,0,0,0,0,0,0,0,0,0,0,0,0,0,0
5,6/7/50,4:18,57.606,0,0,0,0,0,0,0,0,0,0,0,16.412,0,0,0,0,0,0,0,0
5,6/7/50,4:19,130.279,0,0,0,0,0,0,125.448,0,0,0,0,6.029,0,0,0,0,0,0,0,0
5,6/7/50,4:20,0,0,0,0,0,0,0,100.973,0,0,0,0,0,0,0,0,0,0,0,0,0
5,6/7/50,4:21,0,0,0,0,0,0,0,99.999,0,0,0,0,0,0,0,0,0,0,0,0,0
5,6/7/50,4:22,0,0,0,0,0,0,0,40.522,0,0,0,0,0,0,0,0,0,0,0,0,0
5,6/7/50,4:23,0,0,0,0,0,0,0,48.048,0,0,0,0,58.167,0,0,0,0,0,0,0,0
5,6/7/50,4:24,0,0,0,0,0,0,0,1.624,0,0,0,0,158.859,0,0,0,0,0,0,0,0
5,6/7/50,4:25,0,0,0,0,0,0,0,0,0,0,0,0,0,0,0,0,0,0,0,0,0
5,6/7/50,4:26,0,0,0,0,0,0,0,0,0,0,0,0,0,0,0,0,0,0,0,0,0
5,6/7/50,4:27,0,0,0,0,0,0,0,157.182,0,0,0,0,128.633,0,0,0,0,0,0,0,0
5,6/7/50,4:28,0,0,0,0,0,0,0,114.57,0,0,0,77.74,120.914,0,0,0,0,0,0,0,0
5,6/7/50,4:29,0,0,0,0,0,0,0,58.559,0,0,0,145.309,34.631,0,0,0,0,0,0,0,0
5,6/7/50,4:30,0,0,0,0,0,0,0,109.203,0,0,0,65.481,0,0,0,0,0,0,0,0,0
5,6/7/50,4:31,0,0,0,51.367,0,0,0,34.304,0,0,0,111.101,0,0,0,0,0,0,0,0,0
5,6/7/50,4:32,0,0,0,146.611,0,0,0,36.468,0,0,0,50.372,72.538,22.947,0,0,0,0,0,0,0
5,6/7/50,4:33,0,0,0,73.009,0,0,0,45.251,0,0,0,109.852,0,20.154,0,0,0,0,0,0,0
5,6/7/50,4:34,0,0,0,7.087,0,0,0,82.983,0,0,0,41.773,89.005,184.313,0,0,0,0,0,0,0
5,6/7/50,4:35,0,0,0,42.856,0,0,0,63.575,0,0,0,109.589,226.664,159.481,0,0,0,0,0,0,0
5,6/7/50,4:36,0,0,0,0,0,0,0,59.241,0,0,0,129.34,0,156.679,0,0,0,0,33.588,0,0
5,6/7/50,4:37,0,0,0,0,0,0,0,24.784,0,0,0,30.038,43.234,73.482,0,0,0,0,0,0,0
5,6/7/50,4:38,0,0,0,79.225,0,0,0,118.68,0,0,0,88.332,0,0,0,0,0,0,0,0,0
5,6/7/50,4:39,0,0,0,57.092,0,0,0,90.16,0,0,0,102.799,0,0,0,0,0,0,0,0,0
5,6/7/50,4:40,0,0,0,90.296,0,0,0,155.634,0,0,0,126.426,0,0,0,0,0,0,0,0,0
5,6/7/50,4:41,0,0,0,69.778,0,0,0,91.473,0,0,0,28.232,0,0,0,0,0,0,0,0,0
5,6/7/50,4:42,0,0,0,5.685,0,0,0,99.539,0,0,82.565,79.372,0,0,0,0,0,0,0,0,0
5,6/7/50,4:43,0,0,0,71.11,0,0,0,68.496,0,0,72.262,0,0,0,0,0,0,0,67.032,0,0
5,6/7/50,4:44,114.528,0,0,107.307,0,0,0,68.459,0,0,117.199,0,0,0,0,0,0,0,140.689,0,0
5,6/7/50,4:45,71.412,0,0,73.823,0,0,0,65.973,0,0,87.797,0,0,0,0,0,0,0,0.729,0,0
5,6/7/50,4:46,71.805,0,0,83.566,0,23.624,0,0,0,21.872,64.105,105.289,0,0,0,0,0,0,0,0,0
5,6/7/50,4:47,47.082,0,0,99.194,0,50.057,0,0,0,138.69,35.892,0,0,0,0,0,0,0,0,0,0
5,6/7/50,4:48,68.982,0,0,0,0,30.599,0,0,0,18.479,77.738,70.986,0,0,0,0,0,0,0,0,0
5,6/7/50,4:49,34.957,0,0,0,0,12.872,0,0,0,20.515,53.452,0,0,0,91.461,0,0,0,0,0,0
5,6/7/50,4:50,51.047,0,25.751,37.826,0,63.569,0,0,0,68.462,41.357,0,0,0,180.806,0,0,0,0,178.237,0
5,6/7/50,4:51,78.944,130.771,0,12.865,0,144.75,0,0,0,165.233,86.957,0,0,0,44.564,0,0,0,0,109.901,0
5,6/7/50,4:52,112.787,159.604,95.327,0,0,68.065,0,0,0,61.121,0,0,0,0,26.612,0,0,0,0,28.059,0
5,6/7/50,4:53,36.707,60.56,206.506,0,0,100.6,0,0,0,12.443,0,0,0,0,70.315,0,0,0,0,0,0
5,6/7/50,4:54,73.299,161.939,79.714,0,39.479,0,41.708,0,0,10.479,76.946,0,0,0,172.308,0,0,0,0,32.747,0
5,6/7/50,4:55,62.197,0,22.055,0,146.522,0,95.795,0,0,41.196,12.196,0,0,0,108.587,0,0,53.298,0,132.958,0
5,6/7/50,4:56,79.582,126.156,0,0,81.577,0,73.679,0,0,43.792,19.897,0,0,0,24.627,0,0,76.881,14.596,0,0
5,6/7/50,4:57,24.847,112.674,0,0,120.493,0,95.675,32.886,0,37.608,4.129,0,0,0,139.764,0,0,10.932,88.227,0,0
5,6/7/50,4:58,158.252,152.41,0,0,46.977,64.901,84.509,56.899,0,0,81.694,0,0,0,157.03,0,0,0,91.446,0,0
5,6/7/50,4:59,149.781,84.276,0,0,0,0,142.018,0,0,28.787,58.059,0,0,0,98.921,0,0,44.984,145.897,0,0
5,6/7/50,5:00,54.968,80.995,0,0,10.801,37.325,94.558,0,0,58.158,0,0,0,0,94.722,0,0,66.445,0,0,0
5,6/7/50,5:01,73.748,29.798,67.51,0,75.433,72.033,41.059,222.468,0,13.641,147.779,0,0,0,137.194,0,0,110.689,144.26,0,37.392
5,6/7/50,5:02,71.547,212.17,98.639,0,16.303,29.101,110.817,68.319,0,37.829,209.251,0,0,0,70.959,0,0,83.203,0,0,0
5,6/7/50,5:03,80.373,211.77,23.748,0,60.99,52.584,76.859,127.066,0,62.432,72.438,0,0,0,98.806,0,0,44.64,0,109.283,0
5,6/7/50,5:04,180.207,187.04,186.758,0,44.037,29.491,108.231,77.743,0,34.399,127.311,0,0,0,175.983,0,0,0,0,105.461,0
5,6/7/50,5:05,171.704,152.492,59.952,0,47.788,149.682,0,35.498,0,26.701,0,0,0,0,45.147,0,0,0,0,97.95,0
5,6/7/50,5:06,147.462,33.768,27.133,0,100.915,3.173,0,0,0,45.901,0,0,0,0,96.758,0,0,0,0,40.344,0
5,6/7/50,5:07,87.325,64.436,100.596,0,59.948,0,0,0,0,18.537,19.175,0,0,0,24.007,0,0,0,0,46.798,0
5,6/7/50,5:08,97.356,113.272,19.589,0,0,42.111,36.318,0,0,0,21.728,0,0,0,36.89,0,0,0,165.762,148.283,0
5,6/7/50,5:09,110.137,70.921,66.218,0,51.043,52.525,35.836,0,0,0,47.731,0,0,0,69.317,0,0,0,48.378,107.343,56.87
5,6/7/50,5:10,44.485,176.944,210.419,0,0,76.036,117.042,0,0,0,97.241,0,0,0,96.42,0,0,7.282,0,74.744,30.378
5,6/7/50,5:11,60.196,160.512,203.283,0,63.196,0,112.85,0,0,0,99.663,0,0,0,82.286,0,0,5.174,0,213.753,45.864
5,6/7/50,5:12,79.351,233.074,95.499,0,12.622,79.347,48.118,0,0,0,47.28,0,0,0,43.203,0,0,68.541,0,0,123.734
5,6/7/50,5:13,4.639,149.715,1.642,0,34.19,60.023,112.7,0,0,0,15.086,0,0,0,179.831,0,0,59.991,0,0,198.033
5,6/7/50,5:14,0,132.874,0,0,42.807,0,35.015,0,0,0,89.052,0,0,0,105.096,0,0,136.878,0,0,123.911
5,6/7/50,5:15,0,223.57,67.165,0,59.819,0,73.106,0,0,0,79.767,0,0,0,40.739,0,0,34.805,0,0,119.626
5,6/7/50,5:16,0,223.313,69.476,0,22.545,0,43.155,0,0,0,62.827,0,0,0,0,14.868,0,66.876,0,0,111.679
5,6/7/50,5:17,65.244,121.414,76.778,0,76.058,0,11.931,0,0,0,0,0,0,0,0,172.471,0,76.924,0,0,0
5,6/7/50,5:18,164.847,9.577,94.321,0,36.59,0,0,0,0,0,94.852,0,0,0,0,164.99,0,106.572,0,0,0
5,6/7/50,5:19,0,141.909,81.053,0,101.892,0,67.618,0,0,0,98.645,0,0,0,0,214.124,0,0,91.421,0,0
5,6/7/50,5:20,0,165.201,65.418,0,60.841,0,35.167,0,0,0,99.465,0,0,0,0,196.311,0,140.4,0,0,0
5,6/7/50,5:21,0,157.664,96.622,0,93.869,0,0,0,0,0,128.219,0,0,0,0,146.507,0,0,0,0,0
5,6/7/50,5:22,0,128.023,123.386,0,0,0,0,0,0,0,0,0,0,0,0,124.519,0,0,75.227,0,0
5,6/7/50,5:23,85.396,85.991,0,0,42.711,0,0,0,0,0,0,0,0,0,0,111.779,0,0,77.338,0,0
5,6/7/50,5:24,54.663,181.864,87.203,0,75.08,0,0,0,0,0,0,0,0,0,0,202.4,0,0,85.344,0,0
5,6/7/50,5:25,41.398,99.765,96.731,0,0,0,90.312,0,0,0,0,0,0,0,0,141.843,0,0,92.761,0,0
5,6/7/50,5:26,43.56,115.121,145.034,0,252.991,0,116.5,0,0,0,0,0,0,0,0,0,0,8.666,31.963,0,0
5,6/7/50,5:27,24.341,201.413,150.662,0,240.418,0,81.315,0,75.819,0,0,0,0,0,0,72.481,0,22.874,0,0,0
5,6/7/50,5:28,15.853,206.389,110.822,0,23.448,0,63.563,0,68.325,0,0,0,0,0,0,164.809,0,18.35,12.109,0,0
5,6/7/50,5:29,90.171,0,109.526,0,31.725,0,13.42,0,0,0,0,0,0,0,0,97.772,0,51.772,0,0,0
5,6/7/50,5:30,98.575,0,127.496,0,0,0,20.676,0,0,0,0,0,0,0,0,99.033,0,26.517,0,0,0
5,6/7/50,5:31,41.275,0,103.094,0,0,0,108.267,0,75.236,0,0,0,0,0,0,0,0,45.095,5.482,0,0
5,6/7/50,5:32,0,71.252,97.204,0,0,0,46.257,0,106.42,0,0,0,0,0,0,0,0,0,50.836,0,37.716
5,6/7/50,5:33,137.349,20.516,0,0,0,0,0,0,22.788,0,0,0,114.621,0,0,0,0,0,0,0,488.598
5,6/7/50,5:34,224.786,117.367,88.581,0,0,0,0,0,10.342,0,0,0,73.294,0,0,0,0,0,0,0,219.513
5,6/7/50,5:35,131.133,1.188,81.598,0,0,0,0,0,29.28,0,0,0,12.244,0,0,0,0,0,0,0,156.346
5,6/7/50,5:36,123.338,0,142.003,0,0,0,0,0,33.339,0,0,0,17.195,0,0,0,0,0,0,0,51.747
5,6/7/50,5:37,103.095,64.313,18.993,0,0,0,0,0,85.634,0,0,0,22.86,0,0,119.401,0,0,0,0,189.31
5,6/7/50,5:38,75.692,56.578,0,0,0,0,0,0,64.188,0,0,0,61.724,0,0,37.146,0,0,0,0,61.599
5,6/7/50,5:39,31.433,83.184,0,0,0,0,0,90.373,37.506,0,0,83.146,69.762,0,0,0,0,0,0,0,90.131
5,6/7/50,5:40,52.832,169.299,163.234,0,0,0,0,124.469,0,0,0,114.383,34.747,0,0,0,0,0,0,0,99.086
5,6/7/50,5:41,87.21,30.84,97.659,0,0,0,0,140.222,80.503,0,0,150.599,0,0,0,0,0,0,0,0,101.572
5,6/7/50,5:42,39.104,0,129.87,0,0,0,0,83.073,53.918,0,0,42.671,0,0,0,0,0,0,0,0,0
5,6/7/50,5:43,48.533,0,98.796,0,0,0,0,58.096,83.393,0,0,73.379,32.809,0,0,0,0,0,0,0,11.195
5,6/7/50,5:44,181.312,0,118.695,0,0,0,0,83.818,0,0,0,73.362,81.208,0,0,68.022,0,0,0,0,110.285
5,6/7/50,5:45,32.331,0,49.965,0,0,0,0,83.453,41.383,0,0,32.705,15.927,0,0,134.648,116.785,0,0,0,150.077
5,6/7/50,5:46,14.127,0,179.218,0,0,0,0,62.933,116.335,0,0,0,93.318,0,0,127.998,0.785,0,0,0,0
5,6/7/50,5:47,80.189,0,84.484,0,0,0,0,3.8,138.553,35.979,0,0.588,64.867,0,0,122.182,105.256,0,0,0,0
5,6/7/50,5:48,48.567,0,21.888,0,0,0,0,138.781,41.837,78.782,0,17.142,42.122,0,0,107.484,143.543,0,0,0,0
5,6/7/50,5:49,45.902,0,20.078,0,0,0,0,58.744,71.673,152.733,0,84.86,104.285,0,0,156.471,109.81,0,0,0,0
5,6/7/50,5:50,0,0,32.915,0,0,0,0,109.45,82.034,19.459,0,178.806,97.49,0,0,239.033,28.405,0,0,0,0
5,6/7/50,5:51,0,0,177.031,0,0,0,0,84.004,75.626,43.612,0,123.06,137.682,0,0,157.947,104.609,0,0,0,0
5,6/7/50,5:52,0,0,214.112,0,0,0,0,109.05,53.625,131.977,0,57.936,37.255,0,0,135.978,45.346,0,0,0,0
5,6/7/50,5:53,0,57.678,209.45,0,0,0,0,71.771,0,46.141,0,106.858,71.053,0,0,95.866,91.864,0,0,0,0
5,6/7/50,5:54,0,34.269,151.266,52.545,0,0,0,0,101.249,159.927,0,3.433,103.41,0,0,110.347,62.363,0,0,0,0
5,6/7/50,5:55,0,87.295,0,133.643,0,0,0,0,141.831,217.606,0,63.28,52.312,0,0,0,53.77,0,0,0,0
5,6/7/50,5:56,0,90.61,22.364,186.898,0,0,0,0,180.606,55.501,0,76.018,169.568,0,0,0,0,0,0,0,0
5,6/7/50,5:57,0,182.928,190.782,47.541,0,0,0,18.069,34.779,91.238,0,167.146,34.659,0,0,0,10.338,0,0,0,0
5,6/7/50,5:58,0,54.455,113.172,19.001,0,0,0,180.962,25.499,18.48,0,80.291,0,0,0,0,21.006,0,0,0,0
5,6/7/50,5:59,0,26.63,0,35.839,0,0,0,162.419,155.033,0,0,63.487,0,109.321,0,0,117.075,0,0,27.11,0
6,6/7/50,6:00,0,40.206,49.632,55.299,0,0,0,24.429,214.555,29.978,0,66.702,0,148.922,0,0,13.521,0,0,82.139,0
6,6/7/50,6:01,0,193.9,156.194,84.896,0,0,0,90.829,26.612,108.375,0,125.294,0,75.218,0,0,0,0,0,179.368,0
6,6/7/50,6:02,0,132.082,40.768,44.476,0,0,0,198.618,0,185.825,0,106.167,0,74.717,0,0,19.897,0,0,104.259,0
6,6/7/50,6:03,0,67.602,159.591,79.519,0,0,0,44.25,0,49.968,0,6.532,0,89.901,0,0,34.327,0,0,62.221,0
6,6/7/50,6:04,0,57.341,33.311,85.688,0,0,0,106.725,0,47.789,0,0,62.237,99.064,0,0,103.747,0,0,121.039,0
6,6/7/50,6:05,0,0,0,63.204,0,0,0,43.757,0,0,0,0,38.394,56.31,0,0,72.209,0,0,0,0
6,6/7/50,6:06,0,0,66.603,106.373,0,0,0,0,0,12.769,0,0,0,0,0,0,63.397,0,0,0,0
6,6/7/50,6:07,0,0,113.52,16.311,0,0,0,0,0,19.657,0,0,0,0,0,0,3.549,0,0,0,0
6,6/7/50,6:08,0,0,0,44.105,0,0,0,0,0,17.433,0,0,0,46.12,0,0,113.301,0,0,0,0
6,6/7/50,6:09,0,47.656,85.231,71.716,0,0,0,0,0,90.991,0,0,0,155.499,0,0,40.158,0,0,0,0
6,6/7/50,6:10,0,53.542,56.746,27.926,0,0,0,0,0,0,0,0,35.509,86.04,31.69,0,126.307,0,0,0,0
6,6/7/50,6:11,0,51.59,0,73.812,0,0,0,0,0,0,0,83.054,69.666,63.428,39.41,0,0,0,0,48.166,0
6,6/7/50,6:12,0,0,0,129.774,0,0,0,0,0,0,0,139.661,0,45.41,124.299,0,90.291,0,0,0,0
6,6/7/50,6:13,0,0,0,85.256,0,0,0,0,0,0,0,93.297,17.829,51.032,0,0,173.743,0,0,0,0
6,6/7/50,6:14,0,0,0,149.462,0,0,0,0,0,0,0,77.885,118.952,7.948,0,0,69.291,0,0,0,0
6,6/7/50,6:15,0,0,0,66.261,0,0,0,0,0,0,0,0,0,7.248,0,0,76.589,0,0,39.88,0
6,6/7/50,6:16,0,0,0,76.31,0,0,0,0,0,0,0,80.456,0,7.904,0,0,0,0,0,4.86,0
6,6/7/50,6:17,0,0,0,30.918,0,0,0,0,0,0,0,23.004,0,14.631,0,0,6.695,0,0,0,0
6,6/7/50,6:18,0,0,0,21.165,0,0,0,0,0,0,0,0,0,17.103,0,0,38.515,0,0,0,0
6,6/7/50,6:19,0,0,0,18.441,0,0,51.072,0,0,88.426,0,0,0,37.504,0,0,43.189,0,0,69.577,0
6,6/7/50,6:20,0,0,0,61.395,0,0,17.409,0,0,86.447,0,0,0,0,0,0,203.934,0,0,86.112,0
6,6/7/50,6:21,0,0,0,126.466,0,0,41.026,0,0,12.527,0,0,0,0,0,0,0,0,0,56.062,0
6,6/7/50,6:22,0,0,0,0,0,0,71.589,0,0,7.229,0,0,0,0,0,0,0,0,0,10.949,0
6,6/7/50,6:23,0,0,0,78.588,0,0,37.985,0,0,10.977,0,0,0,0,0,0,0,0,0,95.894,0
6,6/7/50,6:24,0,0,0,64.776,0,0,83.751,0,0,48.002,0,0,0,48.636,0,0,0,0,0,0,0
6,6/7/50,6:25,0,0,0,35.577,0,0,67.411,0,0,0,0,0,0,154.469,0,0,0,0,0,0,0
6,6/7/50,6:26,0,0,0,0,0,0,51.74,0,0,0,0,0,0,74.987,0,0,0,0,0,0,0
6,6/7/50,6:27,0,0,0,0,0,31.628,49.194,0,0,0,0,0,0,54.186,0,0,0,0,0,0,0
6,6/7/50,6:28,0,0,0,0,0,0,37.693,0,0,0,0,0,0,83.17,0,0,0,0,0,0,0
6,6/7/50,6:29,0,0,0,0,0,0,105.745,0,0,0,0,0,0,90.719,0,0,0,0,0,0,0
6,6/7/50,6:30,0,0,0,0,0,0,35.183,0,0,0,0,0,0,0,0,0,0,0,0,0,0
6,6/7/50,6:31,0,0,0,0,0,0,0,0,0,0,0,0,0,0,0,0,0,0,0,0,0
6,6/7/50,6:32,0,0,0,0,0,0,0,0,0,0,0,0,0,0,0,0,0,0,0,0,0
6,6/7/50,6:33,0,0,0,0,0,0,0,0,0,0,0,0,0,0,0,0,0,0,0,0,0
6,6/7/50,6:34,0,0,0,0,0,67.934,69.359,0,0,0,0,0,0,0,0,0,0,0,0,0,0
6,6/7/50,6:35,0,0,0,0,0,139.711,50.4,0,0,0,0,0,0,0,0,0,0,0,0,0,0
6,6/7/50,6:36,0,0,0,0,0,6.042,22.717,0,0,0,0,0,0,0,0,0,0,0,0,0,0
6,6/7/50,6:37,0,0,0,0,0,50.293,0,0,0,0,0,0,0,0,0,0,0,0,0,0,0
6,6/7/50,6:38,0,0,0,0,0,10.822,0,0,0,0,0,0,0,0,0,0,0,0,0,0,0
6,6/7/50,6:39,0,0,0,0,0,0,0,0,0,0,0,0,0,0,0,0,0,0,0,0,0
6,6/7/50,6:40,0,0,0,0,0,1.438,0,0,0,0,0,0,0,0,0,0,0,0,0,0,0
6,6/7/50,6:41,0,0,0,0,0,0,0,0,0,0,0,0,0,0,0,0,0,0,0,0,0
6,6/7/50,6:42,0,0,0,0,0,0,0,0,0,0,0,0,0,0,0,0,0,0,0,0,0
6,6/7/50,6:43,0,0,0,0,0,0,0,0,0,0,88.691,0,0,0,0,0,0,0,0,0,0
6,6/7/50,6:44,0,0,0,0,0,0,0,0,0,0,44.166,0,0,0,0,0,0,0,0,0,0
6,6/7/50,6:45,0,0,0,0,0,0,0,0,0,0,20.376,0,0,0,0,0,0,0,0,0,0
6,6/7/50,6:46,0,0,0,0,0,0.804,0,0,0,0,0,0,0,0,0,0,0,0,0,0,0
6,6/7/50,6:47,0,0,0,0,0,98.167,0,0,0,0,0,0,0,0,0,0,0,0,0,0,0
6,6/7/50,6:48,0,0,0,0,0,81.061,0,0,0,0,0,0,0,0,0,0,0,0,0,0,0
6,6/7/50,6:49,0,0,0,0,0,54.423,0,0,0,0,0,0,0,0,0,0,0,0,0,0,0
6,6/7/50,6:50,0,0,0,0,0,36.348,0,0,0,0,49.089,0,0,0,0,0,0,0,0,0,0
6,6/7/50,6:51,0,0,0,0,0,0,0,0,0,0,52.511,0,0,0,0,0,0,0,0,0,0
6,6/7/50,6:52,0,0,0,0,0,0,0,0,0,0,19.811,0,0,0,0,0,0,0,0,0,0
6,6/7/50,6:53,0,0,0,0,0,0,0,0,0,0,0,0,0,0,0,0,0,0,0,0,0
6,6/7/50,6:54,0,0,0,0,0,0,0,0,0,0,0,0,0,0,0,78.327,0,0,0,0,0
6,6/7/50,6:55,0,0,0,0,0,0,0,0,0,0,0,0,0,0,0,166.519,0,0,0,0,0
6,6/7/50,6:56,0,0,0,0,0,0,0,0,0,0,0,0,0,0,0,128.689,0,0,0,0,0
6,6/7/50,6:57,0,0,0,0,0,0,0,0,0,0,0,0,0,0,0,105.062,0,0,0,0,0
6,6/7/50,6:58,0,0,0,0,0,0,0,0,0,0,0,0,0,0,0,0,0,0,0,0,0
6,6/7/50,6:59,0,0,0,0,0,23.851,0,0,0,0,0,0,0,0,0,40.566,0,0,0,0,0
6,6/7/50,7:00,0,0,0,0,0,0,0,0,0,0,0,0,0,0,0,110.138,0,0,0,0,0
6,6/7/50,7:01,0,0,0,0,0,0,0,0,0,0,0,0,0,0,0,139.973,0,0,0,0,0
6,6/7/50,7:02,0,0,0,0,0,0,0,0,0,0,0,0,0,0,0,82.088,0,0,0,0,0
6,6/7/50,7:03,0,0,0,0,0,56.698,0,0,0,0,0,0,0,0,0,133.227,0,0,0,0,0
6,6/7/50,7:04,0,0,0,0,0,37.297,0,0,0,0,0,0,0,0,0,38.733,0,0,0,0,0
6,6/7/50,7:05,0,0,0,0,0,42.325,0,0,0,0,0,0,0,0,23.58,0,0,0,0,0,0
6,6/7/50,7:06,0,0,0,0,0,111.656,0,0,0,0,0,0,0,0,37.763,0,0,0,0,0,0
6,6/7/50,7:07,0,0,0,0,0,156.435,0,0,0,0,0,0,0,0,109.225,132.742,0,0,0,0,0
6,6/7/50,7:08,0,0,0,0,0,90.666,0,0,0,0,0,0,0,0,126.463,173.222,0,0,0,0,0
6,6/7/50,7:09,0,0,0,0,0,120.141,0,0,0,0,0,0,0,0,83.873,72.521,0,0,0,0,0
6,6/7/50,7:10,0,0,0,0,0,0,0,0,0,0,0,0,0,0,183.904,57.826,0,0,0,0,0
6,6/7/50,7:11,0,0,0,0,0,0,0,0,0,0,0,0,0,0,7.846,0,0,0,0,0,0
6,6/7/50,7:12,0,0,0,0,0,0,0,0,0,0,0,0,0,0,0,15.747,0,0,0,0,0
6,6/7/50,7:13,0,0,0,0,0,13.637,0,0,0,30.165,0,0,0,0,0,94.634,0,0,0,0,0
6,6/7/50,7:14,0,0,0,0,0,9.297,0,0,0,14.11,0,0,0,0,90.895,103.02,0,0,0,0,0
6,6/7/50,7:15,0,0,0,0,0,0,0,0,0,12.729,0,0,0,0,167.11,133.326,0,0,0,0,0
6,6/7/50,7:16,0,0,0,0,0,0,0,0,0,10.47,0,0,0,0,73.057,121.11,0,0,0,0,0
6,6/7/50,7:17,0,0,0,0,0,0,0,0,0,12.618,0,0,0,0,77.646,111.937,0,0,44.983,0,0
6,6/7/50,7:18,0,0,0,0,0,0,0,0,0,0,0,0,0,0,159.529,62.374,0,0,128.053,0,0
6,6/7/50,7:19,0,0,0,0,0,0,0,0,0,5.764,0,0,0,0,0,94.712,0,0,48.186,0,0
6,6/7/50,7:20,0,0,0,0,0,0,0,0,0,76.585,0,0,0,0,15.978,97.984,0,0,19.748,0,0
6,6/7/50,7:21,0,0,0,0,0,0,0,0,0,20.082,0,0,0,0,65.671,0,0,0,89.717,0,0
6,6/7/50,7:22,0,0,0,0,0,0,0,0,0,19.868,0,0,0,0,58.14,0,0,0,0,0,0
6,6/7/50,7:23,0,0,0,0,0,0,0,0,0,0,0,0,0,0,78.289,0,0,0,0,0,0
6,6/7/50,7:24,0,0,0,0,26.931,0,0,0,0,0,0,0,0,0,74.088,51.493,0,0,0,0,0
6,6/7/50,7:25,0,0,0,0,46.958,0,0,0,0,0,0,0,0,0,0,109.069,0,0,0,0,0
6,6/7/50,7:26,0,0,0,0,16.363,0,0,0,0,0,0,0,0,0,0,115.092,0,0,0,0,0
6,6/7/50,7:27,0,0,0,0,122.792,0,0,0,0,0,0,0,0,0,0,37.087,0,0,0,0,0
6,6/7/50,7:28,0,0,0,0,74.361,0,0,0,0,0,0,0,0,0,0,0,0,0,0,0,0
6,6/7/50,7:29,0,0,0,0,0,0,0,0,0,0,0,0,0,0,0,0,0,0,55.502,0,0
6,6/7/50,7:30,0,0,0,0,26.183,0,0,0,0,0,0,0,0,0,0,0,0,0,36.096,0,0
6,6/7/50,7:31,0,0,0,0,10.318,0,0,0,0,0,0,0,0,0,0,0,0,0,27.774,0,0
6,6/7/50,7:32,0,0,0,0,120.714,0,0,0,0,0,0,0,0,0,0,139.642,0,0,60.346,0,0
6,6/7/50,7:33,0,0,0,0,120.215,0,0,0,0,0,0,0,0,0,0,155.449,0,0,28.433,0,0
6,6/7/50,7:34,0,0,0,0,0,0,0,0,0,0,0,0,29.221,0,0,0,0,7.458,32.433,0,0
6,6/7/50,7:35,0,0,0,0,51.282,0,0,0,0,0,0,0,70.661,0,0,0,0,53.848,26.04,0,0
6,6/7/50,7:36,0,0,0,0,275.426,0,0,0,0,0,0,0,97.637,0,0,0,0,90.372,94.663,0,0
6,6/7/50,7:37,0,0,0,0,140.569,0,0,0,0,0,0,0,30.853,0,0,0,0,110.921,117.917,0,0
6,6/7/50,7:38,0,0,0,0,0,0,0,0,0,0,0,0,23.888,0,0,0,0,31.694,0,0,0
6,6/7/50,7:39,0,0,0,0,24.208,0,0,0,0,0,0,0,0,0,0,0,0,128.985,0,0,0
6,6/7/50,7:40,0,0,0,0,0,0,0,0,0,0,0,0,0,0,0,0,0,127.03,0,0,0
6,6/7/50,7:41,0,0,0,0,0,0,0,0,0,0,0,0,0,35.196,0,0,0,69.926,0,8.338,0
6,6/7/50,7:42,0,0,0,0,0,0,0,0,0,0,0,0,0,106.045,0,0,0,67.519,0,43.76,0
6,6/7/50,7:43,0,0,0,0,0,0,0,0,0,0,0,48.281,0,58.513,0,0,0,32.602,0,32.266,0
6,6/7/50,7:44,0,0,0,0,0,0,0,0,0,0,0,53.855,0,14.578,0,0,0,56.649,0,26.644,0
6,6/7/50,7:45,0,0,0,0,0,0,0,0,0,0,0,56.165,22.46,37.987,0,0,0,0,0,70.6,0
6,6/7/50,7:46,0,0,0,0,0,0,0,0,0,0,0,85.391,0,114.554,0,0,0,0,0,85.955,0
6,6/7/50,7:47,0,0,0,0,0,0,0,0,0,0,0,37.467,9.836,103.886,0,0,0,0,0,55.498,0
6,6/7/50,7:48,0,0,0,0,0,0,0,0,0,0,0,0,59.688,28.711,0,0,0,0,0,66.21,0
6,6/7/50,7:49,0,0,0,0,0,0,0,0,0,0,0,0,13.331,0,0,0,0,0,0,19.325,0
6,6/7/50,7:50,0,0,0,0,0,0,0,0,0,0,0,0,41.586,0,0,0,0,0,0,0,0
6,6/7/50,7:51,0,0,0,0,0,0,0,0,0,0,0,0,43.177,0,0,0,0,0,0,0,0
6,6/7/50,7:52,38.6,0,0,0,0,0,0,0,0,0,0,0,11.444,0,0,0,0,0,0,0,0
6,6/7/50,7:53,64.036,0,0,0,0,0,54.054,0,0,0,0,0,58.804,0,0,0,0,0,0,32.054,0
6,6/7/50,7:54,0.247,0,0,0,0,0,24.319,0,0,0,0,0,0,0,0,0,0,0,0,96.861,0
6,6/7/50,7:55,65.875,0,0,0,0,0,10.038,0,0,0,0,0,0,0,0,0,0,0,0,136.439,0
6,6/7/50,7:56,107.646,0,0,0,0,0,42.266,0,0,0,0,0,0,0,0,0,0,0,0,0,0
6,6/7/50,7:57,127.369,0,0,0,0,0,66.578,0,0,0,0,0,0,0,0,0,0,0,0,0,0
6,6/7/50,7:58,41.495,0,0,0,0,0,29.4,0,0,0,0,0,0,0,0,0,0,0,0,70.45,0
6,6/7/50,7:59,31.299,0,0,0,0,0,30.778,0,0,0,0,0,0,0,0,0,0,0,0,0,0
6,6/7/50,8:00,105.5,0,0,0,0,0,58.933,0,0,0,0,0,0,0,0,0,0,0,0,0,0
6,6/7/50,8:01,128.929,0,0,0,0,0,0,0,0,0,0,0,0,0,0,0,0,0,0,0,0
6,6/7/50,8:02,191.484,0,3.852,0,0,0,0,0,0,0,0,0,0,0,0,0,0,0,0,0,0
6,6/7/50,8:03,105.695,0,0,0,0,0,0,0,0,0,0,0,0,0,0,0,0,0,0,0,0
6,6/7/50,8:04,82.629,0,0,65.373,0,0,30.495,0,0,0,0,0,0,0,0,0,0,0,0,0,0
6,6/7/50,8:05,11.074,0,0,65.662,0,0,0,0,0,0,62.316,0,0,0,0,0,0,0,0,0,0
6,6/7/50,8:06,58.541,0,0,31.247,0,0,0,0,0,0,77.697,0,0,0,0,0,0,0,0,0,0
6,6/7/50,8:07,105.223,0,0,0,0,0,0,0,0,0,0,0,0,0,0,0,0,0,0,0,0
6,6/7/50,8:08,39.095,0,0,0,0,0,7.816,0,0,0,0,0,0,0,0,0,0,0,0,0,0
6,6/7/50,8:09,26.679,0,0,0,0,0,66.915,0,0,0,0,0,0,0,0,0,0,0,0,0,0
6,6/7/50,8:10,37.299,0,0,0,0,0,41.385,0,0,0,0,0,0,0,0,0,0,0,0,0,0
6,6/7/50,8:11,62.284,0,0,0,0,0,99.775,0,0,0,0,0,0,0,0,0,0,0,0,0,0
6,6/7/50,8:12,178.764,56.655,0,0,0,0,52.152,0,0,0,0,0,0,0,0,0,0,0,0,0,0
6,6/7/50,8:13,42.585,61.289,0,0,0,0,0,0,0,0,0,0,0,0,0,0,0,0,0,0,0
6,6/7/50,8:14,55.208,0,0,0,0,0,0,0,0,0,0,0,0,0,0,0,0,0,0,0,0
6,6/7/50,8:15,112.198,0,0,0,0,0,0,0,0,0,0,0,0,0,0,0,0,0,0,0,0
6,6/7/50,8:16,0,0,0,0,0,0,0,0,0,0,0,0,0,0,0,0,0,0,0,0,0
6,6/7/50,8:17,0,0,0,0,0,0,0,0,0,0,0,0,0,0,0,0,0,0,0,0,0
6,6/7/50,8:18,0,23.947,0,0,0,0,0,0,0,0,0,0,0,0,0,0,0,0,0,0,0
6,6/7/50,8:19,0,0,0,0,0,0,0,0,0,0,0,0,0,0,0,0,0,0,0,0,0
6,6/7/50,8:20,0,79.489,0,0,0,0,0,0,0,0,0,0,0,0,0,0,0,76.53,0,0,68.926
6,6/7/50,8:21,0,123.362,0,0,0,0,0,0,0,0,0,0,0,0,0,0,0,96.031,0,0,4.388
6,6/7/50,8:22,0,60.707,0,0,0,0,0,0,0,0,0,0,0,0,0,0,0,68.339,0,0,0
6,6/7/50,8:23,0,75.15,0,0,0,0,0,0,0,0,0,0,0,0,0,0,0,0,0,0,0
6,6/7/50,8:24,0,121.535,0,0,0,0,0,0,0,0,0,0,0,0,0,0,0,72.909,0,0,0
6,6/7/50,8:25,0,82.711,0,0,0,0,0,0,0,0,0,0,0,0,0,0,0,51.477,0,0,0
6,6/7/50,8:26,0,135.647,0,0,0,0,0,0,0,0,0,0,0,0,0,0,0,25.566,0,0,0
6,6/7/50,8:27,0,61.457,0,0,0,0,0,0,0,0,0,0,0,0,0,0,0,0,0,0,0
6,6/7/50,8:28,0,0,0,0,0,0,0,0,0,0,0,0,0,0,0,14.034,0,0,0,0,53.099
6,6/7/50,8:29,0,0,0,0,0,0,0,0,0,0,0,0,0,0,0,74.086,0,0,0,0,116.732
6,6/7/50,8:30,0,0,0,0,0,0,0,0,0,0,0,0,0,0,0,0,0,0,0,0,0
6,6/7/50,8:31,0,32.641,0,0,0,0,0,0,0,0,0,0,0,0,0,0,0,0,0,0,0
6,6/7/50,8:32,0,127.945,0,0,0,0,0,0,0,0,0,0,0,0,0,0,0,0,0,0,0
6,6/7/50,8:33,0,89.604,0,0,0,0,0,0,0,0,0,0,0,0,0,0,0,0,0,0,0
6,6/7/50,8:34,0,37.787,0,0,0,0,0,0,0,0,0,0,0,0,0,0,0,0,0,0,33.034
6,6/7/50,8:35,0,26.083,0,0,0,0,0,0,0,0,0,0,0,0,0,0,0,0,0,0,0
6,6/7/50,8:36,0,66.41,0,0,0,0,0,0,0,0,0,0,0,0,0,0,0,0,0,0,13.436
6,6/7/50,8:37,0,117.541,0,0,0,0,0,0,0,0,0,0,0,0,0,0,0,0,0,0,160.254
6,6/7/50,8:38,0,197.028,0,0,0,0,0,0,0,0,0,0,0,0,0,0,0,0,0,0,48.921
6,6/7/50,8:39,0,0,0,0,0,0,0,0,0,0,0,0,0,0,0,0,0,0,0,0,44.888
6,6/7/50,8:40,0,0,0,0,0,0,0,0,0,0,0,0,0,0,0,0,0,0,0,0,226.559
6,6/7/50,8:41,0,0,0,0,0,0,0,0,0,0,0,0,0,0,0,0,0,0,0,0,11.136
6,6/7/50,8:42,0,0,0,0,0,0,0,0,0,0,0,0,0,0,0,0,0,0,0,0,0
6,6/7/50,8:43,0,0,0,0,0,0,0,0,0,0,0,0,0,0,0,0,0,0,0,0,74.291
6,6/7/50,8:44,0,0,0,0,0,0,0,0,0,0,0,0,0,0,0,0,0,0,0,0,0
6,6/7/50,8:45,0,0,0,0,0,25.736,0,0,0,1.628,0,0,0,0,0,0,0,0,0,0,0
6,6/7/50,8:46,0,0,0,0,0,0,0,0,0,58.705,0,0,0,0,0,0,0,0,0,0,187.759
6,6/7/50,8:47,0,0,0,0,0,0,0,0,0,0,0,0,0,0,0,0,0,0,0,0,275.781
6,6/7/50,8:48,0,0,0,0,0,31.539,0,0,0,0,0,0,0,0,0,0,0,0,0,0,0
6,6/7/50,8:49,0,0,0,0,0,17.393,0,0,0,0,0,0,0,0,0,0,0,0,0,0,0
6,6/7/50,8:50,0,0,0,0,0,25.192,0,0,0,0,0,0,0,0,0,0,0,0,0,0,0
6,6/7/50,8:51,0,0,0,0,0,19.723,0,0,0,0,0,0,0,0,0,0,28.104,0,0,0,0
6,6/7/50,8:52,0,0,0,0,0,52.365,0,0,0,0,0,0,0,0,0,0,71.608,0,0,0,0
6,6/7/50,8:53,0,0,0,0,0,77.535,0,0,0,0,0,0,0,0,0,0,55.518,0,0,0,0
6,6/7/50,8:54,0,0,0,0,0,80.296,0,0,0,0,0,0,0,0,0,0,0,0,0,0,0
6,6/7/50,8:55,0,0,0,0,0,0,0,0,0,0,0,0,0,0,0,0,120.505,0,0,0,0
6,6/7/50,8:56,0,0,0,0,0,25.836,0,0,0,0,0,0,0,0,0,0,16.421,0,0,0,0
6,6/7/50,8:57,0,0,0,0,0,48.371,0,0,0,0,0,0,0,0,0,0,0,0,0,0,0
6,6/7/50,8:58,0,0,0,0,0,36.892,0,0,0,0,0,0,0,0,0,0,77.15,0,0,0,0
6,6/7/50,8:59,0,0,0,0,0,91.923,0,0,0,0,0,0,0,0,0,0,51.261,0,0,0,0
6,6/7/50,9:00,0,0,0,0,0,73.354,0,0,0,0,0,0,0,0,0,0,180.986,0,0,0,0
6,6/7/50,9:01,0,0,0,0,0,82.829,0,0,0,0,0,0,0,0,0,0,0,0,0,0,0
6,6/7/50,9:02,0,0,0,0,0,129.02,0,0,0,0,0,0,0,0,0,0,161.786,0,0,0,0
6,6/7/50,9:03,0,0,0,0,0,16.338,0,0,0,0,0,0,0,0,0,0,74.875,0,0,22.298,0
6,6/7/50,9:04,0,0,0,0,0,0,0,0,0,0,0,0,0,0,0,0,0,0,0,17.536,0
6,6/7/50,9:05,0,0,0,0,0,0,0,0,0,0,0,0,0,0,0,0,8.985,0,0,27.516,0
6,6/7/50,9:06,0,0,0,0,0,0,0,0,0,0,0,0,0,0,0,0,75.538,0,0,0,0
6,6/7/50,9:07,0,0,0,0,0,0,0,0,0,0,0,0,55.474,0,0,0,105.329,0,0,0,0
6,6/7/50,9:08,0,0,0,0,0,0,0,0,0,0,0,0,52.107,0,0,0,53.955,0,0,52.716,0
6,6/7/50,9:09,0,0,0,0,0,94.608,0,0,0,0,0,0,0,0,0,0,103.913,0,0,159.204,0
6,6/7/50,9:10,0,0,0,0,0,103.618,0,0,0,0,0,0,0,0,0,0,103.323,0,0,127.193,0
6,6/7/50,9:11,0,0,0,0,0,168.405,0,0,0,0,0,0,0,0,0,0,135.623,0,0,60.955,0
6,6/7/50,9:12,0,0,0,0,0,181.573,0,0,0,0,0,0,0,0,59.5,0,0,0,0,51.389,0
6,6/7/50,9:13,0,0,0,0,0,79.437,0,0,0,0,0,0,0,0,24.849,0,0,0,0,0,0
6,6/7/50,9:14,0,0,0,0,0,0,0,0,0,0,0,0,100.76,0,95.877,0,0,0,0,1.121,0
6,6/7/50,9:15,0,0,0,0,0,0,0,0,0,0,0,0,108.409,0,73.39,0,0,0,0,65.928,0
6,6/7/50,9:16,0,0,0,0,0,0,0,0,0,0,0,0,88.019,0,43.627,0,77.383,0,0,85.67,0
6,6/7/50,9:17,0,0,0,0,0,0,0,0,0,0,0,0,15.106,0,31.421,0,0,0,0,40.094,0
6,6/7/50,9:18,0,0,0,0,0,0,0,0,0,0,0,0,57.74,0,139.813,0,0,0,0,30.068,0
6,6/7/50,9:19,0,0,0,0,0,78.199,0,0,0,0,0,0,101.521,0,21.442,0,0,0,0,145.875,0
6,6/7/50,9:20,0,0,0,0,0,110.723,0,0,0,0,0,0,85.278,0,18.221,0,0,0,0,169.715,0
6,6/7/50,9:21,0,0,0,0,0,0,0,0,0,0,0,0,183.205,0,0,0,0,0,0,132.269,0
6,6/7/50,9:22,0,0,0,0,0,0,0,0,0,0,0,0,0,0,71.36,0,0,0,0,146.349,0
6,6/7/50,9:23,0,0,0,0,0,0,0,0,0,0,0,0,45.583,0,86.181,0,0,0,0,106.841,0
6,6/7/50,9:24,0,0,0,0,0,0,0,0,0,0,0,0,49.482,0,120.327,0,0,0,64.657,33.117,0
6,6/7/50,9:25,0,0,0,0,0,0,0,0,0,0,0,0,169.923,0,112.68,0,0,0,59.56,0,0
6,6/7/50,9:26,0,0,0,56.612,0,0,0,0,0,0,0,0,77.511,0,148.553,83.74,0,0,0,0,0
6,6/7/50,9:27,0,0,0,91.279,0,0,0,0,0,0,0,0,0,0,132.202,104.841,0,0,0,0,0
6,6/7/50,9:28,0,0,0,134.246,0,0,0,0,0,0,0,0,173.339,0,165.666,134.372,0,0,0,0,0
6,6/7/50,9:29,0,0,0,71.08,0,0,0,0,0,0,0,0,101.952,0,30.322,38.083,0,0,0,0,0
6,6/7/50,9:30,0,0,0,167.101,0,0,0,0,0,0,0,0,63.492,0,85.74,134.485,0,0,0,0,0
6,6/7/50,9:31,0,0,0,125.902,0,0,0,0,0,0,78.376,0,118.623,0,101.952,129.791,0,0,0,0,0
6,6/7/50,9:32,0,0,0,40.313,0,0,0,0,0,0,96.652,0,92.64,37.494,69.38,0,0,0,32.465,0,0
6,6/7/50,9:33,0,0,0,40.89,0,0,0,0,0,0,0,0,157.679,24.391,82.015,0,0,0,55.367,0,0
6,6/7/50,9:34,0,0,0,0,0,0,0,0,0,0,0,0,94.681,183.363,0,0,0,0,17.801,0,0
6,6/7/50,9:35,0,0,0,0,0,0,0,0,0,0,0,0,152.13,138.26,0,0,0,0,0,0,0
6,6/7/50,9:36,0,0,0,0,0,0,0,0,0,0,0,0,198.287,92.458,0,0,0,0,0,0,0
6,6/7/50,9:37,10.003,0,0,0,0,0,0,0,0,0,0,0,132.785,68.584,0,0,0,0,146.374,0,0
6,6/7/50,9:38,35.107,0,0,0,0,0,0,0,0,0,0,0,164.227,0,0,0,0,0,55.343,0,0
6,6/7/50,9:39,104.261,0,0,0,0,0,0,0,0,0,0,0,128.286,0,0,9.503,0,0,0,0,0
6,6/7/50,9:40,0,0,0,0,0,0,0,0,0,0,0,0,109.202,0,0,140.468,0,0,0,0,0
6,6/7/50,9:41,0,0,0,0,0,0,0,0,0,0,0,0,86.275,0,0,24.897,0,0,0,0,0
6,6/7/50,9:42,72.48,0,0,0,0,0,0,0,0,0,0,0,90.876,0,0,0,0,0,0,0,0
6,6/7/50,9:43,41.025,0,0,0,0,0,0,0,0,0,0,0,0,107.862,0,0,0,0,0,0,0
6,6/7/50,9:44,0,0,0,0,0,0,0,0,0,0,0,0,51.423,34.564,0,0,0,0,0,0,0
6,6/7/50,9:45,0,0,0,0,0,0,0,0,0,0,0,0,0,40.166,0,0,0,0,0,0,0
6,6/7/50,9:46,0,0,0,0,0,0,0,0,0,0,0,0,0,34.713,0,0,0,0,0,0,0
6,6/7/50,9:47,0,0,0,0,0,0,0,0,0,0,0,0,0,49.675,0,0,0,0,0,0,0
6,6/7/50,9:48,0,0,0,0,0,0,0,0,0,0,0,0,0,35.452,0,0,0,0,74.529,0,0
6,6/7/50,9:49,0,0,0,0,0,0,0,0,0,0,0,0,0,1.775,0,0,0,0,113.717,0,0
6,6/7/50,9:50,0,0,0,0,0,0,0,0,0,0,0,0,0,0,0,0,0,0,0,0,0
6,6/7/50,9:51,0,0,0,0,39.808,0,0,0,0,0,0,0,0,117.405,0,0,0,0,0,0,0
6,6/7/50,9:52,0,0,0,0,68.493,0,0,0,0,0,0,0,0,90.271,0,0,0,0,0,0,0
6,6/7/50,9:53,0,0,0,0,45.401,0,0,0,0,0,0,0,0,0,0,0,0,0,0,0,0
6,6/7/50,9:54,0,0,0,0,0,0,0,0,0,0,0,0,0,54.793,0,0,0,0,0,0,0
6,6/7/50,9:55,0,0,0,0,0,0,0,0,0,0,0,0,0,4.027,0,0,0,0,0,0,0
6,6/7/50,9:56,0,0,0,0,53.367,0,0,0,0,0,0,0,0,0,0,0,0,0,0,0,0
6,6/7/50,9:57,0,0,0,0,0,0,0,0,0,0,0,0,0,0,0,0,0,0,0,0,0
6,6/7/50,9:58,0,0,0,0,15.698,0,0,0,0,0,0,0,0,0,0,0,0,0,0,0,0
6,6/7/50,9:59,0,0,0,0,27.625,0,0,0,0,0,0,0,0,0,0,0,0,0,0,0,0
6,6/7/50,10:00,0,0,0,0,70.484,0,0,0,0,0,0,0,0,0,0,0,0,0,0,0,0
6,6/7/50,10:01,0,0,0,0,38.661,0,1.825,0,0,0,0,0,0,12.328,0,0,0,0,0,0,0
6,6/7/50,10:02,0,0,0,0,88.946,0,114.141,0,0,0,0,0,0,0,0,0,0,0,0,0,0
6,6/7/50,10:03,0,0,0,0,33.348,0,0,0,0,0,0,0,0,102.494,0,0,0,0,0,0,0
6,6/7/50,10:04,0,0,0,0,41.488,0,0,0,0,0,0,0,0,16.22,0,0,0,0,0,0,0
6,6/7/50,10:05,0,0,0,0,1.261,0,0,54.427,0,0,0,0,0,0,0,0,0,0,0,0,0
6,6/7/50,10:06,0,0,0,0,0,0,0,10.256,0,0,0,0,0,0,0,0,0,0,0,0,0
6,6/7/50,10:07,0,0,0,0,0,0,0,0,0,0,0,0,0,0,0,0,0,0,0,0,0
6,6/7/50,10:08,0,0,0,0,0,0,0,0,0,0,0,0,0,0,0,0,0,0,0,0,0
6,6/7/50,10:09,0,0,0,0,0,0,0,0,0,0,0,0,0,0,0,0,0,0,0,0,0
6,6/7/50,10:10,0,0,0,0,0,0,0,0,0,0,0,0,0,0,0,0,0,0,0,0,0
6,6/7/50,10:11,0,0,0,0,0,0,0,0,0,0,0,0,0,0,0,0,0,0,0,0,0
6,6/7/50,10:12,0,0,0,0,0,0,0,0,0,0,0,0,0,0,0,0,0,0,0,0,0
6,6/7/50,10:13,0,0,0,0,0,0,0,0,0,0,0,0,0,0,0,0,0,0,0,0,0
6,6/7/50,10:14,0,0,0,0,0,0,0,0,0,0,0,0,0,0,0,0,0,0,0,0,0
6,6/7/50,10:15,0,0,0,0,0,0,0,0,0,0,0,0,0,0,0,0,0,0,0,0,0
6,6/7/50,10:16,0,0,0,0,0,0,0,0,0,0,0,0,0,0,0,0,0,0,0,0,0
6,6/7/50,10:17,0,0,0,0,0,0,0,0,85.941,0,0,0,0,0,0,0,0,0,0,0,0
6,6/7/50,10:18,0,0,0,0,0,0,0,0,60.423,0,0,0,0,0,0,0,0,0,0,0,0
6,6/7/50,10:19,0,0,0,0,0,0,0,0,12.561,0,0,0,0,0,0,0,0,0,0,0,0
6,6/7/50,10:20,0,0,0,0,0,0,0,0,28.367,0,0,0,0,0,0,0,0,0,0,0,0
6,6/7/50,10:21,0,0,0,0,0,0,0,0,44.068,0,0,0,0,0,0,0,0,0,0,0,0
6,6/7/50,10:22,0,0,0,0,0,0,0,0,33.716,0,0,0,0,0,0,0,0,0,0,0,0
6,6/7/50,10:23,0,0,0,0,0,0,0,0,80.889,0,0,0,0,0,0,0,0,0,0,0,0
6,6/7/50,10:24,0,0,0,0,0,0,0,0,0,0,0,0,0,0,0,0,0,0,0,0,0
6,6/7/50,10:25,0,0,0,0,0,0,0,0,0,0,0,0,0,0,0,0,0,0,0,0,0
6,6/7/50,10:26,0,0,0,0,0,0,0,0,0,0,0,0,0,0,0,0,0,0,0,0,0
6,6/7/50,10:27,0,0,0,0,0,0,0,0,0,0,0,33.482,0,0,70.171,0,0,0,0,0,0
6,6/7/50,10:28,0,0,0,0,0,45.13,0,0,0,0,0,43.232,0,0,168.55,0,0,0,0,0,0
6,6/7/50,10:29,0,0,0,0,0,14.25,0,0,0,0,0,10.63,0,0,16.843,0,0,0,0,0,0
6,6/7/50,10:30,0,0,0,0,0,41.391,0,0,0,34.421,0,8.366,0,0,0,0,0,0,0,0,0
6,6/7/50,10:31,0,0,0,0,0,0,0,0,0,18.121,0,119.284,0,0,0,0,0,0,0,0,0
6,6/7/50,10:32,0,0,0,0,0,0,0,0,0,9.528,0,48.26,0,0,0,0,0,0,0,0,0
6,6/7/50,10:33,0,0,0,0,0,31.602,0,0,0,13.566,0,0,0,0,0,0,0,0,0,0,0
6,6/7/50,10:34,0,0,0,0,0,83.958,0,0,0,11.023,0,0,0,0,0,0,0,0,0,0,0
6,6/7/50,10:35,0,0,0,0,0,18.27,0,0,0,12.742,0,0,0,0,0,0,0,0,0,0,0
6,6/7/50,10:36,0,0,0,0,0,43.263,0,0,0,33.114,0,8.299,0,0,0,0,0,0,0,0,0
6,6/7/50,10:37,0,0,0,0,0,76.119,0,0,0,143.89,nan,nan,nan,0,0,0,0,0,0,0,0
6,6/7/50,10:38,0,0,0,0,0,15.837,0,0,0,44.716,nan,nan,nan,0,0,0,0,0,0,0,0
6,6/7/50,10:39,0,0,0,0,0,0,0,0,0,29.137,nan,nan,nan,0,0,0,0,0,0,0,0
6,6/7/50,10:40,0,0,0,0,0,17.571,0,0,0,64.527,nan,nan,nan,0,0,0,0,0,0,0,0
6,6/7/50,10:41,0,0,0,0,0,45.75,0,0,0,66.671,nan,nan,nan,0,0,0,0,0,0,0,0
6,6/7/50,10:42,0,0,0,0,0,40.505,0,0,0,43.825,nan,nan,nan,0,0,0,0,0,0,0,0
6,6/7/50,10:43,0,0,0,0,0,0,0,0,0,0,nan,nan,nan,0,0,0,0,0,0,0,0
6,6/7/50,10:44,0,0,0,0,0,8.023,0,0,0,0,0,0,0,0,0,0,0,0,0,0,0
6,6/7/50,10:45,0,0,0,0,0,26.213,0,0,0,0,0,0,0,0,0,0,0,0,0,0,0
6,6/7/50,10:46,0,0,0,0,0,0,0,0,0,104.276,0,0,0,0,0,0,0,0,0,0,0
6,6/7/50,10:47,0,0,0,0,0,0,0,0,0,137.254,25.299,0,0,0,0,0,0,0,0,0,0
6,6/7/50,10:48,0,0,0,0,0,0,0,0,0,28.447,41.092,0,0,0,0,0,0,0,0,0,0
6,6/7/50,10:49,0,0,0,0,0,0,0,0,0,0,40.326,0,0,0,0,0,0,0,0,0,0
6,6/7/50,10:50,0,0,0,0,0,0,0,0,0,0,107.483,0,0,0,0,0,0,nan,nan,nan,nan
6,6/7/50,10:51,0,0,0,0,0,0,0,0,0,0,42.777,0,0,0,0,0,0,nan,nan,nan,nan
6,6/7/50,10:52,0,0,0,0,0,0,0,0,0,0,0,0,0,0,0,0,0,nan,nan,nan,nan
6,6/7/50,10:53,0,0,0,0,0,0,0,0,0,0,0,0,0,0,0,0,0,nan,nan,nan,nan
6,6/7/50,10:54,0,0,0,0,0,0,0,0,0,0,0,0,0,0,0,0,0,nan,nan,nan,nan
6,6/7/50,10:55,0,0,0,0,0,0,0,0,0,0,0,0,0,0,0,0,0,nan,nan,nan,nan
6,6/7/50,10:56,0,0,0,0,0,0,0,0,0,0,0,0,0,0,0,0,0,nan,nan,nan,nan
6,6/7/50,10:57,0,0,0,0,0,0,0,0,0,0,0,0,0,0,0,0,0,nan,nan,nan,nan
6,6/7/50,10:58,0,0,0,0,0,0,0,0,0,21.76,0,0,0,0,0,0,0,nan,nan,nan,nan
6,6/7/50,10:59,0,0,0,0,0,0,0,0,0,33.95,0,0,0,0,0,0,0,nan,nan,nan,nan
6,6/7/50,11:00,0,0,0,0,0,0,0,0,0,0,0,0,0,0,0,0,0,nan,nan,nan,nan
6,6/7/50,11:01,0,0,0,0,0,0,0,0,0,0,0,0,0,0,0,0,0,nan,nan,nan,nan
6,6/7/50,11:02,0,0,0,0,0,0,0,0,0,0,0,0,0,nan,nan,nan,nan,nan,nan,nan,nan
6,6/7/50,11:03,0,0,0,0,0,0,0,0,0,0,0,0,0,nan,nan,nan,nan,nan,nan,nan,nan
6,6/7/50,11:04,0,0,0,0,0,0,0,0,0,0,0,0,0,nan,nan,nan,nan,0,0,0,0
6,6/7/50,11:05,0,0,0,0,0,0,0,0,0,0,0,0,0,nan,nan,nan,nan,0,0,0,0
6,6/7/50,11:06,0,0,32.865,0,0,0,0,0,0,0,0,0,0,nan,nan,nan,nan,0,0,0,0
6,6/7/50,11:07,0,59.353,0,0,0,0,0,0,0,0,0,0,0,nan,nan,nan,nan,0,0,0,0
6,6/7/50,11:08,0,84.966,0,0,0,0,0,0,0,0,0,0,0,nan,nan,nan,nan,0,0,0,0
6,6/7/50,11:09,0,66.89,0,0,0,0,0,0,0,0,0,0,0,nan,nan,nan,nan,0,0,0,0
6,6/7/50,11:10,0,45.045,0,0,0,0,0,0,0,0,0,0,0,nan,nan,nan,nan,0,0,0,0
6,6/7/50,11:11,0,0,98.27,0,0,0,0,0,0,0,0,0,0,nan,nan,nan,nan,0,0,0,0
6,6/7/50,11:12,0,0,19.363,0,0,0,0,0,0,0,0,0,0,nan,nan,nan,nan,0,0,0,0
6,6/7/50,11:13,0,0,28.169,0,0,0,0,0,0,0,0,0,0,nan,nan,nan,nan,0,0,0,0
6,6/7/50,11:14,0,0,15.234,0,0,0,0,0,0,0,0,0,0,nan,nan,nan,nan,0,0,0,0
6,6/7/50,11:15,0,37.574,0,0,0,0,0,0,0,0,0,0,0,nan,nan,nan,nan,0,0,0,0
6,6/7/50,11:16,0,0,67.139,0,0,0,0,0,0,0,0,0,23.338,nan,nan,nan,nan,0,0,0,0
6,6/7/50,11:17,0,0,59.071,0,0,0,0,0,0,0,0,0,0,nan,nan,nan,nan,0,0,0,0
6,6/7/50,11:18,0,0,121.143,0,0,0,0,0,0,0,0,0,34.101,nan,nan,nan,nan,34.258,59.682,0,0
6,6/7/50,11:19,0,0,64.797,0,0,0,0,0,0,0,0,0,49.489,4.224,0,0,42.399,73.365,92.203,0,0
6,6/7/50,11:20,0,0,99.053,0,0,0,0,0,0,0,0,0,41.998,2.123,0,0,66.836,77.829,82.157,0,0
6,6/7/50,11:21,0,0,109.336,0,0,0,0,0,0,0,0,0,51.808,0,0,0,0,126.228,64.341,0,0
6,6/7/50,11:22,0,0,79.159,0,0,0,0,0,0,0,0,0,17.143,0,0,0,153.126,16.388,0,44.444,0
6,6/7/50,11:23,0,0,20.053,0,0,0,0,0,0,0,0,0,43.366,0,0,0,0,66.461,0,19.381,0
6,6/7/50,11:24,0,0,25.635,0,0,0,0,0,0,0,0,0,0,38.45,0,0,0,0,38.701,43.021,0
6,6/7/50,11:25,0,0,16.003,0,0,0,0,0,0,0,0,0,0,0,0,0,0,0,10.365,86.783,23.536
6,6/7/50,11:26,0,0,50.212,0,0,0,0,nan,nan,nan,0,0,201.28,0,0,0,0,0,0,51.309,25.604
6,6/7/50,11:27,0,0,3.424,0,0,0,0,nan,nan,nan,0,0,0,0,0,0,84.233,0,0,40.391,0
6,6/7/50,11:28,0,0,103.622,0,0,0,0,nan,nan,nan,0,0,0,0,0,0,11.513,0,0,0,0
6,6/7/50,11:29,0,0,39.196,0,0,0,0,0,0,0,0,0,0,74.674,0,0,62.867,0,0,0,0
6,6/7/50,11:30,0,0,0,0,0,0,0,0,0,0,0,0,0,38.087,0,0,31.91,0,0,0,0
6,6/7/50,11:31,0,0,0,0,0,0,0,0,0,0,0,0,0,6.222,0,0,20.777,0,0,32.419,106.708
6,6/7/50,11:32,0,0,11.701,0,0,0,0,0,0,0,0,0,0,0,0,0,68.001,97.503,19.24,30.143,200.067
6,6/7/50,11:33,0,0,23.567,0,0,0,0,0,0,0,0,0,0,0,0,0,0,81.192,103.742,29.855,59.972
6,6/7/50,11:34,0,0,91.745,0,0,0,0,0,0,0,0,0,0,0,0,0,0,71.434,96.755,70.455,0
6,6/7/50,11:35,0,0,88.842,0,0,0,0,0,0,0,0,0,0,0,0,0,7.415,0,95.213,159.85,0
6,6/7/50,11:36,0,0,0,0,0,0,0,0,0,0,0,0,0,0,0,0,112.13,1.074,0,39.225,0
6,6/7/50,11:37,44.48,0,0,0,0,0,0,0,0,0,0,0,0,0,0,0,193.012,25.237,51.77,51.034,0
6,6/7/50,11:38,89.573,0,0,0,0,0,0,0,0,0,0,0,0,0,0,0,13.018,0,59.212,63.273,85.759
6,6/7/50,11:39,15.667,0,31.249,0,0,0,0,0,0,0,0,0,0,50.858,0,0,193.879,0,47.458,0,0
6,6/7/50,11:40,117.305,0,0,0,0,0,0,0,0,0,0,0,0,34.378,0,0,10.087,0,20.447,0,0
6,6/7/50,11:41,29.829,0,0,0,0,0,0,0,0,31.719,0,0,0,0,0,0,26.106,0,1.958,0,0
6,6/7/50,11:42,47.915,0,0,0,0,0,0,0,0,24.364,0,0,0,0,0,0,60.072,0,72.605,0,0
6,6/7/50,11:43,67.757,0,0,0,0,0,0,0,0,0,0,0,0,0,0,0,217.543,0,49.234,0,0
6,6/7/50,11:44,56.844,0,0,0,0,0,0,0,0,0,0,0,0,0,0,0,200.001,0,0,0,0
6,6/7/50,11:45,139.78,0,0,0,0,0,0,0,0,0,0,0,0,0,0,0,151.106,0,0,0,100.207
6,6/7/50,11:46,106.205,0,0,0,0,0,0,0,0,0,0,0,0,0,0,0,119.021,0,0,0,54.7
6,6/7/50,11:47,0,0,0,0,0,0,0,0,0,0,0,0,0,0,0,0,123.775,0,0,0,45.356
6,6/7/50,11:48,0,0,0,0,0,0,0,0,0,0,0,0,0,0,0,0,60.836,0,0,0,58.551
6,6/7/50,11:49,0,0,0,0,0,0,0,0,0,0,0,0,0,0,0,0,0,0,0,0,0
6,6/7/50,11:50,0,0,0,0,0,0,0,0,0,0,0,0,0,0,0,0,0,0,21.541,0,0
6,6/7/50,11:51,0,0,0,0,0,0,0,0,0,0,0,0,0,0,0,0,0,0,107.033,0,0
6,6/7/50,11:52,0,0,0,0,0,0,0,0,0,0,0,0,0,0,0,0,0,0,0,0,0
6,6/7/50,11:53,0,0,0,0,0,0,0,0,0,0,0,0,0,0,0,0,0,0,0,0,0
6,6/7/50,11:54,0,0,0,0,0,0,0,0,0,0,0,0,0,0,0,0,0,0,0,0,0
6,6/7/50,11:55,0,0,0,0,0,0,0,0,0,0,0,0,0,0,0,0,0,0,0,0,0
6,6/7/50,11:56,0,0,0,0,0,0,0,0,0,0,0,0,0,0,0,0,0,0,0,0,96.009
6,6/7/50,11:57,0,0,0,0,0,0,0,0,0,0,0,0,0,0,0,0,0,0,0,0,408.665
6,6/7/50,11:58,0,0,0,0,0,0,0,0,0,0,0,0,0,0,0,0,0,0,68.596,0,198.483
6,6/7/50,11:59,0,0,31.696,0,0,0,0,0,0,0,0,0,0,0,0,0,0,0,0,0,0
6,6/7/50,12:00,0,0,23.761,0,0,0,0,0,0,0,0,0,0,0,0,0,0,0,105.65,0,0
6,6/7/50,12:01,0,0,0,0,0,0,0,0,0,0,0,0,0,0,0,0,0,0,43.698,0,0
6,6/7/50,12:02,0,0,0,0,0,0,0,0,0,0,0,0,0,0,0,0,0,0,0,0,0
6,6/7/50,12:03,0,0,0,0,0,0,0.536,0,0,0,0,0,0,0,0,0,0,0,97.02,0,37.381
6,6/7/50,12:04,0,0,0,0,0,0,18.512,0,0,0,0,0,0,0,0,0,0,0,94.926,0,0
6,6/7/50,12:05,0,0,0,0,0,0,0,0,0,0,0,0,0,0,0,0,0,0,0,0,0
6,6/7/50,12:06,0,0,0,0,0,0,0,0,0,0,0,0,0,39.888,0,0,0,0,0,0,0
6,6/7/50,12:07,0,0,0,0,0,0,0,0,0,0,0,0,0,0,0,0,0,0,0,0,0
6,6/7/50,12:08,0,0,0,0,0,0,0,0,0,0,0,0,0,0,0,0,0,0,0,0,0
6,6/7/50,12:09,0,0,0,0,0,0,0,0,0,0,0,0,0,0,0,0,0,0,0,0,0
6,6/7/50,12:10,0,0,0,0,0,0,0,0,0,0,0,0,0,0,0,0,0,0,0,0,0
6,6/7/50,12:11,0,0,0,0,0,0,0,0,0,0,0,0,0,0,0,0,0,0,0,0,0
6,6/7/50,12:12,0,0,0,0,0,0,0,0,0,0,0,0,0,0,0,0,0,0,0,0,0
6,6/7/50,12:13,0,0,0,0,0,0,0,0,0,0,0,0,0,31.735,0,0,0,0,21.262,0,0
6,6/7/50,12:14,0,0,0,0,0,0,0,0,0,0,0,0,0,3.445,0,0,0,0,25.03,0,0
6,6/7/50,12:15,0,0,0,0,0,0,0,0,0,0,0,0,0,33.069,0,0,0,0,0,0,0
6,6/7/50,12:16,0,0,0,0,0,0,0,0,0,0,nan,nan,nan,0,0,0,0,0,0,0,0
6,6/7/50,12:17,0,0,0,0,0,0,0,0,0,0,nan,nan,nan,0,0,0,0,0,0,0,0
6,6/7/50,12:18,0,0,0,0,0,0,0,0,0,0,nan,nan,nan,0,0,0,0,0,0,0,0
6,6/7/50,12:19,0,0,0,0,0,0,0,0,0,0,nan,nan,nan,0,0,0,0,0,0,0,0
6,6/7/50,12:20,0,0,0,0,0,0,0,0,0,0,nan,nan,nan,0,0,0,0,0,0,0,0
6,6/7/50,12:21,0,0,0,0,0,0,0,0,0,0,nan,nan,nan,0,0,0,0,0,0,0,0
6,6/7/50,12:22,0,0,0,0,0,0,0,0,0,0,nan,nan,nan,0,0,0,0,0,0,0,0
6,6/7/50,12:23,0,0,0,0,0,0,0,0,0,0,nan,nan,nan,0,0,0,0,0,0,0,0
6,6/7/50,12:24,0,0,0,0,0,0,0,0,0,0,nan,nan,nan,0,0,0,0,0,0,0,0
6,6/7/50,12:25,0,0,0,0,0,0,0,0,0,0,nan,nan,nan,0,0,0,0,0,0,0,0
6,6/7/50,12:26,0,0,0,0,0,0,0,0,0,0,nan,nan,nan,0,0,75.722,0,0,0,0,0
6,6/7/50,12:27,0,0,0,0,0,0,0,0,0,0,11.239,0,0,0,0,144.279,0,0,0,0,0
6,6/7/50,12:28,0,0,0,0,0,0,0,0,0,0,12.635,0,0,0,0,0,0,0,0,0,0
6,6/7/50,12:29,0,0,0,0,50.459,0,0,0,0,0,26.841,0,0,0,0,137.035,0,0,0,0,0
6,6/7/50,12:30,0,0,0,0,103.99,0,0,0,0,0,40.506,0,0,0,0,48.678,0,0,0,0,0
6,6/7/50,12:31,0,0,0,0,12.674,0,0,0,0,0,44.574,0,0,0,0,141.966,0,0,0,0,0
6,6/7/50,12:32,0,0,0,0,145.177,0,0,0,0,0,18.294,0,0,0,0,10.928,0,0,0,0,0
6,6/7/50,12:33,0,0,0,0,7.051,0,0,0,0,0,23.351,0,0,0,0,0,0,0,0,0,0
6,6/7/50,12:34,0,0,0,0,18.114,0,0,0,0,0,0,0,0,0,0,0,0,0,0,0,0
6,6/7/50,12:35,0,0,0,0,111.895,0,0,0,0,0,0,0,0,0,0,0,0,0,0,0,0
6,6/7/50,12:36,0,0,0,0,33.031,0,0,0,4.347,0,0,0,0,0,0,0,0,0,0,0,0
6,6/7/50,12:37,0,0,0,0,71.612,23.894,0,0,86.933,0,0,0,0,0,0,0,0,0,0,0,0
6,6/7/50,12:38,0,0,0,0,12.055,0,0,0,0,0,0,0,0,0,0,0,0,0,0,0,0
6,6/7/50,12:39,0,0,0,0,44.91,32.357,0,0,41.976,0,0,0,0,0,0,0,0,0,0,0,0
6,6/7/50,12:40,0,0,0,0,107.162,44.571,0,0,15.338,0,0,0,0,0,0,0,0,0,0,0,0
6,6/7/50,12:41,0,0,0,0,0,51.495,0,0,50.169,0,0,0,0,0,36.645,0,0,0,0,0,0
6,6/7/50,12:42,0,0,0,0,49.498,63.433,0,0,0,0,0,0,0,0,35.067,0,0,0,0,0,0
6,6/7/50,12:43,0,0,0,0,10.718,0,0,0,0,0,0,0,0,0,64.753,0,0,0,0,0,0
6,6/7/50,12:44,0,0,0,0,123.191,0,0,0,61.791,0,0,0,0,0,102.23,0,0,0,0,0,0
6,6/7/50,12:45,0,0,0,0,27.597,0,0,0,45.243,0,0,0,0,0,35.351,0,0,0,0,0,0
6,6/7/50,12:46,0,0,0,0,64.075,0,0,0,75.964,0,0,0,0,0,16.48,0,0,0,0,0,0
6,6/7/50,12:47,0,0,0,0,22.472,0,0,0,33.22,0,0,0,0,0,56.77,0,0,0,0,0,0
6,6/7/50,12:48,0,0,0,0,17.327,0,0,0,64.722,0,96.627,0,0,0,149.727,0,0,0,0,0,0
6,6/7/50,12:49,0,0,0,0,0,0,0,0,68.077,0,110.054,0,0,0,133.376,0,0,0,0,0,0
6,6/7/50,12:50,0,0,0,0,0,0,0,0,0,0,140.052,0,0,0,133.467,0,0,0,0,0,0
6,6/7/50,12:51,0,0,0,0,0,0,0,0,35.881,0,25.985,0,0,0,120.339,0,0,0,0,0,0
6,6/7/50,12:52,0,0,0,0,0,0,0,0,85.99,24.451,38.515,0,9.484,0,16.236,0,0,0,0,0,0
6,6/7/50,12:53,0,0,0,0,0,0,0,0,0,23.749,0,0,27.565,0,0,0,0,0,0,0,0
6,6/7/50,12:54,0,0,0,0,0,0,0,0,0,20.24,0,0,0,0,0,0,0,0,0,0,0
6,6/7/50,12:55,0,0,0,0,0,0,0,0,0,20.988,0,0,0,0,0,0,0,0,0,0,0
6,6/7/50,12:56,0,0,0,0,0,0,0,0,0,16.994,0,0,0,0,0,0,0,0,0,0,0
6,6/7/50,12:57,0,0,0,0,0,0,0,0,0,18.136,0,0,24.85,0,0,0,0,0,0,0,0
6,6/7/50,12:58,0,0,0,0,0,0,0,0,0,23.377,0,0,0,0,0,0,0,0,0,0,0
6,6/7/50,12:59,0,0,0,0,0,0,0,0,0,85.588,0,0,61.306,0,0,0,0,0,0,0,0
6,6/7/50,13:00,0,0,0,0,0,0,0,0,0,26.091,0,0,87.756,0,0,0,0,0,0,0,0
6,6/7/50,13:01,0,0,0,0,0,0,0,0,0,23.301,0,0,0,0,0,0,0,0,0,0,0
6,6/7/50,13:02,0,0,0,0,0,0,0,0,0,105.96,0,0,2.013,0,0,0,0,0,0,0,0
6,6/7/50,13:03,0,0,0,0,0,0,0,0,0,0,0,0,48.997,0,0,0,0,0,0,0,0
6,6/7/50,13:04,0,0,0,0,0,0,0,0,0,0,0,0,85.885,0,0,0,0,0,0,0,0
6,6/7/50,13:05,0,0,0,0,0,0,0,0,0,0,0,0,24.682,0,0,0,0,0,0,0,0
6,6/7/50,13:06,0,0,0,0,0,0,0,0,0,81.359,0,0,58.07,0,0,0,0,0,0,0,0
6,6/7/50,13:07,0,0,0,0,0,0,0,0,0,0,0,0,23.251,0,0,0,0,0,0,0,0
6,6/7/50,13:08,0,0,0,0,0,0,0,0,0,0,0,0,26.316,0,0,0,0,0,0,0,0
6,6/7/50,13:09,0,0,0,0,0,0,0,0,0,0,0,0,22.319,0,0,0,0,0,0,0,0
6,6/7/50,13:10,0,0,0,0,0,0,0,0,0,0,0,0,160.784,0,0,0,0,0,0,0,0
6,6/7/50,13:11,0,0,0,0,0,0,0,0,0,0,0,0,62.385,0,0,0,0,0,0,0,0
6,6/7/50,13:12,50.832,0,0,0,0,0,0,0,0,0,0,0,73.267,26.28,0,0,0,0,0,0,0
6,6/7/50,13:13,182.781,0,0,0,0,0,0,0,0,0,0,0,41.033,0,0,0,0,0,0,0,0
6,6/7/50,13:14,82.561,0,0,0,0,0,0,0,0,0,0,0,9.015,0,0,0,0,0,0,0,0
6,6/7/50,13:15,43.886,0,0,0,0,0,0,0,0,0,0,0,163.097,0,0,0,0,0,0,0,0
6,6/7/50,13:16,69.158,0,0,0,0,0,0,0,0,0,0,0,137.534,0,0,0,0,0,0,0,0
6,6/7/50,13:17,82.916,0,0,0,0,0,0,0,0,0,0,0,58.922,2.455,0,0,0,0,0,0,0
6,6/7/50,13:18,103.845,0,0,0,0,0,0,0,0,0,0,0,0,58.566,0,0,0,0,59.516,0,0
6,6/7/50,13:19,134.262,0,0,0,0,0,0,0,0,0,0,0,0,0,0,0,0,0,0,0,0
6,6/7/50,13:20,95.283,0,0,0,0,0,0,0,0,0,0,0,0,0,0,0,0,0,0,0,0
6,6/7/50,13:21,100.437,0,0,0,0,0,0,0,0,0,0,0,0,0,0,0,0,0,0,0,0
6,6/7/50,13:22,47.164,0,0,0,0,0,0,0,0,0,0,0,0,86.437,0,0,0,0,0,0,0
6,6/7/50,13:23,0,0,0,0,0,0,0,0,0,0,0,0,0,55.339,0,0,0,0,0,0,0
6,6/7/50,13:24,0,0,0,0,0,0,0,0,0,0,0,0,0,0,0,0,0,0,0,0,0
6,6/7/50,13:25,0,0,0,0,0,0,0,0,0,0,0,0,0,0,0,0,100.687,0,0,0,0
6,6/7/50,13:26,0,0,0,0,0,0,0,0,0,0,0,0,0,98.219,0,0,0,0,0,0,0
6,6/7/50,13:27,0,0,0,0,0,0,0,0,0,0,0,0,0,0,0,0,0,0,0,0,0
6,6/7/50,13:28,0,0,0,0,0,0,0,0,0,0,0,0,0,0,0,0,68.536,0,64.529,0,30.819
6,6/7/50,13:29,0,0,0,0,0,0,0,0,0,0,0,0,0,0,0,0,0,0,143.166,0,0
6,6/7/50,13:30,0,0,0,0,0,0,0,0,0,0,0,0,0,0,0,0,0,0,0,0,0
6,6/7/50,13:31,0,0,0,0,0,0,67.193,0,0,0,0,0,0,9.302,0,0,0,0,0,0,0
6,6/7/50,13:32,0,0,0,0,0,0,16.116,0,0,0,0,0,0,21.49,0,0,0,0,0,0,0
6,6/7/50,13:33,0,0,0,0,0,0,112.056,0,0,0,0,0,0,61.006,0,0,0,0,0,0,0
6,6/7/50,13:34,0,0,0,0,0,0,40.171,0,0,0,0,0,0,0,0,0,29.882,0,0,0,0
6,6/7/50,13:35,0,0,0,0,0,0,0,0,0,0,0,46.749,0,0,0,0,65.511,0,0,0,0
6,6/7/50,13:36,0,0,0,0,0,0,0,0,0,0,0,49.574,0,0,0,0,21.005,0,0,55.85,0
6,6/7/50,13:37,0,0,0,0,0,0,0,0,0,0,0,89.477,0,0,0,0,84.913,0,0,62.027,0
6,6/7/50,13:38,0,0,0,0,0,0,0,0,0,0,0,77.337,0,0,0,0,23.034,0,0,127.021,0
6,6/7/50,13:39,0,0,0,0,0,0,0,0,0,0,0,0,0,0,0,0,90.896,0,0,73.85,0
6,6/7/50,13:40,0,0,0,0,0,0,0,0,0,0,0,0,0,0,0,0,18.066,0,0,118.07,0
6,6/7/50,13:41,0,0,0,0,0,0,0,0,0,0,0,0,0,0,0,0,74.308,0,0,0,0
6,6/7/50,13:42,0,0,0,0,0,0,0,0,0,0,0,0,0,0,0,0,0,0,0,69.712,0
6,6/7/50,13:43,0,0,0,0,0,0,0,0,0,0,0,0,0,0,0,0,0,0,0,0.156,0
6,6/7/50,13:44,0,0,0,0,0,0,0,0,0,0,0,0,0,0,0,0,0,0,0,0,0
6,6/7/50,13:45,0,0,0,0,0,0,0,0,0,0,0,0,0,0,0,0,0,0,10.419,0,0
6,6/7/50,13:46,0,0,0,0,0,37.069,0,0,0,0,0,0,0,0,0,0,0,0,65.154,0,0
6,6/7/50,13:47,0,0,0,0,0,78.859,0,0,0,0,0,0,0,0,0,0,0,0,0,0,0
6,6/7/50,13:48,0,0,0,0,0,38.298,0,0,0,0,0,0,0,0,0,0,0,0,0,0,0
6,6/7/50,13:49,0,0,0,0,0,27.811,0,49.323,0,0,0,0,0,0,0,0,0,0,0,0,0
6,6/7/50,13:50,0,0,0,0,0,123.763,0,41.912,0,0,0,0,0,0,0,0,0,0,0,0,0
6,6/7/50,13:51,0,0,0,0,0,0,0,117.291,0,0,0,0,0,0,0,0,0,0,0,0,0
6,6/7/50,13:52,0,0,0,0,0,0,0,75.42,0,0,0,0,0,0,0,0,0,0,0,0,17.184
6,6/7/50,13:53,0,0,0,0,0,0,0,0,0,0,0,0,0,0,0,0,0,0,0,0,150.807
6,6/7/50,13:54,0,0,0,0,0,70.709,0,51.01,0,0,0,0,0,0,0,0,0,0,0,0,46.676
6,6/7/50,13:55,0,0,0,0,0,0,0,65.961,0,0,0,0,0,0,0,0,0,0,0,0,0
6,6/7/50,13:56,0,0,0,0,0,91.894,0,0,0,0,0,0,0,0,0,0,0,0,0,0,0
6,6/7/50,13:57,0,0,0,0,0,0,0,0,0,0,0,0,0,0,0,0,0,0,0,0,0
6,6/7/50,13:58,0,0,0,0,0,0,0,0,0,0,0,0,0,0,0,0,0,0,0,0,48.025
6,6/7/50,13:59,0,0,0,0,0,0,0,0,0,0,0,0,0,0,0,0,0,0,0,0,81.15
6,6/7/50,14:00,0,0,0,0,0,0,0,0,0,0,0,0,0,0,0,0,0,0,0,0,0
6,6/7/50,14:01,0,0,0,0,0,0,0,0,0,0,0,0,0,0,0,0,0,0,0,0,0
6,6/7/50,14:02,0,0,22.965,0,0,0,0,0,0,0,0,0,0,0,0,0,0,0,0,0,0
6,6/7/50,14:03,0,0,43.646,0,0,0,0,0,0,0,0,0,0,0,0,0,0,0,0,0,0
6,6/7/50,14:04,0,0,9.569,0,0,0,0,0,0,0,0,0,0,0,0,0,0,0,0,0,0
6,6/7/50,14:05,0,0,46.593,0,0,0,0,0,0,0,0,0,0,0,0,0,0,0,0,0,19.7
6,6/7/50,14:06,0,0,55.937,0,0,0,0,0,0,0,24.242,0,0,0,0,0,0,0,0,0,32.764
6,6/7/50,14:07,0,0,38.099,0,0,0,0,0,0,0,0,0,0,0,0,0,0,0,0,0,0
6,6/7/50,14:08,0,0,40.857,0,0,0,0,0,0,0,0,0,0,0,0,0,0,0,0,0,0
6,6/7/50,14:09,0,0,0,0,0,0,0,0,0,0,0,0,0,0,0,0,0,0,0,0,0
6,6/7/50,14:10,0,0,61.871,0,0,0,0,0,0,0,54.65,0,0,0,0,0,0,0,0,0,0
6,6/7/50,14:11,0,0,60.981,0,0,0,0,0,0,0,0,0,0,0,0,0,0,0,0,0,0
6,6/7/50,14:12,0,0,0,0,82.188,0,0,0,0,0,0,0,0,0,0,0,0,0,0,0,0
6,6/7/50,14:13,0,0,95.609,0,26.491,0,0,0,0,0,36.007,0,0,0,0,0,0,0,0,0,0
6,6/7/50,14:14,0,0,58.731,0,65.771,0,0,0,0,0,0,0,0,0,0,0,0,0,0,0,0
6,6/7/50,14:15,0,0,66.784,28.592,18.337,0,0,0,37.338,0,11.816,0,0,0,0,0,0,0,0,0,0
6,6/7/50,14:16,0,0,122.592,104.942,80.187,0,0,0,73.036,0,28.876,0,0,0,0,0,0,0,0,0,0
6,6/7/50,14:17,0,0,30.683,0,53.006,0,0,0,45.123,0,54.232,0,0,0,0,0,0,0,0,0,0
6,6/7/50,14:18,0,0,0,25.556,17.768,0,0,0,64.025,0,50.495,0,0,0,0,0,0,0,0,0,0
6,6/7/50,14:19,0,0,0,0,65.638,0,0,0,57.381,0,26.946,0,0,0,0,0,0,0,0,0,0
6,6/7/50,14:20,0,0,0,0,112.202,0,0,0,50.578,0,0,0,0,0,0,0,0,0,0,0,0
6,6/7/50,14:21,0,0,0,0,77.98,0,0,0,32.823,0,0,0,0,0,0,0,0,0,0,0,0
6,6/7/50,14:22,0,0,0,0,29.088,0,0,0,65.873,0,0,0,0,0,0,0,0,0,0,0,0
6,6/7/50,14:23,0,0,0,0,54.533,0,0,0,49.156,0,0,0,0,0,0,0,0,0,0,0,0
6,6/7/50,14:24,0,0,0,0,70.81,0,0,0,20.588,0,0,0,0,0,0,0,0,0,0,0,0
6,6/7/50,14:25,0,0,0,0,0,0,0,0,11.529,0,0,0,0,0,0,0,0,0,0,0,0
6,6/7/50,14:26,0,0,0,0,0,0,0,0,68.984,0,0,0,0,0,0,0,0,0,0,0,0
6,6/7/50,14:27,0,0,0,nan,nan,nan,nan,0,1.987,0,0,0,0,0,0,0,0,0,0,0,0
6,6/7/50,14:28,0,0,0,0,0,0,0,0,0,0,0,0,0,0,0,0,0,0,0,0,0
6,6/7/50,14:29,0,0,0,0,0,0,0,0,0,0,0,0,0,0,0,0,0,0,0,0,0
6,6/7/50,14:30,0,0,0,0,0,0,0,0,0,0,0,0,0,0,0,0,0,0,0,0,0
6,6/7/50,14:31,0,0,0,0,0,0,0,0,0,0,0,0,0,0,0,0,0,0,0,0,0
6,6/7/50,14:32,0,0,0,0,0,0,0,0,0,0,0,0,0,0,0,0,0,0,0,0,0
6,6/7/50,14:33,0,0,0,0,27.561,0,0,0,0,0,0,0,0,0,0,0,0,0,0,0,0
6,6/7/50,14:34,0,0,0,0,65.952,0,0,0,2.261,0,0,0,0,0,0,0,21.076,0,0,0,0
6,6/7/50,14:35,0,0,0,0,44.071,0,0,0,81.472,0,0,0,0,0,0,0,56.891,0,0,0,0
6,6/7/50,14:36,0,0,0,0,58.956,0,0,0,80.496,0,0,0,0,0,0,0,79.152,0,0,0,0
6,6/7/50,14:37,0,0,0,0,76.156,0,0,0,30.451,0,0,0,0,0,0,0,42.272,0,0,0,0
6,6/7/50,14:38,0,0,0,0,69.224,0,0,0,78.063,0,0,0,0,0,0,0,29.441,0,0,0,0
6,6/7/50,14:39,0,0,0,0,78.811,0,0,0,58.535,0,0,0,0,0,0,0,0,0,0,0,0
6,6/7/50,14:40,0,0,0,0,41.926,0,0,0,39.815,0,0,0,38.798,0,0,0,17.957,0,0,0,0
6,6/7/50,14:41,0,0,0,0,48.771,0,0,0,0,0,0,0,26.57,26.517,0,0,116.831,0,0,0,0
6,6/7/50,14:42,0,0,0,0,75.442,0,0,0,0,0,0,0,100.571,0,0,0,33.582,0,0,0,0
6,6/7/50,14:43,nan,nan,nan,0,64.653,0,0,0,0,0,0,0,106.82,0,0,0,151.119,0,0,0,0
6,6/7/50,14:44,nan,nan,nan,0,91.456,0,0,0,0,0,0,0,111.819,0,0,0,19.55,0,0,0,0
6,6/7/50,14:45,nan,nan,nan,0,23.083,0,0,0,0,0,0,0,69.222,0,0,0,61.145,0,0,0,0
6,6/7/50,14:46,nan,nan,nan,0,0,0,0,0,0,0,0,0,8.413,0,0,0,27.837,0,0,0,0
6,6/7/50,14:47,nan,nan,nan,0,0,0,0,0,0,0,0,0,41.063,0,0,0,85.303,0,0,0,0
6,6/7/50,14:48,nan,nan,nan,0,0,0,0,0,0,0,0,0,108.498,0,0,0,13.436,0,0,0,0
6,6/7/50,14:49,nan,nan,nan,0,0,0,0,0,0,0,0,0,63.766,0,0,0,122.191,0,0,0,0
6,6/7/50,14:50,nan,nan,nan,0,0,0,0,0,0,0,0,0,75.812,0,0,0,16.558,0,0,0,0
6,6/7/50,14:51,nan,nan,nan,0,0,0,0,0,0,0,0,0,107.615,0,0,37.603,102.625,0,0,0,0
6,6/7/50,14:52,nan,nan,nan,0,0,0,0,0,0,0,0,0,39.761,0,0,161.624,150.279,0,0,0,0
6,6/7/50,14:53,nan,nan,nan,0,0,0,0,0,0,0,0,0,58.178,101.532,0,0,0,0,0,0,0
6,6/7/50,14:54,202.465,0,0,0,0,0,0,0,0,0,0,0,33.723,0,0,52.013,0,0,0,0,0
6,6/7/50,14:55,63.344,0,0,0,0,0,0,0,0,0,0,0,50.994,0,0,49.494,0,0,0,0,0
6,6/7/50,14:56,0,0,0,0,0,0,0,0,0,0,0,0,72.913,0,0,121.271,62.953,0,0,0,0
6,6/7/50,14:57,0,0,0,0,0,0,0,0,0,0,0,0,76.733,0,0,93.792,30.75,0,0,0,0
6,6/7/50,14:58,0,0,0,0,0,0,0,0,0,0,0,0,0,0,0,57.715,218.645,0,0,0,0
6,6/7/50,14:59,40.86,0,0,0,0,0,0,0,0,0,0,0,0,0,0,31.367,80.914,0,0,0,0
6,6/7/50,15:00,42.317,0,0,0,0,0,0,0,0,0,0,0,0,0,0,0,0,0,0,0,0
6,6/7/50,15:01,87.547,49.396,0,0,0,0,0,0,0,0,0,0,0,0,0,0,0,0,0,0,0
6,6/7/50,15:02,90.346,90.713,0,0,0,0,0,0,0,0,0,0,0,0,0,0,0,0,25.65,0,0
6,6/7/50,15:03,72.69,0,0,0,0,0,0,0,0,0,0,0,0,0,0,0,0,0,0,0,0
6,6/7/50,15:04,50.461,0,0,0,0,24.011,0,0,0,0,0,0,0,0,0,0,0,0,0,0,0
6,6/7/50,15:05,37.488,0,0,0,0,10.802,0,0,0,0,0,0,0,0,0,0,0,0,0,0,0
6,6/7/50,15:06,84.01,0,0,0,0,1.937,0,0,0,0,0,0,0,0,0,0,0,0,0,0,0
6,6/7/50,15:07,0,0,0,0,0,105.116,0,0,0,0,0,0,0,0,0,0,0,65.427,0,0,0
6,6/7/50,15:08,78.035,0,0,0,0,0,0,0,0,0,0,0,0,0,0,0,0,35.503,0,0,0
6,6/7/50,15:09,50.69,0,0,0,0,15.521,0,0,0,0,0,0,0,0,0,0,0,58.57,0,0,0
6,6/7/50,15:10,0,0,0,0,0,127.212,0,0,0,0,0,0,0,0,0,0,0,19.592,0,0,0
6,6/7/50,15:11,0,0,0,0,0,42.389,0,0,0,0,0,0,0,0,0,0,0,58.389,0,0,0
6,6/7/50,15:12,0,0,0,0,0,48.862,0,0,0,0,0,0,0,0,0,0,0,0,94.597,0,0
6,6/7/50,15:13,0,0,0,0,0,0,0,0,0,0,0,0,0,0,0,0,0,0,146.036,0,0
6,6/7/50,15:14,0,0,0,0,0,26.854,0,0,0,0,0,0,0,0,0,0,0,0,0,0,0
6,6/7/50,15:15,0,0,0,0,0,0,0,0,0,0,0,0,0,0,0,0,0,0,0,0,0
6,6/7/50,15:16,0,0,0,25.501,0,0,0,0,0,0,25.643,0,0,0,0,0,0,0,0,0,0
6,6/7/50,15:17,0,0,0,41.956,0,0,0,0,0,0,1.916,0,0,0,0,0,0,0,0,0,0
6,6/7/50,15:18,0,0,0,21.756,0,0,0,0,0,0,40.385,0,0,0,0,0,0,0,0,0,0
6,6/7/50,15:19,0,0,0,41.183,0,0,0,0,0,0,27.693,0,0,0,0,0,0,0,0,0,0
6,6/7/50,15:20,0,0,0,78.262,0,0,0,0,0,0,48.472,0,0,0,0,0,0,0,0,0,0
6,6/7/50,15:21,0,0,0,55.948,0,0,0,0,0,0,100.368,0,0,0,0,0,0,0,22.622,0,0
6,6/7/50,15:22,0,0,0,32.456,0,0,0,0,0,0,54.699,0,0,0,0,0,0,0,32.772,0,0
6,6/7/50,15:23,0,0,0,0,0,0,0,0,0,0,58.573,0,0,0,0,0,0,0,0,0,0
6,6/7/50,15:24,0,0,0,0,0,0,0,0,0,0,0,0,0,0,0,0,0,0,0,0,0
6,6/7/50,15:25,0,0,0,0,0,0,0,0,0,0,49.95,0,0,0,0,0,0,0,0,0,23.317
6,6/7/50,15:26,0,0,27.436,0,0,0,0,0,0,0,16.354,0,0,0,0,0,0,0,0,0,0
6,6/7/50,15:27,0,0,41.027,0,0,0,0,0,0,0,45.855,0,0,0,0,0,0,0,81.932,0,0
6,6/7/50,15:28,0,0,28.989,0,0,0,0,0,0,0,94.03,0,0,0,0,0,0,0,15.533,0,0
6,6/7/50,15:29,0,0,0,0,0,0,0,0,0,0,47.074,0,0,0,0,0,0,0,0,0,0
6,6/7/50,15:30,0,0,0,0,0,0,0,0,0,0,81.805,0,0,0,0,0,0,0,0,0,0
6,6/7/50,15:31,0,0,55.396,0,0,0,0,0,0,0,135.906,26.382,0,0,0,0,0,0,0,0,0
6,6/7/50,15:32,0,0,13.323,0,0,0,0,0,0,0,53.986,63.639,0,0,0,0,0,0,0,0,0
6,6/7/50,15:33,0,0,51.209,0,0,0,0,0,0,0,26.661,87.605,0,0,0,0,0,0,0,0,0
6,6/7/50,15:34,0,0,99.681,0,0,0,0,0,0,0,22.204,78.906,0,0,0,0,0,0,0,0,0
6,6/7/50,15:35,0,0,0,0,0,0,0,0,0,0,14.573,119.152,0,0,0,0,0,0,0,0,0
6,6/7/50,15:36,0,0,46.298,0,0,0,0,0,0,0,56.351,0,0,0,0,0,0,0,0,0,0
6,6/7/50,15:37,0,0,64.597,0,0,0,0,0,0,0,0,0,0,0,0,0,0,0,0,0,0
6,6/7/50,15:38,0,0,62.671,0,0,0,0,0,0,0,24.885,0,0,0,0,0,0,0,0,0,0
6,6/7/50,15:39,0,0,54.707,0,0,0,0,0,0,0,0,0,0,0,0,0,0,0,0,0,0
6,6/7/50,15:40,0,0,113.452,0,0,0,0,0,0,0,0,0,0,0,0,0,0,0,0,0,0
6,6/7/50,15:41,0,0,0,0,0,0,0,0,0,0,0,0,0,0,0,0,0,0,0,0,0
6,6/7/50,15:42,0,0,0,0,0,0,0,0,0,0,0,0,0,0,0,0,0,0,0,0,0
6,6/7/50,15:43,0,0,0,0,0,0,0,0,0,0,0,0,0,0,0,0,0,0,0,0,0
6,6/7/50,15:44,0,0,0,0,0,0,0,0,0,0,0,0,0,0,0,0,0,0,0,0,0
6,6/7/50,15:45,0,0,0,0,0,0,0,0,0,0,0,0,0,0,0,0,0,0,0,0,0
6,6/7/50,15:46,0,0,0,0,0,0,0,0,0,0,0,0,0,0,0,0,0,0,0,0,0
6,6/7/50,15:47,0,0,0,0,0,0,0,0,0,0,0,0,0,0,0,0,0,0,0,0,0
6,6/7/50,15:48,0,0,0,0,0,0,0,0,0,0,0,0,0,0,0,0,0,0,0,0,0
6,6/7/50,15:49,0,0,0,0,0,0,0,0,0,0,0,0,0,28.071,0,0,0,0,0,0,0
6,6/7/50,15:50,0,0,0,0,0,0,0,0,0,0,0,0,0,0,0,0,0,0,0,0,124.38
6,6/7/50,15:51,0,0,0,0,0,0,0,0,0,0,0,0,0,0,0,0,0,0,0,0,230.547
6,6/7/50,15:52,0,0,0,0,0,0,0,0,0,0,0,0,0,0,0,0,0,0,0,0,49.196
6,6/7/50,15:53,0,0,0,0,0,0,0,0,0,0,0,0,0,0,0,0,0,0,0,0,0
6,6/7/50,15:54,0,0,0,0,0,0,0,0,0,0,0,0,0,13.419,0,0,0,0,0,0,0
6,6/7/50,15:55,0,0,0,0,0,0,0,0,0,0,0,0,0,48.19,0,0,0,0,0,0,0
6,6/7/50,15:56,0,0,0,0,0,0,0,0,0,0,0,0,0,0,0,0,0,0,0,0,0
6,6/7/50,15:57,0,0,0,0,0,0,0,0,0,0,0,0,0,0,0,0,0,0,0,0,0
6,6/7/50,15:58,0,0,0,0,0,0,0,0,0,0,0,0,0,0,0,0,0,0,0,0,0
6,6/7/50,15:59,0,0,0,0,0,0,0,0,0,0,0,0,0,0,0,0,0,0,0,0,0
6,6/7/50,16:00,0,0,0,0,0,0,0,0,0,0,0,0,0,0,0,0,0,0,0,0,0
6,6/7/50,16:01,0,0,0,0,0,0,0,0,0,0,0,0,0,0,37.314,0,75.622,0,0,0,0
6,6/7/50,16:02,0,0,0,0,0,0,0,0,0,0,0,0,0,0,137.805,0,43.031,0,0,0,0
6,6/7/50,16:03,0,0,0,0,0,0,0,0,0,0,0,0,0,31.285,65.673,0,73.785,0,0,0,0
6,6/7/50,16:04,0,0,0,0,0,0,0,0,0,0,0,0,0,63.828,0,0,60.28,0,0,0,0
6,6/7/50,16:05,0,0,0,0,0,0,0,0,0,0,0,0,0,1.116,0,0,27.848,0,0,0,0
6,6/7/50,16:06,0,0,0,0,0,0,0,0,0,0,0,0,118.361,0,0,0,0,0,0,0,0
6,6/7/50,16:07,0,0,0,0,0,0,0,0,0,0,0,0,52.1,28.663,0,0,0,0,0,0,0
6,6/7/50,16:08,0,0,0,0,0,0,0,0,0,0,0,0,59.426,13.183,0,0,0,0,0,0,0
6,6/7/50,16:09,0,0,0,0,0,0,0,0,0,0,0,0,61.858,219.833,0,0,88.266,0,0,0,0
6,6/7/50,16:10,0.74,0,0,0,0,0,0,0,0,0,0,0,84.107,0,0,0,26.817,0,0,0,0
6,6/7/50,16:11,77.086,0,0,0,0,0,0,0,0,0,0,0,55.104,0,0,0,61.25,0,0,0,0
6,6/7/50,16:12,50.159,0,0,0,0,0,0,0,91.289,0,0,0,81.199,0,0,0,45.149,0,0,0,0
6,6/7/50,16:13,45.859,0,0,0,0,0,31.713,0,0,0,0,0,68.957,0,0,0,65.987,0,0,0,0
6,6/7/50,16:14,74.374,0,0,0,0,0,95.146,0,93.962,0,0,0,89.641,0,0,0,24.963,0,0,0,0
6,6/7/50,16:15,75.69,0,0,0,0,0,56.255,0,0,0,0,0,62.026,0,0,0,83.729,0,0,0,0
6,6/7/50,16:16,56.947,0,0,0,0,0,81.13,0,117.816,0,0,0,0,0,0,0,28.537,0,0,0,0
6,6/7/50,16:17,29.952,0,0,0,0,0,49.067,0,0,0,0,0,0,0,0,0,82.907,0,0,0,0
6,6/7/50,16:18,69.38,0,0,0,0,0,115.18,0,68.287,0,0,0,0,0,0,0,74.182,0,0,0,0
6,6/7/50,16:19,40.306,0,0,0,0,0,78.904,0,55.161,0,0,0,0,0,0,0,161.186,0,0,0,0
6,6/7/50,16:20,34.245,0,0,0,0,0,42.312,0,64.526,0,0,0,0,0,0,0,200.105,0,0,0,0
6,6/7/50,16:21,57.3,0,0,0,0,0,0,54.956,72.47,0,0,0,0,0,0,0,177.72,0,0,0,0
6,6/7/50,16:22,42.2,0,57.794,0,0,0,0,124.088,37.822,0,0,0,0,0,0,0,91.603,0,0,0,0
6,6/7/50,16:23,0,0,4.322,0,28.213,0,0,63.889,70.777,0,0,0,0,0,0,0,81.769,0,0,0,0
6,6/7/50,16:24,0,0,56.95,0,62.19,24.321,0,112.4,32.621,0,0,0,0,0,0,0,139.315,0,0,0,0
6,6/7/50,16:25,0,0,77.943,99.859,54.318,16.183,0,83.435,54.336,0,0,0,0,0,0,0,51.344,0,0,0,0
6,6/7/50,16:26,0,0,37.207,58.55,22.226,81.762,0,0,20.175,0,0,0,0,0,0,0,76.625,0,0,0,0
6,6/7/50,16:27,0,0,69.667,30.227,23.722,76.235,0,70.408,68.212,0,0,0,0,0,0,0,86.104,0,0,0,0
6,6/7/50,16:28,0,0,58.195,90.741,69.417,0,0,77.82,38.961,0,0,0,0,0,0,0,88.529,0,0,0,0
6,6/7/50,16:29,0,160.516,22.088,102.483,82.314,0,0,89.984,50.869,0,0,80.732,0,0,0,0,30.249,0,0,0,0
6,6/7/50,16:30,0,67.15,27.264,52.864,62.316,0,0,63.142,129.776,0,0,79.263,0,0,0,0,87.969,0,0,0,0
6,6/7/50,16:31,0,117.354,80.658,71.312,86.835,0,0,24.566,64.518,0,0,79.363,0,0,0,0,122.066,0,0,0,0
6,6/7/50,16:32,0,160.814,41.538,0,47.172,0,0,0,72.418,0,0,88.947,0,0,0,0,59.108,0,0,0,0
6,6/7/50,16:33,0,107.412,0,0,39.836,0,0,0,47.765,0,0,132.062,0,0,0,0,38.53,113.436,0,0,0
6,6/7/50,16:34,0,239.004,0,0,84.838,0,0,0,55.997,0,69.475,117.437,0,0,0,0,12.362,0.764,0,0,0
6,6/7/50,16:35,0,130.172,0,0,97.476,0,0,0,0,0,13.907,103.208,0,0,0,0,39.906,77.695,0,0,0
6,6/7/50,16:36,0,40.375,0,0,79.856,0,0,0,0,0,102.79,171,0,0,0,0,0,60.33,0,0,0
6,6/7/50,16:37,0,75.846,0,0,84.746,0,0,0,0,0,27.686,11.682,0,0,0,0,0,60.769,0,0,0
6,6/7/50,16:38,0,56.392,0,0,22.705,0,0,0,0,0,27.695,106.528,0,0,0,0,0,0,0,0,0
6,6/7/50,16:39,0,0,0,0,84.7,0,0,0,0,0,28.82,82.724,0,0,0,0,0,0,0,30.459,0
6,6/7/50,16:40,0,0,0,0,33.476,0,0,0,0,0,23.254,111.277,0,0,0,0,0,90.456,0,45.013,0
6,6/7/50,16:41,0,0,0,80.908,75.282,0,0,0,0,0,43.796,94.178,0,0,0,0,0,46.052,0,30.322,0
6,6/7/50,16:42,0,0,0,88.298,37.769,0,0,0,0,40.072,120.201,33.485,0,0,0,0,0,87.28,0,36.13,0
6,6/7/50,16:43,0,0,47.711,110.949,29.65,0,0,0,0,49.679,45.485,0,0,0,0,0,0,0,0,48.775,0
6,6/7/50,16:44,0,0,72.496,158.51,0,0,0,0,0,42.877,0,0,0,0,0,0,0,0,0,0,0
6,6/7/50,16:45,0,0,56.706,42.375,0,31.715,0,0,0,25.026,0,0,0,0,0,0,0,0,0,0,0
6,6/7/50,16:46,0,0,39.407,0,0,52.305,0,0,0,54.883,0,0,0,0,0,0,0,0,0,0,25.397
6,6/7/50,16:47,0,0,114.431,0,0,13.463,0,0,0,82.124,0,0,0,0,0,62.511,0,0,0,0,0
6,6/7/50,16:48,0,0,55.572,0,0,80.569,0,0,0,177.794,0,0,0,0,0,108.637,0,0,0,0,0
6,6/7/50,16:49,0,0,0,0,0,66.481,0,0,0,51.351,0,0,0,0,0,103.195,0,0,0,0,0
6,6/7/50,16:50,0,0,0,0,0,149.441,0,0,0,12.195,0,0,0,0,0,13.914,0,0,0,0,0
6,6/7/50,16:51,0,0,0,0,0,6.572,0,0,0,0,0,0,0,0,0,38.644,0,0,0,0,0
6,6/7/50,16:52,0,0,0,0,0,42.075,0,0,0,0,0,0,0,0,0,0,0,0,0,0,0
6,6/7/50,16:53,0,0,0,0,0,100.98,0,0,0,0,0,0,0,0,0,0,0,0,0,0,0
6,6/7/50,16:54,0,0,0,0,0,0,0,0,0,0,0,0,0,0,0,0,0,0,0,0,0
6,6/7/50,16:55,0,0,0,0,0,66.128,0,0,0,0,0,0,0,0,0,0,0,0,0,0,0
6,6/7/50,16:56,0,0,0,0,0,64.261,0,0,0,0,0,0,0,0,0,0,0,0,0,0,56.707
6,6/7/50,16:57,0,0,0,0,0,190.312,0,0,0,0,0,0,0,0,0,0,0,0,0,0,52.769
6,6/7/50,16:58,0,0,0,0,0,0,0,0,0,0,0,0,0,0,0,0,0,0,0,0,0
6,6/7/50,16:59,0,0,0,0,0,0,0,0,0,0,0,0,0,0,0,0,0,0,0,0,122.744
6,6/7/50,17:00,0,0,0,0,0,0,0,0,0,0,0,0,0,0,0,0,0,0,0,0,10.397
6,6/7/50,17:01,0,0,0,0,0,0,0,0,0,0,0,0,0,0,0,0,0,0,0,0,0
6,6/7/50,17:02,0,0,0,0,0,0,0,0,0,0,0,0,0,28.491,0,0,0,0,0,0,10.407
6,6/7/50,17:03,0,0,20.435,0,0,54.712,0,0,0,0,0,0,0,0,0,0,0,0,0,0,0
6,6/7/50,17:04,0,0,50.349,0,0,45.757,0,0,0,0,0,0,0,0,0,0,0,0,0,0,0
6,6/7/50,17:05,0,0,25.066,0,0,69.93,0,0,0,0,0,0,0,0,35.694,0,0,0,0,0,0
6,6/7/50,17:06,0,0,0,0,0,0,0,0,0,0,0,0,0,0,60.751,0,0,0,0,0,0
6,6/7/50,17:07,0,0,0,0,0,0,0,0,0,0,0,0,0,0,38.745,0,0,0,0,0,0
6,6/7/50,17:08,0,0,0,0,0,0,0,0,0,0,0,0,0,0,36.55,0,0,0,0,0,0
6,6/7/50,17:09,0,0,0,0,0,0,0,0,0,0,0,0,0,48.9,28.791,0,0,0,0,0,32.202
6,6/7/50,17:10,0,0,0,0,0,0,45.281,0,0,0,0,0,0,0,39.595,0,0,0,0,0,84.003
6,6/7/50,17:11,0,0,0,0,0,0,81.382,0,0,0,0,0,0,90.314,69.867,0,0,0,0,0,79.276
6,6/7/50,17:12,0,0,0,0,0,0,78.597,0,0,0,0,0,0,0,135.445,0,0,0,0,0,0
6,6/7/50,17:13,0,0,0,0,0,0,54.788,0,0,0,0,0,0,0,88.362,0,0,0,25.412,0,0
6,6/7/50,17:14,82.631,0,0,0,0,0,124.452,0,0,0,0,0,0,0,83.004,0,0,0,0,0,0
6,6/7/50,17:15,92.02,0,0,0,0,0,63.278,0,0,0,0,0,0,0,9.419,0,0,0,0,0,0
6,6/7/50,17:16,40.463,0,0,0,0,0,29.108,0,0,0,0,0,0,0,52.561,0,77.635,0,0,0,49.877
6,6/7/50,17:17,89.009,0,0,0,0,0,0,0,0,0,0,0,0,0,62.145,0,99.377,0,0,0,0
6,6/7/50,17:18,55.13,0,0,0,0,0,0,0,0,0,0,0,0,11.383,124.575,0,0,0,0,0,0
6,6/7/50,17:19,41.345,0,0,0,0,0,0,0,0,0,0,0,0,135.37,0,0,131.103,0,0,0,0
6,6/7/50,17:20,24.009,0,0,54.629,0,0,0,0,0,0,24.145,0,0,0,35.834,0,55.207,0,0,0,0
6,6/7/50,17:21,100.799,0,0,38.264,0,0,0,0,0,0,75.113,0,0,0,51.163,0,102.473,0,0,0,0
6,6/7/50,17:22,113.934,0,0,67.47,0,0,0,0,0,0,150.007,0,136.217,0,0,0,68.445,0,0,33.277,0
6,6/7/50,17:23,80.069,0,0,68.631,0,0,0,0,0,0,88.997,0,51.831,0,0,0,78.067,0,62.963,37.885,0
6,6/7/50,17:24,62.179,0,0,117.583,0,0,0,0,0,0,8.432,0,38.413,0,0,0,74.19,0,29.384,17.113,0
6,6/7/50,17:25,39.618,0,0,93.423,0,0,0,0,0,0,86.619,0,78.654,0,72.669,0,121.939,0,0,37.791,0
6,6/7/50,17:26,44.935,0,0,69.267,0,0,0,0,105.686,0,84.977,0,57.727,0,0,0,5.738,0,0,47.036,0
6,6/7/50,17:27,0,0,0,94.176,0,0,0,0,0,0,101.78,0,53.999,0,0,0,65.776,0,0,51.468,0
6,6/7/50,17:28,0,0,0,56.129,0,0,0,55.15,0,0,118.948,0,78.196,0,0,0,26.242,0,0,0,0
6,6/7/50,17:29,0,0,0,0,0,0,0,64.457,0,0,80.053,0,103.719,0,0,0,12.556,0,33.241,0,0
6,6/7/50,17:30,0,0,0,0,0,0,0,0,79.851,0,73.932,0,18.049,0,0,0,112.958,0,66.232,0,0
6,6/7/50,17:31,0,0,0,0,0,0,0,0,46.089,0,80.324,0,39.097,0,0,0,144.667,0,0,0,0
6,6/7/50,17:32,0,0,0,0,0,0,0,0,0,0,29.021,0,0,0,0,0,24.011,0,0,0,0
6,6/7/50,17:33,0,0,0,0,0,0,0,0,0,0,0,0,0,0,0,0,49.467,0,0,0,0
6,6/7/50,17:34,0,0,0,0,0,0,0,0,78.019,0,0,0,0,0,0,0,76.484,76.767,0,0,0
6,6/7/50,17:35,0,0,0,0,0,31.053,0,0,78.499,0,0,0,0,0,0,0,0,42.82,0,0,0
6,6/7/50,17:36,0,0,0,0,0,25.817,0,0,54.717,0,0,0,0,0,0,0,0,109.153,0,0,0
6,6/7/50,17:37,0,0,0,0,0,81.548,0,0,59.124,0,0,0,0,0,0,0,0,98.235,0,0,0
6,6/7/50,17:38,0,0,0,0,0,41.996,0,0,64.679,0,0,0,0,0,0,0,0,51.464,0,0,0
6,6/7/50,17:39,0,0,36.011,0,0,116.608,0,0,0,0,0,0,0,0,0,0,0,26.604,0,0,0
6,6/7/50,17:40,0,0,12.57,0,0,39.546,0,0,0,0,0,0,0,0,0,64.587,0,0,0,0,0
6,6/7/50,17:41,0,0,29.114,0,0,106.735,0,0,0,0,0,0,0,0,0,107.993,0,0,0,0,0
6,6/7/50,17:42,0,0,121.111,0,0,55.264,23.812,0,0,0,0,0,0,0,0,140.878,0,0,0,0,0
6,6/7/50,17:43,0,171.773,35.82,0,0,66.91,62.481,0,0,0,0,0,0,0,0,89.492,0,0,0,0,0
6,6/7/50,17:44,0,28.357,30.324,0,0,110.8,86.532,0,0,25.198,0,0,0,0,0,83.448,0,0,0,0,0
6,6/7/50,17:45,0,68.56,46.926,0,0,35.683,42.093,68.059,0,100.448,0,0,0,0,0,26.658,0,0,0,0,0
6,6/7/50,17:46,0,75.353,66.217,0,0,97.529,67.329,93.917,0,0,0,0,0,0,0,0,0,0,0,0,0
6,6/7/50,17:47,0,136.525,96.913,0,0,45.702,34.798,96.447,0,0,0,0,0,0,0,0,0,0,0,0,0
6,6/7/50,17:48,0,0,76.653,0,73.417,34.792,28.83,114.417,0,0,0,0,0,0,15.508,0,0,0,0,0,0
6,6/7/50,17:49,0,0,62.558,0,135.819,0,30.322,120.23,0,0,0,0,0,0,81.032,0,0,0,0,0,0
6,6/7/50,17:50,0,0,100.73,76.878,115.942,0,21.116,52.227,0,0,0,0,0,0,65.182,0,0,0,0,0,0
6,6/7/50,17:51,0,0,34.165,69.228,51.087,0,0,123.296,0,0,0,0,0,27.181,0,0,0,0,0,0,0
6,6/7/50,17:52,0,0,0,141.895,83.621,0,0,0,0,0,0,0,0,0,0,0,0,0,0,0,0
6,6/7/50,17:53,0,0,0,112.365,50.585,0,0,0,0,0,0,0,0,0,0,0,0,0,0,0,0
6,6/7/50,17:54,0,0,0,0,54.912,0,0,0,0,0,0,0,0,19.82,0,0,0,0,0,0,0
6,6/7/50,17:55,0,0,0,0,81.538,0,0,0,0,0,0,0,0,80.238,0,0,0,0,0,0,0
6,6/7/50,17:56,0,0,0,0,28.794,0,0,0,0,0,0,0,0,34.879,0,0,0,0,0,49.998,0
6,6/7/50,17:57,0,0,0,0,0,0,0,0,0,0,0,53.313,0,0,0,0,0,0,0,42.382,0
6,6/7/50,17:58,0,0,0,0,0,0,0,0,0,0,0,110.313,0,0,0,0,0,0,0,66.446,0
6,6/7/50,17:59,0,0,0,0,0,0,0,0,0,0,0,140.438,0,0,0,0,0,0,0,130.214,0
6,6/7/50,18:00,0,0,0,0,0,0,0,0,0,0,0,81.722,0,0,0,0,0,0,0,141.364,0
6,6/7/50,18:01,0,0,0,0,0,0,0,0,0,0,0,0,0,0,0,0,0,0,0,99.065,0
6,6/7/50,18:02,0,0,0,0,0,0,0,0,100.894,0,78.484,0,0,0,0,0,0,0,0,76.3,0
6,6/7/50,18:03,0,0,0,0,0,0,0,0,48.944,0,112.133,0,0,0,0,0,0,0,0,7.19,23.751
6,6/7/50,18:04,0,0,177.026,0,0,0,0,0,69.371,48.843,105.827,0,0,0,0,0,0,0,0,147.303,0
6,6/7/50,18:05,0,198.756,42.807,0,0,0,53.417,0,21.066,225.796,108.324,0,0,0,0,0,0,0,0,15.816,0
6,6/7/50,18:06,0,136.064,101.641,63.979,0,0,158.933,146.867,164.671,240.139,72.314,0,0,0,0,0,0,0,0,59.328,0
6,6/7/50,18:07,0,206.965,144.602,82.578,0,0,176.347,134.863,143.343,202.871,131.364,0,0,0,0,0,0,0,0,80.08,150.893
6,6/7/50,18:08,0,86.541,123.835,87.309,0,0,85.537,36.189,92.256,44.305,39.468,0,0,0,61.636,0,0,0,139.521,130.076,54.954
6,6/7/50,18:09,0,93.556,18.203,131.089,0,0,162.544,73.269,18.734,142.257,119.364,0,0,0,211.865,0,0,0,0,118.926,0
6,6/7/50,18:10,0,283.884,104.657,107.42,0,0,85.279,73.09,40.16,224.806,100.468,0,0,0,171.59,0,275.564,0,0,24.603,0
6,6/7/50,18:11,0,160.725,117.889,96.362,0,0,78.418,92.934,152.559,80.309,106.263,0,156.727,0,248.063,109.885,40.127,0,0,156.8,0
6,6/7/50,18:12,83.507,173.324,148.378,36.129,0,0,119.139,24.228,111.954,95.026,125.503,0,123.195,0,112.846,143.074,143.138,0,0,95.312,0
6,6/7/50,18:13,124.497,62.788,73.659,25.693,0,0,24.788,0,94.167,143.633,129.592,0,154.187,0,81.723,31.268,89.715,32.215,0,130.114,0
6,6/7/50,18:14,131.909,0,0,109.932,0,0,76.032,48.25,76.468,143.013,132.863,0,101.466,0,87.785,89.495,181.222,79.962,0,45.071,0
6,6/7/50,18:15,150.941,171.902,0,59.722,104.894,0,51.225,48.69,123.577,34.065,39.968,24.872,59.576,24.068,48.851,148.23,135.145,181.911,0,70.177,0
6,6/7/50,18:16,92.198,229.418,3.679,182.086,92.26,25.163,67.53,142.219,77.277,78.326,116.43,95.288,98.934,0,78.033,149.728,88.178,19.611,55.233,30.894,0
6,6/7/50,18:17,69.17,181.611,67.473,131.588,121.376,51.938,123.13,63.121,46.769,72.972,52.719,146.637,52.381,0,0,67.988,93.708,101.544,140.351,88.258,0
6,6/7/50,18:18,129.182,77.833,162.422,128.123,152.288,87.036,22.495,82.491,145.682,125.957,36.676,69.614,112.21,0,125.261,47.635,146.304,108.78,135.433,55.883,0
6,6/7/50,18:19,59.319,103.905,114.187,155.547,72.8,40.734,0,99.609,24.424,81.838,64.619,149.364,77.805,0,133.935,66.302,248.482,156.979,40.254,103.086,0
6,6/7/50,18:20,45.247,139.123,100.766,94.132,104.2,113.174,0,108.997,71.649,74.969,0.059,68.669,46.794,141.635,149.419,119.232,320.879,99.918,48.524,8.958,0
6,6/7/50,18:21,90.55,177.364,172.745,105.611,92.298,72.247,0,95.821,0,30.568,76.733,149.764,138.3,117.498,0,129.501,211.024,112.261,50.086,0,0
6,6/7/50,18:22,74.361,204.745,81.8,28.81,60.023,76.185,0,122.371,92.565,0,105.398,136.601,68.152,108.032,0,27.274,136.758,33.639,57.486,0,0
6,6/7/50,18:23,198.954,108.595,100.478,150.445,17.655,39.006,0,89.628,0,0,146.996,150.053,74.54,92.638,0,43.459,177.519,60.769,84.074,0,3.373
6,6/7/50,18:24,72.286,93.199,131.447,140.087,49.854,0,0,99.439,70.1,0,87.746,190.165,69.995,0,0,56.474,132.503,66.076,0,0,99.574
6,6/7/50,18:25,165.226,235.579,124.842,93.211,101.212,0,0,46.853,58.815,0,106.085,77.383,48.015,0,0,156.005,36.592,38.706,0,0,0
6,6/7/50,18:26,127.722,236.307,131.619,49.581,83.112,0,0,73.868,88.722,0,66.976,0,68.992,0,0,25.032,214.275,110.05,0,0,26.69
6,6/7/50,18:27,132.787,224.102,107.187,102.404,51.969,0,0,90.848,44.449,0,137.005,0,60.295,0,0,141.063,25.359,80.629,0,0,144.419
6,6/7/50,18:28,116.088,149.717,76.044,90.033,72.554,0,0,117.266,94.869,0,63.938,0,65.885,0,0,41.299,99.396,30.534,0,0,0
6,6/7/50,18:29,180.863,186.798,76.134,188.733,125.558,0,0,131.956,57.071,0,28.149,91.194,63.685,0,46.925,127.094,0,17.946,0,0,0
6,6/7/50,18:30,78.821,163.105,163.42,98.469,31.282,0,0,138.549,53.534,0,14.359,75.467,76.242,115.425,35.478,76.087,41.36,0,0,0,0
6,6/7/50,18:31,146.64,94.872,121.106,100.97,0,0,0,38.422,57.703,0,51.833,93.247,31.637,134.953,0,117.041,18.472,60.008,0,0,0
6,6/7/50,18:32,94.28,52.141,13.043,67.886,0,0,0,0,25.262,0,111.796,0,0,141.455,161.849,99.285,86.559,42.285,0,0,0
6,6/7/50,18:33,58.51,136.542,179.758,98.383,0,0,89.969,0,24.774,0,37.45,0,0,168.492,38.437,36.401,31.42,70.539,0,0,80.855
6,6/7/50,18:34,126.54,212.627,80.968,111.185,0,0,124.796,0,53.746,0,0,0,0,123.511,0,83.329,61.623,5.76,65.333,0,60.788
6,6/7/50,18:35,127.243,123.021,147.881,57.12,41.013,0,67.18,0,97.616,0,0,0,0,47.391,0,178.558,44.936,107.635,55.804,0,0
6,6/7/50,18:36,97.785,144.182,147.877,136.868,47.628,0,2.434,0,0,0,0,0,0,58.945,0,147.461,12.375,43.788,57.821,0,0
6,6/7/50,18:37,121.575,113.84,176.44,37.978,112.586,0,45.396,0,0,0,69.105,122.433,0,47.559,0,26.335,45.268,32.485,38.538,0,38.673
6,6/7/50,18:38,62.528,122.957,8.365,0,47.88,0,24.966,0,84.786,0,57.838,81.082,0,83.837,0,14.725,82.802,35.197,64.342,0,16.101
6,6/7/50,18:39,61.583,116.649,151.841,0,49.008,0,38.295,0,65.379,0,72.615,102.235,0,92.672,0,14.261,17.796,41.874,0,0,20.582
6,6/7/50,18:40,70.606,96.421,77.146,0,0,0,97.782,0,39.548,0,52.005,65.762,0,51.268,0,25.763,103.776,82.884,0,0,22.564
6,6/7/50,18:41,95.088,132.704,85.578,0,0,0,39.14,0,36.191,0,113.81,55.426,0,0,0,97.084,95.006,83.351,0,106.466,23.071
6,6/7/50,18:42,49.218,142.197,0,0,0,0,0,0,45.102,0,125.378,59.923,0,0,65.979,158.289,78.567,143.536,0,92.263,19.931
6,6/7/50,18:43,23.789,131.736,24.032,0,68.689,0,0,0,37.257,0,39.739,93.73,0,2.68,0,74.799,125.29,62.672,0,157.562,38.379
6,6/7/50,18:44,27.066,293.465,48.963,0,101.723,0,0,0,90.978,0,0,78.151,0,115.605,47.402,0,205.766,61.325,0,123.29,19.289
6,6/7/50,18:45,21.566,176.135,138.336,0,83.859,24.181,0,0,24.928,0,0,175.491,0,176.317,67.589,44.444,90.197,59.74,0,112.689,44.017
6,6/7/50,18:46,28.309,53.743,48.82,0,56.123,19.455,0,0,0,1.856,0,126.469,0,137.796,102.449,92.05,150.985,135.217,0,76.104,46.221
6,6/7/50,18:47,114.369,30.413,90.899,0,115.499,37.998,0,0,39.935,100.042,0,120.935,0,198.351,40.574,62.889,56.869,115.301,0,130.943,0
6,6/7/50,18:48,141.332,149.985,114.016,0,22.955,59.369,0,86.227,41.327,82.989,0,29.95,0,161.583,75.589,48.105,207.013,51.491,79.36,23.313,107.991
6,6/7/50,18:49,35.737,105.099,145.354,0,0,47.877,0,161.485,48.616,137.655,0,0,0,118.767,124.739,5.419,33.261,57.225,64.171,14.95,82.487
6,6/7/50,18:50,105.5,236.33,127.911,0,0,83.815,0,16.159,41.732,121.477,0,0,0,74.341,78.154,0,13.547,0,0,78.557,75.438
6,6/7/50,18:51,72.201,207.139,37.921,83.912,0,110.988,75.372,10.76,46.735,62.149,0,0,0,58.124,71.861,51.388,106.355,0,35.982,0,100.169
6,6/7/50,18:52,131.481,190.256,0,44.561,0,0,101.002,16.753,0,107.798,0,0,0,14.794,78.951,259.293,0,0,125.752,0,19.14
6,6/7/50,18:53,104.908,209.013,0,134.699,0,109.779,97.792,50.372,0,95.278,0,0,0,104.943,47.316,195.394,59.729,0,132.028,49.214,21.174
6,6/7/50,18:54,150.142,172.089,0,127.884,0,84.76,83.85,94.089,0,12.599,0,0,0,104.887,47.882,114.878,127.823,0,20.51,72.519,23.394
6,6/7/50,18:55,115.345,200.014,0,49.589,0,86.425,56.064,108.274,10.803,11.88,0,0,0,96.585,80.942,51.322,0,0,60.171,48.302,25.132
6,6/7/50,18:56,167.293,204.272,0,48.079,0,57.765,0,65.889,74.562,22.393,0,0,28.872,50.452,92.578,0.135,59.947,0,0,92.203,31.345
6,6/7/50,18:57,76.396,48.758,0,54.072,0,76.604,0,26.069,53.7,73.422,0,72.719,87.474,120.096,68.785,71.362,0,0,76.723,14.107,30.963
6,6/7/50,18:58,70.239,0,0,83.905,0,0,28.135,141.54,47.735,71.187,0,37.916,111.451,132.884,145.052,127.132,87.109,0,26.835,31.598,75.05
6,6/7/50,18:59,121.829,131.682,0,38.308,0,92.313,62.588,88.97,28.569,65.469,0,59.874,21.319,97.411,134.417,69.347,0,0,48.529,17.643,16.982
6,6/7/50,19:00,141.653,144.162,0,0,0,41.852,73.846,73.044,42.118,75.959,0,0,55.513,150.945,65.327,17.764,59.502,0,112.663,46.51,59.064
6,6/7/50,19:01,126.033,114.755,0,0,0,42.683,0,84.197,23.761,75.639,0,0,108.191,3.324,154.782,218.408,45.6,0,43.372,190.336,51.04
6,6/7/50,19:02,46.378,136.312,0,0,0,0,108.628,99.86,15.876,4.538,0,0,119.388,144.029,80.164,29.329,115.503,0,0,24.439,22.04
6,6/7/50,19:03,57.486,179.917,0,0,0,0,83.095,110.98,61.479,0,0,0,55.551,48.208,118.21,127.596,109.023,0,0,59.92,25.41
6,6/7/50,19:04,90.308,196.577,0,0,0,0,98.651,49.262,39.397,0.933,0,0,29.607,121.914,0,36.266,150.03,0,0,79.888,25.95
6,6/7/50,19:05,26.634,150.383,0,0,86.641,0,29.978,137.697,26.89,60.521,0,0,105.429,14.385,0,75.725,71.427,0,0,126.769,23.239
6,6/7/50,19:06,80.511,118.191,0,0,75.687,0,39.302,29.834,42.991,82.102,0,0,105.37,119.588,25.213,53.011,95.21,0,48.771,86.686,20.866
6,6/7/50,19:07,0,215.491,0,0,41.741,0,34.256,53.514,40.53,0,0,0,105.001,71.528,51.573,123.988,176.705,0,28.07,158.146,37.219
6,6/7/50,19:08,0,147.871,0,0,136.671,0,49.378,81.964,29.938,35.657,66.74,17.21,76.136,193.605,57.026,4.74,53.964,0,147.938,161.484,51.374
6,6/7/50,19:09,76.615,138.968,0,139.324,72.302,0,57.504,12.758,31.503,48.831,120.728,60.888,102.167,166.968,134.52,167.146,91.118,0,85.737,77.983,42.797
6,6/7/50,19:10,129.512,65.103,0,145.389,46.142,0,114.401,87,0,0,104.918,98.58,111.188,5.741,55.515,70.389,10.905,0,221.839,0,23.02
6,6/7/50,19:11,53.963,119.632,0,173.536,71.781,0,83.67,30.572,0,0,120.873,18.493,127.626,42.263,151.517,40.372,97.868,0,87.511,29.342,16.292
6,6/7/50,19:12,100.967,135.008,95.355,137.444,32.487,0,82.775,89.688,0,0,127.929,0,68.344,149.838,64.36,4.675,74.627,0,168.433,34.438,22.395
6,6/7/50,19:13,32.905,206.374,32.091,81.132,68.374,0,65.995,17.549,0,0,100.462,0,65.406,47.356,56.545,136.327,110.296,22.798,25.27,185.82,29.604
6,6/7/50,19:14,17.872,207.872,0,29.404,66.601,0,20.898,47.808,0,0,74.806,82.238,0,137.429,53.231,65.583,38.829,120.819,0,30.029,65.183
6,6/7/50,19:15,43.683,124.107,168.991,0,47.12,0,43.748,66.044,0,0,38.355,107.778,71.807,145.396,42.16,23.708,23.643,79.254,0,64.277,59.27
6,6/7/50,19:16,92.719,101.237,43.048,0,75.171,0,39.688,97.455,0,0,143.966,106.777,137.898,155.759,76.529,16.34,102.307,164.012,19.219,35.782,44.948
6,6/7/50,19:17,220.538,197.796,144.13,0,140.82,0,43.176,83.084,0,0,84.578,0,62.163,0,91.236,45.311,85.587,86.429,43.001,61.74,32.876
6,6/7/50,19:18,111.807,241.262,0,0,49.533,0,10.313,60.313,0,0,124.283,0,31.387,138.944,26.256,123.292,93.983,63.325,71.048,73.07,33.578
6,6/7/50,19:19,0,244.11,64.715,51.948,101.533,0,17.819,56.749,0,0,79.139,100.117,152.174,230.092,74.354,138.004,80.337,89.151,147.02,113.186,24.81
6,6/7/50,19:20,0,243.208,71.96,28.144,65.538,30.875,124.613,80.422,0,0,112.472,64.205,98.976,51.228,0,13.49,11.649,104.195,96.587,176.03,36.573
6,6/7/50,19:21,0,136.634,49.075,179.702,92.209,0,50.031,42.868,0,0,109.233,71.765,125.989,115.468,29.113,173.032,122.282,95.974,181.87,31,20.517
6,6/7/50,19:22,0,90.052,161.67,79.471,82.208,8.696,0,69.979,0,0,61.074,51.849,74.073,71.82,97.753,128.142,56.305,86.514,0,0,77.647
6,6/7/50,19:23,0,177.155,112.389,45.345,38.377,93.099,0,54.317,0,0,99.453,49.372,60.165,87.974,137.677,196.2,50.016,56.857,214.184,109.641,120.557
6,6/7/50,19:24,0,161.561,97.991,39.709,105.637,69.967,0,77.289,0,0,0,150.031,153.695,90.63,72.227,88.669,109.561,94.436,49.57,40.88,55.635
6,6/7/50,19:25,0,166.226,81.552,121.535,47.003,44.936,0,64.156,0,0,64.754,82.217,0,106.907,33.221,20.454,33.44,26.13,0,42.876,174.113
6,6/7/50,19:26,49.211,206.081,86.981,214.459,72.911,28.83,0,58.517,0,0,84.791,129.644,59.224,134.35,112.846,113.786,38.278,32.545,0,15.005,103.085
6,6/7/50,19:27,70.772,31.415,110.42,100.898,65.267,0,0,0,0,0,142.853,40.194,45.582,84.278,124.664,66.259,171.511,85.68,0,42.776,65.416
6,6/7/50,19:28,62.935,62.058,170.517,90.661,75.345,0,0,0,0,0,64.118,136.875,0,99.968,0,5.706,53.156,36.933,0,154.297,21.801
6,6/7/50,19:29,152.685,36.844,82.62,112.304,153.852,0,0,0,23.245,0,80.992,64.212,131.067,37.07,76.04,0,133.469,29.029,63.772,140.056,21.402
6,6/7/50,19:30,118.38,38.995,27.97,96.996,96.265,0,0,0,55.494,0,49.342,0,64.189,99.1,23.348,57.75,73.34,60.869,141.403,116.948,21.913
6,6/7/50,19:31,28.74,156.789,56.509,22.828,54.643,0,0,0,18.706,57.632,0,0,42.111,16.277,0,116.587,62.351,85.02,103.8,105.433,19.484
6,6/7/50,19:32,158.057,145.733,46.205,95.432,83.815,0,0,0,54.885,158.403,0,0,38.597,19.219,0,17.204,88.976,61.454,67.374,107.76,23.767
6,6/7/50,19:33,33.304,287.875,0,142.649,89.466,0,0,0,56.05,65.367,0,0,74.941,140.772,0,13.305,146.614,50.073,51.564,49.051,66.366
6,6/7/50,19:34,24.075,107.19,23.201,88.735,54.399,0,0,0,93.879,71.907,0,0,101.638,73.173,0,104.99,0,74.983,24.148,124.216,282.844
6,6/7/50,19:35,68.149,207.876,44.745,112.65,158.882,0,0,0,27.416,86.067,0,0,29.397,80.459,0,141.692,75.836,77.164,39.826,169.268,312.429
6,6/7/50,19:36,89.589,172.468,47.798,86.571,118.361,0,0,0,119.768,88.13,0,0,67.978,82.691,0,73.193,38.528,91.103,131.431,0,94.024
6,6/7/50,19:37,0,202.884,73.104,137.658,2.78,0,0,0,31.653,37.766,0,0,129.237,89.331,0,12.506,0,81.274,23.288,100.017,141.921
6,6/7/50,19:38,0,79.868,102.813,80.306,39.437,0,0,0,46.426,31.615,0,0,62.414,74.622,0,13.015,0,62.683,57.72,37.874,328.911
6,6/7/50,19:39,0,131.462,124.546,67.123,95.185,0,33.68,0,29.75,0,0,38.815,81.693,108.219,0,14.732,0,72.065,145.257,0,65.558
6,6/7/50,19:40,0,111.443,160.955,0,29.868,0,89.958,0,46.966,0,0,95.674,122.431,69.103,0,82.005,0,62.527,124.37,0,22.866
6,6/7/50,19:41,0,82.613,68.458,109.169,89.581,0,94.758,0,0,0,0,138.311,101.447,95.065,0,0,0,65.55,56.189,26.412,12.833
6,6/7/50,19:42,0,62.114,77.766,22.084,70.313,0,36.661,0,0,0,0,23.104,0,94.82,0,0,0,77.831,107.379,54.627,17.041
6,6/7/50,19:43,0,191.732,184.173,0,39.55,0,184.341,0,0,0,0,0,0,103.831,0,134.538,0,29.847,43.115,151.323,23.846
6,6/7/50,19:44,109.364,206.733,190.168,0,148.346,0,54.56,0,0,0,0,55.098,0,60.737,0,110.72,0,0,139.694,38.541,17.849
6,6/7/50,19:45,87.054,160.096,140.728,0,50.944,0,0,0,0,0,0,71.413,0,41.021,0,227.824,0,0,77.111,48.7,26.14
6,6/7/50,19:46,95.653,157.481,207.685,0,70.264,0,0,0,0,0,0,0,0,47.54,0,73.396,0,0,233.033,53.494,20.283
6,6/7/50,19:47,65.254,188.386,184.275,0,64.19,0,0,0,0,0,0,0,0,124.568,0,21.433,0,0,132.505,123.672,22.757
6,6/7/50,19:48,47.909,181.498,94.048,0,179.92,0,0,0,0,0,0,0,0,46.342,0,31.055,0,0,20.694,148.619,23.928
6,6/7/50,19:49,84.987,192.642,42.961,0,0,0,0,0,0,0,0,119.663,0,39.612,0,47.956,0,0,114.436,106.419,28.118
6,6/7/50,19:50,93.469,37.17,30.201,0,28.448,0,0,0,0,0,0,81.486,0,54.007,0,122.019,0,0,178.844,156.164,29.174
6,6/7/50,19:51,57.424,140.042,66.441,115.91,106.255,0,0,0,0,0,0,83.685,0,59.158,0,118.961,0,0,44.352,112.916,28.597
6,6/7/50,19:52,40.136,181.691,18.821,83.329,93.892,0,0,0,0,0,0,103.428,0,60.799,133.465,120.187,0,0,74.789,123.658,62.396
6,6/7/50,19:53,127.024,53.91,61.7,34.183,115.228,0,0,0,0,0,0,32.313,0,47.736,146.524,61.159,0,0,110.735,25.793,93.02
6,6/7/50,19:54,62.897,168.913,32.169,234.199,13.408,0,0,0,0,0,0,87.335,0,55.956,156.03,53.71,0,0,120.509,109.71,160.867
6,6/7/50,19:55,75.519,155.387,91.719,57.28,46.729,0,0,0,0,0,0,115.136,0,107.115,68.243,212.577,0,0,115.591,3.447,183.619
6,6/7/50,19:56,97.772,130.703,167.789,93.144,15.571,0,0,0,0,0,0,140.337,0,44.181,141.521,46.414,0,0,240.064,112.951,132.414
6,6/7/50,19:57,41.522,141.886,101.752,121.77,0,0,0,0,0,0,0,64.424,0,11.799,89.623,24.147,0,0,95.033,38.024,156.752
6,6/7/50,19:58,100.511,122.55,84.86,34.099,0,0,0,0,0,0,0,101.509,0,28.705,61.466,64.003,0,0,87.691,173.745,119.239
6,6/7/50,19:59,94.826,90.749,23.282,98.809,0,0,0,0,0,0,0,23.824,0,68.25,61.165,46.302,0,0,93.228,156.783,22.388
6,6/7/50,20:00,124.543,207.553,66.832,29.171,0,0,0,0,0,0,0,95.121,0,58.265,83.438,122.732,0,0,90.095,130.605,32.018
6,6/7/50,20:01,197.986,94.023,99.508,0,0,0,76.009,0,0,0,0,0,0,88.944,61.553,77.215,0,0,0,150.112,33.502
6,6/7/50,20:02,63.849,116.083,89.729,0,0,0,83.744,89.411,0,0,0,160.962,0,15.252,56.436,40.053,0,0,27.46,128.097,22.557
6,6/7/50,20:03,80.434,105.891,78.893,0,0,0,68.065,146.971,0,0,0,28.112,0,44.542,50.275,93.401,0,0,105.658,41.449,30.484
6,6/7/50,20:04,23.397,190.814,18.27,0,0,0,26.49,132.262,0,0,0,0,0,21.22,103.014,70.507,0,83.015,21.892,10.455,44.413
6,6/7/50,20:05,114.986,182.989,0,0,0,42.284,72.477,175.456,0,0,0,0,0,46.285,89.505,79.594,0,46.148,28.519,73.211,50.643
6,6/7/50,20:06,105.351,143.778,0,0,0,62.188,62.838,52.481,0,0,0,0,0,19.911,61.79,118.695,0,0,111.434,127.86,52.242
6,6/7/50,20:07,105.141,176.298,0,0,0,88.204,64.18,114.081,0,0,0,0,0,23.854,52.04,44.173,0,42.38,94.821,119.332,46.986
6,6/7/50,20:08,61.629,156.983,0,0,0,23.794,36.96,80.284,0,0,0,0,0,100.009,119.286,98.574,0,74.258,0,142.178,43.563
6,6/7/50,20:09,16.058,178.082,0,0,0,43.801,92.286,105.513,0,0,0,0,0,14.58,117.435,181.504,0,205.258,60.695,91.433,33.485
6,6/7/50,20:10,100.119,225.53,0,0,0,0,68.339,88.591,0,0,108.083,0,0,38.296,75.918,70.532,0,165.314,34.475,0,30.503
6,6/7/50,20:11,153.871,198.987,0,0,0,55.216,93.207,54.906,0,0,94.399,0,0,11.152,0,9.397,0,43.607,87.131,0,35.832
6,6/7/50,20:12,79.543,127.204,0,0,0,56.157,91.734,88.533,0,0,52.366,0,0,30.526,77.416,91.822,0,94.694,149.821,27.419,56.984
6,6/7/50,20:13,136.163,122.238,0,0,0,33.679,81.671,95.47,0,0,80.21,0,0,33.231,107.393,193.563,0,34.516,53.356,81.234,32.845
6,6/7/50,20:14,27.438,156.069,0,0,0,0,71.108,87.999,0,0,152.596,0,0,71.745,153.653,73.166,0,33.604,143.087,21.222,35.457
6,6/7/50,20:15,166.967,130.845,0,0,0,0,43.253,83.094,0,0,82.653,0,0,31.371,51.678,57.629,0,44.173,53.998,90.346,42.375
6,6/7/50,20:16,0,217.029,0,0,0,106.047,55.545,103.735,0,147.811,1.391,0,0,0,125.222,21.048,0,110.694,25.583,24.19,40.419
6,6/7/50,20:17,0,214.722,0,0,0,41.602,113.324,42.585,0,93.076,84.621,0,0,0,31.027,71.254,0,88.668,53.496,105.48,37.728
6,6/7/50,20:18,73.838,40.153,0,0,0,81.508,120.602,105.187,0,56.962,89.924,0,0,0,0,0.637,0,78.89,79.167,95.897,41.297
6,6/7/50,20:19,176.426,78.095,0,0,0,0.141,92.047,104.474,0,90.502,103.472,9.302,0,0,136.412,0,0,24.225,15.884,5.116,84.856
6,6/7/50,20:20,0,155.486,0,24.432,0,115.422,92.237,87.595,0,52.698,82.227,117.977,0,0,48.324,0,0,43.908,97.697,71.624,170.487
6,6/7/50,20:21,0,98.754,0,97.87,0,52.146,51.623,36.379,0,29.771,106.057,66.365,0,0,87.327,0,0,0,49.542,105.108,163.69
6,6/7/50,20:22,0,27.902,0,91.269,0,57.852,32.623,20.801,0,0,72.919,141.537,0,0,54.403,0,0,0,90.923,10.487,105.431
6,6/7/50,20:23,0,74.352,0,118.574,0,0,0,100.209,0,0,80.161,40.852,0,0,114.588,168.415,0,67.601,103.296,141.023,64.339
6,6/7/50,20:24,0,183.495,0,84.971,0,0,69.429,89.986,0,0,107.058,58.472,0,0,49.871,48.456,0,28.838,19.179,102.811,109.544
6,6/7/50,20:25,0,124.66,0,150.529,0,0,0,119.754,0,0,59.083,79.45,0,0,57.913,32.508,0,38.46,33.166,112.156,57.54
6,6/7/50,20:26,0,152.432,0,193.457,0,0,0,96.176,0,54.215,0,141.712,0,0,105.521,105.775,0,57.346,64.092,92.488,75.256
6,6/7/50,20:27,0,19.731,0,74.389,0,47.283,20.583,60.566,0,81.998,35.881,122.326,41.297,0,6.125,17.602,0,84.813,75.615,142.001,0
6,6/7/50,20:28,0,102.577,0,74.407,0,0,44.688,88.731,0,122.402,75.335,100.465,112.683,0,186.683,37.48,0,37.739,117.624,128.313,0
6,6/7/50,20:29,0,135.061,0,153.397,0,169.201,78.674,51.871,0,38.422,0,52.087,136.028,0,29.629,109.113,0,71.943,79.108,61.394,0
6,6/7/50,20:30,0,172.116,0,98.652,0,103.574,64.664,0,1.082,34.062,0,96.116,10.236,0,89.132,76.62,0,45.865,15.474,43.595,0
6,6/7/50,20:31,57.596,180.956,0,29.705,0,81.922,50.047,0,141.762,57.172,0,112.919,103.956,0,71.641,75.726,129.717,48.716,46.547,123.468,0
6,6/7/50,20:32,20.993,187.281,0,0,0,102.936,46.583,0,49.894,69.301,0,58.184,122.468,0,121.182,44.084,0,55.205,69.436,19.833,0
6,6/7/50,20:33,23.399,135.105,0,0,0,36.749,67.138,0,40.621,70.708,0,0,65.873,0,58.775,26.895,60.305,79.46,22.377,90.033,0
6,6/7/50,20:34,158.962,147.081,0,0,0,30.778,172.459,0,7.759,9.364,0,0,74.308,0,45.253,124.221,81.531,71.614,86.515,184.886,0
6,6/7/50,20:35,146.936,69.705,0,0,0,0,45.383,0,37.33,69.369,0,0,83.582,0,108.377,57.569,100.927,12.933,31.206,134.428,0
6,6/7/50,20:36,0,95.591,0,79.028,0,0,50.226,0,48.437,10.498,0,0,19.332,0,0,62.319,166.414,49.786,0,56.024,49.841
6,6/7/50,20:37,0,145.969,0,134.348,0,45.456,25.068,0,45.88,123.142,0,0,56.517,0,0,12.856,196.893,0,50.443,83.049,30.302
6,6/7/50,20:38,0,123.171,0,57.639,0,92.414,85.608,0,0,112.973,0,0,93.601,0,55.272,14.281,197.495,92.903,37.5,85.898,85.837
6,6/7/50,20:39,0,191.646,0,124.663,0,87.309,112.942,0,0,71.21,0,0,48.365,0,80.936,163.783,124.438,108.27,76.654,93.45,48.955
6,6/7/50,20:40,0,78.6,92.208,75.318,0,72.68,94.899,0,0,88.326,0,0,56.544,0,0,24.635,44.406,93.464,92.199,16.744,0
6,6/7/50,20:41,0,137.064,20.284,0,0,155.15,34.458,0,0,0,0,0,91.008,29.759,82.808,0,201.815,74.176,89.845,45.221,0
6,6/7/50,20:42,0,135.04,0,0,0,25.323,52.164,0,0,73.505,0,31.362,50.474,99.75,0,0,216.328,63.329,105.389,0,0
6,6/7/50,20:43,0,203.209,0,0,0,0,67.298,0,0,55.935,0,52.895,36.344,35.334,53.995,0,1.57,68.911,95.209,23.201,0
6,6/7/50,20:44,0,125.027,24.747,0,0,0,23.095,0,0,53.293,0,0,68.584,10.551,96.215,0,0,51.06,69.806,125.215,0
6,6/7/50,20:45,0,81.296,30.203,0,160.343,5.848,40.009,0,0,20.894,0,104.183,65.701,40.812,8.065,0,83.748,50.392,33.091,126.942,0
6,6/7/50,20:46,0,0,41.987,0,113.858,30.558,50.152,0,0,47.845,0,68.641,58.809,18.279,0,0,55.637,22.251,97.521,41.798,0
6,6/7/50,20:47,0,0,18.684,0,36.664,86.887,117.108,0,0,62.787,0,81.561,20.34,27.685,75.756,0,52.805,42.212,86.016,49.296,0
6,6/7/50,20:48,0,121.527,24.121,0,94.369,0,73.467,0,0,49.912,0,81.439,20.534,32.398,105.585,1.62,46.484,82.605,134.695,51.924,0
6,6/7/50,20:49,0,169.233,146.291,0,71.032,0,107.11,0,0,57.017,0,140.827,93.761,1.952,14.013,49.756,74.92,78.066,68.229,15.084,0
6,6/7/50,20:50,0,93.704,56.139,0,0,0,75.843,12.132,0,54.376,0,0,38.753,92.855,0,62.335,100.995,0,52.112,0,0
6,6/7/50,20:51,0,128.877,87.037,0,94.626,0,29.898,89.17,0,37.683,0,0,61.454,17.333,0,179.793,60.595,0,21.249,33.984,0
6,6/7/50,20:52,0,175.494,73.556,0,0,0,66.471,94.617,0,86.352,0,0,75.189,30.832,0,58.885,102.273,0,71.615,130.802,0
6,6/7/50,20:53,0,85.506,28.739,0,11.086,0,80.448,69.044,0,181.202,0,0,115.378,33.49,63.738,16.065,41.558,0,83.128,164.42,0
6,6/7/50,20:54,0,153.574,84.542,0,105.647,0,6.175,0,0,36.86,0,0,22.871,9.419,76.122,42.695,67.265,0,1.941,37.409,0
6,6/7/50,20:55,0,199.042,13.1,0,116.081,0,0,56.12,0,0,0,0,0,26.054,89.698,104.101,73.054,0,44.377,68.894,0
6,6/7/50,20:56,0,162.404,152.945,0,54.978,0,0,34.791,0,0,0,0,0,87.204,99.658,131.68,150.153,0,54.147,161.079,0
6,6/7/50,20:57,0,189.247,63.85,0,43.447,0,12.737,0,0,79.54,0,0,0,9.904,92.327,29.862,117.693,0,83.935,77.984,0
6,6/7/50,20:58,0,148.042,37.834,0,124.439,0,73.017,0,0,59.671,0,0,0,7.3,64.556,0,312.913,0,0,32.641,0
6,6/7/50,20:59,0,199.156,164.362,0,38.109,0,83.689,23.953,0,12.633,0,0,0,50.987,27.51,0,92.667,17.126,0,173.334,0
6,6/7/50,21:00,0,132.36,130.798,0,0,0,98.04,109.75,0,23.353,0,0,0,16.434,100.553,0,70.405,128.861,66.321,86.122,0
6,6/7/50,21:01,0,124.157,80.342,0,103.924,0,38.87,71.438,0,0,0,0,0,13.614,36.781,0,97.764,21.504,63.818,54.092,0
6,6/7/50,21:02,0,135.736,166.611,0,55.898,0,0,0,0,0,0,0,0,21.205,55.582,0,164.651,46.789,23.276,87.89,0
6,6/7/50,21:03,0,65.643,98.066,0,57.943,0,70.42,0,0,0,0,0,0,13.41,89.676,0,55.604,15.303,18.321,102.774,0
6,6/7/50,21:04,0,138.213,111.665,0,21.068,0,63.816,56.721,0,0,0,0,0,16.084,39.51,0,96.863,75.464,100.057,122.533,0
6,6/7/50,21:05,0,106.002,69.814,0,86.957,0,65.331,80.716,0,0,0,0,0,51.969,122.766,0,48.823,0,30.362,133.029,0
6,6/7/50,21:06,0,103.949,0,0,52.48,0,21.169,60.274,0,0,0,0,0,0,66.715,0,26.59,0,9.042,103.081,0
6,6/7/50,21:07,0,118.815,12.274,0,86.59,0,73.787,76.787,0,0,0,0,0,0,0,0,71.38,0,35.34,43.118,0
6,6/7/50,21:08,0,0,7.009,0,113.626,0,39.921,95.145,0,0,0,0,0,0,0,0,141.715,0,28.305,161.961,0
6,6/7/50,21:09,0,0,46.39,125.689,68.217,0,0,39.171,0,0,0,0,0,0,0,0,48.8,0,15.75,11.206,0
6,6/7/50,21:10,92.009,0,88.859,170.007,85.297,0,0,59.901,0,0,0,0,0,0,0,0,23.36,0,74.117,0,0
6,6/7/50,21:11,141.346,0,227.979,14.519,106.435,0,0,67.839,0,0,0,0,0,0,0,0,138.325,0,80.834,90.471,0
6,6/7/50,21:12,284.059,0,179.001,103.337,77.275,0,0,0,0,0,0,0,0,0,0,0,38.417,0,118.547,0,0
6,6/7/50,21:13,35.211,0,161.731,47.635,101.405,0,0,51.039,0,0,0,0,0,0,0,0,0,0,118.055,61.148,0
6,6/7/50,21:14,37.819,0,173.068,56.107,79.654,0,0,57.356,0,0,0,0,0,0,0,0,0,0,0,160.861,0
6,6/7/50,21:15,64.008,205.403,41.223,103.155,39.443,0,0,30.93,0,0,0,0,0,0,0,0,0,0,0,122.649,0
6,6/7/50,21:16,46.137,145.074,0,75.875,134.055,0,14.172,91.655,0,0,0,0,0,66.752,0,0,0,0,106.47,0,0
6,6/7/50,21:17,0,241.053,56.675,92.383,88.096,0,40.707,50.628,0,0,170.983,0,0,33.588,0,0,30.746,0,62.497,102.998,0
6,6/7/50,21:18,0,192.473,0,115.689,55.931,0,59.262,44.546,0,0,52.831,0,0,15.635,0,0,314.096,0,93.043,68.368,0
6,6/7/50,21:19,0,128.11,0,97.977,83.616,0,16.343,74.424,0,0,127.054,0,0,13.807,0,0,49.25,0,0,84.646,0
6,6/7/50,21:20,0,115.621,96.697,39.227,207.091,0,0,46.815,0,0,80.348,73.309,0,77.449,0,0,0,0,0,58.47,0
6,6/7/50,21:21,0,97.05,138.999,102.6,56.861,0,0,78.408,0,0,88.897,60.997,0,0,0,0,189.148,0,0,193.409,0
6,6/7/50,21:22,0,178.767,95.041,99.137,66.757,0,0,62.294,0,0,45.173,125.653,0,0,0,0,23.585,0,45.791,119.392,0
6,6/7/50,21:23,0,6.733,136.147,82.091,97.432,0,0,118.525,0,0,0,52.471,0,0,0,0,132.376,0,87.755,91.61,0
6,6/7/50,21:24,0,115.017,206.505,95.954,83.687,0,0,54.133,0,0,0,81.358,0,0,0,0,0,0,92.36,56.286,0
6,6/7/50,21:25,0,30.159,125.301,120.968,30.514,0,0,109.719,0,0,0,53.223,94.026,0,0,37.211,0,0,101.672,48.102,0
6,6/7/50,21:26,0,0,63.987,111.802,82.606,0,0,55.83,0,0,0,142.062,121.614,0,0,159.024,0,0,141.819,87.288,0
6,6/7/50,21:27,0,0,0,31.478,52.981,0,0,21.242,0,0,0,100.03,128.695,0,0,196.224,0,0,46.358,100.793,175.977
6,6/7/50,21:28,0,0,0,0,53.641,0,0,17.506,0,0,0,23.248,49.451,0,0,138.034,0,0,52.992,72.221,0
6,6/7/50,21:29,0,0,0,0,94.945,0,0,23.159,0,0,0,87.45,17.82,0,0,109.46,0,0,18.393,35.367,0
6,6/7/50,21:30,0,0,52.409,0,0,0,0,33.598,0,0,0,58.662,73.329,0,0,67.182,0,0,98.25,62.654,0
6,6/7/50,21:31,0,0,29.848,0,60.905,0,0,37.205,0,0,0,83.523,41.795,0,0,75.913,0,0,62.398,155.371,23.02
6,6/7/50,21:32,0,0,0,0,91.62,0,0,60.104,0,0,0,147.788,95.362,0,0,125.077,0,0,92.335,74.808,137.772
6,6/7/50,21:33,0,0,38.482,0,193.699,0,0,106.756,0,0,0,75.904,55.835,0,0,150.991,0,0,101.555,74.825,129.719
6,6/7/50,21:34,0,0,85.999,0,46.663,0,0,113.044,0,0,0,49.415,104.322,0,0,112.837,0,0,42.179,62.479,21.244
6,6/7/50,21:35,0,0,24.841,0,20.281,0,0,87.376,0,0,0,146.241,99.472,0,0,141.874,0,0,0,7.161,0
6,6/7/50,21:36,0,0,110.139,97.626,15.704,0,0,30.172,0,0,0,52.7,49.15,0,0,98.899,0,0,0,72.425,0
6,6/7/50,21:37,0,0,72.62,62.376,62.116,0,0,76.355,0,0,0,109.825,74.891,0,0,145.891,0,0,0,92.509,6.195
6,6/7/50,21:38,0,0,114.803,0,39.373,0,0,23.256,0,0,0,38.007,27.373,0,0,31.009,0,0,0,37.046,54.384
6,6/7/50,21:39,0,0,0,0,0,0,0,64.733,0,0,0,117.253,66.602,0,0,141.471,0,0,0,47.655,0
6,6/7/50,21:40,0,0,18.019,0,0,81.101,0,103.343,0,0,0,169.13,31.244,0,0,79.042,0,0,60.334,77.284,0
6,6/7/50,21:41,0,0,76.065,0,0,110.267,45.881,99.339,0,0,0,113.612,28.414,0,0,135.288,0,0,0,21.224,0
6,6/7/50,21:42,0,0,51.982,0,0,120.162,104.682,78.303,0,0,0,100.996,0,0,0,103.342,0,0,0,75.346,0
6,6/7/50,21:43,0,0,120.981,0,0,152.377,36.617,109.595,0,0,0,85.484,13.568,0,0,140.406,0,0,117.815,16.484,0
6,6/7/50,21:44,0,0,0,0,0,102.853,112.912,81.678,0,0,0,75.437,97.757,0,0,73.045,0,0,76.594,29.015,0
6,6/7/50,21:45,0,0,104.545,0,0,45.551,56.733,52.784,0,0,0,180.037,22.954,0,0,21.563,0,0,122.844,40.697,288.704
6,6/7/50,21:46,0,0,13.118,0,0,45.543,75.945,76.654,0,0,0,109.901,48.691,0,0,83.529,0,0,136.366,56.68,127.622
6,6/7/50,21:47,0,0,0,0,0,3.15,38.137,22.129,0,0,0,119.477,31.205,0,0,96.049,0,0,35.613,61.929,77.541
6,6/7/50,21:48,0,0,20.449,0,0,122.071,93.788,0,0,0,0,103.462,0,0,0,65.821,0,0,48.525,57.026,40.614
6,6/7/50,21:49,0,0,13.64,0,0,153.462,149.015,0,0,0,0,80.56,105.744,0,0,49.903,0,0,18.23,74.714,241.375
6,6/7/50,21:50,0,0,69.14,0,0,104.131,36.358,57.043,0,0,0,37.599,188.737,0,0,141.791,0,0,35.861,108.815,272.641
6,6/7/50,21:51,0,0,0,0,0,112.877,0,40.333,0,0,0,96.239,93.136,0,0,33.613,0,0,0,65.197,278.522
6,6/7/50,21:52,0,0,0,0,0,39.42,0,21.664,0,0,0,112.716,20.788,0,0,13.422,0,0,0,0,113.956
6,6/7/50,21:53,0,0,0,0,0,8.073,0,143.653,0,0,0,133.711,20.847,53.944,0,45.9,0,0,78.228,0,98.879
6,6/7/50,21:54,0,0,0,0,0,100.237,0,37.569,0,0,0,117.638,30.458,86.917,0,118.775,0,0,97.954,0,0
6,6/7/50,21:55,0,0,0,0,0,133.007,0,32.99,0,0,0,0,23.971,26.75,81.954,110.203,0,0,11.017,0,0
6,6/7/50,21:56,0,0,0,0,0,0,0,0,0,0,0,122.564,126.568,0,109.979,115.691,0,0,51.231,0,0
6,6/7/50,21:57,0,0,0,0,0,85.727,0,0,0,0,0,23.696,49.178,26.254,124.381,160.427,0,0,62.712,39.128,0
6,6/7/50,21:58,0,0,0,0,0,53.723,0,0,0,51.28,0,76.013,44.125,8.164,67.225,89.315,0,0,0,75.666,0
6,6/7/50,21:59,0,0,0,0,0,45.941,0,0,0,26.69,0,72.385,42.796,24.83,61.869,63.052,0,0,0,69.209,0
6,6/7/50,22:00,0,0,0,0,0,8.922,0,0,0,0,0,37.509,0,56.748,191.121,52.277,0,50.205,0,120.616,0
6,6/7/50,22:01,0,0,0,0,0,74.964,0,0,0,0,0,0,0,12.158,103.066,61.218,0,142.212,0,101.983,0
6,6/7/50,22:02,0,0,0,0,0,88.118,0,0,0,0,0,0,94.514,32.34,84.674,162.208,0,35.822,0,94.017,0
6,6/7/50,22:03,177.847,0,0,0,0,166.631,0,0,0,0,0,0,0,37.754,197.339,79.291,0,143.822,94.777,72.926,0
6,6/7/50,22:04,73.439,0,0,0,0,3.143,0,0,0,63.472,0,0,0,0,10.655,129.296,0,70.385,0,34.156,0
6,6/7/50,22:05,69.747,0,0,0,0,10.192,0,0,0,52.378,0,0,0,0,19.333,61.21,0,33.357,170.219,41.74,0
6,6/7/50,22:06,73.351,0,0,0,0,60.57,52.316,0,0,105.403,0,84.502,0,0,0,0,0,9.883,273.622,66.87,0
6,6/7/50,22:07,216.778,0,0,0,0,49.753,47.523,0,0,156.18,0,36.582,0,0,0,0,0,67.083,147.907,213.114,28.358
6,6/7/50,22:08,63.032,0,0,0,0,27.433,93.234,0,0,48.804,0,14.721,0,0,70.744,0,0,35.16,0,37.193,95.432
6,6/7/50,22:09,199.709,0,0,0,0,61.178,85.912,0,0,73.884,109.331,26.294,0,0,49.181,39.348,0,52.282,18.457,114.764,253.004
6,6/7/50,22:10,200.738,0,0,91.676,0,41.291,47.383,0,0,72.506,45.049,108.672,0,0,83.387,83.969,0,57.212,0,61.319,532.761
6,6/7/50,22:11,164.857,0,0,55.289,0,129.39,78.645,0,0,36.086,110.339,151.319,0,0,77.599,99.063,0,141.283,36.093,0,126.096
6,6/7/50,22:12,71.257,0,0,0,0,75.751,78.021,0,0,86.891,67.5,135.552,0,0,78.69,131.311,0,56.524,0,59.024,0
6,6/7/50,22:13,219.722,0,0,102.447,0,51.567,0,0,0,82.756,46.542,161.311,0,0,46.107,88.629,0,70.257,0,0,0
6,6/7/50,22:14,22.493,0,0,22.242,0,90.958,0,0,0,108.916,93.78,37.971,0,0,82.896,43.085,0,75.641,0,8.596,0
6,6/7/50,22:15,50.367,0,0,0,0,112.418,13.435,0,0,133.423,94.026,55.978,0,0,59.057,101.452,0,88.305,0,85.937,0
6,6/7/50,22:16,84.457,0,0,0,0,50.141,22.685,0,0,59.767,86.746,41.759,0,0,27.234,24.658,0,100.829,0,0,0
6,6/7/50,22:17,31.213,0,0,115.664,0,34.912,49.919,0,0,45.041,150.43,75.605,0,0,51.163,15.508,0,111.193,0,0,69.684
6,6/7/50,22:18,106.296,0,0,102.28,0,32.129,58.709,0,0,28.908,51.981,0,0,0,72.148,0,0,100.343,0,0,373.282
6,6/7/50,22:19,17.877,0,0,76.835,0,0,216.257,0,0,14.402,59.24,0,0,0,82.078,36.045,0,74.627,0,35.743,198.962
6,6/7/50,22:20,63.305,0,0,140.87,67.688,90.528,70.835,0,0,12.716,78.172,0,0,0,123.318,161.958,0,53.099,0,23.54,265.837
6,6/7/50,22:21,70.219,0,0,128.878,0,127.807,64.868,0,0,15.629,157.307,0,0,0,97.922,103.112,0,32.083,0,109.517,0
6,6/7/50,22:22,15.419,0,0,83.849,0,0,37.49,0,0,11.635,74.556,0,0,0,62.088,114.659,0,36.378,0,94.456,55.772
6,6/7/50,22:23,78.527,0,0,174.256,0,0,0,0,0,119.477,14.771,0,0,0,130.146,37.449,0,114.376,0,201.136,33.908
6,6/7/50,22:24,47.407,0,0,120.567,0,0,0,0,0,67.802,86.773,82.797,0,0,118.844,95.592,0,69.621,0,39.446,0
6,6/7/50,22:25,85.271,0,0,90.568,0,0,0,0,0,65.345,74.581,53.632,0,0,93.093,53.652,0,85.186,0,45.752,0
6,6/7/50,22:26,50.79,0,0,89.319,0,0,0,0,68.974,21.89,110.01,22.707,0,0,120.934,66.926,0,16.685,0,134.173,37.69
6,6/7/50,22:27,10.895,0,0,117.487,0,0,0,0,0,25.934,36.995,0,0,0,106.124,62.43,0,4.575,0,101.778,0
6,6/7/50,22:28,0,0,0,78.492,0,0,0,0,0,0,61.598,0,0,0,33.56,142.425,0,67.68,0,95.254,0
6,6/7/50,22:29,146.539,0,0,0,0,0,0,0,0,0,0,0,0,0,17.606,139.143,0,47.524,0,36.658,0
6,6/7/50,22:30,95.428,0,0,16.482,0,0,0,0,41.511,0,0,0,0,0,36.834,135.883,0,58.892,0,0,0
6,6/7/50,22:31,0,0,0,79.258,0,0,0,0,10.377,0,0,0,0,0,125.722,17.018,0,60.801,0,96.248,0
6,6/7/50,22:32,109.828,0,0,37.229,0,0,0,0,36.271,0,0,0,0,0,43.816,17.795,0,56.908,0,91.139,0
6,6/7/50,22:33,205.032,23.706,0,0,0,26.395,0,0,51.225,0,0,7.322,0,0,99.865,0,0,85.663,0,0,0
6,6/7/50,22:34,74.739,113.456,0,75.405,0,112.536,0,0,21.259,0,0,121.44,0,0,37.023,0,0,0,0,0,0
6,6/7/50,22:35,37.369,131.318,0,73.954,0,22.982,0,0,33.556,0,0,173.666,0,0,21.052,0,0,68.261,0,25.063,0
6,6/7/50,22:36,40.839,180.361,0,82.497,0,80.467,0,0,0,0,0,45.911,0,0,83.754,0,0,0,0,50.099,0
6,6/7/50,22:37,106.243,135.732,0,37.546,0,0,0,0,0,0,0,0,0,0,97.394,0,0,0,0,261.53,0
6,6/7/50,22:38,23.962,110.794,0,17.552,0,0,0,40.308,0,0,0,57.217,0,0,42.986,0,0,67.893,0,146.283,0
6,6/7/50,22:39,94.357,153.608,0,0,0,0,0,32.02,0,0,0,34.333,0,0,99.999,0,0,57.299,0,139.024,0
6,6/7/50,22:40,136.921,134.944,0,0,0,0,0,21.942,0,0,0,35.603,0,0,37.767,0,0,41.496,0,70.884,0
6,6/7/50,22:41,83.368,105.032,0,0,0,0,0,87.082,0,0,0,0,0,0,99.687,0,0,0,0,75.61,0
6,6/7/50,22:42,89.848,148.629,116.777,0,0,0,0,79.906,0,0,0,0,0,0,0,0,0,0,0,15.676,0
6,6/7/50,22:43,77.145,95.222,50.199,0,0,0,0,47.218,0,0,0,0,0,0,18.782,0,0,0,0,95.75,0
6,6/7/50,22:44,178.67,79.26,0,0,39.422,0,0,72.458,0,0,0,0,0,0,82.782,0,0,0,0,66.149,0
6,6/7/50,22:45,82.069,96.088,0,0,132.551,0,0,19.848,0,0,0,0,0,0,32.936,0,0,0,0,0,0
6,6/7/50,22:46,0,202.35,0,0,51.739,0,0,0,0,0,0,0,0,0,45.743,0,0,0,0,61.392,0
6,6/7/50,22:47,0,144.13,0,0,40.827,0,0,83.596,0,0,0,0,0,0,39.215,0,0,0,0,39.792,0
6,6/7/50,22:48,0,176.037,0,0,148.45,0,0,92.86,0,0,0,0,0,0,34.369,0,0,0,0,47.686,0
6,6/7/50,22:49,0,167.6,0,0,135.337,0,0,40.64,0,0,0,0,0,0,0,0,0,0,0,162.499,0
6,6/7/50,22:50,0,173.9,0,0,217.942,0,0,0,0,0,0,0,0,0,0,0,0,0,0,94.205,0
6,6/7/50,22:51,163.471,101.023,0,0,36.69,0,0,0,0,0,0,0,0,0,0,0,0,0,0,77.922,0
6,6/7/50,22:52,152.246,180.294,0,0,32.024,0,0,114.201,0,0,0,0,0,0,0,0,0,0,0,55.145,0
6,6/7/50,22:53,118.917,157.309,0,0,62.196,0,0,79.931,0,0,0,0,0,0,0,0,0,0,0,96.628,0
6,6/7/50,22:54,126.568,188.098,0,0,32.802,0,0,66.513,0,0,0,0,0,0,0,0,0,0,0,111.347,0
6,6/7/50,22:55,131.626,129.112,0,0,19.538,0,0,96.92,0,0,0,0,0,0,0,0,0,0,0,18.502,0
6,6/7/50,22:56,79.268,113.272,0,0,76.654,0,0,44.59,0,0,0,0,0,41.617,0,0,0,0,0,0,0
6,6/7/50,22:57,104.157,170.715,0,0,75.635,0,0,74.654,0,0,0,0,0,8.419,0,0,0,0,0,48.164,0
6,6/7/50,22:58,0,217.706,0,0,38.569,0,0,59.798,0,0,90.826,0,0,23.514,0,0,0,0,0,0,0
6,6/7/50,22:59,103.389,208.936,0,0,110.015,0,0,109.707,0,0,302.511,0,0,26.469,0,0,0,0,0,0,0
6,6/7/50,23:00,165.339,101.577,0,0,21.284,0,0,3.764,0,0,138.394,0,0,20.672,0,0,0,0,0,0,0
6,6/7/50,23:01,64.305,153.551,0,0,71.38,0,0,27.403,0,0,79.212,0,0,0,0,0,0,0,0,0,0
6,6/7/50,23:02,0,103.124,0,0,60.984,0,0,33.387,0,49.849,22.136,0,0,32.334,0,0,0,0,0,0,0
6,6/7/50,23:03,83.69,119.182,0,0,74.729,0,0,0,0,78.733,149.905,0,0,19.915,0,0,0,0,0,0,0
6,6/7/50,23:04,196.437,29.734,0,65.499,60.146,0,0,0,0,12.991,145.309,0,0,24.892,0,0,0,0,0,0,0
6,6/7/50,23:05,196.274,30.895,0,163.494,17.806,0,0,0,0,53.952,72.681,0,0,57.432,0,0,0,0,0,0,0
6,6/7/50,23:06,42.391,61.647,0,66.891,40.24,0,0,0,0,75.227,80.213,0,0,181.138,0,0,0,0,0,0,0
6,6/7/50,23:07,0,119.332,0,31.252,72.369,0,0,0,0,69.244,37.835,0,0,35.188,0,0,0,0,0,0,0
6,6/7/50,23:08,0,212.755,0,83.7,67.712,0,0,0,0,74.548,89.476,0,0,31.759,0,0,0,0,0,0,0
6,6/7/50,23:09,0,110.613,0,66.315,65.612,0,0,0,0,118.474,96.12,0,0,19.106,0,0,0,0,0,0,0
6,6/7/50,23:10,0,78.214,0,0,93.671,0,0,0,0,78.258,24.013,0,0,23.904,0,0,0,0,0,0,0
6,6/7/50,23:11,0,102.453,0,0,86.433,0,0,0,0,60.164,0,0,0,34.9,0,0,0,0,0,0,0
6,6/7/50,23:12,0,140.273,0,0,56.372,0,0,0,0,49.72,0,0,0,77.756,0,0,0,0,0,0,0
6,6/7/50,23:13,0,138.888,0,0,63.276,0,38.644,0,0,54.382,26.131,0,0,0,0,0,0,0,0,0,0
6,6/7/50,23:14,0,104.598,0,0,91.286,9.776,47.347,0,0,76.513,37.044,0,0,0,0,0,0,0,0,0,0
6,6/7/50,23:15,0,149.341,0,0,69.284,141.011,127.843,0,0,80.206,71.442,0,0,0,0,0,0,0,0,0,0
6,6/7/50,23:16,0,119.411,0,0,53.808,168.157,50.076,0,0,62.433,69.356,0,0,0,0,0,0,0,0,0,0
6,6/7/50,23:17,0,146.079,0,0,65.057,79.98,60.461,0,0,131.679,51.109,0,0,0,0,0,0,0,0,0,0
6,6/7/50,23:18,0,149.637,0,0,66.157,18.052,83.144,0,0,2.401,50.689,0,0,0,0,0,0,0,0,0,0
6,6/7/50,23:19,0,130.362,0,0,51.27,131.741,113.171,0,0,29.283,83.629,0,0,0,0,0,0,0,0,0,0
6,6/7/50,23:20,0,131.216,0,0,134.249,178.15,72.225,0,0,14.713,96.49,0,0,0,0,0,0,0,0,0,0
6,6/7/50,23:21,0,245.858,0,0,112.884,0,0,0,0,0,65.406,0,0,0,0,0,0,0,0,0,0
6,6/7/50,23:22,0,74.77,0,0,16.049,19.382,53.416,0,0,28.186,72.102,0,0,0,0,0,0,0,0,0,0
6,6/7/50,23:23,0,114.208,0,0,26.882,73.596,104.178,0,0,42.308,14.056,0,0,0,0,0,0,0,0,0,0
6,6/7/50,23:24,0,117.952,0,0,49.645,96.98,113.35,0,0,140.414,85.522,0,0,0,0,0,0,0,0,0,0
6,6/7/50,23:25,0,55.605,0,0,62.506,114.641,90.907,0,0,129.593,278.045,0,0,0,0,64.717,0,0,0,0,0
6,6/7/50,23:26,0,117.816,0,0,32.837,37.136,88.955,0,0,94.542,129.169,0,0,0,0,116.596,0,0,0,0,0
6,6/7/50,23:27,0,120.433,0,0,61.783,0,95.541,0,0,72.938,36.372,0,0,0,0,49.344,0,0,0,0,0
6,6/7/50,23:28,0,170.713,0,0,49.427,0,0,51.629,0,40.191,88.245,0,0,0,0,94.787,0,0,0,0,0
6,6/7/50,23:29,0,86.063,0,0,80.229,0,40.936,69.621,0,58.847,36.956,0,0,0,0,102.703,95.137,0,0,0,0
6,6/7/50,23:30,0,119.684,0,0,65.156,0,54.37,0.287,0,49.229,65.609,0,0,0,0,44.358,90.954,0,0,0,0
6,6/7/50,23:31,0,40.629,0,0,75.052,0,0,0,0,0,121.635,0,0,0,0,110.43,81.505,0,0,0,0
6,6/7/50,23:32,0,103.598,0,0,64.663,0,0,0,0,18.744,65.012,0,0,0,0,68.2,81.624,22.092,0,0,0
6,6/7/50,23:33,0,117.64,0,0,16.993,0,0,0,0,41.377,105.244,0,0,0,0,74.243,49.553,125.208,0,0,0
6,6/7/50,23:34,0,168.215,0,0,75.252,0,49.45,10.201,0,21.735,133.225,0,0,0,0,185.077,67.527,98.966,0,0,0
6,6/7/50,23:35,0,80.098,0,0,37.911,0,79.522,138.48,0,113.429,69.423,0,0,0,0,133.746,251.17,63.944,0,0,0
6,6/7/50,23:36,0,86.939,0,0,14.216,0,78.024,75.177,0,71.741,9.879,0,0,0,0,73.757,215.933,101.858,0,0,0
6,6/7/50,23:37,0,87.027,0,0,38.01,0,54.526,96.137,0,95.141,17.733,0,0,0,0,110.964,118.302,100.221,0,0,0
6,6/7/50,23:38,0,46.223,0,0,0,0,50.178,116.141,0,65.62,107.891,0,0,0,0,31.405,86.248,0,0,0,0
6,6/7/50,23:39,0,39.221,0,0,0,0,78.24,23.335,0,65.355,85.809,19.925,0,0,0,129.226,167.351,31.698,0,0,0
6,6/7/50,23:40,0,82.474,0,0,0,0,0,25.295,0,0,52.313,132.54,0,0,0,94.106,155.878,53.029,0,0,0
6,6/7/50,23:41,0,249.888,0,0,79.747,0,73.063,15.958,0,0,0,24.332,0,0,0,47.449,4.468,182.302,0,0,0
6,6/7/50,23:42,0,134.933,0,0,166.064,0,49.728,99.29,0,32.255,0,68.503,0,0,0,92.371,136.819,61.289,0,0,0
6,6/7/50,23:43,0,188.244,0,0,124.831,0,118.043,99.991,0,70.935,0,42.602,0,0,0,28.228,169.25,140.825,0,0,0
6,6/7/50,23:44,0,168.967,0,0,103.53,0,53.798,101.018,0,73.808,0,100.182,0,0,0,0,78.338,90.617,0,0,0
6,6/7/50,23:45,0,207.547,0,0,19.423,0,77.838,29.839,0,80.774,0,94.669,0,0,0,15.832,117.995,93.706,55.798,0,0
6,6/7/50,23:46,0,145.74,0,0,0,0,0,128.773,0,71.212,0,130.668,0,0,0,44.264,71.462,69.11,88.811,0,0
6,6/7/50,23:47,0,75.641,0,0,0,0,70.616,37.458,0,116.672,0,86.359,0,0,0,38.326,78.189,59.419,119.618,0,0
6,6/7/50,23:48,0,144.241,0,0,102.433,0,98.073,120.101,0,157.274,0,93.337,0,0,0,116.725,0,47.848,86.667,0,0
6,6/7/50,23:49,0,45.586,0,0,46.859,0,45.984,67.19,0,36.756,0,95.554,0,0,0,56.321,0,88.776,82.25,0,0
6,6/7/50,23:50,0,136.474,0,0,126.098,0,84.243,96.608,0,22.39,0,127.918,0,0,0,143.127,106.831,29.754,88.063,0,0
6,6/7/50,23:51,0,140.481,0,0,287.016,0,46.997,111.438,0,59.754,0,140.981,0,0,0,90.741,69.858,32.472,124.351,0,0
6,6/7/50,23:52,0,146.327,0,0,228.573,0,106.846,30.06,0,52.242,0,122.44,0,0,0,97.445,45.584,51.203,12.986,0,0
6,6/7/50,23:53,0,20.088,0,0,0,0,121.944,100.625,79.603,43.012,0,106.512,0,63.53,0,147.22,0,52.358,65.318,0,0
6,6/7/50,23:54,0,0,0,0,0,0,45.606,88.269,63.926,21.123,0,13.026,0,23.47,0,0,54.88,71.483,75.586,0,0
6,6/7/50,23:55,0,39.599,0,0,0,0,29.674,73.369,0,0,0,114.756,0,93.196,0,50.112,26.332,89.317,78.972,0,134.624
6,6/7/50,23:56,0,147.153,0,0,0,0,43.613,70.048,0,0,0,96.396,0,95.782,0,20.125,28.715,41.708,0,0,221.98
6,6/7/50,23:57,0,0,0,0,0,0,0,47.888,31.679,0,0,63.289,0,143.828,159.313,19.736,21.247,60.739,6.888,0,117.523
6,6/7/50,23:58,0,0,31.079,0,0,0,36.644,47.533,71.491,0,0,101.361,0,44.928,167.936,49.06,127.351,0,85.951,0,117.18
6,6/7/50,23:59,0,0,0,0,0,0,131.655,24.429,31.607,0,0,73.718,0,90.719,145.531,67.35,0,27.139,115.624,0,90.972
6,6/8/50,0:00,0,0,60.649,0,0,0,32.362,50.596,37.718,0,0,98.93,0,48.274,89.729,27.923,32.562,85.404,104.932,0,157.228
6,6/8/50,0:01,0,0,41.058,0,0,0,0,92.243,93.894,0,0,127.142,0,7.556,169.863,91.18,100.164,36.873,8.085,0,64.138
6,6/8/50,0:02,0,0,0,0,0,0,0,86.454,0,0,0,91.017,0,23.511,64.356,123.862,0,107.847,0,0,32.009
6,6/8/50,0:03,0,0,0,0,0,0,0,0,50.95,0,0,83.576,0,21.605,77.545,121.988,72.484,44.058,49.996,0,54.47
6,6/8/50,0:04,0,16.566,0,0,0,0,0,0,45.959,0,0,92.924,0,20.222,220.189,58.648,159.348,15.219,52.472,0,133.302
6,6/8/50,0:05,0,126.764,48.006,0,0,0,0,0,62.202,0,0,29.127,0,19.758,179.762,0,0,28.148,46.965,0,304.156
6,6/8/50,0:06,0,91.888,15.025,0,0,0,0,0,30.393,0,0,76.987,0,17.036,5.761,49.253,0,13.614,39.083,0,22.616
6,6/8/50,0:07,0,35.555,10.673,0,0,0,0,15.333,20.758,0,0,82.787,0,23.804,18.092,76.561,0,23.081,0,0,0
6,6/8/50,0:08,0,70.255,123.24,0,0,0,0,0,21.426,0,0,79.01,0,19.065,23.059,21.152,0,20.763,0,0,0
6,6/8/50,0:09,0,0,0,0,0,0,0,0.962,56.3,0,0,30.137,0,24.044,13.951,29.528,0,35.077,0,0,0
6,6/8/50,0:10,0,0,48.783,0,0,0,0,124.813,15.78,0,0,0,0,129.337,89.847,73.152,0,28.973,45.812,26.134,0
6,6/8/50,0:11,0,0,109.639,0,0,0,0,96.369,32.391,0,0,72.278,0,23.885,58.357,114.133,0,72.45,35.131,121.496,0
6,6/8/50,0:12,0,0,89.067,0,0,0,0,85.558,45.254,0,0,42.033,0,75.095,100.17,72.433,0,91.413,81.82,146.688,0
6,6/8/50,0:13,0,0,82.728,0,0,0,0,37.105,31.967,0,0,58.808,0,113.673,78.647,69.657,0,61.24,54.319,50.886,0
6,6/8/50,0:14,0,0,29.95,0,0,0,0,59.488,77.802,0,0,96.882,0,96.566,40.737,216.065,0,91.052,161.717,33.042,0
6,6/8/50,0:15,0,0,11.438,0,0,0,0,55.85,32.626,0,0,27.112,0,82.262,62.194,102.848,0,68.75,0,68.184,42.546
6,6/8/50,0:16,0,0,179.106,0,0,33.524,0,61.316,29.563,0,0,30.098,0,48.606,113.607,20.692,0,98.688,0,53.57,242.458
6,6/8/50,0:17,0,0,214.648,0,0,79.476,0,35.883,75.861,0,0,124.587,0,192.922,63.166,0,0,13.478,0,68.058,26.036
6,6/8/50,0:18,0,0,133.493,100.092,0,0,0,0,0,0,0,182.681,0,57.442,59.816,0,0,122.519,22.906,28.898,0
6,6/8/50,0:19,0,0,93.699,29.593,0,0,0,34.865,0,0,0,98.426,0,34.803,78.298,0,0,90.719,0,123.492,0
6,6/8/50,0:20,0,0,0,35.779,0,0,0,33.801,0,0,0,128.204,0,24.255,0,0,0,28.406,0,130.278,0
6,6/8/50,0:21,0,0,0,0,0,0,0,109.589,0,0,0,182.756,0,22.138,0,0,0,0,0,135.935,0
6,6/8/50,0:22,0,0,69.583,0,0,0,0,5.341,0,0,0,17.482,44.84,89.392,57.643,0,0,0,0,52.345,0
6,6/8/50,0:23,0,0,138.944,0,0,0,0,0,0,0,0,53.148,162.924,0,0,0,0,0,0,4.213,0
6,6/8/50,0:24,0,0,263.844,87.409,0,0,0,0,0,0,0,34.925,68.486,0,0,0,0,77.562,0,149.476,0
6,6/8/50,0:25,0,0,84.381,0,0,0,0,20.755,0,0,0,0,80.333,0,62.432,0,0,27.268,0,74.75,0
6,6/8/50,0:26,0,0,29.481,30.937,0,0,0,76.762,0,0,0,90.134,99.615,0,64.051,0,0,69.277,0,17.381,0
6,6/8/50,0:27,0,0,0,68.411,0,0,0,89.391,0,0,0,100.239,81.447,0,52.568,0,0,57.195,93,108.872,0
6,6/8/50,0:28,0,0,0,109.928,0,0,0,33.673,0,0,0,25.119,27.736,0,169.776,0,0,89.269,82.142,0,0
6,6/8/50,0:29,0,0,15.456,60.938,0,0,0,56.453,0,0,0,0,76.406,0,161.324,0,0,51.883,19.989,48.367,0
6,6/8/50,0:30,0,0,37.267,69.824,0,0,0,87.331,0,0,0,0,48.544,0,121.706,0,0,0,0,113.892,0
6,6/8/50,0:31,0,0,33.17,73.688,0,0,0,0,0,0,0,0,70.731,0,80.353,0,0,0,0,70.207,0
6,6/8/50,0:32,140.849,0,181.314,108.575,0,0,0,0,0,0,0,0,34.477,0,51.033,0,0,0,0,206.387,0
6,6/8/50,0:33,5.209,0,145.247,82.931,0,0,0,0,0,0,0,0,60.263,0,89.731,0,0,0,0,1.888,0
6,6/8/50,0:34,71.084,0,28.475,156.947,0,0,0,0.459,0,0,0,0,66.798,0,30.612,0,0,0,32.746,88.947,0
6,6/8/50,0:35,0,0,152.754,113.95,0,0,0,85.076,0,0,0,0,104.981,0,54.172,0,0,0,45.858,126.987,0
6,6/8/50,0:36,88.195,0,90.008,66.904,0,0,0,119.911,0,0,0,0,70.886,0,0,0,0,0,43.691,90.74,0
6,6/8/50,0:37,47.242,0,220.393,0,0,0,0,93.791,0,0,0,0,0,0,5.403,0,0,0,71.644,75.688,0
6,6/8/50,0:38,68.436,0,226.961,0,0,0,0,68.264,0,0,0,0,8.498,0,75.395,0,0,0,0,120.702,0
6,6/8/50,0:39,23.598,0,76.167,0,0,0,0,32.802,0,0,0,0,55.237,0,68.957,0,0,0,45.906,48.891,0
6,6/8/50,0:40,0,0,52.367,0,0,0,0,0,0,0,0,0,39.413,0,142.873,0,0,0,40.101,54.244,0
6,6/8/50,0:41,0,0,110.442,0,0,0,0,0,0,0,0,0,117.105,0,123.192,0,0,0,37.369,19.639,0
6,6/8/50,0:42,0,0,86.335,0,0,0,0,0,0,0,0,0,15.964,0,22.587,0,0,0,0,0,0
6,6/8/50,0:43,0,0,0,0,0,0,0,0,0,0,0,0,56.456,0,31.024,0,0,0,52.295,0,0
6,6/8/50,0:44,0,0,0,0,0,0,0,0,0,0,0,0,13.122,0,43.72,0,0,0,98.703,0,0
6,6/8/50,0:45,0,0,77.461,0,0,9.554,0,0,0,0,0,0,85.175,0,189.88,0,0,0,0,0,0
6,6/8/50,0:46,0,0,77.714,0,0,48.296,0,0,0,0,0,0,136.681,0,76.547,0,0,0,86.003,0,0
6,6/8/50,0:47,0,0,147.401,0,0,45.527,0,0,0,0,0,0,22.57,0,135.526,0,0,0,118.258,0,0
6,6/8/50,0:48,0,0,69.576,0,0,54.639,0,0,0,0,0,0,0,0,0,0,0,0,183.407,0,0
6,6/8/50,0:49,0,0,144.598,0,0,63.136,0,0,0,0,0,0,0,0,0,0,0,0,186.405,0,0
6,6/8/50,0:50,0,0,0,0,0,95.097,0,0,0,0,0,0,43.052,0,0,0,0,0,17.227,0,0
6,6/8/50,0:51,0,0,0,0,0,91.636,0,0,0,0,0,0,104.131,0,12.556,0,0,0,76.521,0,0
6,6/8/50,0:52,0,0,0,0,0,104.093,0,0,0,0,0,0,87.092,0,108.419,0,0,0,0,0,0
6,6/8/50,0:53,0,0,45.077,0,0,66.879,0,0,0,0,0,0,110.157,0,98.394,0,0,0,0,0,0
6,6/8/50,0:54,0,0,0,0,0,80.435,0,0,0,0,0,0,81.579,0,55.959,0,0,0,5.245,0,0
6,6/8/50,0:55,0,0,0,0,0,0,0,0,0,0,0,0,82.712,0,38.217,0,0,0,143.391,0,0
6,6/8/50,0:56,0,0,0,0,0,0,0,0,0,0,0,0,84.369,0,116.306,0,0,0,33.579,0,0
6,6/8/50,0:57,0,0,0,0,0,0,0,0,0,0,0,0,43.008,0,150.933,0,0,0,0,0,0
6,6/8/50,0:58,0,0,0,0,0,0,0,0,0,0,0,0,37.043,0,126.972,0,0,0,0,0,0
6,6/8/50,0:59,0,0,0,0,0,0,0,0,0,0,0,0,206.77,0,126.303,0,0,0,0,0,0
6,6/8/50,1:00,0,0,0,0,0,0,0,0,0,0,0,0,41.897,0,111.769,0,0,0,0,0,0
6,6/8/50,1:01,0,0,0,0,0,0,0,0,0,0,0,0,0,0,0,0,0,0,0,0,0
6,6/8/50,1:02,0,0,0,0,0,0,0,0,0,0,0,0,22.283,0,0,0,0,0,0,0,0
6,6/8/50,1:03,0,0,0,0,0,0,0,0,0,0,0,0,134.806,0,0,0,0,0,0,0,0
6,6/8/50,1:04,0,0,0,0,0,0,0,0,0,0,0,0,44.104,0,0,0,0,0,0,0,0
6,6/8/50,1:05,0,0,0,0,0,0,0,0,0,0,0,0,0,0,0,0,0,0,0,0,0
6,6/8/50,1:06,0,0,0,0,0,0,0,0,0,0,0,0,0,0,0,0,0,0,0,0,0
6,6/8/50,1:07,0,0,0,0,0,0,0,0,0,0,0,0,0,0,0,0,0,0,0,0,0
6,6/8/50,1:08,0,0,0,0,0,0,0,0,0,0,0,0,0,0,0,0,0,0,0,0,0
6,6/8/50,1:09,0,0,0,0,0,0,0,0,0,0,0,0,0,0,0,0,0,0,0,0,0
6,6/8/50,1:10,0,0,0,0,0,0,0,0,0,0,0,0,0,0,0,0,0,0,0,0,0
6,6/8/50,1:11,0,0,0,0,0,0,0,0,0,0,0,0,0,0,0,0,0,0,0,0,0
6,6/8/50,1:12,0,0,0,0,0,0,0,0,0,0,0,0,0,0,0,0,0,0,0,0,0
6,6/8/50,1:13,0,0,0,0,0,0,0,0,0,0,0,0,0,0,0,0,0,0,0,0,0
6,6/8/50,1:14,0,0,0,0,0,0,0,0,0,0,0,0,0,0,0,0,0,0,0,0,167.23
6,6/8/50,1:15,0,0,0,0,0,0,0,0,0,0,0,0,0,0,0,0,0,0,0,0,308.713
6,6/8/50,1:16,0,0,0,0,0,0,0,0,0,0,0,0,0,0,0,0,0,0,0,0,30.458
6,6/8/50,1:17,0,0,0,0,0,0,0,73.549,0,0,0,0,0,0,0,0,0,0,0,0,51.947
6,6/8/50,1:18,0,0,0,0,0,0,0,58.068,0,0,0,0,0,0,0,0,0,0,0,0,0
6,6/8/50,1:19,0,0,0,0,0,0,0,0,0,0,0,0,0,0,0,0,0,0,0,0,0
6,6/8/50,1:20,0,0,0,0,0,0,0,0,0,0,0,0,0,0,0,0,0,0,0,0,0
6,6/8/50,1:21,0,0,0,0,0,0,0,0,0,0,0,0,0,0,0,0,0,0,0,0,0
6,6/8/50,1:22,0,0,0,0,0,0,0,0,0,0,0,0,0,0,0,0,0,0,0,0,0
6,6/8/50,1:23,0,0,0,0,0,0,0,0,0,0,0,0,0,0,0,0,0,0,0,0,0
6,6/8/50,1:24,0,0,0,0,0,0,0,0,0,0,0,0,0,0,0,0,0,20.814,0,0,0
6,6/8/50,1:25,0,0,0,0,0,0,0,0,0,0,0,0,0,0,0,0,0,115.979,0,0,0
6,6/8/50,1:26,0,0,0,0,0,0,0,0,0,0,0,0,0,0,0,0,0,36.634,0,0,0
6,6/8/50,1:27,0,0,0,0,0,0,0,0,0,0,0,0,0,0,0,0,0,0,0,0,0
6,6/8/50,1:28,0,0,0,0,0,0,0,0,0,0,0,0,0,0,0,0,0,45.851,0,0,0
6,6/8/50,1:29,0,0,0,0,0,0,0,0,0,0,0,0,0,0,0,0,0,90.294,0,0,0
6,6/8/50,1:30,0,0,0,0,0,0,0,0,0,0,0,0,0,0,0,0,0,98.367,0,0,0
6,6/8/50,1:31,0,0,0,0,0,0,0,0,0,0,0,0,0,0,0,0,0,89.393,0,0,0
6,6/8/50,1:32,0,0,0,0,0,0,0,0,0,0,0,0,0,0,0,0,0,0,0,0,0
6,6/8/50,1:33,0,0,0,0,0,0,0,0,0,0,0,0,0,0,0,0,0,0,0,0,0
6,6/8/50,1:34,0,0,0,0,0,0,0,0,0,0,0,0,0,0,0,0,0,29.469,0,0,0
6,6/8/50,1:35,0,0,0,0,0,0,0,0,0,0,0,0,0,0,0,0,0,80.66,0,0,0
6,6/8/50,1:36,0,0,0,0,0,0,0,0,0,0,0,50.775,0,0,0,0,0,104.559,0,0,0
6,6/8/50,1:37,0,0,0,0,0,0,59.475,0,0,0,0,30.771,0,0,0,0,0,11.358,0,71.97,0
6,6/8/50,1:38,0,0,0,0,0,0,33.727,0,0,0,0,52.768,0,0,0,0,0,53.923,0,173.095,0
6,6/8/50,1:39,0,0,0,0,0,0,71.463,0,0,0,0,103.51,0,0,0,0,0,0,0,166.479,0
6,6/8/50,1:40,0,0,0,0,0,0,79.335,0,0,0,0,162.437,0,0,0,0,0,0,0,98.957,0
6,6/8/50,1:41,0,0,0,0,0,0,31.393,0,0,0,0,79.578,0,0,0,0,0,0,0,100.192,0
6,6/8/50,1:42,0,0,0,0,0,0,63.409,0,0,0,0,176.367,0,0,0,0,0,0,0,115.669,0
6,6/8/50,1:43,0,0,0,0,0,0,51.709,0,0,0,0,50.257,0,0,0,0,0,0,0,123.779,0
6,6/8/50,1:44,0,0,0,0,0,0,41.34,0,0,0,0,61.527,0,0,0,0,0,0,0,102.955,0
6,6/8/50,1:45,0,25.618,0,0,0,0,45.993,0,0,0,0,94.658,0,0.086,0,0,0,0,0,194.192,0
6,6/8/50,1:46,0,95.682,0,0,0,0,149.118,0,0,0,0,89.238,0,48.656,0,0,0,0,0,113.539,0
6,6/8/50,1:47,0,25.525,0,0,0,0,25.18,0,0,0,0,97.387,0,111.152,0,0,0,0,0,136.111,0
6,6/8/50,1:48,0,113.727,0,0,0,0,33.012,0,0,0,0,81.262,0,35.362,0,0,0,0,0,50.023,0
6,6/8/50,1:49,0,170.875,0,0,0,0,0,0,0,0,0,76.672,0,243.207,0,0,0,0,0,25.019,0
6,6/8/50,1:50,0,147.539,0,0,107.695,0,0,0,0,21.404,0,128.349,0,50.726,0,0,0,0,0,46.745,0
6,6/8/50,1:51,0,165.871,0,0,84.461,0,72.162,0,0,45.699,0,141.95,0,33.665,0,0,0,0,0,92.007,0
6,6/8/50,1:52,0,159.68,0,0,87.201,0,94.042,0,0,71.483,0,52.757,0,137.649,0,0,0,0,0,77.94,0
6,6/8/50,1:53,0,201.188,0,27.471,0,0,65.792,0,0,16.361,0,32.098,0,17.541,0,0,0,0,0,187.414,0
6,6/8/50,1:54,0,108.891,0,60.915,14.334,0,5.13,0,0,13.813,0,35.009,0,58.444,0,0,0,0,0,41.679,0
6,6/8/50,1:55,0,150.175,0,87.364,44.846,0,0,0,0,126.334,0,27.649,0,72.535,0,0,0,0,0,0,0
6,6/8/50,1:56,0,69.664,0,37.875,138.051,0,0,0,0,63.037,0,29.316,0,69.531,0,0,0,0,0,0,0
6,6/8/50,1:57,0,132.401,0,148.705,17.659,0,98.147,0,0,87.269,0,101.043,0,85.897,0,0,0,0,0,113.154,0
6,6/8/50,1:58,0,167.373,0,0,76.404,0,0,0,0,55.921,0,34.736,0,22.232,0,0,0,0,0,137.52,0
6,6/8/50,1:59,0,186.912,0,50.863,0,0,0,0,0,71.866,0,36.656,0,42.332,0,0,0,0,0,108.188,0
6,6/8/50,2:00,0,43.467,0,175.581,58.431,0,0,0,0,107.437,0,76.604,0,0,0,0,0,0,0,124.409,0
6,6/8/50,2:01,0,108.023,0,119.158,32.237,0,0,0,0,68.777,0,109.411,0,84.988,0,0,0,0,0,136.126,0
6,6/8/50,2:02,0,103.65,0,148.029,47.931,0,0,0,0,51.762,0,41.598,0,30.163,0,0,0,0,0,77.391,0
6,6/8/50,2:03,0,194.352,0,36.443,54.916,0,0,0,0,62.855,0,20.697,0,39.058,0,0,0,0,0,17.364,0
6,6/8/50,2:04,0,167.679,0,102.312,31.453,0,0,0,0,88.158,0,25.167,0,0,0,0,0,0,0,36.278,0
6,6/8/50,2:05,0,152.424,0,93.204,101.696,0,0,0,0,77.212,0,94.268,0,0,0,145.689,0,0,0,0,0
6,6/8/50,2:06,0,194.653,0,54.316,82.513,0,0,0,67.942,111.884,0,108.053,0,0,0,138.731,0,0,0,0,0
6,6/8/50,2:07,0,144.826,0,64.203,4.75,0,0,0,20.503,0,0,60.648,0,0,0,229.177,0,0,0,78.142,0
6,6/8/50,2:08,0,181.082,0,71.717,0,0,0,0,0,0,0,0,0,0,0,159.777,0,0,0,58.941,0
6,6/8/50,2:09,0,120.446,0,96.613,0,0,0,0,0,62.673,0,120.056,0,0,0,41.861,0,0,0,85.173,0
6,6/8/50,2:10,0,138.333,0,97.621,0,0,0,0,0,95.356,0,71.228,0,0,0,196.195,0,0,0,149.09,0
6,6/8/50,2:11,0,0,0,115.303,0,0,0,0,0,45.287,0,33.547,0,0,0,115.07,0,0,0,0,0
6,6/8/50,2:12,0,73.537,0,56.379,0,0,0,0,0,17.797,0,138.494,0,0,0,82.439,0,0,0,0,0
6,6/8/50,2:13,0,138.861,0,55.985,0,0,0,0,0,52.514,0,0,0,0,0,219.726,0,0,0,0,0
6,6/8/50,2:14,0,0,0,76.677,0,0,0,0,0,65.072,0,0,0,0,0,79.658,0,17.762,0,0,0
6,6/8/50,2:15,0,0,0,163.362,0,0,0,0,0,56.894,0,0,0,0,0,131.071,0,104.845,0,10.054,0
6,6/8/50,2:16,0,0,0,54.833,0,0,0,0,0,46.007,0,0,0,0,0,105.741,0,55.587,0,159.605,0
6,6/8/50,2:17,0,0,0,89.718,0,0,0,0,0,27.231,0,0,0,0,0,82.546,0,160.672,0,79.365,0
6,6/8/50,2:18,0,0,0,56.774,0,0,0,0,0,0,0,0,0,0,0,178.315,0,125.244,0,163.402,0
6,6/8/50,2:19,0,0,0,65.149,0,0,0,0,0,20.991,0,0,0,0,0,118.248,0,108.753,0,74.324,0
6,6/8/50,2:20,0,0,0,106.849,0,44.757,0,0,0,49.409,0,0,0,0,0,155.845,0,62.587,0,0,0
6,6/8/50,2:21,0,0,0,79.479,0,20.783,0,0,0,101.961,0,0,0,0,0,138.732,0,5.032,0,20.746,0
6,6/8/50,2:22,0,0,0,17.272,0,79.249,0,95.208,0,63.731,0,0,0,0,0,0,0,57.458,0,20.875,0
6,6/8/50,2:23,0,0,0,57.931,0,0.217,0,161.725,0,144.848,0,0,0,0,0,0,0,70.857,0,0,0
6,6/8/50,2:24,0,0,0,62.358,0,0,0,88.379,0,75.638,0,0,0,0,0,0,0,54.016,0,0,0
6,6/8/50,2:25,0,0,0,19.013,0,48.093,0,111.991,0,57.1,0,0,0,0,0,201.955,0,53.408,0,0,0
6,6/8/50,2:26,0,0,0,0,0,93.337,0,66.301,0,49.958,0,0,0,0,0,126.472,0,101.766,0,0,0
6,6/8/50,2:27,0,0,0,0,0,128.092,0,87.272,0,140.779,0,0,0,0,0,124.046,0,63.059,0,0,0
6,6/8/50,2:28,0,0,0,0,0,0,0,54.672,0,0,0,0,0,0,0,0,0,23.516,0,0,0
6,6/8/50,2:29,0,0,0,0,0,29.534,0,75.572,0,0,0,0,0,0,0,0,0,0,0,0,0
6,6/8/50,2:30,0,0,0,0,0,74.467,0,61.1,0,0,0,0,0,0,24.611,0,0,0,0,0,0
6,6/8/50,2:31,0,0,0,0,0,34.549,0,65.736,0,0,0,0,0,0,132.389,0,0,18.511,0,0,0
6,6/8/50,2:32,0,0,0,0,0,0,0,75.415,0,0,0,0,0,0,119.305,87.45,0,89.599,0,0,0
6,6/8/50,2:33,0,0,0,0,0,71.228,0,85.088,0,0,0,0,0,0,21.674,81.731,0,36.657,0,0,0
6,6/8/50,2:34,0,0,0,0,0,32.798,0,110.251,0,0,0,0,0,0,0,0,0,57.658,0,0,0
6,6/8/50,2:35,0,0,0,0,0,23.725,0,0,0,0,0,0,0,0,0,0,0,151.933,0,0,0
6,6/8/50,2:36,36.728,0,0,0,0,8.511,0,113.455,0,0,0,0,0,0,62.032,0,0,60.712,0,0,0
6,6/8/50,2:37,235.527,0,0,0,0,84.472,0,145.807,0,0,0,0,0,0,189.813,0,0,55.973,0,0,0
6,6/8/50,2:38,101.921,0,0,0,0,33.014,0,0,0,0,0,0,0,0,106.994,0,0,39.746,0,0,0
6,6/8/50,2:39,52.264,0,0,0,0,43.43,0,0,0,0,0,0,0,0,19.245,0,0,0,0,0,0
6,6/8/50,2:40,87.661,0,0,0,0,36.615,0,0,0,0,0,0,0,0,31.004,0,0,0,0,0,0
6,6/8/50,2:41,0,0,0,0,0,0,0,0,0,0,0,0,0,0,42.919,0,0,0,0,0,0
6,6/8/50,2:42,0,0,0,0,0,52.601,0,0,0,0,0,0,0,0,40.656,0,0,0,0,0,0
6,6/8/50,2:43,0,0,0,0,0,134.449,0,0,0,0,0,0,0,0,0,0,0,0,0,0,0
6,6/8/50,2:44,0,0,0,0,0,101.052,0,0,0,0,0,0,0,0,0,0,0,0,0,0,0
6,6/8/50,2:45,0,0,0,0,0,60.853,0,0,0,0,0,0,0,0,0,0,0,0,0,0,0
6,6/8/50,2:46,0,0,0,0,0,78.621,0,0,0,0,0,0,0,0,0,0,0,0,0,0,0
6,6/8/50,2:47,0,0,0,0,0,0,0,0,0,0,0,0,0,0,0,0,0,0,0,0,0
6,6/8/50,2:48,0,0,0,0,0,0,0,0,0,0,0,0,0,0,0,0,0,0,0,0,0
6,6/8/50,2:49,0,0,0,0,0,0,0,0,0,0,0,0,0,0,0,0,0,0,0,0,0
6,6/8/50,2:50,0,0,0,0,0,0,0,0,0,0,0,0,0,0,0,0,0,0,0,0,0
6,6/8/50,2:51,0,0,0,0,0,0,0,0,0,0,0,0,0,0,0,0,0,0,0,0,0
6,6/8/50,2:52,0,0,0,0,0,0,0,0,0,0,0,0,0,0,0,0,0,0,0,0,0
6,6/8/50,2:53,0,0,0,0,0,0,0,0,0,0,0,0,0,0,0,0,0,0,0,0,0
6,6/8/50,2:54,0,14.902,53.479,0,0,0,0,0,0,0,0,0,0,0,0,0,0,0,0,0,0
6,6/8/50,2:55,0,15.953,44.055,0,0,0,0,0,0,0,0,0,0,0,0,0,0,0,0,0,0
6,6/8/50,2:56,0,16.907,0,0,0,0,0,0,0,0,0,0,0,0,0,0,0,0,0,0,0
6,6/8/50,2:57,0,16.275,0,0,0,0,0,0,0,0,0,0,0,0,0,0,0,0,0,0,0
6,6/8/50,2:58,0,16.461,0,0,0,0,0,0,0,0,0,0,0,0,0,0,0,0,0,0,0
6,6/8/50,2:59,0,16.673,0,0,0,0,0,0,0,0,0,0,0,0,0,0,0,0,0,0,0
6,6/8/50,3:00,0,16.245,0,0,0,0,0,0,0,0,0,0,0,0,0,0,0,0,0,0,0
6,6/8/50,3:01,0,16.464,0,0,0,0,0,0,0,0,0,0,0,0,0,0,0,0,0,0,0
6,6/8/50,3:02,0,16.375,0,0,0,0,0,0,0,0,0,0,0,0,0,0,0,0,0,0,0
6,6/8/50,3:03,0,16.406,0,0,0,0,0,0,0,0,0,0,0,0,0,0,0,0,0,0,115.834
6,6/8/50,3:04,0,16.157,0,0,0,0,0,0,0,0,0,0,0,0,0,0,0,0,0,0,0
6,6/8/50,3:05,0,15.689,0,0,0,0,0,0,0,0,0,0,0,0,0,0,0,0,0,0,0
6,6/8/50,3:06,0,15.692,0,0,0,0,0,0,0,0,0,0,0,0,0,0,0,0,0,0,0
6,6/8/50,3:07,0,16.372,0,0,0,0,0,0,0,0,0,0,0,0,0,0,0,0,25.254,0,0
6,6/8/50,3:08,0,16.578,0,0,0,0,0,0,0,0,0,0,0,0,0,0,0,0,110.103,0,36.704
6,6/8/50,3:09,0,16.494,0,0,0,0,0,0,0,0,0,0,0,0,0,0,0,0,7.583,0,71.326
6,6/8/50,3:10,0,16.166,0,0,0,0,0,0,0,0,0,0,0,0,0,0,0,0,97.633,0,0
6,6/8/50,3:11,0,16.016,0,0,0,0,0,0,0,0,0,0,0,0,0,0,0,0,100.948,0,0
6,6/8/50,3:12,0,16.266,0,0,0,0,0,0,0,0,0,0,0,0,0,0,0,0,113.139,0,0
6,6/8/50,3:13,0,16.015,0,0,0,0,0,0,0,0,0,0,0,0,0,0,0,0,10.597,0,0
6,6/8/50,3:14,0,15.738,0,28.763,0,0,0,0,0,0,0,0,0,0,0,0,0,0,0,0,0
6,6/8/50,3:15,0,16.118,0,79.912,88.658,0,0,0,0,0,0,0,0,0,0,0,0,0,11.53,0,0
6,6/8/50,3:16,0,16.107,0,91.705,153.94,0,0,0,0,0,0,0,0,0,0,0,0,0,60.075,0,0
6,6/8/50,3:17,0,16.311,0,0,47.115,0,0,0,0,0,0,0,0,0,0,0,0,0,57.318,107.252,0
6,6/8/50,3:18,154.632,16.458,0,0,62.512,0,0,0,0,0,0,0,0,0,0,0,0,0,105.584,100.588,0
6,6/8/50,3:19,92.907,16.18,0,19.935,34.468,0,0,0,0,0,0,0,0,0,0,0,0,0,101.087,19.647,0
6,6/8/50,3:20,54.079,15.892,0,63.128,41.899,0,0,0,0,0,0,0,0,0,0,0,0,0,0,119.126,0
6,6/8/50,3:21,45.49,16.687,0,101.551,66.618,0,0,0,0,0,0,0,0,0,0,0,0,0,24.79,59.13,13.368
6,6/8/50,3:22,165.473,16.128,0,52.011,138.256,0,0,0,0,0,0,0,0,0,0,0,0,0,28.053,111.443,89.699
6,6/8/50,3:23,112.825,16.881,0,48.964,132.298,0,0,0,0,0,0,0,0,0,0,0,0,0,0,145.735,172.687
6,6/8/50,3:24,169.711,15.863,0,130.634,55.061,0,0,0,0,0,0,0,0,0,0,0,0,0,42.726,22.299,72.221
6,6/8/50,3:25,76.623,16.369,0,85.699,27.083,0,0,0,0,0,0,0,0,0,0,0,0,0,129.416,78.581,0
6,6/8/50,3:26,62.158,15.875,0,42.551,88.43,0,0,0,0,0,0,0,0,0,0,0,0,0,0,165.117,0
6,6/8/50,3:27,76.103,15.823,0,100.337,4.508,0,0,0,0,0,0,59.733,0,0,0,0,0,0,0,148.388,0
6,6/8/50,3:28,31.612,16.711,0,102.667,61.701,0,0,0,0,0,0,48.899,0,0,0,0,0,0,0,0,0
6,6/8/50,3:29,171.598,16.15,0,42.738,81.133,0,0,0,0,0,0,91.843,0,0,0,0,0,0,0,0,0
6,6/8/50,3:30,57.369,16.537,0,0,34.016,0,0,0,0,0,0,90.147,0,0,0,0,0,0,0,0,0
6,6/8/50,3:31,75.971,15.946,0,0,0,0,0,0,0,0,0,54.259,0,0,0,0,0,0,0,0,0
6,6/8/50,3:32,176.828,16.422,0,0,22.401,0,0,0,0,0,0,0,0,0,0,0,0,0,0,0,0
6,6/8/50,3:33,28.633,15.413,0,0,97.86,0,0,0,0,0,0,0,0,24.895,0,0,0,0,0,128.358,0
6,6/8/50,3:34,132.663,16.12,0,0,101.461,0,0,0,0,0,0,14.068,0,135.986,0,0,0,0,0,26.014,0
6,6/8/50,3:35,108.686,16.165,0,0,27.153,0,0,0,0,0,0,39.533,0,3.263,0,0,0,0,0,21.973,0
6,6/8/50,3:36,64.233,16.46,0,0,0,0,0,0,0,0,0,20.426,0,132.156,0,0,0,0,0,15.866,0
6,6/8/50,3:37,56.1,16.01,0,0,69.376,0,0,0,0,0,0,74.82,0,164.569,0,0,0,0,0,57.772,0
6,6/8/50,3:38,128.916,15.719,0,0,83.862,0,0,0,0,0,0,104.833,0,11.678,0,0,0,0,97.67,152.138,0
6,6/8/50,3:39,134.922,16.469,0,0,0,0,0,0,0,0,0,76.414,0,27.338,0,204.936,0,0,9.259,97.53,0
6,6/8/50,3:40,186.219,16.031,0,0,177.093,0,0,0,0,0,0,113.713,0,28.518,0,193.526,0,0,47.997,41.035,0
6,6/8/50,3:41,161.6,16.294,0,0,71.922,0,0,0,0,0,0,0,0,0,0,152.877,0,0,42.004,7.509,0
6,6/8/50,3:42,50.991,16.543,0,0,283.685,0,0,0,0,0,0,26.217,0,0,0.119,19.198,0,0,0,162.226,0
6,6/8/50,3:43,176.167,16.183,0,0,48.191,0,0,0,0,0,5.03,163.015,0,0,106.276,72.378,0,0,0,22.091,0
6,6/8/50,3:44,111.23,15.632,0,0,0,0,0,0,0,0,44.062,32.097,0,0,150.373,181.262,0,0,0,0,0
6,6/8/50,3:45,45.097,16.942,0,0,36.928,0,0,0,0,0,56.889,0,0,0,71.366,54.626,0,0,24.732,0,41.225
6,6/8/50,3:46,20.442,16.319,0,0,45.246,0,0,0,0,0,38.586,0,0,0,71.933,145.607,0,0,65.405,0,67.059
6,6/8/50,3:47,43.534,16.766,0,0,22.333,0,0,0,0,0,2.587,0,0,0,145.909,38.605,0,0,36.254,0,75.954
6,6/8/50,3:48,78.527,16.368,0,0,24.386,0,0,0,0,0,0,12.56,0,0,121.138,75.73,0,0,0,0,44.542
6,6/8/50,3:49,11.491,16.277,0,0,0,0,0,0,0,0,0.536,177.594,0,0,152.503,105.646,0,0,0,0,18.789
6,6/8/50,3:50,52.509,16.263,0,0,0,0,0,0,0,0,28.724,60.672,0,0,84.217,122.472,0,0,0,0,30.25
6,6/8/50,3:51,35.555,16.621,0,0,0,0,0,0,0,0,36.656,104.917,0,0,60.962,52.038,0,0,0,0,35.297
6,6/8/50,3:52,0,16.197,0,0,0,0,0,67.46,0,0,62.845,119.953,0,0,76.401,101.276,0,0,0,0,53.535
6,6/8/50,3:53,0,16.276,0,0,0,0,41.547,60.403,0,0,114.952,0,0,0,34.004,0,0,0,0,0,28.95
6,6/8/50,3:54,0,15.576,0,0,0,0,143.392,88.139,0,0,110.488,0,0,0,0,0,0,0,0,0,0
6,6/8/50,3:55,0,14.82,0,0,0,0,42.374,86.408,0,0,68.979,0,0,0,0,15.996,0,0,19.565,0,0
6,6/8/50,3:56,0,15.229,0,0,0,0,85.32,66.824,0,0,64.337,0,0,0,93.607,204.305,0,0,46.619,0,32.841
6,6/8/50,3:57,0,15.236,0,0,0,0,39.889,75.267,0,0,40.152,0,0,0,111.849,0,0,0,24.088,0,141.57
6,6/8/50,3:58,0,15.206,0,0,0,0,55.926,153.047,0,0,0,0,0,0,107.839,90.439,0,0,26.84,0,95.426
6,6/8/50,3:59,0,59.65,0,0,0,0,38.247,75.025,0,0,0,0,0,0,18.648,39.358,0,0,0,0,144.51
6,6/8/50,4:00,0,88.506,0,0,0,0,87.414,41.551,0,0,0,0,0,0,0,66.6,0,0,119.944,0,4.492
6,6/8/50,4:01,0,117.966,0,0,0,0,79.788,28.2,0,0,4.038,0,0,0,4.737,140.153,0,0,7.376,0,0
6,6/8/50,4:02,0,90.563,0,0,0,0,73.15,30.313,0,0,125.326,0,0,0,57.158,194.936,0,0,0,0,0
6,6/8/50,4:03,0,137.959,0,0,0,0,51.963,76.202,0,0,108.904,0,0,0,77.119,20.683,0,0,12.753,0,0
6,6/8/50,4:04,0,134.798,0,0,0,0,57.446,39.051,0,0,20.153,0,0,0,0,0,0,134.633,2.922,0,0
6,6/8/50,4:05,0,218.679,0,0,0,0,51.232,24.927,0,0,64.699,0,0,0,0,0,0,100.909,77.853,0,0
6,6/8/50,4:06,0,188.96,0,0,0,0,43.447,0,0,0,100.17,0,0,0,0,0,0,52.45,17.56,0,0
6,6/8/50,4:07,0,155.636,0,0,0,0,35.37,0,0,0,149.941,0,0,0,0,0,0,4.076,40.171,0,0
6,6/8/50,4:08,0,118.92,0,0,0,0,59.746,0,0,0,73.435,0,0,0,0,0,0,61.259,52.425,0,0
6,6/8/50,4:09,0,102.186,0,0,0,0,29.494,0,0,0,0,0,0,0,0,0,0,64.244,85.617,0,0
6,6/8/50,4:10,0,64.424,0,0,0,0,43.097,0,0,0,0,0,0,0,0,0,0,45.457,88.718,0,0
6,6/8/50,4:11,0,87.113,0,0,0,0,0,0,0,0,41.266,0,0,0,0,0,0,0,63.846,0,0
6,6/8/50,4:12,0,83.349,0,0,0,0,0,0,0,22.638,0,0,0,0,0,0,0,0,36.885,0,0
6,6/8/50,4:13,0,81.077,0,71.028,0,0,0,0,0,18.13,75.366,0,0,0,0,0,0,0,0,0,0
6,6/8/50,4:14,0,113.674,0,0,0,0,0,0,0,35.706,25.591,0,77.724,0,0,0,0,0,0,0,0
6,6/8/50,4:15,0,177.623,0,66.737,0,0,0,0,0,57.098,24.781,0,49.264,0,0,0,0,0,0,0,0
6,6/8/50,4:16,0,66.257,0,57.546,0,0,29.705,0,0,45.491,121.708,0,123.376,0,0,0,0,0,0,0,0
6,6/8/50,4:17,0,0,0,43.507,0,0,25.95,0,0,66.741,141.929,0,91.897,0,0,0,0,0,0,0,0
6,6/8/50,4:18,0,0,0,106.025,0,0,123.701,0,0,48.471,73.495,0,85.048,0,0,0,0,0,0,0,99.565
6,6/8/50,4:19,0,56.075,0,0,0,0,30.18,0,0,34.007,79.997,0,87.182,0,0,0,0,0,0,0,147.292
6,6/8/50,4:20,0,97.933,0,41.671,0,0,79.121,0,0,109.999,69.871,0,71.283,0,0,0,0,0,0,0,0
6,6/8/50,4:21,0,224.261,0,0,0,0,66.588,0,0,67.21,44.744,0,92.385,0,0,0,0,0,0,0,0
6,6/8/50,4:22,0,107.345,0,0,0,0,19.139,0,0,13.592,0,0,3.204,0,0,0,0,0,0,0,209.385
6,6/8/50,4:23,0,110.34,0,0,0,0,0,0,0,0,0,0,0,0,0,0,0,0,0,0,0
6,6/8/50,4:24,0,139.699,0,0,0,0,37.002,0,0,39.815,0,0,43.165,0,0,0,0,0,0,0,0
6,6/8/50,4:25,0,146.189,0,0,0,0,0,0,0,110.584,0,0,72.435,0,0,0,0,0,0,0,0
6,6/8/50,4:26,0,119.01,51.862,0,0,0,90.731,0,0,38.345,0,0,111.441,0,0,0,0,0,0,0,0
6,6/8/50,4:27,0,120.423,28.17,0,0,0,173.918,0,0,78.693,0,0,1.191,0,0,0,0,0,0,0,0
6,6/8/50,4:28,0,131.503,122.994,56.596,0,0,16.503,0,0,42.292,0,0,0,0,0,0,0,0,0,0,0
6,6/8/50,4:29,0,86.207,243.695,57.284,0,0,50.469,0,0,60.873,0,0,0,0,0,0,0,0,0,34.266,0
6,6/8/50,4:30,0,89.51,131.386,52.25,0,0,148.541,0,0,54.744,0,0,0,0,0,0,0,0,0,132.611,0
6,6/8/50,4:31,0,99.023,0,53.711,0,0,121.084,0,0,61.855,0,0,93.021,0,0,0,0,0,0,68.765,50.721
6,6/8/50,4:32,0,118.761,0,170.751,0,0,34.568,0,0,27.138,0,0,33.89,0,0,0,0,0,0,46.224,84.862
6,6/8/50,4:33,0,80.893,0,102.553,0,0,0,0,0,0,0,0,0,0,0,0,0,0,0,10.313,0
6,6/8/50,4:34,0,12.067,117.381,62.315,0,0,0,0,0,0,0,0,0,0,0,0,0,0,0,32.289,0
6,6/8/50,4:35,0,0,127.841,34.632,0,0,0,0,0,0,0,0,97.89,0,0,0,0,0,0,24.089,0
6,6/8/50,4:36,0,0,176.241,87.391,0,0,64.581,0,0,0,0,64.13,44.512,0,0,0,0,0,0,104.657,0
6,6/8/50,4:37,0,0,135.639,26.9,0,0,27.945,0,96.408,0,0,65.863,0,0,0,0,0,0,0,64.909,0
6,6/8/50,4:38,0,0,0,0,0,0,55.633,0,16.747,0,0,88.676,0,0,0,0,0,0,0,17.379,0
6,6/8/50,4:39,0,0,23.615,0,0,0,32.13,0,62.545,0,0,87.189,73.315,0,0,0,0,0,0,13.786,0
6,6/8/50,4:40,0,74.941,194.202,0,0,0,0,0,72.868,0,0,122.984,30.11,0,0,0,0,0,0,128.216,0
6,6/8/50,4:41,0,5.764,154.155,0,0,0,0,0,24.415,0,0,131.254,0,0,0,0,0,0,0,92.373,0
6,6/8/50,4:42,0,120.546,0,0,0,0,0,0,51.047,0,0,57.903,0,0,0,0,0,0,0,0,0
6,6/8/50,4:43,0,179.11,0,0,0,0,0,0,40.304,0,0,67.449,0,0,0,0,0,0,0,0,0
6,6/8/50,4:44,0,34.045,0,0,0,0,120.143,0,29.004,0,0,88.752,0,0,0,0,0,0,0,139.952,0
6,6/8/50,4:45,0,0,0,0,0,0,77.964,0,35.825,0,0,83.801,0,0,0,0,0,58.842,0,115.326,87.014
6,6/8/50,4:46,0,0,78.396,0,0,0,24.61,0,23.59,0,0,24.294,0,0,0,0,0,29.81,0,0,134
6,6/8/50,4:47,0,5.458,127.596,0,0,0,39.866,33.02,27.701,0,0,86.579,0,0,0,0,0,68.445,0,0,179.276
6,6/8/50,4:48,0,90.55,166.765,0,0,0,0,138.277,70.722,0,0,66.429,0,0,0,0,0,0,0,0,9.497
6,6/8/50,4:49,0,0,44.562,0,0,0,6.859,51.348,39.84,0,0,44.604,0,0,0,0,0,98.746,0,59.379,9.034
6,6/8/50,4:50,0,33.158,97.766,0,0,0,35.379,28.494,18.221,0,0,0,0,0,0,0,0,86.345,0,95.83,61.643
6,6/8/50,4:51,0,120.458,77.01,0,0,0,42.126,111.967,21.727,0,0,0,0,0,0,0,0,23.167,0,2.425,204.036
6,6/8/50,4:52,0,77.904,156.725,0,0,0,96.689,129.481,29.503,0,0,0,0,0,161.885,0,0,58.056,0,20.465,13.69
6,6/8/50,4:53,0,53.841,232.949,0,0,0,62.944,60.249,99.478,0,0,0,0,0,223.511,0,0,50.363,0,87.681,38.173
6,6/8/50,4:54,0,129.857,181.062,0,134.977,24.896,63.803,39.427,62.346,0,0,0,0,0,107.026,0,0,38.433,0,82.613,0
6,6/8/50,4:55,0,74.737,135.051,0,118.13,90.157,73.638,21.61,26.224,0,0,0,0,0,157.643,0,0,23.021,0,40.853,0
6,6/8/50,4:56,0,160.919,1.013,0,46.002,130.146,23.105,28.309,37.481,0,0,0,0,0,79.809,0,0,54.989,0,36.723,0
6,6/8/50,4:57,0,97.986,66.073,0,41.816,0,0,15.098,50.338,0,0,0,0,0,207.876,0,0,5.615,0,120.611,0
6,6/8/50,4:58,0,113.865,53.063,0,31.298,0,0,125.189,48.172,0,0,0,0,0,97.624,104.132,0,78.352,0,72.236,98.938
6,6/8/50,4:59,0,48.184,0,0,0,37.895,0,41.517,7.277,0,0,0,0,0,136.143,158.234,0,77.035,0,76.904,123.636
6,6/8/50,5:00,0,48.544,0,0,0,61.943,0,26.712,32.221,0,0,0,0,37.34,109.471,75.773,0,0,0,114.175,160.906
6,6/8/50,5:01,0,119.937,102.366,0,0,48.948,0,56.336,37.15,0,0,0,0,113.894,75.11,59.147,0,0,0,82.122,130.996
6,6/8/50,5:02,0,82.344,139.744,0,0,36.751,0,191.131,98.159,0,0,0,0,27.705,168.701,44.463,0,0,0,83.833,139.905
6,6/8/50,5:03,0,54.243,0,0,0,74.885,0,13.11,47.873,0,0,0,0,52.338,118.227,109.364,86.875,0,0,0,202.247
6,6/8/50,5:04,0,133.032,0,0,0,47.928,0,70.978,58.543,0,0,0,0,188.575,78.487,68.875,146.342,0,0,33.193,217.047
6,6/8/50,5:05,0,72.429,0,0,0,0,0,53.23,54.055,0,0,0,0,17.775,74.483,135.201,9.379,0,0,0,77.384
6,6/8/50,5:06,0,83.655,0,0,0,25.457,0,90.015,33.56,0,0,0,0,22.841,20.731,105.989,105.439,0,0,0,263.223
6,6/8/50,5:07,0,64.527,10.288,0,0,46.373,0,73.298,69.673,0,0,0,0,64.421,181.497,0,71.997,0,0,0,244.682
6,6/8/50,5:08,0,4.471,198.04,0,0,24.382,0,92.878,44.407,0,0,0,0,39.306,119.338,0,17.981,0,0,0,157.919
6,6/8/50,5:09,0,0,156.097,0,0,0,0,37.533,49.189,0,0,0,0,7.534,58.996,33.507,7.337,0,0,0,96.497
6,6/8/50,5:10,0,0,162.071,0,0,144.467,0,0,28.745,0,0,0,0,40.704,50.195,125.485,49.945,0,0,0,41.354
6,6/8/50,5:11,0,0,111.221,0,0,67.343,0,0,19.314,0,0,0,0,129.165,87.211,33.285,89.412,0,0,0,0
6,6/8/50,5:12,0,0,79.902,0,0,33.526,0,0,32.738,0,0,0,0,123.659,109.061,0,81.846,0,0,0,0
6,6/8/50,5:13,0,49.179,0,0,0,27.908,0,0,0,0,0,0,0,48.752,0,0,46.826,0,0,0,56.638
6,6/8/50,5:14,0,159.668,0,0,0,156.328,0,0,0,0,0,0,0,108.458,106.494,0,19.591,0,0,0,0
6,6/8/50,5:15,0,0,0,0,0,47.443,0,0,0,0,0,0,0,27.283,28.122,13.952,200.699,0,0,0,75.472
6,6/8/50,5:16,0,0,25.133,0,0,125.875,0,0,0,0,0,0,0,32.979,16.754,43.606,116.087,0,0,0,56.507
6,6/8/50,5:17,0,0,98.437,0,0,91.526,0,0,0,0,0,0,0,47.692,0,126.591,48.085,0,0,0,27.782
6,6/8/50,5:18,0,0,172.218,0,0,23.91,0,0,0,0,0,0,0,35.395,68.323,20.587,19.382,0,0,0,0
6,6/8/50,5:19,0,0,64.547,0,0,73.243,0,0,0,0,0,0,0,32.906,120.955,23.041,0,0,0,0,0
6,6/8/50,5:20,0,0,0,0,0,0,0,0,0,0,0,48.917,0,36.926,121.991,8.499,108.871,0,0,0,0
6,6/8/50,5:21,0,0,24.876,0,0,0,0,0,0,0,0,76.512,0,113.068,38.656,11.97,2.536,0,0,0,0
6,6/8/50,5:22,0,0,0,0,0,114.437,0,118.05,0,0,0,161.781,0,139.126,0,96.38,89.495,0,0,0,81.2
6,6/8/50,5:23,0,0,0,0,0,116.953,0,106.484,0,0,0,100.335,0,64.943,0,28.75,36.379,0,0,0,161.649
6,6/8/50,5:24,0,0,234.981,0,0,0,0,59.473,0,0,0,51.548,0,76.656,0,0,90.901,0,0,0,152.99
6,6/8/50,5:25,0,0,176.288,0,0,0,0,89.56,0,0,0,82.729,0,66.098,0,0,29.085,0,0,0,0
6,6/8/50,5:26,0,0,145.886,0,0,0,0,186.969,0,118.879,0,82.473,0,129.828,50.429,0,103.25,0,0,0,0
6,6/8/50,5:27,0,0,117.428,0,0,32.524,0,135.748,0,114.784,0,57.185,65.776,39.706,89.282,0,14.462,0,0,0,0
6,6/8/50,5:28,0,5.121,0,0,0,101.621,0,103.873,0,72.732,0,151.152,138.596,155.563,76.079,0,154.728,0,0,0,0
6,6/8/50,5:29,0,0,0,76.027,0,10.139,0,54.104,0,59.006,0,35.051,113.406,22.158,75.444,0,12.167,0,0,0,0
6,6/8/50,5:30,0,0,0,139.562,0,19.916,0,49.895,0,68.114,0,204.196,59.958,35.356,136.845,0,113.897,0,0,0,0
6,6/8/50,5:31,0,0,0,102.164,0,149.55,0,53.488,0,78.866,0,129.941,68.395,91.852,148.281,0,20.031,0,0,0,0
6,6/8/50,5:32,0,0,50.827,0,0,85.939,0,104.537,0,163.884,0,0,88.356,0,128.494,0,122.734,0,0,0,0
6,6/8/50,5:33,0,0,119.602,31.951,0,51.413,0,17.012,0,157.945,36.251,126.884,41.674,105.662,108.24,0,17.067,0,0,0,0
6,6/8/50,5:34,0,0,137.437,108.322,0,0,0,29.074,0,36.068,140.912,118.865,30.483,287.415,182.82,0,82.387,0,0,0,0
6,6/8/50,5:35,0,79.127,231.871,88.092,0,0,0,100.642,0,18.944,124.76,68.094,48.111,275.026,89.186,0,158.759,0,0,0,0
6,6/8/50,5:36,0,169.211,194.395,43.398,0,0,0,55.62,0,7.491,107.561,11.703,39.952,88.993,141.157,0,123.065,0,0,0,0
6,6/8/50,5:37,0,179.38,156.811,51.48,0,0,0,0,0,49.3,53.262,32.415,40.052,0,89.61,0,53.546,34.485,0,0,0
6,6/8/50,5:38,0,89.812,177.89,95.144,0,0,0,0,0,40.486,10.698,66.494,46.044,0,55.129,0,119.791,53.894,0,0,0
6,6/8/50,5:39,0,150.861,175.684,55.7,0,0,0,0,0,11.4,13.711,143.112,81.864,119.803,245.372,31.668,115.901,44.464,0,93.963,0
6,6/8/50,5:40,0,148.63,106.836,136.2,0,0,0,0,0,12.228,47.166,201.648,126.393,58.355,176.096,0,160.038,67.637,0,186.963,0
6,6/8/50,5:41,0,197.366,125.812,65.462,0,0,0,0,0,35.582,58.613,40.893,64.736,124.65,155.718,0,206.338,0,0,77.344,0
6,6/8/50,5:42,0,115.376,182.725,11.647,0,0,0,0,0,46.073,124.775,0,18.062,97.663,207.633,0,188.563,0,0,77.607,0
6,6/8/50,5:43,0,166.29,172.346,60.185,0,0,39.86,0,0,88.828,38.837,0,34.097,159.759,196.811,0,197.366,36.999,0,46.024,0
6,6/8/50,5:44,0,65.671,119.087,43.73,0,0,21.496,0,0,47.305,92.173,0,18.669,121.674,136.972,0,42.02,44.225,0,94.493,0
6,6/8/50,5:45,0,158.701,0,85.718,0,0,54.67,0,0,36.121,71.476,29.698,85.336,186.688,78.623,0,161.013,66.925,0,11.38,0
6,6/8/50,5:46,0,76.499,72.954,79.201,0,0,94.531,0,0,60.574,30.919,23.098,21.146,48.37,0,0,144.535,83.249,0,82.3,0
6,6/8/50,5:47,134.234,137.746,151.026,13.895,0,0,2.799,0,0,53.279,24.973,116.462,68.803,73.728,0,0,68.334,52.781,0,126.609,0
6,6/8/50,5:48,234.997,131.242,100.756,129.334,0,0,76.192,0,0,52.945,0,0,54.998,60.912,0,0,62.406,56.78,0,12.112,0
6,6/8/50,5:49,159.85,86.632,127.987,91.949,0,0,12.987,0,0,117.759,77.248,0,0,0,0,0,112.832,69.149,0,103.523,0
6,6/8/50,5:50,204.566,114.753,132.809,22.314,0,0,136.809,0,0,98.224,114.164,0,46.439,0,0,0,50.933,56.712,0,127.564,0
6,6/8/50,5:51,102.667,118.898,94.401,46.975,0,0,166.411,0,0,159.963,0,0,147.5,0,0,0,57.403,31.822,0,37.957,0
6,6/8/50,5:52,174.236,119.128,138.408,9.82,0,0,0,0,0,104.198,0,0,100.765,0,0,0,61.303,71.316,0,75.383,0
6,6/8/50,5:53,133.605,85.396,111.945,72.374,0,0,59.932,0,0,114.939,0,0,8.867,0,0,0,140.514,37.993,0,141.265,0
6,6/8/50,5:54,115.59,187.894,56.272,64.32,0,0,0,0,0,65.36,0,0,53.065,0,0,0,191.097,111.123,0,50.293,0
6,6/8/50,5:55,89.365,159.837,106.093,63.107,0,0,32.398,0,0,0,0,0,162.525,0,0,0,48.114,87.962,0,71.847,0
6,6/8/50,5:56,121.071,108.019,116.356,9.512,0,0,119.044,0,0,0,0,0,80.499,0,0,0,197.094,60.658,0,80.253,0
6,6/8/50,5:57,87.641,114.382,157.078,0,0,0,102.538,0,0,0,0,0,50.888,0,0,0,119.879,102.482,0,119.77,0
6,6/8/50,5:58,17.529,228.357,139.707,0,0,0,75.929,0,0,56.933,0,0,61.442,0,0,0,0,35.117,0,54.138,0
6,6/8/50,5:59,101.011,116.176,156.796,116.724,0,0,0,0,0,24.528,0,0,187.797,0,0,0,0,20.505,0,142.912,0
7,6/8/50,6:00,93.791,117.77,147.757,59.184,0,0,0,0,0,106.426,0,0,0,0,0,0,0,48.584,0,66.25,0
7,6/8/50,6:01,47.713,169.456,117.998,63.396,0,0,0,0,0,63.842,0,0,0,0,0,0,0,0,0,68.613,0
7,6/8/50,6:02,121.931,157.345,133.13,96.037,0,0,0,0,0,131.176,0,0,32.547,0,0,0,0,0,0,104.296,0
7,6/8/50,6:03,112.194,101.59,181.344,178.004,0,0,67.083,0,0,75.406,0,0,0,0,0,0,0,0,0,23.897,0
7,6/8/50,6:04,109.949,123.993,77.124,72.957,0,0,62.893,0,0,89.98,0,0,117.431,0,0,0,0,0,0,216.744,0
7,6/8/50,6:05,56.381,79.876,0,31.697,0,0,0,0,0,0,0,0,17.744,0,0,0,0,0,0,56.846,0
7,6/8/50,6:06,50.991,0,0,0,0,0,0,0,0,25.858,0,0,72.499,0,0,0,0,0,0,38.687,0
7,6/8/50,6:07,37.807,0,15.494,0,0,0,0,0,0,52.386,0,0,35.707,0,0,0,0,0,0,0,0
7,6/8/50,6:08,71.718,120.513,67.47,0,0,0,0,0,0,0,0,0,46.607,0,0,0,0,0,0,0,0
7,6/8/50,6:09,134.592,98.745,0,0,0,0,38.518,0,0,0,0,0,26.604,0,0,0,0,0,0,0,0
7,6/8/50,6:10,12.519,140.503,42.608,0,0,40.08,7.63,0,0,11.509,0,0,50.518,0,0,0,0,0,0,8.907,0
7,6/8/50,6:11,48.687,60.124,11.723,0,0,0,19.742,0,0,72.051,0,0,55.584,0,0,0,0,0,0,32.144,0
7,6/8/50,6:12,5.418,23.649,0,0,0,21.883,34.707,0,0,76.199,0,0,15.008,0,0,0,0,0,49.116,72.706,0
7,6/8/50,6:13,30.097,0,0,0,0,43.426,12.397,0,0,60.22,0,0,0,0,0,0,0,0,47.274,59.079,0
7,6/8/50,6:14,68.1,0,0,0,0,0,59.139,0,0,0,0,0,0.697,0,0,0,0,0,0,0,0
7,6/8/50,6:15,194.741,0,0,0,0,99.28,0,0,0,0,0,0,115.011,0,0,0,0,0,88.202,0,0
7,6/8/50,6:16,122.996,0,0,0,0,37.122,39.914,0,0,0,0,0,212.826,0,0,0,0,0,44.757,0,0
7,6/8/50,6:17,131.794,0,0,0,0,0,29.315,0,0,0,0,0,87.279,0,0,0,0,0,26.25,0,0
7,6/8/50,6:18,30.112,0,0,0,0,0,47.229,0,0,0,0,0,0,0,0,0,0,0,18.503,0,0
7,6/8/50,6:19,102.636,0,0,0,0,0,118.349,0,0,0,0,0,0,0,0,0,0,0,15.913,0,0
7,6/8/50,6:20,140.476,0,0,0,0,0,42.194,0,0,0,0,0,0,0,0,0,0,0,17.379,0,0
7,6/8/50,6:21,27.59,0,0,0,0,0,0,0,0,0,0,0,0,0,0,0,0,0,30.852,0,0
7,6/8/50,6:22,137.257,0,0,0,0,0,0,0,0,0,0,0,0,0,0,0,0,0,146.053,0,0
7,6/8/50,6:23,67.356,0,51.68,0,0,0,0,0,0,0,0,0,0,0,0,0,0,0,42.789,0,0
7,6/8/50,6:24,49.095,0,66.079,0,0,0,0,0,0,0,0,0,0,0,0,0,0,0,97.461,0,0
7,6/8/50,6:25,69.608,0,47.137,0,0,0,0,0,0,0,0,0,0,0,0,0,0,0,0,0,0
7,6/8/50,6:26,19.046,0,35.574,0,0,0,0,0,0,0,0,0,0,0,0,0,0,0,60.158,0,0
7,6/8/50,6:27,99.499,0,26.181,0,0,0,34.277,0,0,0,0,0,0,0,0,0,0,0,145.048,0,0
7,6/8/50,6:28,38.861,0,30.891,0,0,0,106.971,0,0,0,0,0,0,0,0,0,0,0,136.781,0,0
7,6/8/50,6:29,62.368,0,0,0,0,0,0,0,0,0,0,0,0,0,0,0,0,0,15.836,0,0
7,6/8/50,6:30,108.995,0,0,0,0,0,0,0,0,0,0,0,0,0,0,0,0,0,0,0,0
7,6/8/50,6:31,49.415,0,0,0,0,0,0,0,0,0,0,0,0,0,0,0,0,0,0,0,0
7,6/8/50,6:32,35.118,0,0,0,0,0,0,0,0,0,0,0,0,0,0,0,0,0,0,0,0
7,6/8/50,6:33,42.196,0,0,0,0,0,0,0,0,0,0,0,0,0,0,0,0,0,0,0,0
7,6/8/50,6:34,129.461,0,0,0,0,0,0,56.344,0,0,0,0,0,0,0,0,0,0,0,0,0
7,6/8/50,6:35,26.457,0,0,0,0,0,0,0,0,0,0,0,0,0,0,0,0,0,0,0,0
7,6/8/50,6:36,82.521,0,0,0,0,0,0,0,0,0,0,0,0,0,0,0,0,0,0,0,0
7,6/8/50,6:37,0,0,0,0,0,0,0,0,0,0,0,0,0,0,0,0,0,0,0,0,0
7,6/8/50,6:38,0,0,0,0,0,0,0,0,0,0,0,0,0,0,0,0,0,0,0,0,0
7,6/8/50,6:39,0,65.388,0,0,0,0,0,0,0,0,0,0,0,0,0,0,0,0,0,0,0
7,6/8/50,6:40,0,120.218,0,0,0,0,0,0,0,0,0,0,0,0,0,0,0,0,0,0,0
7,6/8/50,6:41,0,103.925,0,0,0,0,0,0,0,0,0,0,0,0,0,0,0,0,0,0,19.115
7,6/8/50,6:42,0,111.857,0,0,0,0,0,0,0,0,0,0,0,0,0,0,0,0,0,0,97.035
7,6/8/50,6:43,0,81.512,0,0,0,0,0,0,0,0,0,0,0,0,0,0,0,0,0,0,0
7,6/8/50,6:44,0,78.026,0,0,0,0,0,0,0,0,0,0,0,0,0,0,0,0,0,0,0
7,6/8/50,6:45,0,62.264,0,0,0,0,0,0,0,0,0,0,0,0,0,0,0,0,0,0,0
7,6/8/50,6:46,0,98.539,0,0,0,0,0,0,0,0,0,0,0,0,0,0,0,0,0,0,0
7,6/8/50,6:47,0,76.998,0,0,0,0,0,0,0,0,0,0,0,0,0,0,0,0,0,0,0
7,6/8/50,6:48,0,0,0,0,0,0,0,0,0,0,0,0,0,0,0,0,0,0,0,0,0
7,6/8/50,6:49,0,28.655,0,0,0,0,0,0,0,0,0,0,0,0,0,0,0,0,0,0,0
7,6/8/50,6:50,0,89.513,0,0,0,0,0,0,0,0,0,0,0,0,0,0,0,0,0,0,0
7,6/8/50,6:51,0,37.501,0,0,0,0,0,0,0,0,0,0,0,0,0,0,0,0,0,0,0
7,6/8/50,6:52,0,0,0,0,0,0,0,0,0,0,0,0,0,0,0,0,0,0,0,0,0
7,6/8/50,6:53,0,0,0,0,0,0,0,0,0,0,0,0,0,0,0,0,0,0,0,0,0
7,6/8/50,6:54,0,0,0,0,0,0,0,0,0,0,0,0,0,0,0,0,0,0,0,0,0
7,6/8/50,6:55,0,0,0,0,0,0,0,0,0,28.573,0,0,0,0,0,0,0,0,0,0,0
7,6/8/50,6:56,0,0,0,0,0,0,0,0,0,77.231,0,28.06,0,0,0,0,0,0,0,0,0
7,6/8/50,6:57,0,0,0,0,0,0,0,0,0,47.693,0,47.314,0,0,0,0,0,0,0,0,0
7,6/8/50,6:58,0,0,0,0,0,0,0,0,0,11.81,0,82.154,0,0,0,0,0,0,0,0,0
7,6/8/50,6:59,0,0,0,0,0,0,0,0,0,15.518,0,62.212,0,0,0,0,0,0,0,0,0
7,6/8/50,7:00,0,0,0,0,0,0,0,0,0,33.873,0,55.776,0,0,0,172.505,0,0,0,0,0
7,6/8/50,7:01,0,0,0,0,0,0,0,0,0,13.935,0,61.015,0,0,0,58.882,0,0,0,0,0
7,6/8/50,7:02,0,0,0,0,0,0,0,0,0,21.184,0,107.847,0,0,0,0,0,0,0,0,0
7,6/8/50,7:03,0,0,0,0,0,0,0,0,0,56.58,0,101.55,0,0,0,56.206,0,0,0,0,0
7,6/8/50,7:04,0,14.147,0,0,0,0,0,0,0,40.191,0,109.159,0,0,0,124.505,0,0,0,0,0
7,6/8/50,7:05,0,75.151,0,0,0,0,0,0,0,0,0,31.875,0,0,0,49.531,0,0,0,0,0
7,6/8/50,7:06,0,53.016,0,0,0,0,0,0,0,0,0,40.663,0,0,0,59.801,0,0,0,0,0
7,6/8/50,7:07,0,0,0,0,0,0,0,0,0,0,0,0,0,0,0,44.768,0,0,0,0,0
7,6/8/50,7:08,0,0,0,0,0,0,0,0,0,0,0,0,0,0,0,68.136,0,0,0,0,0
7,6/8/50,7:09,0,0,0,0,0,0,0,0,0,0,0,0,0,0,0,104.005,0,0,0,0,0
7,6/8/50,7:10,0,0,0,0,0,0,0,0,0,0,0,0,0,0,0,49.46,0,0,0,0,0
7,6/8/50,7:11,0,0,0,0,0,0,0,0,0,0,0,0,0,0,0,19.888,0,0,0,0,0
7,6/8/50,7:12,0,0,0,0,0,0,0,0,0,0,0,0,0,0,0,0,0,0,0,0,0
7,6/8/50,7:13,0,0,0,0,0,0,0,0,0,0,0,0,0,0,0,32.867,0,0,0,0,0
7,6/8/50,7:14,0,0,0,0,0,0,0,0,0,0,0,0,0,0,0,0,0,60.303,0,0,0
7,6/8/50,7:15,0,0,0,0,0,0,0,0,0,0,0,0,0,0,0,0,86.067,60.557,0,0,0
7,6/8/50,7:16,0,0,0,0,0,0,0,0,0,0,0,0,0,0,0,0,75.814,36.727,0,0,0
7,6/8/50,7:17,0,0,0,0,0,0,0,0,0,0,0,0,0,0,0,0,0,86.542,0,0,0
7,6/8/50,7:18,0,0,0,0,0,0,0,0,0,0,0,0,0,0,0,18.811,0,0,0,0,0
7,6/8/50,7:19,0,0,0,0,0,0,0,0,0,0,0,0,0,0,0,154.331,28.043,0,0,0,0
7,6/8/50,7:20,0,0,0,0,0,0,0,0,0,0,0,0,0,0,143.208,111.981,3.235,0,0,0,0
7,6/8/50,7:21,0,0,0,0,0,0,0,0,0,0,0,0,0,0,106.755,0,0,0,0,0,0
7,6/8/50,7:22,0,0,0,0,0,0,0,0,0,0,0,0,0,0,141.422,0,132.801,0,0,0,0
7,6/8/50,7:23,0,0,0,0,0,0,0,0,0,0,0,0,0,0,133.888,0,135.556,0,0,0,0
7,6/8/50,7:24,0,0,0,0,0,0,0,0,0,0,0,0,0,0,120.363,11.911,80.509,0,0,0,0
7,6/8/50,7:25,0,0,0,0,0,0,0,0,0,0,0,0,0,0,23.153,16.045,95.24,0,0,0,0
7,6/8/50,7:26,0,0,0,0,0,0,0,0,0,0,0,0,0,0,0,0,94.169,0,0,0,0
7,6/8/50,7:27,40.596,0,0,0,0,0,0,0,0,0,0,0,0,0,17.502,0,76.796,0,0,0,0
7,6/8/50,7:28,87.729,0,0,0,0,0,0,0,0,0,0,0,0,0,14.686,0,212.292,0,0,0,0
7,6/8/50,7:29,53.838,0,0,0,0,0,0,0,0,0,0,0,0,0,180.279,0,71.576,0,0,32.264,0
7,6/8/50,7:30,0,0,0,0,0,66.643,0,0,0,0,0,0,0,0,116.226,0,107.836,0,0,109.682,0
7,6/8/50,7:31,0,0,0,0,0,17.588,0,0,0,0,0,0,0,0,31.687,0,74.148,0,0,13.196,0
7,6/8/50,7:32,0,0,0,0,0,122.217,0,0,0,0,0,0,0,0,0,0,114.572,0,0,0,0
7,6/8/50,7:33,0,0,0,0,0,121.04,0,0,0,0,0,0,0,0,19.935,0,91.664,0,0,40.355,0
7,6/8/50,7:34,0,0,0,34.228,0,80.98,0,0,0,0,0,0,0,0,86.927,0,67.363,0,0,54.027,0
7,6/8/50,7:35,0,0,0,26.36,0,21.905,0,0,0,0,0,0,0,0,189.592,0,163.813,0,0,30.695,0
7,6/8/50,7:36,0,0,0,46.125,0,93.242,0,0,0,0,0,0,0,0,44.985,0,165.148,0,0,0,0
7,6/8/50,7:37,0,0,0,8.598,0,24.325,1.446,0,0,0,0,0,0,0,0,0,118.13,0,0,0,0
7,6/8/50,7:38,0,0,0,39.936,0,0,42.268,0,0,0,0,0,0,0,0,0,76.725,0,0,0,0
7,6/8/50,7:39,0,0,0,141.314,0,26.068,78.437,0,0,0,0,0,0,0,0,0,205.876,0,0,0,0
7,6/8/50,7:40,0,0,0,33.886,0,37.598,0,0,0,0,0,0,0,1.553,0,0,0,0,0,0,0
7,6/8/50,7:41,0,0,0,0,0,0,31.859,0,0,0,0,0,0,75.23,0,0,58.341,0,0,51.346,0
7,6/8/50,7:42,0,0,0,47.872,0,10.373,44.649,0,0,0,0,0,0,0,0,0,31.789,0,0,142.424,0
7,6/8/50,7:43,0,0,0,32.186,0,71.509,67.526,0,0,0,0,0,0,45.431,0,0,0,0,0,0,0
7,6/8/50,7:44,0,0,0,14.399,0,49.895,51.112,0,0,0,0,0,0,78.585,0,0,0,0,0,0,0
7,6/8/50,7:45,0,0,0,0,0,67.067,95.102,0,0,0,0,0,0,120.181,0,0,0,0,0,0,0
7,6/8/50,7:46,0,0,0,0,0,43.001,21.254,0,0,0,0,0,0,0,0,0,0,0,0,0,0
7,6/8/50,7:47,0,0,0,0,0,0,0,0,0,0,0,0,0,31.225,0,0,0,0,0,0,0
7,6/8/50,7:48,0,0,0,13.665,0,0,0,0,0,0,0,0,0,7.918,0,0,0,0,0,0,0
7,6/8/50,7:49,0,0,0,24.851,0,0,0,0,0,0,23.201,0,29.671,15.619,0,0,0,0,0,0,0
7,6/8/50,7:50,0,0,0,65.741,0,0,0,0,0,0,83.613,0,0,32.524,0,0,0,0,0,0,0
7,6/8/50,7:51,0,0,0,25.011,0,0,0,0,0,0,13.581,0,0,0,0,0,0,0,0,0,0
7,6/8/50,7:52,0,0,0,0,0,0,0,0,0,0,36.65,0,30.763,175.627,0,0,0,0,0,0,0
7,6/8/50,7:53,0,0,0,0,0,0,0,0,0,0,18.428,0,55.323,109.406,0,0,0,0,0,0,0
7,6/8/50,7:54,0,0,10.835,0,0,0,0,0,0,0,39.785,0,152.922,35.715,0,0,0,0,0,0,0
7,6/8/50,7:55,0,0,0,0,0,0,61.047,0,0,0,93.027,0,42.984,0,0,0,0,0,0,0,0
7,6/8/50,7:56,0,0,0,0,0,0,73.421,0,0,0,0,0,67.619,0,0,0,0,0,0,0,0
7,6/8/50,7:57,0,0,0,0,0,0,35.239,0,0,0,62.502,0,33.682,0,0,0,0,0,0,0,0
7,6/8/50,7:58,0,0,0,0,0,0,0,0,0,0,69.209,0,0,0,0,0,0,0,0,0,0
7,6/8/50,7:59,0,0,0,0,0,0,0,0,0,0,21.366,0,0,0,0,0,0,0,0,0,0
7,6/8/50,8:00,0,0,0,0,0,0,0,0,0,0,0,0,0,0,0,0,0,0,0,0,0
7,6/8/50,8:01,0,0,0,0,0,0,0,0,0,0,0,0,0,0,0,0,0,0,0,0,0
7,6/8/50,8:02,0,0,0,0,0,0,0,0,0,0,0,0,0,0,0,0,0,0,0,0,0
7,6/8/50,8:03,0,0,0,0,0,0,0,0,0,0,0,0,0,0,0,0,0,0,0,0,0
7,6/8/50,8:04,0,0,0,0,0,0,0,0,0,0,0,0,0,0,0,0,0,0,0,0,0
7,6/8/50,8:05,0,0,0,0,0,0,0,0,0,0,0,0,0,0,0,0,0,0,0,0,0
7,6/8/50,8:06,0,0,0,0,0,0,0,0,0,0,0,0,0,0,0,0,0,0,0,0,0
7,6/8/50,8:07,0,0,0,0,0,0,0,0,0,0,0,0,0,0,0,0,0,0,0,0,0
7,6/8/50,8:08,0,0,0,0,0,0,0,0,0,0,0,0,0,0,0,0,0,0,0,0,0
7,6/8/50,8:09,0,0,0,0,0,0,0,0,0,0,0,0,0,0,0,0,0,0,0,0,0
7,6/8/50,8:10,0,0,0,0,0,0,0,0,0,0,0,0,0,0,0,0,0,0,0,0,0
7,6/8/50,8:11,0,0,0,0,0,0,0,0,0,0,0,0,0,0,0,0,0,0,0,0,0
7,6/8/50,8:12,0,0,0,0,0,31.495,0,0,0,0,0,0,0,0,0,0,0,0,0,0,0
7,6/8/50,8:13,0,0,0,0,0,0,0,0,0,0,0,0,0,0,0,0,0,0,0,0,0
7,6/8/50,8:14,0,0,0,0,0,31.509,0,0,0,0,0,0,0,0,0,0,0,0,0,0,0
7,6/8/50,8:15,0,0,0,0,0,39.559,0,0,0,0,0,0,0,0,0,0,0,0,0,0,0
7,6/8/50,8:16,0,0,0,0,0,0,0,0,0,0,0,0,0,0,0,0,0,0,0,0,0
7,6/8/50,8:17,0,0,0,0,0,93.504,0,0,0,0,0,0,0,0,0,0,0,0,0,0,0
7,6/8/50,8:18,0,0,0,0,0,167.743,0,0,0,0,0,0,0,0,0,0,0,0,0,0,0
7,6/8/50,8:19,0,0,0,0,0,53.055,0,0,0,0,0,0,0,0,0,0,0,0,0,0,0
7,6/8/50,8:20,0,0,0,0,0,0,0,0,0,0,0,0,0,0,0,0,0,0,0,0,0
7,6/8/50,8:21,0,0,0,0,0,0,0,0,0,0,0,0,0,0,0,0,0,0,0,0,0
7,6/8/50,8:22,0,0,0,0,0,0,0,0,0,0,0,0,0,0,0,0,0,0,0,0,0
7,6/8/50,8:23,0,0,0,0,0,0,0,0,0,0,0,0,0,0,0,0,0,0,0,0,0
7,6/8/50,8:24,0,0,0,0,0,0,0,0,0,0,0,0,0,0,0,0,0,0,0,0,0
7,6/8/50,8:25,0,0,0,0,0,0,0,0,0,0,0,0,0,0,0,0,0,0,0,0,0
7,6/8/50,8:26,0,0,0,0,0,0,0,0,0,0,0,0,0,0,0,0,0,0,0,0,0
7,6/8/50,8:27,0,0,0,0,0,0,0,0,0,0,0,0,0,0,0,0,0,0,0,0,0
7,6/8/50,8:28,0,0,0,0,0,0,0,0,0,0,0,0,0,0,0,0,0,0,0,0,88.537
7,6/8/50,8:29,0,0,0,0,0,0,0,0,0,0,0,0,0,0,0,0,0,0,0,0,0
7,6/8/50,8:30,0,0,0,0,0,0,0,0,0,23.561,0,0,0,0,0,0,0,0,0,0,0
7,6/8/50,8:31,0,0,0,0,0,0,0,0,0,17.996,0,0,0,0,0,0,0,0,0,0,0
7,6/8/50,8:32,0,0,0,0,0,0,0,0,0,11.777,0,0,0,0,0,0,0,0,0,0,0
7,6/8/50,8:33,0,0,0,0,0,0,0,0,0,14.425,0,70.684,0,0,0,0,0,0,0,0,0
7,6/8/50,8:34,0,0,0,0,0,0,0,0,0,14.846,0,0,0,0,0,0,0,0,0,0,0
7,6/8/50,8:35,0,0,0,0,0,0,0,0,0,36.355,0,0,0,0,0,0,0,87.331,0,0,0
7,6/8/50,8:36,0,0,0,0,0,0,0,0,0,0,0,0,0,0,0,0,0,32.624,0,0,0
7,6/8/50,8:37,0,0,0,0,0,0,0,0,0,0,0,0,0,0,0,0,0,0,0,3.605,0
7,6/8/50,8:38,0,0,0,0,0,0,0,0,0,52.392,0,0,0,0,0,0,0,31.772,35.39,38.187,0
7,6/8/50,8:39,0,0,0,0,0,0,0,0,0,0,0,0,0,0,0,0,0,74.607,23.468,34.809,0
7,6/8/50,8:40,0,0,0,0,0,0,0,0,0,0,0,0,0,0,0,0,0,87.602,87.998,75.388,0
7,6/8/50,8:41,0,0,0,0,0,0,0,0,0,0,0,0,0,0,0,0,0,51.075,72.258,88.73,0
7,6/8/50,8:42,0,0,0,0,0,0,23.378,0,0,0,0,0,0,0,0,0,0,34.086,0,19.883,0
7,6/8/50,8:43,0,0,0,0,0,0,27.855,0,0,0,0,0,0,0,0,0,0,0,39.067,0,0
7,6/8/50,8:44,0,0,0,0,0,0,109.075,0,0,75.452,0,0,0,0,0,0,0,0,8.723,0,0
7,6/8/50,8:45,0,0,0,0,0,0,59.177,0,0,27.187,0,0,0,0,0,0,0,0,7.992,0,21.663
7,6/8/50,8:46,0,0,0,0,0,0,63.688,0,0,24.664,0,0,0,0,0,0,0,0,31.296,0,23.681
7,6/8/50,8:47,0,0,0,0,0,0,61.995,0,0,51.896,0,0,0,0,0,0,0,0,0,0,0
7,6/8/50,8:48,0,0,0,0,0,0,61.169,0,0,0,0,0,0,0,0,0,0,0,99.128,0,0
7,6/8/50,8:49,0,0,0,0,0,0,31.927,0,0,0,0,0,0,0,0,0,0,0,34.988,0,0
7,6/8/50,8:50,0,0,0,0,0,0,63.187,0,0,0,0,0,0,0,0,0,0,0,0,0,0
7,6/8/50,8:51,0,0,0,0,0,0,0,0,0,0,0,0,0,0,0,0,0,0,0,0,0
7,6/8/50,8:52,0,0,0,0,0,0,0,0,0,0,0,0,0,0,0,92.246,0,0,32.797,0,0
7,6/8/50,8:53,0,0,0,0,0,0,0,0,0,0,0,0,0,0,0,109.446,0,0,0,0,0
7,6/8/50,8:54,0,0,0,0,0,0,0,0,0,0,0,0,0,0,0,97.067,0,0,0,0,0
7,6/8/50,8:55,0,0,0,0,0,0,0,0,0,0,0,0,0,0,0,26.574,0,0,0,0,0
7,6/8/50,8:56,0,0,0,0,0,0,0,0,0,0,0,0,0,0,0,0,0,0,0,0,0
7,6/8/50,8:57,0,0,0,0,0,0,0,0,0,0,0,0,0,0,0,0,0,0,0,0,0
7,6/8/50,8:58,0,24.086,0,0,0,0,0,0,0,0,0,0,0,0,0,0,0,0,0,0,0
7,6/8/50,8:59,0,0,0,0,0,0,0,0,0,0,0,0,0,0,0,0,0,0,0,0,0
7,6/8/50,9:00,0,0,0,0,0,0,0,0,0,0,0,0,0,0,0,0,0,0,0,0,0
7,6/8/50,9:01,0,37.481,22.27,0,0,0,0,0,0,0,0,0,0,0,0,0,0,0,0,0,0
7,6/8/50,9:02,0,113.405,24.63,0,0,0,0,0,0,0,0,0,0,0,35.104,0,0,0,0,0,0
7,6/8/50,9:03,0,21.808,0,0,0,0,39.748,0,0,0,0,0,0,0,71.87,0,0,0,0,0,0
7,6/8/50,9:04,0,0,0,0,0,0,10.412,0,0,0,0,0,0,0,77.9,0,0,0,0,0,0
7,6/8/50,9:05,0,111.075,0,nan,nan,nan,nan,0,0,0,0,0,0,0,47.018,0,0,0,0,0,0
7,6/8/50,9:06,0,0,0,0,0,0,0,0,0,0,0,0,0,0,65.79,0,0,0,0,0,0
7,6/8/50,9:07,0,0,0,0,0,0,0,0,0,0,0,0,0,0,175.911,0,0,0,0,0,0
7,6/8/50,9:08,0,0,0,0,0,0,22.489,0,0,0,0,0,0,0,157.115,0,0,0,0,0,0
7,6/8/50,9:09,0,94.067,0,0,0,0,29.641,0,0,0,0,0,0,0,95.63,0,0,0,0,0,0
7,6/8/50,9:10,0,0,0,0,0,0,7.818,0,0,0,0,0,0,0,91.403,0,0,0,0,0,0
7,6/8/50,9:11,0,87.524,0,0,0,0,30.062,0,0,0,0,0,0,0,105.662,0,0,0,0,0,0
7,6/8/50,9:12,0,0,0,0,0,0,0,0,0,0,0,0,0,0,184.03,0,0,0,0,0,0
7,6/8/50,9:13,0,0,0,0,0,0,0,0,0,0,0,0,0,0,84.181,0,0,0,0,0,0
7,6/8/50,9:14,0,36.04,0,0,0,0,0,0,0,0,0,0,0,0,0,0,0,0,0,0,0
7,6/8/50,9:15,0,119.395,0,0,0,0,0,0,0,0,0,0,0,0,0,0,0,0,0,0,0
7,6/8/50,9:16,0,0,0,0,0,106.389,0,0,0,0,0,0,0,0,0,0,0,0,0,0,0
7,6/8/50,9:17,0,65.649,0,0,0,66.878,0,0,0,0,0,0,0,0,0,0,0,0,0,0,0
7,6/8/50,9:18,0,45.278,0,0,0,0,0,0,0,0,0,0,0,0,0,0,0,0,0,0,0
7,6/8/50,9:19,0,30.761,0,0,0,13.143,0,0,0,0,0,0,0,0,0,0,0,0,0,0,0
7,6/8/50,9:20,0,0,0,0,0,0,0,0,0,0,0,0,0,0,0,0,0,0,0,0,0
7,6/8/50,9:21,0,0,0,0,0,15.608,0,0,0,0,0,0,0,0,0,0,0,0,0,0,0
7,6/8/50,9:22,0,0,0,0,0,65.793,0,0,0,0,0,0,0,0,0,0,0,0,0,0,0
7,6/8/50,9:23,0,0,0,0,0,41.779,0,0,0,0,0,0,0,0,0,0,0,0,0,0,0
7,6/8/50,9:24,0,0,0,0,78.247,17.001,0,0,0,0,0,0,0,0,0,0,0,0,0,0,0
7,6/8/50,9:25,0,0,0,0,154.063,0,0,0,0,0,0,0,0,0,0,0,0,0,0,0,0
7,6/8/50,9:26,0,0,0,0,0,17.939,0,0,0,0,0,0,0,0,0,0,0,0,0,0,0
7,6/8/50,9:27,0,0,0,0,0,34.647,0,0,0,0,0,0,0,0,0,0,0,0,0,0,0
7,6/8/50,9:28,0,0,0,0,106.97,102.121,0,0,0,0,0,0,0,0,0,0,0,0,0,0,0
7,6/8/50,9:29,0,0,0,0,0,16.4,0,0,0,0,0,0,0,0,0,0,0,0,0,0,0
7,6/8/50,9:30,0,0,0,0,46.227,64.137,0,0,0,0,0,0,0,0,0,0,0,0,0,0,0
7,6/8/50,9:31,0,0,0,0,85.5,107.835,0,0,0,0,0,0,0,0,0,0,0,0,0,0,0
7,6/8/50,9:32,0,0,0,0,0,11.705,0,0,0,0,0,0,0,0,0,0,0,0,0,0,0
7,6/8/50,9:33,0,0,0,0,0,59.415,0,0,0,0,0,0,0,0,0,0,0,0,0,0,0
7,6/8/50,9:34,0,0,0,0,23.139,0,0,0,0,0,0,0,0,0,0,0,0,0,0,0,0
7,6/8/50,9:35,0,0,0,0,117.728,0,0,0,0,0,0,0,0,0,0,0,0,0,0,0,0
7,6/8/50,9:36,0,0,0,0,0,0,0,0,0,0,0,0,0,0,0,0,0,0,0,0,0
7,6/8/50,9:37,0,0,0,0,31.435,0,0,0,0,0,0,0,0,0,0,0,0,0,0,0,0
7,6/8/50,9:38,0,0,0,0,0,0,0,0,0,0,0,0,0,0,0,0,0,0,0,0,0
7,6/8/50,9:39,0,0,0,0,0,0,0,0,0,0,0,0,0,0,0,0,0,0,0,0,0
7,6/8/50,9:40,0,0,0,0,0,0,0,0,0,0,0,0,0,0,0,0,0,0,0,0,0
7,6/8/50,9:41,0,0,0,0,0,0,0,0,0,0,0,0,0,0,0,0,0,0,0,0,0
7,6/8/50,9:42,0,0,0,0,0,0,0,0,0,0,0,0,0,0,0,0,0,0,0,0,0
7,6/8/50,9:43,0,0,0,0,0,0,0,0,0,0,0,0,0,0,0,0,0,0,0,0,0
7,6/8/50,9:44,0,0,0,0,0,0,0,0,0,0,0,0,0,0,0,0,0,0,0,0,0
7,6/8/50,9:45,0,0,0,0,0,0,0,0,0,0,0,0,0,0,0,0,0,0,0,0,0
7,6/8/50,9:46,0,0,0,0,0,0,0,0,0,0,0,0,0,0,0,0,0,0,0,0,0
7,6/8/50,9:47,68.472,0,0,0,0,0,0,0,0,0,0,0,0,0,0,0,0,0,0,0,0
7,6/8/50,9:48,0,0,0,0,0,0,0,0,0,0,0,0,0,0,0,0,0,0,0,0,0
7,6/8/50,9:49,0,0,0,0,0,0,0,0,0,0,0,0,0,0,0,0,0,0,0,0,0
7,6/8/50,9:50,0,0,0,0,0,0,0,0,0,0,0,0,0,0,0,0,0,0,0,0,0
7,6/8/50,9:51,0,0,0,0,0,0,0,0,0,0,0,0,0,0,0,0,0,0,0,0,0
7,6/8/50,9:52,0,0,0,0,0,0,0,0,0,0,0,0,0,0,0,0,0,0,0,0,0
7,6/8/50,9:53,0,0,0,0,0,0,0,0,0,0,0,0,0,0,0,0,0,0,0,0,0
7,6/8/50,9:54,0,0,0,0,0,0,0,0,0,0,0,0,0,0,0,0,0,0,0,0,0
7,6/8/50,9:55,0,0,0,0,0,0,0,0,0,33.416,0,0,0,0,0,0,0,0,0,0,0
7,6/8/50,9:56,0,0,0,0,0,0,0,0,0,29.193,0,0,0,0,0,0,0,0,0,37.278,0
7,6/8/50,9:57,0,0,0,0,0,0,0,0,0,19.068,0,0,0,0,0,0,0,0,0,109.939,0
7,6/8/50,9:58,0,0,0,0,0,0,0,0,0,22.436,0,0,0,0,0,0,0,0,0,104.121,0
7,6/8/50,9:59,0,0,0,0,0,0,0,0,0,0,0,0,0,0,0,0,0,0,0,173.805,0
7,6/8/50,10:00,0,0,0,0,0,0,0,0,0,0,0,0,0,0,0,0,0,0,0,0,0
7,6/8/50,10:01,0,0,0,0,0,0,0,0,0,0,0,0,0,0,0,0,0,0,0,0,0
7,6/8/50,10:02,0,0,0,0,0,0,0,0,0,0,0,0,0,0,0,0,0,0,0,0,0
7,6/8/50,10:03,0,0,0,0,0,0,0,0,0,0,0,0,0,0,0,0,0,0,0,0,0
7,6/8/50,10:04,0,0,0,0,0,0,0,0,0,0,0,0,0,0,0,0,0,0,0,0,0
7,6/8/50,10:05,0,0,0,0,0,0,0,0,0,0,0,0,0,0,0,0,0,0,0,0,0
7,6/8/50,10:06,0,0,0,0,0,0,0,0,0,0,0,0,0,0,0,0,0,nan,nan,nan,nan
7,6/8/50,10:07,0,0,0,0,0,0,0,0,0,0,0,0,0,0,0,0,0,nan,nan,nan,nan
7,6/8/50,10:08,0,0,0,0,0,0,0,0,0,0,0,0,0,0,0,0,0,nan,nan,nan,nan
7,6/8/50,10:09,0,0,0,0,0,0,0,0,0,0,0,0,0,0,0,0,0,nan,nan,nan,nan
7,6/8/50,10:10,0,0,0,0,0,0,0,0,0,0,0,0,0,0,0,0,0,nan,nan,nan,nan
7,6/8/50,10:11,0,0,0,0,0,0,0,0,0,0,0,0,0,0,0,0,0,nan,nan,nan,nan
7,6/8/50,10:12,0,0,0,0,0,0,0,0,0,0,0,0,0,0,0,0,0,nan,nan,nan,nan
7,6/8/50,10:13,0,0,0,0,0,0,0,0,0,0,0,0,0,0,0,0,0,nan,nan,nan,nan
7,6/8/50,10:14,0,0,0,0,0,0,0,0,0,0,0,0,0,0,0,0,0,nan,nan,nan,nan
7,6/8/50,10:15,0,0,0,0,0,0,0,0,0,0,0,0,0,0,0,0,0,nan,nan,nan,nan
7,6/8/50,10:16,0,0,0,0,0,0,0,0,0,0,0,0,0,0,0,0,0,nan,nan,nan,nan
7,6/8/50,10:17,0,0,0,0,0,0,0,0,0,0,0,0,0,0,0,0,0,nan,nan,nan,nan
7,6/8/50,10:18,0,0,0,0,0,0,0,0,0,0,0,0,0,0,0,0,0,nan,nan,nan,nan
7,6/8/50,10:19,0,0,0,0,0,0,0,0,0,0,0,0,0,0,0,0,0,nan,nan,nan,nan
7,6/8/50,10:20,0,0,0,0,0,0,0,0,0,0,0,0,0,0,0,0,0,nan,nan,nan,nan
7,6/8/50,10:21,0,0,0,0,0,0,0,0,0,0,0,0,0,0,0,0,0,nan,nan,nan,nan
7,6/8/50,10:22,0,0,0,0,0,0,0,0,0,0,0,0,0,0,0,0,0,nan,nan,nan,nan
7,6/8/50,10:23,0,0,0,0,0,0,0,0,0,0,52.599,0,0,0,0,0,0,nan,nan,nan,nan
7,6/8/50,10:24,0,0,0,0,0,0,0,0,0,0,127.581,0,0,nan,nan,nan,nan,nan,nan,nan,nan
7,6/8/50,10:25,0,0,0,0,0,0,0,0,0,0,90.242,0,0,0,0,0,0,0,0,0,0
7,6/8/50,10:26,0,0,0,0,0,0,0,0,0,0,84.158,0,0,0,0,0,0,0,0,0,0
7,6/8/50,10:27,0,0,0,0,0,0,0,0,0,0,56.31,0,0,0,0,0,0,0,0,0,0
7,6/8/50,10:28,0,0,0,0,0,0,0,0,0,0,7.935,0,0,0,0,0,51.205,0,0,0,0
7,6/8/50,10:29,0,0,0,0,0,0,0,0,0,0,77.965,0,0,0,0,0,86.328,0,0,0,0
7,6/8/50,10:30,0,0,0,0,0,0,0,0,0,0,74.234,0,0,0,0,0,52.917,0,0,0,0
7,6/8/50,10:31,0,0,0,0,0,0,0,0,0,0,19.404,0,0,0,0,0,18.58,0,0,0,0
7,6/8/50,10:32,0,0,0,0,0,0,0,0,0,0,0,0,0,0,0,0,18.671,0,0,0,0
7,6/8/50,10:33,0,0,0,0,0,0,0,0,0,0,nan,nan,nan,0,0,0,74.496,0,23.136,0,0
7,6/8/50,10:34,0,0,0,0,0,0,0,0,0,0,nan,nan,nan,0,0,0,36.079,0,0,0,0
7,6/8/50,10:35,0,0,0,0,0,0,0,0,0,0,nan,nan,nan,0,0,0,136.797,0,0,0,25.089
7,6/8/50,10:36,0,0,0,0,0,0,0,0,39.304,0,nan,nan,nan,0,0,0,38.741,0,0,0,0
7,6/8/50,10:37,0,0,0,0,0,0,0,0,77.329,0,nan,nan,nan,0,27.99,0,0,0,0,0,0
7,6/8/50,10:38,0,0,0,0,0,0,0,0,43.542,0,0,0,0,0,71.473,0,140.01,0,32.644,0,0
7,6/8/50,10:39,0,0,0,0,0,0,0,0,39.632,0,0,0,0,0,44.315,0,116.211,0,22.685,0,0
7,6/8/50,10:40,0,0,0,0,0,0,0,0,86.984,0,0,0,0,0,26.705,0,0,0,50.808,0,0
7,6/8/50,10:41,0,0,0,0,0,0,0,0,27.832,0,0,0,0,0,33.202,0,162.093,0,34.045,0,0
7,6/8/50,10:42,0,0,37.2,0,0,0,0,0,40.458,0,0,0,0,0,0,0,70.076,0,41.067,0,62.475
7,6/8/50,10:43,0,0,88.838,0,0,0,0,0,15.166,0,0,0,0,0,0,0,44.566,0,82.83,0,17.525
7,6/8/50,10:44,0,0,4.058,0,0,0,0,0,17.329,0,0,0,0,0,0,0,0,0,0,0,0
7,6/8/50,10:45,0,0,60.518,0,0,0,0,0,115.044,0,0,0,0,0,0,0,50.008,0,0,0,0
7,6/8/50,10:46,0,0,0,0,0,0,0,0,88.737,0,0,0,0,0,0,0,187.858,0,0,0,0
7,6/8/50,10:47,0,0,16.397,0,0,0,0,0,92.616,0,0,0,0,0,0,0,187.599,0,0,0,0
7,6/8/50,10:48,0,0,91.882,0,0,0,0,0,25.973,0,0,0,0,0,0,0,194.615,0,0,0,0
7,6/8/50,10:49,0,0,74.752,0,0,0,0,0,43.955,0,0,0,0,0,0,0,0,0,11.872,0,0
7,6/8/50,10:50,0,0,101.834,0,0,0,0,0,117.306,0,0,0,0,0,0,0,79.09,0,47.891,0,0
7,6/8/50,10:51,0,0,126.222,0,0,0,0,0,102.007,0,0,31.993,0,0,0,0,0,0,41.948,0,0
7,6/8/50,10:52,0,0,108.542,0,0,0,0,0,136.316,0,0,139.987,0,0,0,0,0,0,61.109,0,79.697
7,6/8/50,10:53,0,0,51.906,0,0,0,0,0,82.57,0,0,147.125,0,0,0,0,0,0,0,0,8.313
7,6/8/50,10:54,0,0,41.36,0,0,0,0,0,0,0,0,0,0,0,0,0,123.519,0,0,0,27.413
7,6/8/50,10:55,0,0,45.667,0,0,76.784,0,0,0,0,0,25.208,0,0,0,0,211.56,0,0,0,112.624
7,6/8/50,10:56,0,0,0,0,0,56.147,0,0,81.13,0,0,58.272,0,0,0,0,47.924,0,0,0,0
7,6/8/50,10:57,0,0,0,0,0,0,0,0,0,0,0,75.077,0,0,0,0,0,0,0,0,0
7,6/8/50,10:58,0,0,0,0,0,0,0,0,33.524,0,0,50.048,0,0,0,0,85.785,0,0,0,0
7,6/8/50,10:59,0,0,7.617,0,0,23.4,0,0,98.527,0,0,0,0,0,0,0,7.955,0,0,0,0
7,6/8/50,11:00,0,0,73.105,0,0,16.927,0,0,51.824,0,0,0,0,0,0,0,0,0,0,0,0
7,6/8/50,11:01,0,0,0,0,0,0,0,0,65.66,0,0,0,0,0,0,0,0,0,0,0,0
7,6/8/50,11:02,0,0,134.457,0,0,0,0,0,0,0,0,0,0,0,0,0,0,0,0,0,0
7,6/8/50,11:03,0,0,97.564,0,0,28.549,0,0,107.862,0,0,0,0,0,0,0,0,0,0,0,18.146
7,6/8/50,11:04,0,0,0,0,0,35.239,0,0,98.728,0,0,0,0,0,0,0,0,0,0,0,178.48
7,6/8/50,11:05,0,0,0,0,0,118.252,0,0,0,0,0,0,0,0,0,0,0,0,0,0,195.708
7,6/8/50,11:06,61.511,0,0,0,0,7.161,0,0,0,0,0,0,0,0,0,0,0,0,0,0,24.713
7,6/8/50,11:07,0,0,0,0,0,104.72,0,0,0,0,0,0,0,0,0,0,0,0,0,0,29.801
7,6/8/50,11:08,0,0,0,0,0,24.95,0,0,0,0,0,0,0,0,0,51.556,0,0,0,0,25.805
7,6/8/50,11:09,0,0,0,0,0,25.578,0,0,0,0,0,0,0,0,0,144.621,0,0,0,0,28.758
7,6/8/50,11:10,71.47,0,0,0,0,0,0,0,0,0,0,0,0,0,0,53.671,0,0,0,0,68.541
7,6/8/50,11:11,48.334,0,0,0,0,0,0,0,0,0,0,0,0,0,0,110.106,0,0,0,0,0
7,6/8/50,11:12,51.896,0,0,0,0,33.345,0,0,0,0,0,0,0,0,0,0,0,0,0,0,0
7,6/8/50,11:13,84.856,0,0,0,0,0,0,0,0,0,0,0,0,0,0,91.206,0,0,0,0,0
7,6/8/50,11:14,35.108,0,0,0,0,0,0,0,0,0,0,0,0,0,0,124.103,0,0,0,0,0
7,6/8/50,11:15,98.858,0,0,0,0,0,0,0,0,0,0,0,0,0,0,78.98,0,0,0,0,0
7,6/8/50,11:16,69.067,0,0,0,0,0,0,0,0,0,0,0,0,0,0,117.83,0,0,0,0,0
7,6/8/50,11:17,99.448,0,0,0,0,0,0,0,0,0,0,0,0,0,0,98.229,0,0,0,0,0
7,6/8/50,11:18,118.131,0,0,0,0,0,0,0,0,0,0,0,0,0,0,73.793,0,0,0,0,47.373
7,6/8/50,11:19,101.362,0,0,0,0,0,0,0,0,0,0,0,0,91.888,0,197.162,0,0,0,37.199,0
7,6/8/50,11:20,0,0,0,0,0,0,0,0,0,0,0,0,0,136.222,0,117.742,0,0,0,51.265,0
7,6/8/50,11:21,nan,nan,nan,0,0,0,0,0,0,0,0,0,0,48.102,0,135.415,0,0,0,78.847,0
7,6/8/50,11:22,nan,nan,nan,0,0,0,0,0,0,0,0,0,0,132.281,0,119.02,0,0,0,47.254,0
7,6/8/50,11:23,nan,nan,nan,0,0,0,0,0,0,0,0,0,0,94.013,0,0,0,0,0,0,0
7,6/8/50,11:24,nan,nan,nan,0,0,0,0,0,0,0,0,0,0,99.873,0,0,0,0,0,0,0
7,6/8/50,11:25,nan,nan,nan,0,0,0,0,0,0,0,0,0,0,134.859,0,0,0,0,0,0,0
7,6/8/50,11:26,nan,nan,nan,0,0,0,0,0,0,0,0,0,0,57.915,0,0,0,0,0,0,0
7,6/8/50,11:27,nan,nan,nan,0,0,0,0,0,0,0,0,0,28.398,0,0,0,0,0,0,0,0
7,6/8/50,11:28,nan,nan,nan,0,0,0,0,0,0,0,0,0,22.606,15.441,0,0,0,0,0,0,0
7,6/8/50,11:29,nan,nan,nan,0,0,0,0,0,0,0,0,0,47.672,31.185,0,0,0,0,0,0,0
7,6/8/50,11:30,nan,nan,nan,0,0,0,0,0,0,0,0,0,34.558,27.086,0,0,0,0,0,0,0
7,6/8/50,11:31,nan,nan,nan,0,0,0,0,0,0,0,0,0,80.785,67.721,0,0,0,0,0,0,0
7,6/8/50,11:32,nan,nan,nan,0,0,0,0,0,0,0,0,0,37.875,53.853,0,0,0,0,0,0,0
7,6/8/50,11:33,nan,nan,nan,0,0,0,0,0,0,0,0,0,0,131.22,0,0,0,0,0,0,0
7,6/8/50,11:34,nan,nan,nan,0,0,0,0,0,0,0,0,0,0,84.05,0,0,0,0,0,0,0
7,6/8/50,11:35,nan,nan,nan,0,0,0,0,0,0,0,0,0,0,73.179,0,0,0,0,0,0,0
7,6/8/50,11:36,nan,nan,nan,0,0,0,0,0,0,0,0,0,0,20.065,0,0,0,0,0,0,0
7,6/8/50,11:37,0,0,0,0,0,0,0,0,0,0,0,0,0,75.809,0,0,0,0,0,0,0
7,6/8/50,11:38,0,0,0,0,0,0,0,0,0,0,0,0,0,105.015,0,0,0,34.989,0,0,0
7,6/8/50,11:39,0,0,0,0,0,0,0,0,0,0,0,0,0,144.846,0,0,0,63.887,0,0,0
7,6/8/50,11:40,0,0,0,0,0,0,0,0,0,0,0,0,0,46.944,0,0,0,72.838,0,0,0
7,6/8/50,11:41,0,0,0,0,0,0,0,0,0,0,0,0,0,71.576,0,0,0,28.861,0,0,0
7,6/8/50,11:42,0,0,0,0,0,0,0,0,0,0,0,0,0,70.636,0,0,0,10.001,0,0,0
7,6/8/50,11:43,0,0,0,0,0,0,0,0,0,0,0,0,0,10.877,0,0,0,31.861,0,0,0
7,6/8/50,11:44,0,0,0,0,0,0,0,0,0,0,0,0,0,25.426,0,0,0,0,0,0,0
7,6/8/50,11:45,0,0,0,0,0,0,0,0,0,0,0,0,0,84.246,0,0,0,0,0,0,0
7,6/8/50,11:46,0,0,0,0,0,0,0,0,0,0,0,0,0,78.813,0,0,0,0,0,0,0
7,6/8/50,11:47,0,0,0,0,0,0,0,0,0,0,0,0,0,108.639,17.715,2.109,0,0,0,0,0
7,6/8/50,11:48,0,0,0,0,0,0,0,0,0,0,0,0,0,81.319,110.876,64.869,0,0,0,0,0
7,6/8/50,11:49,0,0,0,0,0,0,0,0,0,0,0,0,0,102.148,82.612,51.694,0,0,0,0,0
7,6/8/50,11:50,0,0,0,0,0,0,0,0,0,0,0,0,0,136.491,61.747,158.561,0,0,0,0,0
7,6/8/50,11:51,0,0,0,0,0,0,0,0,0,0,0,0,0,197.537,140.156,63.625,0,0,0,0,0
7,6/8/50,11:52,0,0,0,0,0,0,0,0,0,0,0,0,0,131.79,129.736,146.004,0,0,0,0,0
7,6/8/50,11:53,0,0,0,0,0,0,0,0,0,0,0,0,0,133.137,136.01,89.387,0,0,0,0,0
7,6/8/50,11:54,0,0,0,0,0,0,0,0,0,0,0,0,0,154.18,95.868,168.146,0,0,0,0,0
7,6/8/50,11:55,0,0,0,0,0,0,0,0,0,0,0,0,0,174.189,85.01,191.529,0,0,0,0,0
7,6/8/50,11:56,0,0,0,0,0,0,0,0,0,0,0,0,0,178.72,115.331,88.191,0,0,0,0,0
7,6/8/50,11:57,0,0,0,0,0,0,0,0,0,0,0,0,0,74.451,203.452,61.39,0,0,0,0,0
7,6/8/50,11:58,0,0,0,0,0,0,0,0,0,0,0,0,0,136.995,170.001,15.865,0,0,0,0,0
7,6/8/50,11:59,0,0,0,0,0,0,0,0,0,0,0,0,0,74.914,45.502,0,0,0,0,0,0
7,6/8/50,12:00,0,0,0,0,0,0,0,0,0,0,0,0,0,115.898,0,0,0,0,0,0,0
7,6/8/50,12:01,0,0,0,0,0,0,0,0,0,0,0,0,0,17.028,0,0,0,0,0,0,0
7,6/8/50,12:02,0,0,0,0,0,0,0,0,0,0,0,0,0,17.058,0,0,0,0,0,0,0
7,6/8/50,12:03,0,0,0,0,0,0,0,0,0,0,0,0,0,88.368,0,0,0,0,0,0,0
7,6/8/50,12:04,0,0,0,0,0,0,0,0,0,0,0,0,0,11.43,0,0,0,0,0,0,0
7,6/8/50,12:05,0,0,0,0,0,0,0,0,0,0,0,0,0,83.571,0,0,0,0,0,0,0
7,6/8/50,12:06,0,0,0,0,0,0,0,0,0,0,0,0,0,0,0,0,0,0,0,0,0
7,6/8/50,12:07,0,0,0,0,0,0,0,0,0,0,0,0,0,0,0,0,0,0,0,0,0
7,6/8/50,12:08,0,0,0,0,0,0,0,0,0,0,0,0,0,0,0,0,0,0,0,0,0
7,6/8/50,12:09,0,0,0,0,0,0,0,0,0,0,0,0,0,0,0,0,0,0,0,0,0
7,6/8/50,12:10,0,0,0,0,0,0,0,0,0,0,0,0,0,0,0,0,0,0,0,0,0
7,6/8/50,12:11,0,0,0,0,0,0,0,0,0,0,0,0,0,0,0,0,0,0,0,0,0
7,6/8/50,12:12,0,0,0,0,0,0,0,0,0,0,0,0,0,0,0,0,0,0,0,0,0
7,6/8/50,12:13,0,0,0,0,0,0,0,0,0,0,0,0,0,0,0,0,0,0,0,0,0
7,6/8/50,12:14,0,0,0,0,0,0,0,0,0,0,0,0,0,0,0,0,0,0,0,0,0
7,6/8/50,12:15,0,0,0,0,0,0,0,0,0,0,0,0,0,0,0,0,0,0,32.621,0,0
7,6/8/50,12:16,0,0,0,0,0,0,0,0,0,0,0,0,0,0,0,0,0,0,0,0,0
7,6/8/50,12:17,0,0,0,0,0,0,0,0,0,0,0,0,0,0,0,0,0,0,0,0,0
7,6/8/50,12:18,0,0,0,0,0,0,0,0,0,0,0,0,0,0,0,0,0,0,32.27,0,0
7,6/8/50,12:19,0,0,0,0,0,0,0,0,0,0,0,0,0,0,0,0,0,0,82.361,0,0
7,6/8/50,12:20,0,0,0,0,0,0,0,0,0,0,0,0,0,0,0,0,0,0,118.703,0,0
7,6/8/50,12:21,0,0,0,0,0,0,0,0,0,0,0,0,0,0,0,0,0,0,26.929,0,0
7,6/8/50,12:22,0,0,0,0,0,0,0,0,0,0,0,0,0,0,0,0,0,0,0,0,0
7,6/8/50,12:23,0,0,0,0,0,0,0,0,0,0,0,0,0,0,0,0,0,0,0,0,0
7,6/8/50,12:24,0,0,0,0,0,0,0,0,0,0,0,0,0,0,0,0,0,0,0,0,0
7,6/8/50,12:25,0,0,0,0,0,0,0,0,0,0,0,29.025,0,0,0,0,0,0,0,0,0
7,6/8/50,12:26,0,0,0,0,0,0,0,0,0,0,0,32.297,0,0,0,0,0,0,34.549,0,0
7,6/8/50,12:27,0,0,0,0,54.907,0,0,0,0,0,0,24.417,0,0,0,0,0,0,73.603,0,0
7,6/8/50,12:28,0,0,0,0,27.184,0,0,0,0,0,0,0,0,0,0,0,0,0,35.5,0,0
7,6/8/50,12:29,0,0,0,0,102.967,0,0,0,0,0,0,0,0,0,0,0,0,0,0,0,0
7,6/8/50,12:30,0,0,0,0,64.182,0,0,0,0,0,0,0,0,0,0,0,0,0,29.058,0,0
7,6/8/50,12:31,0,0,0,0,37.306,32.485,0,0,0,0,0,0,0,0,0,0,0,0,37.626,0,0
7,6/8/50,12:32,0,0,0,0,52.565,0,0,0,0,0,0,0,0,0,0,0,0,0,76.719,0,0
7,6/8/50,12:33,0,0,0,0,25.756,3.875,0,0,0,0,0,0,0,0,0,0,0,0,0,0,0
7,6/8/50,12:34,0,0,0,0,53.171,69.9,0,0,0,0,0,0,0,0,0,0,0,0,0,0,0
7,6/8/50,12:35,0,0,0,0,23.326,57.293,0,0,0,0,0,0,0,0,0,0,0,0,0,0,0
7,6/8/50,12:36,0,0,0,0,56.322,66.706,0,0,0,0,0,0,0,0,0,0,0,0,0,0,0
7,6/8/50,12:37,0,0,0,0,37.27,27.005,0,0,0,0,0,0,0,0,0,0,0,0,0,0,0
7,6/8/50,12:38,0,0,0,0,61.881,69.228,0,0,0,0,0,0,0,0,0,0,0,0,0,0,0
7,6/8/50,12:39,0,0,0,0,23.122,32.695,0,0,0,0,0,0,0,0,0,0,0,0,0,0,0
7,6/8/50,12:40,0,0,0,0,65.405,0,0,0,0,0,0,0,0,0,0,0,0,0,0,0,0
7,6/8/50,12:41,0,0,0,0,28.101,0,0,0,0,0,24.116,0,0,0,0,0,0,0,0,0,0
7,6/8/50,12:42,0,0,0,0,0,0,0,0,0,0,31.403,0,0,0,0,0,0,0,0,0,0
7,6/8/50,12:43,0,0,0,24.4,0,0,0,0,0,0,69.957,0,0,0,0,0,0,0,0,0,0
7,6/8/50,12:44,0,0,0,18.029,122.049,0,0,0,0,0,49.505,0,0,0,0,0,0,0,0,0,0
7,6/8/50,12:45,0,0,0,65.869,33.821,0,0,0,0,0,66.89,0,0,0,0,0,0,0,0,0,0
7,6/8/50,12:46,0,0,0,106.262,55.855,0,0,0,0,0,57.668,0,0,0,0,0,0,0,0,0,0
7,6/8/50,12:47,0,0,0,41.409,22.062,0,0,0,0,0,92.369,0,0,0,0,0,0,0,0,0,0
7,6/8/50,12:48,0,0,0,0,37.155,0,0,0,0,0,101.812,0,0,0,0,0,0,0,0,0,0
7,6/8/50,12:49,0,0,0,0,32.318,0,0,0,0,0,41.996,0,0,0,0,0,0,0,0,0,0
7,6/8/50,12:50,0,0,0,0,57.08,0,0,0,0,0,0,0,0,0,0,0,0,0,0,0,0
7,6/8/50,12:51,0,0,0,23.37,37.472,0,0,0,0,0,0,0,0,0,0,0,0,0,0,0,0
7,6/8/50,12:52,0,0,0,0,38.281,0,0,0,0,0,0,0,0,0,0,0,0,0,0,0,0
7,6/8/50,12:53,0,0,0,0,83.238,0,0,0,0,0,0,0,0,0,0,0,0,0,0,0,0
7,6/8/50,12:54,0,0,0,0,41.791,0,0,0,0,0,0,0,47.436,0,0,0,0,0,0,0,0
7,6/8/50,12:55,0,0,0,0,40.837,0,43.236,0,0,0,0,0,31.655,0,0,0,0,0,0,0,0
7,6/8/50,12:56,0,0,0,0,0,0,29.283,0,0,0,0,0,57.805,0,0,0,0,0,0,0,0
7,6/8/50,12:57,0,0,0,0,0,0,0,0,0,0,0,0,19.487,0,0,0,0,0,0,0,0
7,6/8/50,12:58,0,0,0,0,0,0,0,0,0,0,0,0,14.272,0,0,0,0,0,0,0,0
7,6/8/50,12:59,0,0,0,0,0,0,0,0,0,0,0,0,60.617,0,0,0,0,0,0,0,0
7,6/8/50,13:00,0,0,0,0,0,0,0,0,0,0,0,0,47.169,0,0,0,0,0,0,0,0
7,6/8/50,13:01,0,0,0,0,0,0,0,0,0,0,0,0,31.147,0,0,0,0,0,0,0,0
7,6/8/50,13:02,0,0,0,0,0,0,0,0,0,0,0,0,0,0,0,0,0,0,0,0,0
7,6/8/50,13:03,0,0,0,0,0,0,0,0,0,0,0,0,0,0,0,0,100.586,0,0,0,0
7,6/8/50,13:04,0,0,0,0,0,0,0,0,0,0,0,0,0,0,0,0,0,0,0,0,0
7,6/8/50,13:05,0,0,0,0,0,0,0,0,0,0,0,0,0,0,0,0,40.077,0,0,0,0
7,6/8/50,13:06,0,0,0,0,0,0,0,0,0,0,0,0,0,0,0,0,0,0,0,0,0
7,6/8/50,13:07,0,0,0,0,0,0,0,0,0,0,0,0,0,0,0,0,0,0,0,0,0
7,6/8/50,13:08,0,0,0,0,0,0,0,0,0,25.084,0,0,0,0,0,0,0,0,0,0,0
7,6/8/50,13:09,0,0,0,0,0,0,0,0,0,23.639,0,0,0,0,0,0,0,0,0,0,0
7,6/8/50,13:10,0,0,0,0,0,0,0,0,0,0,0,0,0,0,0,0,0,0,0,0,0
7,6/8/50,13:11,0,0,0,0,0,0,0,0,0,0,0,0,0,0,0,0,58.519,0,0,0,0
7,6/8/50,13:12,0,0,0,0,0,0,0,0,0,0,0,0,0,0,0,0,9.025,46.749,0,0,0
7,6/8/50,13:13,0,0,0,0,0,0,0,0,0,0,0,0,0,0,0,0,73.766,31.138,0,0,0
7,6/8/50,13:14,0,0,0,0,0,0,0,0,0,0,0,0,0,0,0,0,52.128,0,0,0,0
7,6/8/50,13:15,0,0,0,0,0,0,0,0,0,0,0,0,0,0,0,0,66.7,0,0,0,0
7,6/8/50,13:16,0,0,0,0,0,0,0,nan,nan,nan,0,0,0,0,0,0,64.337,0,0,0,0
7,6/8/50,13:17,0,0,0,0,0,0,0,0,0,0,0,0,0,0,0,0,137.077,0,0,0,0
7,6/8/50,13:18,0,0,0,0,0,0,0,0,0,0,0,0,0,0,79.454,0,49.396,0,0,0,0
7,6/8/50,13:19,0,0,0,0,0,0,0,0,0,0,0,0,0,0,12.184,0,23.785,0,0,0,0
7,6/8/50,13:20,0,0,0,0,0,0,0,0,0,0,0,0,0,0,118.543,160.149,53.667,0,0,0,0
7,6/8/50,13:21,0,22.344,0,0,0,0,0,0,0,0,0,0,0,0,70.081,79.341,96.725,0,0,0,0
7,6/8/50,13:22,0,136.573,0,0,0,0,0,0,0,0,0,0,0,0,33.406,31.593,0,0,0,0,0
7,6/8/50,13:23,0,101.017,0,0,0,0,0,0,0,0,0,0,0,0,48.627,0,0,0,0,0,0
7,6/8/50,13:24,0,105.178,0,0,0,0,0,0,0,0,0,0,0,0,0,0,0,0,0,0,0
7,6/8/50,13:25,0,93.083,0,0,0,0,0,0,0,0,0,0,0,0,0,0,0,0,0,0,0
7,6/8/50,13:26,0,21.077,0,0,0,0,0,0,0,0,0,0,0,0,0,0,0,0,0,0,0
7,6/8/50,13:27,0,0,0,0,0,0,0,0,0,24.258,0,0,0,0,0,0,0,0,0,0,0
7,6/8/50,13:28,0,69.106,0,0,0,0,0,0,0,22.658,0,0,0,0,0,0,0,0,0,0,0
7,6/8/50,13:29,30.742,178.233,0,0,0,0,0,0,0,0,0,0,0,0,0,0,0,0,0,0,0
7,6/8/50,13:30,0,37.926,0,0,0,0,0,0,0,0,0,0,0,0,0,0,0,0,0,0,0
7,6/8/50,13:31,47.661,0,0,0,0,0,0,0,0,28.044,0,0,0,0,0,0,0,0,0,0,0
7,6/8/50,13:32,87.873,0,0,0,0,0,0,0,0,0,0,0,0,0,0,0,0,0,0,0,0
7,6/8/50,13:33,68.892,0,0,0,0,0,0,0,0,0,0,0,0,0,0,0,0,0,23.344,0,23.557
7,6/8/50,13:34,53.208,0,0,0,0,0,0,0,0,0,0,0,0,0,0,0,0,0,18.669,0,0
7,6/8/50,13:35,53.427,0,0,0,0,0,0,0,0,0,0,0,0,0,0,0,0,0,25.273,0,0
7,6/8/50,13:36,82.916,0,0,0,0,0,0,0,0,0,0,0,0,0,0,0,0,0,29.74,0,0
7,6/8/50,13:37,73.447,0,0,0,0,0,0,0,0,0,0,0,0,0,0,0,0,0,39.344,0,0
7,6/8/50,13:38,55.777,0,0,0,0,0,0,0,0,0,0,0,0,0,0,0,0,0,53.287,0,128.255
7,6/8/50,13:39,64.193,0,0,0,0,0,0,0,0,0,0,0,0,0,0,0,0,0,12.322,0,181.924
7,6/8/50,13:40,35.203,0,0,0,0,43.648,0,0,0,0,0,0,0,0,0,0,0,0,17.074,0,130.669
7,6/8/50,13:41,0,0,0,0,0,31.961,0,0,0,0,0,0,0,0,0,0,0,0,63.425,0,148.166
7,6/8/50,13:42,0,0,0,0,0,65.528,0,0,0,0,0,0,0,0,0,0,0,0,36.8,0,202.815
7,6/8/50,13:43,0,0,0,0,0,71.769,0,0,0,0,0,0,0,0,0,0,0,0,26.701,0,58.28
7,6/8/50,13:44,0,0,0,0,0,10.594,0,0,0,0,0,0,0,0,0,0,0,0,25.021,0,0
7,6/8/50,13:45,0,0,0,0,0,0,0,0,0,0,0,0,0,0,0,0,0,0,92.191,0,0
7,6/8/50,13:46,0,0,0,0,0,0,0,0,0,0,0,0,0,0,0,0,0,0,4.506,0,0
7,6/8/50,13:47,0,0,0,0,0,0,0,0,0,0,0,0,0,0,0,0,0,0,26.453,0,0
7,6/8/50,13:48,0,0,0,0,0,0,0,0,0,0,0,0,0,0,0,0,0,0,31.005,0,92.771
7,6/8/50,13:49,0,0,0,0,0,0,0,0,0,0,0,0,0,0,0,0,0,0,0,0,0
7,6/8/50,13:50,0,0,25.842,0,0,0,0,0,0,0,0,0,0,0,0,0,0,0,65.733,0,0
7,6/8/50,13:51,0,0,0,0,0,0,0,0,0,0,0,0,0,0,0,0,0,0,64.449,0,0
7,6/8/50,13:52,0,0,0,0,0,0,0,0,0,0,0,0,0,54.358,0,0,0,0,125.242,0,0
7,6/8/50,13:53,0,0,97.382,0,0,0,0,0,0,0,0,0,0,0,0,0,0,0,31.586,0,2.487
7,6/8/50,13:54,0,0,68.952,0,0,0,0,0,0,0,0,0,0,33.151,0,0,0,0,23.886,0,64.18
7,6/8/50,13:55,0,0,29.768,0,0,0,0,0,0,0,0,0,0,23.17,0,0,0,0,51.794,0,0
7,6/8/50,13:56,0,0,97.423,0,0,0,0,0,0,0,0,0,0,12.63,0,0,0,0,16.62,0,0
7,6/8/50,13:57,0,0,9.103,0,0,0,0,0,0,0,0,42.994,0,82.096,0,0,0,0,49.071,0,0
7,6/8/50,13:58,0,0,44.86,0,0,0,0,0,0,0,0,15.957,0,25.689,0,0,0,0,34.756,0,0
7,6/8/50,13:59,0,0,93.937,0,0,0,0,0,0,0,0,178.357,0,24.17,0,0,0,0,67.353,0,0
7,6/8/50,14:00,0,0,0,0,0,0,0,0,0,0,0,45.358,0,14.182,0,0,0,0,0,0,0
7,6/8/50,14:01,0,0,20.599,0,0,0,0,14.12,0,0,0,14.955,0,14.433,0,0,0,0,0,0,0
7,6/8/50,14:02,0,0,101.89,0,0,0,0,49.269,0,0,0,0,0,15.993,0,0,0,0,0,0,112.877
7,6/8/50,14:03,0,0,0,0,0,0,0,64.701,0,0,0,0,0,25.275,0,0,0,0,0,0,0
7,6/8/50,14:04,0,0,33.048,0,0,0,0,88.715,0,0,0,63.374,0,27.949,0,0,0,0,0,0,93.639
7,6/8/50,14:05,0,0,0,0,0,0,0,0,0,0,0,63.335,0,107.869,0,0,0,0,0,0,113.483
7,6/8/50,14:06,0,0,0,0,0,0,0,29.195,0,0,0,67.28,0,26.461,0,0,0,0,0,0,0
7,6/8/50,14:07,0,0,0,0,0,0,0,81.884,0,0,73.899,77.618,0,75.117,0,0,0,0,0,0,0
7,6/8/50,14:08,0,0,0,0,0,0,0,31.797,0,0,104.508,23.024,0,0,0,0,0,0,0,0,0
7,6/8/50,14:09,0,0,0,0,0,0,0,0,0,0,126.943,86.671,0,0,0,0,0,0,0,0,0
7,6/8/50,14:10,0,0,0,0,0,0,0,0,0,0,69.203,0,0,0,0,0,0,0,0,0,0
7,6/8/50,14:11,0,0,0,0,0,0,0,0,0,0,117.503,0,0,0,0,0,0,0,0,0,0
7,6/8/50,14:12,0,0,0,0,0,0,0,0,0,0,67.563,0,0,0,0,0,0,0,0,0,0
7,6/8/50,14:13,0,0,0,0,0,0,0,0,0,0,122.889,0,0,0,0,0,0,0,0,0,0
7,6/8/50,14:14,0,0,0,0,0,0,0,0,0,0,102.959,0,0,0,0,0,0,0,0,0,0
7,6/8/50,14:15,0,0,0,0,0,0,0,0,0,0,88.721,0,0,0,0,0,0,0,0,0,0
7,6/8/50,14:16,0,0,0,0,0,0,0,0,0,0,81.819,0,0,0,0,0,0,0,0,0,0
7,6/8/50,14:17,0,0,0,0,0,0,0,0,0,0,0,0,0,0,0,0,0,0,0,0,0
7,6/8/50,14:18,0,0,0,0,0,0,0,10.694,0,0,0,0,0,0,0,0,0,0,0,0,0
7,6/8/50,14:19,0,0,0,0,110.844,0,0,0,0,0,0,0,0,0,0,0,0,0,0,0,0
7,6/8/50,14:20,0,0,0,0,58.196,0,0,0,0,0,0,0,0,0,0,0,0,0,0,0,0
7,6/8/50,14:21,0,0,0,0,31.859,0,0,0,0,0,0,0,0,0,0,0,0,0,0,0,0
7,6/8/50,14:22,0,0,0,0,59.991,0,0,0,0,0,0,0,0,0,0,0,0,0,0,0,0
7,6/8/50,14:23,0,0,0,0,0,0,0,0,0,0,0,0,0,0,0,0,0,0,0,0,0
7,6/8/50,14:24,0,0,0,0,0,0,0,0,0,0,0,0,0,0,0,0,0,0,0,0,0
7,6/8/50,14:25,0,0,0,0,0,0,0,0,0,0,0,0,0,0,0,0,0,0,0,0,0
7,6/8/50,14:26,0,0,0,0,0,0,0,0,0,0,0,0,0,0,0,0,0,0,0,0,0
7,6/8/50,14:27,0,0,0,0,0,0,0,0,0,0,0,0,0,0,0,0,0,0,0,0,0
7,6/8/50,14:28,0,0,0,0,0,0,0,0,0,0,0,0,0,0,0,0,0,0,0,0,0
7,6/8/50,14:29,0,0,0,0,0,0,0,0,0,0,0,0,0,0,0,0,0,0,0,0,0
7,6/8/50,14:30,0,0,0,0,0,0,0,0,0,0,0,0,0,0,0,0,0,0,0,0,0
7,6/8/50,14:31,0,0,0,0,0,0,0,0,0,0,0,0,0,0,0,0,0,0,0,0,0
7,6/8/50,14:32,0,0,0,0,0,0,0,0,0,0,0,0,0,0,0,0,0,0,0,0,0
7,6/8/50,14:33,0,0,0,0,0,0,0,0,0,0,0,0,62.297,0,0,0,0,0,0,0,0
7,6/8/50,14:34,0,0,0,0,0,0,0,0,0,0,0,0,26.082,0,0,0,0,0,0,0,0
7,6/8/50,14:35,0,0,0,0,0,0,0,0,0,0,0,0,5.177,0,0,0,0,0,0,0,0
7,6/8/50,14:36,0,0,0,0,0,0,0,0,0,0,0,0,33.75,0,0,0,0,0,0,0,0
7,6/8/50,14:37,0,0,0,0,0,0,0,0,0,0,0,0,38.162,0,0,0,0,0,0,0,0
7,6/8/50,14:38,0,0,0,0,0,0,0,0,32.528,0,0,0,58.251,0,0,0,0,0,0,0,0
7,6/8/50,14:39,0,0,0,0,0,0,0,0,34.454,0,0,0,44.18,0,0,0,0,0,0,0,0
7,6/8/50,14:40,0,0,0,0,0,0,0,0,38.036,0,0,0,47.231,0,0,0,0,0,0,0,0
7,6/8/50,14:41,0,0,0,0,0,0,0,0,22.873,0,0,0,0,0,0,0,0,0,0,0,0
7,6/8/50,14:42,0,0,0,0,0,30.899,0,0,22.615,0,0,0,0,0,0,0,0,0,0,0,0
7,6/8/50,14:43,0,0,0,0,0,0,0,0,67.701,0,0,0,0,0,0,0,0,0,0,0,0
7,6/8/50,14:44,0,0,0,24.432,0,94.279,0,0,41.55,0,0,0,0,0,0,0,0,0,0,0,0
7,6/8/50,14:45,0,0,0,43.443,0,44.664,0,0,34.837,0,0,0,0,0,0,0,0,0,0,0,0
7,6/8/50,14:46,0,0,0,34.855,0,66.053,0,0,33.323,0,0,0,0,0,0,0,0,0,0,0,0
7,6/8/50,14:47,0,0,0,0,0,10.341,0,0,56.652,0,0,0,0,0,0,0,0,0,0,0,0
7,6/8/50,14:48,0,0,0,0,0,42.706,0,0,26.372,0,0,0,0,0,0,0,0,0,0,0,0
7,6/8/50,14:49,0,0,0,0,0,81.157,0,0,35.305,0,0,0,0,0,0,0,0,0,0,0,0
7,6/8/50,14:50,0,0,0,0,0,77.651,0,0,23.843,0,0,0,0,0,40.678,0,0,0,0,0,0
7,6/8/50,14:51,0,0,0,0,0,0,0,0,9.531,0,0,0,0,0,34.542,0,0,0,0,0,0
7,6/8/50,14:52,0,0,0,0,0,70.054,0,0,48.943,0,0,0,0,0,119.216,0,0,0,0,0,0
7,6/8/50,14:53,0,0,0,0,0,161.821,0,0,0,0,0,0,0,0,48.485,0,23.46,0,0,0,0
7,6/8/50,14:54,0,0,0,0,0,12.08,0,0,0,0,0,0,0,0,91.35,0,16.013,0,0,0,0
7,6/8/50,14:55,0,0,0,0,0,87.76,0,0,0,0,0,0,0,0,73.588,0,91.259,0,0,0,0
7,6/8/50,14:56,0,0,0,0,0,0,0,0,0,0,0,0,0,0,74.857,0,123.13,0,0,0,0
7,6/8/50,14:57,0,0,0,0,0,0,0,0,0,0,0,0,0,0,39.711,0,93.585,0,0,0,0
7,6/8/50,14:58,0,0,0,0,0,0,0,0,0,0,0,0,0,0,132.312,0,92.167,0,0,0,0
7,6/8/50,14:59,0,0,0,0,0,0,0,0,0,0,0,0,0,0,0,0,58.123,0,0,0,0
7,6/8/50,15:00,0,0,0,0,0,0,0,0,0,0,0,0,0,0,0,0,40.721,0,0,0,0
7,6/8/50,15:01,0,0,0,0,0,0,0,0,0,0,0,0,0,0,0,0,92.008,0,0,0,0
7,6/8/50,15:02,0,0,0,0,0,0,0,0,0,0,0,0,0,0,0,0,174.573,0,0,0,0
7,6/8/50,15:03,0,0,0,0,0,0,0,0,0,0,0,0,0,0,0,0,92.485,0,0,0,0
7,6/8/50,15:04,0,0,0,0,0,0,0,0,0,0,0,0,0,0,0,0,72.375,0,0,0,0
7,6/8/50,15:05,0,0,0,0,0,0,0,0,0,0,0,0,0,0,0,0,61.937,0,0,0,0
7,6/8/50,15:06,0,0,0,0,0,0,0,0,0,0,0,0,0,93.409,0,0,67.224,0,0,0,0
7,6/8/50,15:07,0,0,0,0,0,0,0,0,0,0,0,0,0,57.945,0,46.383,91.544,0,0,0,0
7,6/8/50,15:08,0,0,0,0,0,0,0,0,0,0,0,0,0,0,0,36.033,78.81,0,0,0,0
7,6/8/50,15:09,0,0,0,0,0,0,0,0,0,0,0,0,0,16.319,0,66.231,82.993,0,0,0,0
7,6/8/50,15:10,0,0,0,0,0,0,0,0,0,0,0,0,0,12.95,0,29.706,0,0,0,0,0
7,6/8/50,15:11,0,0,0,0,0,0,0,0,0,0,0,0,0,24.657,0,0,0,0,0,0,0
7,6/8/50,15:12,0,0,0,0,0,0,0,0,0,0,0,0,0,59.398,0,0,0,0,0,0,0
7,6/8/50,15:13,0,0,0,0,0,0,0,0,0,0,0,0,0,46.937,0,0,0,0,0,0,0
7,6/8/50,15:14,0,0,0,0,0,0,0,0,0,0,0,0,0,21.291,0,0,0,0,0,0,0
7,6/8/50,15:15,0,0,0,0,0,0,0,0,0,0,0,0,0,7.022,0,0,0,0,0,0,0
7,6/8/50,15:16,0,0,0,0,0,0,0,0,0,0,0,0,0,29.876,0,0,0,0,0,0,0
7,6/8/50,15:17,0,0,0,0,0,0,0,0,0,0,0,0,0,77.363,0,0,0,0,0,0,0
7,6/8/50,15:18,0,0,0,0,0,0,0,0,0,0,0,0,0,23.028,0,0,0,0,0,0,0
7,6/8/50,15:19,0,0,0,0,0,0,0,0,0,0,0,0,0,15.235,0,0,0,0,0,0,0
7,6/8/50,15:20,0,0,0,0,0,0,0,0,0,0,0,0,0,39.359,0,0,0,0,0,0,0
7,6/8/50,15:21,0,133.347,0,0,0,0,0,0,0,0,0,0,0,51.876,0,0,0,0,0,35.004,0
7,6/8/50,15:22,0,128.083,0,0,0,0,0,0,0,0,0,0,0,13.083,0,0,0,0,0,37.063,0
7,6/8/50,15:23,0,77.34,0,0,0,0,0,0,0,0,0,0,0,0,0,0,0,0,0,132.557,0
7,6/8/50,15:24,0,22.817,0,0,0,0,0,0,0,0,0,0,0,0,0,0,0,0,0,0,0
7,6/8/50,15:25,0,66.408,0,0,0,0,0,0,0,0,0,0,0,0,0,0,0,0,0,33.261,0
7,6/8/50,15:26,0,60.262,0,0,0,0,0,0,0,0,0,0,0,0,0,0,0,0,0,41.6,0
7,6/8/50,15:27,0,28.475,0,0,0,0,0,0,0,0,0,0,0,0,0,0,0,0,0,64.145,0
7,6/8/50,15:28,0,0,0,0,0,0,0,0,0,0,0,0,0,0,0,0,0,0,0,57.138,0
7,6/8/50,15:29,0,0,0,0,0,0,0,0,0,0,0,0,0,0,0,0,0,0,0,0,0
7,6/8/50,15:30,0,0,0,0,0,0,0,0,0,0,0,0,0,0,0,0,0,0,0,0,0
7,6/8/50,15:31,0,0,0,0,0,0,0,0,0,0,0,0,0,0,0,0,0,0,0,0,0
7,6/8/50,15:32,0,62.336,0,0,0,0,0,0,0,0,0,0,0,0,0,0,0,0,0,0,0
7,6/8/50,15:33,0,98.325,0,0,0,0,0,0,0,0,0,0,0,0,0,0,0,0,0,0,0
7,6/8/50,15:34,54.532,23.462,0,0,0,0,0,0,0,0,0,0,0,0,0,0,0,0,0,0,0
7,6/8/50,15:35,5.621,0,0,0,0,0,0,0,0,0,0,0,0,0,0,0,0,0,0,0,0
7,6/8/50,15:36,72.496,0,0,0,60.303,0,0,0,0,0,0,0,0,0,0,0,0,0,0,0,0
7,6/8/50,15:37,69.612,0,0,0,0,0,0,0,0,0,0,0,0,0,0,0,0,0,0,0,0
7,6/8/50,15:38,46.438,0,0,0,38.603,0,0,0,0,0,0,0,0,0,0,0,0,0,0,0,0
7,6/8/50,15:39,99.19,0,25.316,0,33.745,0,0,0,0,0,0,0,0,0,0,0,0,0,0,0,0
7,6/8/50,15:40,79.661,0,15.484,0,57.259,0,0,0,0,0,0,0,0,0,0,0,0,0,0,0,0
7,6/8/50,15:41,100.415,0,25.451,0,28.905,0,0,0,0,0,0,0,0,0,0,0,0,0,0,0,0
7,6/8/50,15:42,117.985,0,3.026,0,56.522,0,0,0,0,0,96.275,0,0,0,0,0,0,0,0,0,0
7,6/8/50,15:43,73.737,0,31.869,0,53.765,0,0,0,0,0,84.084,0,0,0,0,0,0,0,0,0,0
7,6/8/50,15:44,67.741,0,19.781,0,22.15,0,0,0,0,0,105.61,0,0,0,0,0,0,0,0,0,0
7,6/8/50,15:45,75.859,0,122.494,0,35.464,0,0,0,0,0,58.628,1.124,0,0,0,0,0,0,0,0,23.759
7,6/8/50,15:46,45.44,0,112.434,0,66.54,0,0,0,0,0,29.282,74.876,0,0,0,0,0,0,0,0,0
7,6/8/50,15:47,65.675,0,9.482,0,56.31,0,0,0,0,0,84.479,72.305,0,0,0,0,0,0,0,0,0
7,6/8/50,15:48,31.361,0,38.364,0,54.484,0,0,0,0,0,43.077,118.718,0,0,0,0,0,0,0,0,0
7,6/8/50,15:49,32.991,0,98.498,0,43.116,0,0,0,0,0,132.177,0,0,0,0,0,0,0,0,0,0
7,6/8/50,15:50,94.538,0,41.881,0,97.753,0,0,0,0,0,126.066,0,0,0,0,0,0,0,0,0,0
7,6/8/50,15:51,76.625,0,48.96,0,0,0,0,0,0,0,74.313,0,0,0,0,0,0,0,0,0,55.52
7,6/8/50,15:52,69.583,0,115.41,0,0,0,0,0,0,0,125.675,0,0,0,0,0,0,49.054,0,0,0
7,6/8/50,15:53,41.971,0,143.943,0,0,0,0,0,0,0,113.29,0,0,0,0,0,0,59.009,0,0,0
7,6/8/50,15:54,44.47,0,38.98,24.911,0,0,0,0,0,0,79.622,0,0,0,0,0,0,74.293,0,0,0
7,6/8/50,15:55,28.006,0,9.506,48.533,0,0,0,0,0,0,81.2,0,0,0,0,0,0,49.482,0,0,0
7,6/8/50,15:56,44.973,0,0,79.506,0,0,0,0,0,0,114.915,0,0,0,0,0,0,0,0,0,0
7,6/8/50,15:57,0,0,57.451,14.607,0,0,0,0,0,0,61.365,0,0,0,0,0,0,0,0,0,0
7,6/8/50,15:58,0,0,19.599,10.071,0,0,0,0,0,0,81.027,0,0,0,0,0,0,45.827,23.55,0,0
7,6/8/50,15:59,0,0,52.716,127.945,0,0,0,0,0,0,0,0,0,0,0,0,0,74.906,0,0,0
7,6/8/50,16:00,0,0,74.638,36.392,0,0,0,0,62.603,0,0,0,0,0,0,0,0,125.954,0,0,0
7,6/8/50,16:01,0,0,139.247,29.239,0,0,0,0,33.27,0,0,0,0,0,0,0,0,0,0,0,0
7,6/8/50,16:02,0,0,32.803,55.589,0,30.368,0,0,53.324,0,0,0,61.429,0,0,0,0,0,14.392,0,0
7,6/8/50,16:03,0,0,12.626,0,0,42.002,0,0,59.422,0,0,0,44.774,0,0,0,0,0,13.877,0,30.549
7,6/8/50,16:04,0,0,80.252,50.684,0,59.343,0,0,25.801,0,0,0,17.277,0,0,0,0,0,7.623,0,54.116
7,6/8/50,16:05,0,0,0,30.905,0,61.396,0,0,54.384,0,0,0,64.19,0,0,0,0,0,0,0,0
7,6/8/50,16:06,0,0,0,87.911,0,54.105,0,0,69.593,0,0,0,19.559,0,0,0,0,0,0,0,0
7,6/8/50,16:07,0,0,0,48.38,0,72.185,0,0,31.697,0,0,0,55.736,0,0,0,0,0,21.131,0,21.837
7,6/8/50,16:08,0,0,0,86.699,0,38.36,0,0,61.169,0,0,0,92.665,0,0,0,0,0,30.571,0,80.055
7,6/8/50,16:09,0,0,0,22.327,0,0,0,0,54.29,0,0,0,55.297,0,0,0,0,0,116.181,0,51.631
7,6/8/50,16:10,0,0,0,0,0,77.153,0,0,37.027,0,0,0,30.574,0,0,0,0,0,25.754,0,177.936
7,6/8/50,16:11,0,0,0,0,0,0,0,0,26.091,0,0,0,74.277,0,0,0,0,0,52.196,0,0
7,6/8/50,16:12,0,0,0,0,0,0,0,0,63.516,0,0,0,78.317,0,0,0,0,0,3.413,0,0
7,6/8/50,16:13,0,0,0,0,0,0,0,0,38.047,0,0,0,63.227,0,0,0,0,0,0,0,0
7,6/8/50,16:14,0,0,0,0,0,0,0,0,63.82,0,0,0,37.205,0,0,0,0,0,47.164,0,0
7,6/8/50,16:15,0,0,0,0,0,0,0,0,36.458,0,0,0,30.41,0,0,0,0,0,0,0,0
7,6/8/50,16:16,0,0,0,0,0,0,0,0,59.395,0,0,0,0,0,0,0,0,0,0,0,0
7,6/8/50,16:17,0,0,0,0,0,0,0,0,44.574,0,0,0,0,0,0,0,123.927,0,0,0,0
7,6/8/50,16:18,0,0,0,0,0,0,4,0,23.028,0,0,0,0,0,0,0,97.402,0,0,0,0
7,6/8/50,16:19,0,0,0,0,0,0,64.85,0,29.241,0,0,0,0,0,0,0,65.725,0,0,0,0
7,6/8/50,16:20,0,0,0,0,0,0,22.968,0,64.312,0,0,0,0,0,0,0,76.332,0,0,0,0
7,6/8/50,16:21,0,0,0,0,0,0,56.223,0,28.204,0,0,0,0,0,0,0,37.328,0,0,0,0
7,6/8/50,16:22,0,0,0,0,0,0,34.249,0,23.93,0,0,0,0,0,0,0,57.396,0,0,0,0
7,6/8/50,16:23,0,0,0,0,0,0,0,0,38.939,0,0,0,0,0,0,0,16.878,0,0,0,0
7,6/8/50,16:24,0,0,0,0,0,0,0,0,128.482,0,0,0,0,0,0,0,67.462,0,0,0,0
7,6/8/50,16:25,0,0,0,0,0,0,0,0,30.543,0,0,0,0,0,0,0,64.281,0,0,0,0
7,6/8/50,16:26,0,0,0,0,0,0,0,0,18.443,0,0,0,0,0,0,0,76.668,0,0,0,0
7,6/8/50,16:27,0,0,0,0,0,0,0,0,59.115,0,0,0,0,0,0,0,69.406,0,0,0,0
7,6/8/50,16:28,0,0,0,0,0,0,0,0,31.716,0,0,0,0,0,0,0,47.6,0,0,0,0
7,6/8/50,16:29,0,0,0,0,0,0,0,0,40.865,0,0,0,0,0,0,0,67.719,0,0,0,0
7,6/8/50,16:30,0,0,0,0,0,0,0,0,58.444,0,0,0,0,0,0,0,140.583,0,0,0,0
7,6/8/50,16:31,0,0,0,0,0,0,0,0,86.816,0,0,0,0,0,0,0,147.547,0,0,0,0
7,6/8/50,16:32,0,0,0,0,0,0,0,0,12.192,0,0,0,0,40.317,0,0,38.632,0,0,0,0
7,6/8/50,16:33,0,0,0,0,0,0,0,0,70.727,0,0,0,0,27.283,0,0,77.032,0,0,0,0
7,6/8/50,16:34,0,0,0,0,0,0,0,0,34.885,0,0,0,0,18.803,0,0,22.64,0,0,0,0
7,6/8/50,16:35,0,0,0,0,0,0,0,0,62.509,0,0,0,0,31.239,0,0,33.802,0,0,0,0
7,6/8/50,16:36,0,0,0,0,0,0,0,0,43.196,0,0,0,0,77.267,0,0,0,0,0,0,0
7,6/8/50,16:37,0,0,0,0,0,0,0,0,66.94,0,0,0,0,11.298,0,0,0,0,0,0,0
7,6/8/50,16:38,0,0,0,0,0,0,0,0,16.425,0,0,0,0,9.389,0,0,0,0,0,0,0
7,6/8/50,16:39,0,0,0,0,0,0,0,0,70.195,0,0,0,0,26.213,0,0,0,0,0,0,0
7,6/8/50,16:40,0,0,0,0,0,0,0,0,52.864,0,0,0,0,45.162,0,0,0,0,0,0,0
7,6/8/50,16:41,0,0,0,0,0,31.302,0,67.725,42.366,0,0,0,0,45.108,0,0,0,0,0,0,0
7,6/8/50,16:42,0,0,0,0,0,32.608,0,65.216,36.411,0,0,0,0,47.144,0,0,0,0,0,0,0
7,6/8/50,16:43,0,0,0,0,0,52.798,0,48.364,49.107,0,0,0,0,30.598,0,0,0,0,0,0,0
7,6/8/50,16:44,0,0,0,0,0,139.603,0,94.063,0,0,0,0,0,35.639,0,0,0,0,0,0,0
7,6/8/50,16:45,0,0,0,0,0,46.585,0,89.966,0,0,0,46.875,0,0,39.914,0,0,0,0,0,0
7,6/8/50,16:46,0,0,0,0,0,29.442,0,38.96,0,0,0,87.281,0,0,72.171,0,0,0,0,0,0
7,6/8/50,16:47,0,0,0,0,0,29.654,0,50.198,0,0,0,43.957,0,0,57.828,0,0,0,0,0,0
7,6/8/50,16:48,0,0,0,0,0,0,0,30.159,0,0,0,87.306,0,0,117.607,0,0,0,0,0,0
7,6/8/50,16:49,0,0,0,0,0,68.674,0,22.848,0,0,0,89.125,0,0,116.898,0,0,0,0,0,0
7,6/8/50,16:50,0,0,0,0,0,80.585,0,51.396,0,0,0,86.336,0,0,42.811,0,0,0,0,0,0
7,6/8/50,16:51,0,0,0,0,0,56.715,0,14.249,0,55.497,0,148.824,0,0,73.209,0,0,0,0,0,0
7,6/8/50,16:52,0,0,0,0,0,81.541,0,0,0,0,0,115.478,0,0,0,0,0,0,0,0,0
7,6/8/50,16:53,0,0,0,0,0,0,0,0,0,0,0,90.878,0,0,0,0,0,0,0,0,0
7,6/8/50,16:54,0,0,0,0,0,0,0,52.636,0,35.028,0,43.029,0,0,0,0,0,0,0,0,0
7,6/8/50,16:55,0,0,0,0,0,0,0,0,0,62.986,0,0,0,0,0,0,0,0,0,0,0
7,6/8/50,16:56,0,0,0,0,0,0,0,0,0,68.029,0,0,0,0,0,0,0,0,0,0,0
7,6/8/50,16:57,0,0,0,0,0,0,0,0,0,68.496,0,0,0,0,0,0,0,0,0,0,0
7,6/8/50,16:58,0,0,0,0,0,0,0,0,0,42.064,0,0,0,0,0,0,0,0,0,0,0
7,6/8/50,16:59,0,0,0,0,0,0,0,0,0,94.703,0,0,0,0,0,0,0,0,0,0,0
7,6/8/50,17:00,0,0,0,0,85.047,0,0,0,0,58.288,0,0,0,0,0,0,0,0,0,0,0
7,6/8/50,17:01,0,0,0,0,78.403,0,0,0,0,14.637,0,0,0,0,0,0,0,0,0,0,0
7,6/8/50,17:02,0,0,0,0,77.172,0,0,0,0,56.918,0,0,0,0,0,0,0,0,0,0,0
7,6/8/50,17:03,0,25.422,0,0,59.29,0,0,0,0,1.553,0,0,0,0,0,0,0,0,0,0,0
7,6/8/50,17:04,0,88.711,0,72.524,43.845,0,0,0,0,0,0,0,0,0,0,0,0,0,0,0,0
7,6/8/50,17:05,0,83.251,0,32.816,65.275,0,0,0,0,0,0,0,0,0,0,0,0,0,0,0,0
7,6/8/50,17:06,0,85.085,0,69.579,61.573,0,0,0,0,0,0,0,0,0,0,0,0,0,0,36.653,0
7,6/8/50,17:07,0,196.704,0,63.556,79.253,0,0,0,0,0,0,0,0,0,0,0,0,0,0,16.11,0
7,6/8/50,17:08,98.703,142,0,132.438,53.977,0,43.998,0,0,0,0,0,0,0,0,0,0,0,0,0,0
7,6/8/50,17:09,88.565,0,0,74.243,53.822,0,36.905,0,0,0,0,0,0,0,0,0,0,0,0,71.209,23.974
7,6/8/50,17:10,109.194,0,0,76.704,63.216,0,36.531,0,0,0,0,0,0,0,0,0,0,0,0,75.21,87.926
7,6/8/50,17:11,44.16,118.396,0,39.938,76.927,0,87.283,0,0,0,0,0,0,0,0,0,0,0,0,140.373,7.482
7,6/8/50,17:12,84.392,96.051,0,114.98,44.615,0,63.116,0,0,0,0,0,0,0,0,0,0,0,0,69.029,72.594
7,6/8/50,17:13,69.659,0,0,17.72,74.466,0,114.083,0,0,0,0,0,0,0,0,0,0,0,0,0,0
7,6/8/50,17:14,77.95,0,0,0,62.489,0,63.574,0,0,0,0,0,0,0,0,0,0,0,0,0,0
7,6/8/50,17:15,42.067,0,0,0,112.215,0,68.329,0,0,0,0,0,0,0,0,0,90.348,0,0,0,37.179
7,6/8/50,17:16,28.322,0,41.84,0,55.48,0,45.78,0,0,0,0,0,0,0,0,0,68.261,0,0,0,0
7,6/8/50,17:17,0,0,47.283,0,45.056,0,0,0,0,0,0,0,0,0,0,0,94.247,0,52.71,0,84.589
7,6/8/50,17:18,0,0,17.699,0,55.199,0,0,0,0,0,0,0,0,0,0,0,96.392,0,19.456,0,77.97
7,6/8/50,17:19,0,0,72.498,0,0,0,0,0,0,0,0,0,0,0,0,0,51.506,0,26.437,0,0
7,6/8/50,17:20,0,0,87.528,0,0,0,0,0,0,0,0,0,87.205,0,0,0,84.604,64.141,50.207,0,0
7,6/8/50,17:21,0,0,43.555,0,0,0,0,0,0,0,0,0,117.535,0,0,0,61.562,62.389,0,0,90.893
7,6/8/50,17:22,0,0,57.4,0,0,0,0,0,0,0,0,0,44.127,0,0,0,29.356,101.902,16.422,0,84.767
7,6/8/50,17:23,0,0,29.091,0,0,0,0,0,0,0,0,0,78.147,0,0,0,79.974,0,21.184,0,0
7,6/8/50,17:24,0,0,59.251,0,0,0,0,0,0,0,0,0,59.298,0,0,0,58.964,0,67.146,0,0
7,6/8/50,17:25,0,0,45.637,0,0,0,0,0,0,0,0,0,20.97,0,0,0,95.052,0,54.881,0,0
7,6/8/50,17:26,0,0,85.943,0,0,0,0,0,0,0,0,0,45.05,0,0,0,91.253,0,11.224,0,0
7,6/8/50,17:27,0,0,57.225,0,0,0,0,0,0,0,0,0,50.612,0,0,0,112.662,0,45.723,0,0
7,6/8/50,17:28,0,0,34.307,0,0,0,0,0,0,0,0,0,78.779,0,0,0,89.027,0,33.056,0,0
7,6/8/50,17:29,0,0,0,0,0,0,0,0,0,0,0,0,68.784,0,0,0,109.461,0,27.547,0,0
7,6/8/50,17:30,0,0,0,0,0,0,0,0,0,0,0,0,0,0,0,0,95.792,0,18.303,0,0
7,6/8/50,17:31,0,0,0,0,0,0,0,0,30.26,0,0,0,0,0,0,76.266,85.811,0,42.756,0,0
7,6/8/50,17:32,0,0,0,0,0,30.581,0,0,185.03,0,0,0,0,0,2.483,44.179,115.455,0,33.255,0,0
7,6/8/50,17:33,0,0,0,0,0,65.613,0,0,0,0,0,0,0,0,76.466,64.902,92.035,0,0,0,0
7,6/8/50,17:34,0,0,0,0,0,43.66,0,0,0,0,65.949,0,0,0,46.144,0,126.99,0,0,0,0
7,6/8/50,17:35,0,0,0,0,0,17.057,0,0,0,0,46.249,0,0,0,94.856,0,73.124,0,0,0,0
7,6/8/50,17:36,0,0,0,0,0,122.606,0,0,0,0,5.32,0,0,0,88.796,0,138.171,0,0,0,0
7,6/8/50,17:37,0,0,0,0,0,62.393,0,0,0,0,5.766,0,0,0,60.895,0,102.262,0,0,0,0
7,6/8/50,17:38,0,0,0,0,0,67.252,0,0,0,0,7.94,0,0,0,0,0,92.832,0,0,0,0
7,6/8/50,17:39,0,0,0,42.011,0,96.531,0,0,0,0,6.529,0,0,0,26.651,0,59.323,0,0,0,0
7,6/8/50,17:40,0,0,0,44.87,0,0,0,0,0,0,5.566,0,0,0,0,0,21.152,0,0,0,0
7,6/8/50,17:41,0,0,0,43.037,0,0,0,24.653,0,0,5.918,0,0,0,0,0,63.393,0,0,0,0
7,6/8/50,17:42,0,0,0,67.248,0,0,0,67.447,0,0,30.263,0,0,49.898,0,0,156.133,0,0,0,0
7,6/8/50,17:43,0,0,0,92.435,0,0,0,47.077,0,0,0,0,0,42.719,0,0,123.413,0,0,0,0
7,6/8/50,17:44,0,0,0,76.407,0,0,0,105.167,0,0,0,0,0,32.278,0,0,74.504,0,0,0,0
7,6/8/50,17:45,0,0,0,45.989,0,0,0,67.708,0,10.458,0,0,0,51.222,0,0,66.515,0,0,0,0
7,6/8/50,17:46,0,0,0,61.046,0,0,0,84.232,0,0,0,0,0,8.397,0,0,102.242,0,0,0,0
7,6/8/50,17:47,0,0,0,41.688,0,0,0,85.054,0,0,0,0,0,32.936,0,0,48.529,0,0,0,0
7,6/8/50,17:48,0,0,0,0,0,0,0,58.064,56.469,0,0,0,0,7.318,0,0,113.095,0,0,0,0
7,6/8/50,17:49,0,151.609,0,0,0,0,0,39.356,49.473,0,0,84.407,0,14.853,0,0,187.944,0,0,0,0
7,6/8/50,17:50,0,166.309,0,0,0,0,0,0,0,0,0,48.16,0,37.96,0,0,0,0,0,0,0
7,6/8/50,17:51,0,110.105,0,0,0,0,0,0,71.878,0,0,101.55,0,86.948,0,0,111.589,0,0,0,0
7,6/8/50,17:52,0,55.245,0,0,0,0,0,0,29.229,0,0,92.186,0,13.3,0,0,63.546,0,0,0,0
7,6/8/50,17:53,0,31.782,0,0,0,0,0,0,67.498,0,0,89.409,0,35.208,0,0,68.549,0,0,31.53,68.005
7,6/8/50,17:54,141.044,0,0,0,0,0,0,0,50.568,0,0,90.519,0,44.486,0,0,160.385,0,0,46.558,58.465
7,6/8/50,17:55,81.391,102.473,0,0,0,0,47.247,0,0,0,0,37.494,0,52.686,0,0,138.527,0,0,31.38,0
7,6/8/50,17:56,89.911,117.536,0,0,0,0,66.46,0,0,0,0,53.14,0,59.76,0,0,0,0,0,42.969,46.111
7,6/8/50,17:57,61.343,97.954,0,0,0,33.077,61.026,0,0,0,0,76.23,0,0,0,0,0,0,0,116.058,101.706
7,6/8/50,17:58,91.724,23.333,0,0,0,103.168,22.43,0,0,0,0,0,0,0,0,0,0,0,0,2.508,18.879
7,6/8/50,17:59,89.265,0,0,0,0,58.105,74.432,0,0,0,0,0,0,0,0,0,0,0,0,0,43.169
7,6/8/50,18:00,60.046,0,0,0,0,178.956,95.464,0,0,72.328,0,0,0,0,0,0,0,116.016,0,0,74.614
7,6/8/50,18:01,0,0,0,0,0,52.988,0,0,0,151.978,0,0,0,0,0,0,0,62.548,0,0,90.106
7,6/8/50,18:02,0,0,0,0,0,52.955,0,0,0,98.342,0,0,69.954,0,0,0,0,89.124,0,0,60.516
7,6/8/50,18:03,0,0,0,0,0,86.286,0,0,0,64.093,0,0,134.913,0,0,0,0,104.34,0,0,98.168
7,6/8/50,18:04,0,146.435,186.315,0,0,112.654,113.796,0,76.089,22.76,0,0,149.572,0,0,0,0,48.326,0,0,62.046
7,6/8/50,18:05,0,69.413,49.495,0,0,106.551,129.352,0,171.011,252.055,0,0,128.149,0,0,0,0,0,0,0,0
7,6/8/50,18:06,0,129.115,186.186,0,0,120.188,143.262,0,105.006,201.406,0,0,176.161,0,65.88,209.7,0,0,0,0,257.532
7,6/8/50,18:07,0,165.502,186.152,0,41.315,0,84.446,30.397,148.445,106.5,0,0,236.886,0,199.216,160.947,0,0,0,0,227.531
7,6/8/50,18:08,0,202.645,177.047,0,58.825,115.511,108.854,146.379,110.124,216.093,0,0,192.462,0,172.602,191.495,0,42.224,0,0,17.676
7,6/8/50,18:09,0,144.826,103.888,0,107.303,29.007,19.497,171.54,89.623,180.052,0,0,109.22,0,133.764,192.313,0,70.012,0,0,62.555
7,6/8/50,18:10,0,119.912,77.548,0,184.736,0,0,190.661,106.766,137.025,0,0,127.696,0,191.133,200.619,0,88.586,0,0,75.242
7,6/8/50,18:11,0,212.374,151.836,0,143.766,59.385,0,0,55.301,162.563,0,0,135.288,0,0,201.512,0,122.053,0,0,106.439
7,6/8/50,18:12,0,214.081,315.965,45.11,215.996,104.598,0,0,48.19,78.482,0,0,147.106,0,75.632,169.888,0,87.787,0,0,50.1
7,6/8/50,18:13,0,155.218,106.532,23.917,147.966,146.207,0,145.672,37.369,113.115,0,0,113.496,0,37.072,75.77,0,0,20.338,0,49.385
7,6/8/50,18:14,0,107.409,37.418,71.745,92.201,69.869,0,122.071,63.534,72.863,0,0,107.094,0,82.707,121.524,0,140.555,132.624,0,111.059
7,6/8/50,18:15,0,171.715,110.693,105.579,150.015,156.437,0,128.91,61.979,69.819,0,0,42.243,0,92.537,51.148,0,112.738,57.049,0,70.21
7,6/8/50,18:16,0,84.037,132.965,125.012,133.05,123.357,0,123.479,7.687,0,0,0,27.776,0,51.033,124.942,0,61.06,0,57.11,68.262
7,6/8/50,18:17,0,112.509,127.682,117.569,142.565,76.89,0,111.438,33.387,0,0,0,56.088,0,0,122.27,0,59.036,45.779,77.248,118.233
7,6/8/50,18:18,0,218.706,20.93,107.499,73.643,89.592,0,26.839,14.926,0,0,0,42.977,72.406,0,86.378,0,0,20.63,145.726,59.46
7,6/8/50,18:19,0,112.827,131.292,118.704,77.585,112.206,0,38.859,39.478,0,0,0,66.876,18.024,0,101.448,0,65.873,23.125,103.874,78.019
7,6/8/50,18:20,36.322,199.681,74.547,99.492,62.946,0,0,52.156,60.764,0,0,89.921,106.109,36.845,0,119.294,30.836,53.817,10.517,101.779,62.024
7,6/8/50,18:21,144.826,222.71,0,16.021,126.573,0,43.386,104.632,49.8,0,11.329,174.206,88.559,76.362,0,168.217,131.818,0,57.437,44.048,79.424
7,6/8/50,18:22,152.166,185.891,0,0,56.709,17.189,60.388,67.823,43.651,0,60.626,70.594,95.901,106.125,0,118.688,281.801,0,43.944,88.123,67.969
7,6/8/50,18:23,23.989,142.542,207.358,0,63.074,43.054,100.358,22.465,73.821,0,29.174,30.706,89.748,45.622,0,52.702,72.094,0,24.591,60.581,16.476
7,6/8/50,18:24,189.634,29.853,121.1,0,89.53,85.823,67.471,122.171,0,0,73.453,0,42.949,45.727,0,39.978,155.37,0,37.578,34.829,74.252
7,6/8/50,18:25,189.468,0,168.394,0,46.772,84.805,109.476,80.896,0,0,45.452,0,0,34.104,0,37.992,0,0,66.313,0,73.996
7,6/8/50,18:26,97.698,48.325,113.472,0,18.231,0,47.31,162.079,34.919,0,13.414,0,29.025,47.299,0,97.531,54.72,0,39.606,0,46.114
7,6/8/50,18:27,51.557,204.275,133.108,0,47.046,20.929,0,107.854,137.409,0,118.925,0,67.531,64.516,0,129.077,58.99,0,59.701,102.861,140.54
7,6/8/50,18:28,126.763,160.793,94.715,0,0,35.259,0,59.891,35.599,0,53.278,0,100.38,6.826,0,106.311,127.028,0,44.911,68.092,58.297
7,6/8/50,18:29,61.622,151.361,50.041,0,0,0,0,66.147,53.396,0,81.051,0,79.797,34.484,0,15.741,82.304,0,72.11,51.956,66.311
7,6/8/50,18:30,138.165,161.372,33.211,0,0,0,0,18.483,38.402,0,91.735,77.497,99.339,47.337,0,32.576,93.581,0,89.823,40.344,154.596
7,6/8/50,18:31,77.583,143.396,102.805,0,64.206,0,0,37.07,0.454,0,63.762,136.032,8.905,96.117,0,13.932,212.803,0,15.651,96.335,92.555
7,6/8/50,18:32,38.752,167.244,0,74.741,99.777,0,0,39.916,34.082,0,40.097,108.039,36.708,31.168,0,115.234,278.133,0,27.07,0,28.077
7,6/8/50,18:33,123.129,136.478,0,65.209,106.883,0,0,61.552,35.484,0,54.738,138.804,63.321,24.297,0,196.765,133.147,33.938,122.113,30.796,66.025
7,6/8/50,18:34,57.29,195.644,88.292,91.88,60.181,0,0,72.542,72.129,0,24.36,100.704,49.526,33.464,119.599,84.661,118.972,109.869,20.128,77.236,59.615
7,6/8/50,18:35,99.062,137.688,110.276,106.046,60.209,0,0,98.024,35.233,0,55.527,70.17,66.62,26.279,166.209,73.065,34.384,129.971,7.97,108.134,30.902
7,6/8/50,18:36,122.872,89.862,0,127.214,86.84,31.007,0,29.83,32.46,0,76.808,38.059,7.113,98.971,90.332,16.926,44.601,0,63.041,22.612,56.613
7,6/8/50,18:37,118.951,166.891,199.178,93.628,69.527,11.678,0,67.136,63.191,0,54.313,70.547,24.887,22.726,107.605,12.612,0,0,44.32,58.118,52.636
7,6/8/50,18:38,135.379,148.359,132.304,51.189,128.904,30.096,0,19.618,16.225,0,51.27,0,106.622,58.718,0,13.442,19.443,0,19.742,112.145,39.32
7,6/8/50,18:39,220.924,106.862,84.496,129.567,94.545,118.832,0,24.936,20.827,0,81.885,0,43.665,75.791,0,13.704,55.201,0,91.152,16.718,76.906
7,6/8/50,18:40,152.925,163.501,137.454,112.939,52.016,0,0,39.989,50.291,0,98.343,0,77.562,25.827,50.889,106.311,52.835,0,45.242,23.626,89.005
7,6/8/50,18:41,44.098,17.32,61.193,71.078,89.069,76.026,0,13.389,28.877,0,48.298,0,98.495,40.653,35.012,97.654,31.736,0,23.803,63.588,117.91
7,6/8/50,18:42,28.882,0,129.684,22.8,125.116,160.377,44.45,103.115,33.878,0,50.292,0,16.897,159.682,107.425,87.45,19.112,51.774,89.267,121.761,92.94
7,6/8/50,18:43,34.068,0,72.289,156.02,69.182,76.941,89.324,0,18.541,0,104.756,0,43.659,40.228,106.264,36.779,56.913,86.818,20.604,126.84,68.803
7,6/8/50,18:44,59.882,87.426,74.459,38.106,106.331,0,63.509,101.369,38.403,0,110.238,0,53.041,86.026,105.434,39.987,115.78,51.065,43.673,60.088,84.497
7,6/8/50,18:45,67.292,116.752,66.657,0,47.237,0,34.921,52.105,51.48,0,57.077,0,14.544,38.153,110.283,96.994,0,28.947,24.317,34.537,10.14
7,6/8/50,18:46,200.549,194.229,108.68,0,68.768,21.13,22.488,67.333,74.034,0,102.682,0,74.125,82.911,111.867,81.854,78.939,100.151,0,149.716,47.441
7,6/8/50,18:47,68.609,168.909,140.13,0,104.788,18.943,0,48.829,29.913,0,131.877,0,128.664,19.459,57.861,71.715,8.073,55.013,9.086,58.631,74.653
7,6/8/50,18:48,38.819,184.434,125.967,0,45.866,62.885,0,67.576,29.334,0,48.797,0,117.551,83.818,38.153,24.44,0,54.106,55.634,79.526,74.61
7,6/8/50,18:49,69.253,180.772,35.53,0,51.863,82.999,0,71.117,42.544,0,0,92.764,101.917,53.541,101.59,95.262,25.12,61.304,28.667,96.579,60.55
7,6/8/50,18:50,96.362,188.206,185.195,0,0,0,0,80.914,9.579,0,0,91.035,19.916,35.993,115.679,132.89,51.919,62.723,71.337,112.431,86.007
7,6/8/50,18:51,58.688,172.142,99.783,0,71.779,43.56,0,137.939,9.582,27.768,0,126.79,23.958,30.236,80.081,122.372,63.225,68.336,39.311,71.589,69.874
7,6/8/50,18:52,89.674,209.979,84.286,76.145,140.054,9.291,0,70.161,55.138,17.357,0,34.958,112.77,50.778,79.466,19.82,4.609,81.262,33.439,14.182,35.943
7,6/8/50,18:53,103.403,243.204,212.462,88.469,35.084,56.57,0,121.47,42.14,11.95,0,0,0,33.336,50.035,12.932,83.922,97.389,26.18,99.148,0
7,6/8/50,18:54,123.15,194.162,94.545,11.358,0,36.853,0,40.103,14.256,13.833,0,0,69.509,38.539,97.45,13.705,118.517,46.983,87.197,28.74,0
7,6/8/50,18:55,57.867,180.39,64.663,64.021,49.425,0,33.459,0,45.667,16.706,0,0,123.503,12.548,94.637,12.275,0.694,70.733,5.125,0,0
7,6/8/50,18:56,111.472,153.925,103.371,29.258,45.956,76.63,72.906,0,0,92.967,0,0,89.316,64.764,58.292,52.274,37.438,67.459,32.609,20.003,0
7,6/8/50,18:57,125.437,13.896,120.374,0,83.595,0,50.412,0,0,59.195,0,48.979,43.598,106.153,101.86,0,84.407,38.911,87.47,0.956,0
7,6/8/50,18:58,58.293,63.684,43.449,0,51.153,81.526,14.048,0,0,76.383,0,83.312,74.065,47.949,51.663,0,0,20.008,32.163,0,0
7,6/8/50,18:59,153.875,153.633,77.928,0,37.915,97.526,83.173,0,0,41.177,0,197.808,74.385,7.079,93.909,0,0,0,25.252,0.858,0
7,6/8/50,19:00,81.031,171.548,20.482,96.259,0,21.088,125.533,0,0,72.582,0,71.652,66.488,8.626,123.315,0,0,19.173,13.705,0,0
7,6/8/50,19:01,20.054,196.376,0,125.278,0,79.334,39.214,0,0,79.749,0,13.698,67.831,7.181,86.558,0,17.844,106.08,38.83,44.56,0
7,6/8/50,19:02,51.286,114.856,0,142.374,90.493,14.338,0,34.05,0,112.886,0,111.436,128.287,18.555,0,0,111.236,37.325,0,74.746,0
7,6/8/50,19:03,87.164,220.077,86.813,89.027,82.948,44.823,0,90.273,0,0,0,97.494,148.626,90.045,0,62.688,73.639,83.049,0,56.95,0
7,6/8/50,19:04,38.128,296.715,23.126,24.781,134.332,0,0,55,0,0,0,59.984,80.972,38.238,0,92.247,85.858,101.972,0,56.11,0
7,6/8/50,19:05,0,283.069,87.02,99.044,83.327,0,0,95.289,0,0,0,109.54,64.754,88.69,0,69.581,78.833,43.012,0,10.332,0
7,6/8/50,19:06,0,240.847,124.461,0,64.538,24.274,57.534,30.959,0,0,0,0,0,136.913,0,25.312,52.648,0,0,31.865,0
7,6/8/50,19:07,0,158.271,133.835,0,84.474,115.8,28.002,0,0,0,102.031,0,0,38.964,0,19.959,15.586,0,0,22.504,0
7,6/8/50,19:08,0,93.365,112.073,0,40.957,70.836,37.181,0,0,19.559,17.162,0,51.751,32.001,0,122.977,0,0,0,43.433,0
7,6/8/50,19:09,51.979,36.238,60.026,0,60.436,31.92,29.895,0,0,17.998,19.763,0,24.005,0,0,138.148,57.947,0,0,98.384,0
7,6/8/50,19:10,104.295,200.311,24.931,93.222,49.538,21.799,44.206,0,0,11.241,77.921,0,154.35,0,0,109.101,93.526,0,0,38.955,0
7,6/8/50,19:11,59.149,135.797,9.277,86.575,126.412,66.451,77.871,0,0,14.281,73.183,0,0,60.089,0,228.575,76.449,0,0,123.535,0
7,6/8/50,19:12,137.128,159.679,0,85.219,164.685,6.28,35.834,0,0,20.513,61.566,0,38.803,68.338,0,149.254,71.462,0,0,58.447,0
7,6/8/50,19:13,70.761,102.873,0,82.358,46.882,92.6,39.976,0,0,57.629,62.4,0,77.194,11.859,0,128.599,75.402,0,0,70.059,0
7,6/8/50,19:14,76.302,227.327,0,0,75.418,0,82.561,0,0,115.359,87.339,108.605,83.442,35.308,59.958,68.88,19.586,0,0,22.911,0
7,6/8/50,19:15,75.398,159.873,0,95.887,20.34,0,23.706,0,0,54.086,75.627,95.547,0,101.685,85.807,17.776,53.278,0,0,105.7,0
7,6/8/50,19:16,194.825,120.504,0,124.436,49.382,0,0,0,0,67.471,26.129,59.077,41.028,81.693,110.953,25.118,116.91,0,0,136.304,0
7,6/8/50,19:17,107.309,4.651,0,78.602,74.538,0,0,0,0,29.727,30.477,105.865,0,93.879,39.922,90.34,35.247,0,0,79.428,0
7,6/8/50,19:18,102.867,0,0,32.379,0,0,0,0,0,38.314,0,0,0,92.387,0,29.768,25.231,0,0,164.491,0
7,6/8/50,19:19,85.816,0,0,0,40.731,0,0,94.116,0,0,0,0,0,53.626,0,100.463,119.701,0,0,61.111,0
7,6/8/50,19:20,119.019,110.293,0,0,108.939,0,16.46,121.344,0,0,0,0,0,0,0,21.544,91.602,0,0,13.002,0
7,6/8/50,19:21,16.585,191.584,0,0,72.181,0,75.079,58.109,39.461,0,0,55.73,0,44.872,0,16.25,98.527,0,0,100.545,0
7,6/8/50,19:22,69.559,118.639,0,0,42.982,0,106.717,114.728,33.683,0,0,78.385,0,46.616,0,92.924,0,0,0,50.198,0
7,6/8/50,19:23,101.088,127.154,0,0,46.577,0,109.432,88.031,19.009,0,0,93.638,0,14.824,0,105.792,0,0,0,0,0
7,6/8/50,19:24,35.407,159.131,0,0,61.457,0,32.058,92.679,87.969,0,0,79.438,0,44.13,88.459,93.48,0,67.214,0,0,0
7,6/8/50,19:25,49.089,160.837,0,0,43.544,0,0,79.995,58.43,0,0,92.127,0,75.576,79.383,92.554,0,103.528,0,32.179,0
7,6/8/50,19:26,32.708,109.786,0,0,81.76,0,0,40.888,45.999,0,0,0,0,12.011,88.961,55.582,155.709,66.137,85.774,81.354,0
7,6/8/50,19:27,20.665,168.689,22.602,0,11.816,0,0,19.448,34.021,0,0,0,0,0,61.766,25.534,15.761,149.112,53.043,81.973,52.8
7,6/8/50,19:28,76.6,106.406,65.567,0,110.66,0,0,159.924,0,0,0,40.11,0,0,57.211,186.369,71.588,73.359,58.039,85.9,139.735
7,6/8/50,19:29,61.379,249.832,161.127,0,173.562,0,0,20.34,24.068,0,0,57.591,0,47.704,77.96,79.545,35.663,119.696,16.752,0,36.099
7,6/8/50,19:30,15.897,171.975,134.32,0,20.161,0,0,44.039,23.424,0,0,29.26,0,50.178,98.84,52.888,95.596,93.598,16.087,0,0
7,6/8/50,19:31,62.931,150.441,60.294,0,52.801,0,0,186.891,42.281,0,0,0,0,81.935,90.298,123.723,54.262,74.073,67.474,26.706,0
7,6/8/50,19:32,84.454,130.015,102.895,0,38.349,0,0,26.398,0,0,0,0,0,36.879,38.817,160.104,0,38.731,100.836,50.285,0
7,6/8/50,19:33,31.387,139.065,92.201,95.93,41.329,0,0,126.763,0,0,0,0,0,10.458,100.265,103.798,0,47.695,13.323,125.099,0
7,6/8/50,19:34,42.144,180.839,84.631,66.858,77.811,0,0,76.662,0,0,0,0,0,10.772,23.764,24.495,0,51.51,44.955,145.042,59.719
7,6/8/50,19:35,72.721,236.114,140.317,29.023,46.65,0,0,111.14,0,0,0,0,0,40.636,156.478,57.432,0,84.99,18.002,66.197,72.197
7,6/8/50,19:36,167.982,95.625,90.923,113.966,42.978,0,0,1.664,0,0,96.354,0,0,0,48.986,146.409,0,95.112,81.421,17.029,161.265
7,6/8/50,19:37,88.75,116.936,73.246,174.561,65.868,0,0,24.012,0,0,81.272,0,0,27.241,0,69.966,0,0,35.894,44.267,15.829
7,6/8/50,19:38,56.813,9.063,69.079,91.02,18.066,0,0,88.534,0,0,96.797,0,0,57.45,0,94.74,0,45.356,39.07,110.267,0
7,6/8/50,19:39,99.028,0,136.491,94.342,44.373,0,0,93.009,1.822,0,64.758,0,0,37.849,57.468,15.538,0,62.346,59.047,61.098,0
7,6/8/50,19:40,19.033,134.35,65.511,19.207,113.135,0,0,91.75,57.55,0,39.483,0,0,60.043,66.658,14.252,0,99.023,26.562,12.347,0
7,6/8/50,19:41,24.003,55.581,105.835,0,46.169,0,0,0,99.867,0,56.762,0,0,14.116,93.72,119.851,0,108.354,60.335,73.287,57.131
7,6/8/50,19:42,67.284,147.075,101.012,0,87.267,0,0,38.612,0,0,99.273,52.734,0,41.299,142.265,0,0,0,39.592,20.09,104.471
7,6/8/50,19:43,213.142,50.346,171.738,0,27.83,0,0,97.742,0,0,89.038,49.769,0,30.48,131.809,115.122,0,49.101,51.906,50.816,31.278
7,6/8/50,19:44,68.598,158.047,120.429,0,44.987,0,0,81.558,70.953,0,37.039,147.078,0,0,100.85,81.934,0,0,51.381,28.332,100.991
7,6/8/50,19:45,20.707,214.699,132.701,61.784,18.337,96.261,0,119.357,64.366,0,56.772,51.426,0,0,0,27.336,0,56.144,27.652,94.684,11.902
7,6/8/50,19:46,31.851,211.349,126.728,90.077,79.109,116.241,0,75.318,17.76,0,58.146,0,0,88.35,99.687,17.659,0,115.775,24.886,48.001,104.902
7,6/8/50,19:47,103.295,204.758,48.331,96.04,56.87,74.012,0,48.971,40.727,0,107.267,0,0,68.971,22.349,15.56,0,86.23,39.052,60.61,69.763
7,6/8/50,19:48,30.838,228.056,171.923,70.687,79.583,0,0,85.409,0,0,72.623,0,0,37.763,118.137,9.002,0,0,38.141,124.827,74.229
7,6/8/50,19:49,38.579,195.663,119.349,166.407,78.844,0,0,61.302,0,47.01,95.708,0,0,31.358,0,14.604,0,38.154,13.586,88.036,118.834
7,6/8/50,19:50,25.577,208.711,142.56,41.366,37.367,0,0,42.934,0,84.436,0,0,0,31.03,23.933,37.344,0,42.807,53.187,22.154,84.534
7,6/8/50,19:51,38.39,100.275,81.15,62.947,119.498,42.609,46.205,65.37,0,115.831,0,63.259,0,67.7,47.193,91.842,0,0,17.387,44.398,149.923
7,6/8/50,19:52,28.75,177.283,15.745,48.578,34.137,0,99.783,0,0,92.195,0,73.812,0,69.741,5.962,149.419,0,0,93.857,0,176.088
7,6/8/50,19:53,118.241,10.65,134.13,54.587,39.641,63.728,69.278,99.143,5.418,59.854,0,0,0,50.561,50.789,2.376,0,0,115.208,111.475,117.254
7,6/8/50,19:54,208.202,60.036,124.681,0,41.619,29.711,44.894,15.546,65.003,32.426,0,0,0,16.21,0,0,0,0,104.65,0,187.981
7,6/8/50,19:55,142.523,0,0,133.283,53.23,90.809,139.221,109.55,80.802,37.343,0,0,0,0,0,55.186,0,0,12.031,5.738,196.568
7,6/8/50,19:56,94.746,164.055,54.6,90.286,55.229,0,29.783,71.921,6.215,41.037,0,55.928,0,0,0,135.208,0,0,58.564,100.221,189.894
7,6/8/50,19:57,162.28,70.373,79.093,112.508,163.746,33.637,12.111,107.234,59.324,0,0,25.872,0,0,0,53.938,0,0,20.956,14.246,169.651
7,6/8/50,19:58,81.895,141.368,65.389,126.456,78.112,54.3,88.022,39.204,13.434,0,0,106.635,0,0,0,88.319,0,0,34.921,133.167,145.844
7,6/8/50,19:59,60.325,119.56,168.544,84.976,65.103,61.385,14.866,55.213,22.523,0,0,183.961,38.526,0,0,76.313,0,0,0,102.896,164.574
7,6/8/50,20:00,122.254,128.257,49.711,35.986,7.878,85.785,18.085,38.972,81.067,0,0,81.244,92.599,0,0,93.429,0,0,0,56.682,143.086
7,6/8/50,20:01,32.898,147.403,161.695,0,23.517,43.622,51.863,35.93,54.335,0,0,96.471,78.438,0,0,24.454,0,108.706,0,66.04,0
7,6/8/50,20:02,81.276,31.199,85.264,0,40.979,80.653,73.696,0,0,23.511,0,77.808,21.405,0,0,10.74,0,37.558,0,0,39.713
7,6/8/50,20:03,78.849,0,88.982,0,0,34.611,105.895,0,0,51.484,0,62.315,102.519,0,0,42.858,0,31.51,0,16.52,76.542
7,6/8/50,20:04,59.094,0,93.904,0,0,95.374,72.211,0,0,67.492,0,80.104,59.814,0,58.105,29.035,0,78.231,0,34.136,79.956
7,6/8/50,20:05,18.697,0,0,0,0,0,73.047,0,86.395,103.831,0,111.376,143.569,0,72.113,112.132,0,25.524,0,42.418,65.602
7,6/8/50,20:06,24.997,0,158.296,0,0,57.442,100.143,0,133.669,143.94,0,103.481,20.377,0,61.167,42.534,0,0,0,96.83,78.266
7,6/8/50,20:07,117.526,0,137.423,0,0,0,81.734,0,58.608,98.842,0,52.027,0,0,114.202,45.629,0,0,0,108.013,54.795
7,6/8/50,20:08,107.73,0,139.38,0,0,0,19.653,0,0,40.581,0,136.641,0,0,53.173,16.984,0,0,0,62.198,65.641
7,6/8/50,20:09,116.013,29.037,151.723,0,0,0,49.458,0,0,42.21,0,64.483,0,0,0,86.893,0,0,0,28.186,33.069
7,6/8/50,20:10,3.656,163.76,79.282,0,0,0,143.142,0,0,85.284,0,80.408,41.168,0,0,0,0,0,0,6.009,50.199
7,6/8/50,20:11,15.449,47.054,134.039,0,0,0,53.635,0,0,51.012,0,63.177,70.208,0,0,0,0,0,0,15.266,29.91
7,6/8/50,20:12,66.959,0,123.254,0,0,0,14.752,0,0,0,0,18.567,21.908,0,0,0,0,0,0,82.111,0
7,6/8/50,20:13,29.297,58.409,148.203,0,0,0,14.554,0,0,0,81.579,0,31.075,0,0,118.117,0,0,0,52.169,30.315
7,6/8/50,20:14,87.707,122.374,153.412,0,0,0,59.908,0,0,0,60.507,0,0,0,126.014,143.578,0,0,0,145.378,47.97
7,6/8/50,20:15,47.611,162.548,186.048,0,0,0,138.945,0,0,0,121.643,0,0,0,78.91,101.939,0,0,0,74.525,75.238
7,6/8/50,20:16,44.294,85.505,96.043,0,0,0,38.607,0,0,0,65.15,0,58.162,0,170.676,45.736,0,0,0,84.841,92.915
7,6/8/50,20:17,85.956,101.728,51.582,0,0,0,0,0,0,0,124.843,45.848,40.851,0,94.733,38.14,0,0,0,138.981,113.372
7,6/8/50,20:18,38.402,207.724,186.496,0,0,0,0,0,0,0,53.482,18.063,77.758,0,54.73,70.326,0,0,0,82.77,78.995
7,6/8/50,20:19,27.776,237.49,13.496,34.389,0,0,26.486,0,0,0,50.62,124.809,79.562,0,138.815,157.617,0,0,0,0,92.431
7,6/8/50,20:20,71.551,212.473,0,118.363,0,0,47.677,0,0,0,63.908,39.835,102.225,0,151.987,108.035,0,0,0,0,18.303
7,6/8/50,20:21,52.599,134.904,0,84.241,0,0,133.621,0,0,0,68.027,0,0,0,113.079,16.42,0,0,0,0,67.567
7,6/8/50,20:22,95.606,172.38,100.51,51.103,0,0,65.923,0,0,0,26.031,0,0,0,62.939,41.409,0,0,0,109.392,45.954
7,6/8/50,20:23,0,145.248,91.456,107.627,0,0,109.073,0,0,0,34.168,0,41.216,0,45.649,24.95,0,0,0,119.327,0
7,6/8/50,20:24,85.727,175.146,74.609,119.68,0,0,135.935,0,0,0,51.894,0,30.911,0,38.086,51.119,0,0,0,176.246,0
7,6/8/50,20:25,106.946,182.772,23.006,35.146,0,0,88.561,0,0,0,71.657,0,112.327,0,87.645,97.38,0,0,0,126.772,0
7,6/8/50,20:26,93.311,228.916,144.22,74.543,0,0,43.602,0,0,0,28.215,0,77.975,0,31.233,98.454,0,0,0,51.492,51.382
7,6/8/50,20:27,72.229,70.827,64.153,130.42,0,0,0,0,0,0,75.491,0,55.926,0,74.356,90.785,0,0,0,31.296,41.821
7,6/8/50,20:28,107.162,42.413,135.501,121.347,0,0,0,0,0,0,60.38,0,28.851,0,8.506,107.877,0,0,0,41.999,0
7,6/8/50,20:29,48.8,110.923,233.391,35.935,0,0,0,0,0,0,0,0,100.858,0,19.394,41.573,0,0,0,78.486,0
7,6/8/50,20:30,22.087,146.624,87.921,10.724,0,0,0,0,0,0,16.748,0,30.623,0,139.453,35.136,0,0,0,20.782,0
7,6/8/50,20:31,0,158.247,165.984,84.416,0,0,0,0,0,0,76.875,0,0,0,58.916,0.097,0,0,0,67.252,0
7,6/8/50,20:32,56.029,98.462,137.989,37.225,0,0,0,0,0,0,86.137,0,0,0,179.601,0,0,0,0,7.522,0
7,6/8/50,20:33,103.513,116.301,0,101.486,0,0,0,0,0,0,142.072,52.977,0,0,137.19,0,0,0,46.963,0,0
7,6/8/50,20:34,0,134.294,48.615,62.368,0,0,0,0,0,0,87.131,38.591,0,0,26.096,52.624,0,0,73.802,10.816,0
7,6/8/50,20:35,0,126.957,0,91.93,0,0,0,0,0,0,74.33,0,0,0,0,82.819,0,81.004,50.428,52.451,0
7,6/8/50,20:36,0,156.869,0,95.584,0,0,0,0,0,0,92.453,0,0,0,57.833,143.322,0,110.684,69.569,91.175,0
7,6/8/50,20:37,0,162.323,0,114.249,0,0,0,0,0,0,40.968,0,0,0,124.666,69.719,0,35.032,71.251,45.196,0
7,6/8/50,20:38,0,206.207,0,69.09,0,0,0,0,0,0,0,0,41.175,0,66.475,88.015,0,131.474,74.576,23.056,0
7,6/8/50,20:39,0,166.785,0,96.858,0,0,0,0,0,0,0,51.193,0,0,40.735,143.387,0,89.172,0,0,0
7,6/8/50,20:40,0,62.834,0,45.447,0,30.965,0,0,0,0,0,62.197,0,0,60.749,41.213,0,88.219,0,0,0
7,6/8/50,20:41,0,167.653,0,0,0,0,0,0,0,0,0,93.955,0,0,6.313,133.457,0,22.666,47.846,0,0
7,6/8/50,20:42,0,115.29,0,0,0,46.01,0,0,0,0,0,0,58.385,0,48.475,66.921,0,11.975,0,0,0
7,6/8/50,20:43,0,68.343,0,0,0,111.274,0,0,0,0,0,0,135.529,0,0,154.131,0,43.536,45.957,79.091,0
7,6/8/50,20:44,0,94.987,0,0,0,82.85,0,0,0,0,0,0,17.153,0,0,80.792,0,64.081,52.043,42.761,0
7,6/8/50,20:45,0,140.081,0,0,0,44.46,0,0,0,0,0,0,13.504,112.818,0,32.34,0,71.154,22.494,86.16,0
7,6/8/50,20:46,0,149.303,0,0,0,138.227,0,0,0,0,0,0,35.979,47.709,0,24.298,0,39.878,19.876,51.955,0
7,6/8/50,20:47,0,117.875,0,0,0,25.069,0,0,0,0,0,0,0,13.926,0,100.64,0,44.567,18.912,15.856,0
7,6/8/50,20:48,0,175.916,0,0,0,12.23,0,0,0,0,0,0,35.564,9.706,0,126.828,0,51.2,55.961,123.838,0
7,6/8/50,20:49,0,69.247,0,0,36.611,72.171,0,0,0,0,0,0,0,8.832,0,83.335,0,92.698,17.38,96.443,0
7,6/8/50,20:50,0,119.022,0,0,104.718,34.181,0,0,0,30.188,0,0,0,34.436,0,72.57,0,43.405,34.154,55.747,0
7,6/8/50,20:51,0,161.134,0,0,112.766,39.528,0,0,0,40.348,0,76.525,7.46,78.83,0,120.104,0,42.116,75.385,178.664,0
7,6/8/50,20:52,0,55.095,0,0,18.97,61.755,0,0,0,0,0,62.788,62.752,22.041,0,62.838,0,99.853,31.974,56.322,0
7,6/8/50,20:53,0,65.5,0,0,37.664,72.158,41.325,0,0,0,0,47.9,102.245,39.867,0,43.559,0,5.243,60.276,112.998,0
7,6/8/50,20:54,0,128.907,0,0,23.685,70.282,104.276,0,0,0,0,54.06,107.368,39.009,0,130.935,0,157.145,40.83,93.96,0
7,6/8/50,20:55,0,157.274,0,0,49.004,49.915,65.624,0,0,0,0,62.54,0,51.441,0,74.176,0,62.154,84.912,0,0
7,6/8/50,20:56,0,199.02,0,0,28.802,16.071,63.202,0,0,0,0,107.05,24.197,54.316,0,60.162,0,56.473,36.077,0.326,0
7,6/8/50,20:57,0,183.039,0,0,43.662,23.43,79.368,20.016,0,0,0,50.851,79.225,14.373,0,55.204,0,0,100.075,89.381,0
7,6/8/50,20:58,0,165.452,0,0,59.141,22.332,45.01,155.857,0,50.37,0,96.608,29.397,37.377,0,0,0,63.664,0,106.249,0
7,6/8/50,20:59,0,0,0,0,26.083,19.501,0,105.892,0,50.662,0,61.198,106.453,18.701,0,0,0,91.935,88.957,82.184,0
7,6/8/50,21:00,0,78.801,0,0,69.176,50.584,0,73.398,0,51.021,0,127.518,38.382,94.23,0,29.722,0,66.585,29.731,55.674,0
7,6/8/50,21:01,0,213.664,0,0,72.18,0,0,74.955,0,30.612,0,70.604,170.413,65.32,106.646,107.346,0,48.299,0,71.831,0
7,6/8/50,21:02,0,162,0,0,68.855,0,0,68.994,0,171.02,0,39.227,65.605,0,156.511,30.586,0,60.386,61.565,61.582,0
7,6/8/50,21:03,0,191.835,0,0,136.567,47.251,95.227,88.342,0,34.152,0,0,139.367,0,0,68.788,0,26.956,26.028,87.493,0
7,6/8/50,21:04,0,204.348,0,0,74.345,68.519,50.85,85.197,0,64.402,0,0,40.811,0,0,0,0,0,99.604,111.282,0
7,6/8/50,21:05,0,173.985,0,0,108.292,16.334,21.961,74.455,0,49.069,0,0,12.138,8.023,0,0,0,0,0,39.095,0
7,6/8/50,21:06,0,26.47,0,0,25.001,56.851,111.058,27.376,0,75.003,0,39.67,26.4,100.627,0,8.618,0,0,45.13,66.103,0
7,6/8/50,21:07,0,215.383,0,0,70.012,0,120.148,89.535,0,121.38,0,0,28.226,20.62,71.693,151.909,74.513,0,23.623,32.018,0
7,6/8/50,21:08,0,248.268,0,41.424,44.75,0,34.251,67.078,0,53.945,0,74.828,68.005,25.353,108.597,55.147,134.176,70.093,35.187,44.703,0
7,6/8/50,21:09,0,76.268,0,76.317,20.013,136.22,19.265,65.333,0,16.192,0,48.671,56.43,0,140.551,90.344,21.663,22.431,25.541,12.212,0
7,6/8/50,21:10,0,0,0,97.098,60.839,27.853,90.931,32.251,0,23.619,0,108.13,25.015,64.731,141.12,50.003,58.765,10.13,0,0,0
7,6/8/50,21:11,0,0,0,87.134,64.88,28.383,116.559,24.191,0,38.188,0,78.131,131.067,35.318,104.84,54.288,124.728,25.08,56.686,0,0
7,6/8/50,21:12,0,0,15.241,78.369,33.855,0,48.767,67.213,0,86.542,0,36.864,47.311,53.93,60.29,77.215,111.994,12.71,28.627,47.57,0
7,6/8/50,21:13,0,0,62.57,72.476,67.381,16.793,23.805,0,0,6.919,0,32.633,0,24.202,143.998,190.188,154.588,15.64,47.338,41.976,0
7,6/8/50,21:14,0,11.872,31.833,59.102,43.389,64.044,51.682,45.67,0,42.481,0,99.243,6.954,81.014,81.888,75.899,160.534,60.092,45.698,160.443,67.987
7,6/8/50,21:15,0,155.585,0,68.186,30.481,0,53.162,110.17,0,63.816,0,73.752,56.492,70.313,88.341,0,166.558,81.657,26.576,60.447,156.145
7,6/8/50,21:16,0,158.204,83.801,125.739,31.316,69.733,0,76.811,0,67.177,0,69.398,21.472,92.194,78.53,0,44.955,123.163,9.495,55.464,95.275
7,6/8/50,21:17,0,134.809,123.929,79.054,0,0,0,31.251,0,42.83,0,40.209,0,0,76.918,0,61.747,0,30.747,0,88.471
7,6/8/50,21:18,29.265,177.515,107.243,110.615,0,0,36.906,19.551,0,65.473,0,29.443,0,11.291,0,0,102.149,44.525,40.641,36.994,6.736
7,6/8/50,21:19,30.812,0,0,59.082,42.571,0,44.385,138.125,0,46.217,0,114.59,0,54.809,1.716,0,44.433,37.172,0,79.172,0
7,6/8/50,21:20,0,85.041,0,0,137.045,0,94.629,58.663,0,41.627,0,38.742,0,0,79.008,0,0,23.42,0,91.602,0
7,6/8/50,21:21,0,0,0,0,55.964,0,5.119,127.012,0,0,0,0,0,28.854,109.505,0,77.236,47.642,0,103.901,0
7,6/8/50,21:22,0,25.885,0,0,160.831,0,62.063,115.535,0,0,0,64.34,0,57.515,13.406,0,73.424,54.098,0,49.998,0
7,6/8/50,21:23,0,25.284,0,0,0,0,115.344,99.187,0,0,0,0,0,28.116,69.107,0,41.763,51.141,0,124.28,14.854
7,6/8/50,21:24,0,172.265,0,0,46.527,0,71.744,61.952,0,0,0,0,0,46.916,49.504,0,67.526,75.898,0,81.245,5.994
7,6/8/50,21:25,0,164.55,0,0,49.738,0,64.99,0,0,0,50.287,0,0,36.964,78.794,0,35.032,97.072,0,120.545,109.628
7,6/8/50,21:26,0,192.44,123.907,0,21.093,140.91,71.146,0,0,0,71.026,0,0,14.596,114.862,0,18.247,0,0,45.273,21.001
7,6/8/50,21:27,0,162.516,211.759,0,111.204,0,148.643,51.257,0,0,35.238,11.1,0,16.538,63.171,0,112.902,0,0,26.482,49.205
7,6/8/50,21:28,0,41.845,126.899,0,84.801,107.824,120.992,0,0,0,141.647,120.963,0,43.063,43.567,0,21.2,0,0,46.417,45.768
7,6/8/50,21:29,0,0,134.936,0,72.906,74.811,133.506,40.192,0,0,93.187,0,0,0,0,0,73.028,0,0,60.066,144.801
7,6/8/50,21:30,0,88.031,29.183,0,36.91,88.762,88.068,124.07,0,0,90.63,115.779,0,108.613,26.864,0,54.122,82.492,0,73.335,161.368
7,6/8/50,21:31,0,131.869,0,0,13.331,40.292,44.196,46.234,0,0,77.983,101.37,0,70.191,0,0,68.831,12.226,0,113.38,109.818
7,6/8/50,21:32,0,0,0,0,24.265,56.669,124.197,59.964,0,0,34.941,73.05,0,71.817,0,0,187.175,55.709,0,115.629,127.441
7,6/8/50,21:33,0,0,0,0,95.381,81.265,62.032,79.38,0,0,65.335,114.51,0,39.565,150.899,0,138.385,70.617,0,64.048,169.656
7,6/8/50,21:34,0,0,74.582,0,40.462,76.743,30.426,52.038,0,0,9.504,76.856,0,0,92.157,0,71.704,79.474,0,110.336,96.935
7,6/8/50,21:35,0,0,209.116,0,68.072,26.623,40.961,40.539,0,0,98.62,105.619,0,0,46.685,0,35.657,104.115,0,103.228,134.47
7,6/8/50,21:36,0,0,174.55,0,57.273,53.022,74.561,0,0,0,94.677,102.744,0,0,112.922,0,88.486,51.924,0,47.665,166.467
7,6/8/50,21:37,0,0,88.964,0,0,0,77.384,0,0,0,14.874,84.943,0,0,35.931,0,23.937,59.493,0,95.768,72.104
7,6/8/50,21:38,0,0,6.845,0,0,0,88.64,3.073,0,0,8.914,0,0,0,74.332,0,31.67,0,0,0,0
7,6/8/50,21:39,0,0,59.042,0,0,0,138.128,100.989,0,0,12.063,50.793,0,0,51.147,0,0,0,0,20.951,33.863
7,6/8/50,21:40,0,61.78,149.272,0,0,0,71.24,91.707,0,0,20.902,0,0,0,55.022,0,129.48,0,0,15.354,0
7,6/8/50,21:41,0,155.479,73.993,0,68.185,38.893,32.985,75.988,0,0,84.987,0,0,0,142.944,0,18.881,0,0,51.03,0
7,6/8/50,21:42,0,0,70.113,28.302,37.821,10.997,0,78.202,0,0,62.648,0,0,0,122.384,0,0,0,0,10.186,0
7,6/8/50,21:43,0,0,120.146,111.849,59.022,18.407,0,104.991,0,0,65.341,0,0,0,54.042,0,48.289,0,0,87.907,0
7,6/8/50,21:44,0,0,105.347,160.383,93.567,68.428,0,49.758,0,0,3.672,0,0,0,118.818,0,0,0,0,0,0
7,6/8/50,21:45,0,0,90.984,77.704,48.22,25.138,71.645,66.691,0,0,0,56.776,0,0,115.481,0,0,0,0,0,0
7,6/8/50,21:46,0,0,105.562,71.089,48.533,0,155.289,17.326,0,0,0,151.99,0,0,121.923,31.93,0,0,0,0,0
7,6/8/50,21:47,0,0,118.757,33.041,29.03,0,71.414,17.166,0,0,0,95.168,0,0,192.205,103.278,0,0,0,0,87.291
7,6/8/50,21:48,0,0,33.94,0,28.875,0,14.894,100.294,0,0,0,73.509,0,0,168.302,162.355,112.817,0,0,0,45.862
7,6/8/50,21:49,0,0,198.694,0,44.298,0,22.006,75.616,0,0,0,35.094,0,0,85.516,107.116,91.337,0,0,0,0
7,6/8/50,21:50,0,0,176.421,133.857,86.153,0,84.756,67.096,0,0,0,92.462,0,0,118.848,96.93,162.907,0,0,0,60.336
7,6/8/50,21:51,0,0,216.42,137.672,0,0,92.107,90.484,0,0,0,26.845,0,0,162.509,105.455,0,0,0,0,92.087
7,6/8/50,21:52,0,0,246.728,39.376,0,0,157.036,67.683,0,0,0,70.082,0,0,69.924,136.247,0,0,0,0,61.901
7,6/8/50,21:53,0,0,176.449,0,138.263,0,52.092,50.633,0,0,0,68.866,0,0,0,48.677,0,0,0,0,0
7,6/8/50,21:54,0,0,47.022,127.871,0,0,28.606,42.154,0,0,0,54.167,68.662,0,0,148.958,0,0,0,0,0
7,6/8/50,21:55,0,0,45.878,201.797,0,0,0,95.857,0,0,0,140.493,93.568,0,0,115.88,0,0,0,0,0
7,6/8/50,21:56,0,0,180.58,134.819,0,0,0,47.108,0,0,0,35.755,131.329,0,0,107.397,0,0,0,0,0
7,6/8/50,21:57,0,0,91.29,111.82,83.639,0,0,65.865,0,0,0,71.884,35.823,0,0,61.849,0,0,0,0,0
7,6/8/50,21:58,0,0,31.874,90.402,91.834,0,0,93.444,0,0,0,0,139.089,0,0,102.493,0,0,0,0,0
7,6/8/50,21:59,0,0,0,94.177,44.523,0,40.938,43.685,0,19.704,0,0,15.985,0,0,142.563,0,0,0,0,0
7,6/8/50,22:00,0,0,104.679,64.646,48.441,0,136.797,75.731,0,76.859,0,69.684,99.163,0,0,136.95,0,0,0,0,0
7,6/8/50,22:01,0,0,152.67,103.299,104.904,0,0,107.609,0,115.311,0,63.691,72.121,0,0,66.166,0,0,0,0,0
7,6/8/50,22:02,0,0,121.702,120.222,0,0,0,71.724,0,56.715,0,107.681,88.113,0,0,57.167,0,0,0,0,96.926
7,6/8/50,22:03,0,0,29.864,108.503,6.873,0,0,66.016,0,53.018,0,71.111,112.134,0,0,17.962,0,0,0,0,211.228
7,6/8/50,22:04,0,0,90.665,70.828,66.493,0,0,56.277,0,13.584,0,0,63.343,0,0,28.777,0,0,0,0,54.012
7,6/8/50,22:05,0,0,49.327,0,45.592,0,0,0,0,11.845,0,0,0,0,0,50.348,0,0,0,0,33.682
7,6/8/50,22:06,0,0,38.299,0,28.665,0,0,0,0,9.082,0,0,0,0,0,138.909,0,0,0,0,55.745
7,6/8/50,22:07,0,0,0,0,21.655,0,0,74.038,0,9.73,0,21.294,0,0,0,104.928,0,0,0,0,0
7,6/8/50,22:08,0,0,0,0,83.961,0,0,93.621,0,118.151,0,86.005,0,0,0,56.107,0,0,0,0,93.417
7,6/8/50,22:09,0,0,103.568,0,75.401,0,0,98.088,0,39.177,0,79.388,0,0,0,29,0,0,0,0,60.665
7,6/8/50,22:10,183.737,0,64.059,0,42.942,0,0,26.942,0,0,78.337,37.942,0,0,0,40.86,0,0,0,0,46.807
7,6/8/50,22:11,57.974,0,63.065,0,75.711,0,0,10.35,0,0,10.778,37.761,0,0,0,6.619,0,0,0,0,122.991
7,6/8/50,22:12,17.959,0,10.331,0,51.133,0,0,15.256,0,42.651,45.801,56.939,6.607,0,0,15.894,0,0,0,0,233.769
7,6/8/50,22:13,84.085,0,64.48,66.984,27.139,0,0,78.633,0,8.964,35.927,79.011,23.19,0,0,111.154,0,0,0,0,0
7,6/8/50,22:14,81.735,0,147.247,116.118,39.794,0,0,47.297,0,11.611,114.715,106.981,61.289,0,0,39.415,0,0,0,0,0
7,6/8/50,22:15,62.107,0,146.829,59.9,33.158,0,0,60.183,0,22.206,32.148,52.507,98.355,0,0,95.603,0,0,0,0,0
7,6/8/50,22:16,0,0,74.493,124.464,28.696,0,0,54.799,0,77.974,0,0,0,0,0,170.783,0,0,97.935,0,0
7,6/8/50,22:17,0,0,42.455,124.823,38.362,0,0,63.661,0,95.723,97.181,0,39.004,0,0,0.124,0,0,85.666,0,0
7,6/8/50,22:18,86.32,0,33.343,83.173,151.725,0,0,85.755,0,55.667,124.083,0,45.041,0,0,0,0,0,20.904,0,0
7,6/8/50,22:19,0,0,140.443,41.061,85.98,0,0,0,0,37.677,65.562,0,0,0,0,0,0,0,10.194,0,0
7,6/8/50,22:20,77.708,0,176.145,0,146.788,0,0,0,0,89.698,65.368,0,50.19,0,0,0,0,0,49.952,0,0
7,6/8/50,22:21,149.066,0,76.328,48.156,0,0,0,0,0,4.46,37.281,0,62.362,0,0,0,0,0,9.64,0,0
7,6/8/50,22:22,67.447,0,10.219,24.406,0,0,0,0,0,47.008,1.232,0,44.594,0,0,21.487,0,0,63.705,0,0
7,6/8/50,22:23,36.455,0,25.43,88.546,0,0,0,54.224,0,97.155,113.662,0,52.555,0,0,88.934,0,0,91.764,0,0
7,6/8/50,22:24,35.854,0,56.285,82.24,46.709,0,0,65.536,0,0,47.338,121.534,83.894,0,0,89.193,0,0,0,0,0
7,6/8/50,22:25,50.887,0,76.018,129.838,22.881,0,0,43.131,0,32.825,81.423,89.317,45.252,0,0,83.303,0,0,0,0,0
7,6/8/50,22:26,75.047,0,0,152.686,22.493,0,0,68.29,0,0,15.605,61.073,31.802,0,0,192.774,0,0,24.601,0,0
7,6/8/50,22:27,140.528,0,88.607,94.543,106.878,0,0,40.68,0,0,66.906,49.304,0,0,0,96.925,0,0,69.629,0,0
7,6/8/50,22:28,52.073,0,91.323,73.741,29.695,0,0,14.809,0,0,56.99,105.032,0,0,0,0,0,0,37.663,0,0
7,6/8/50,22:29,139.044,0,126.212,102.494,19.38,0,0,22.625,0,0,45.825,89.951,0,0,0,0,0,0,20.345,0,0
7,6/8/50,22:30,23.67,0,84.893,89.198,16.2,0,0,22.686,0,0,13.498,0,22.825,0,0,0,0,0,23.152,0,0
7,6/8/50,22:31,48.802,0,77.332,51.969,73.325,0,0,21.346,0,24.576,28.896,0,156,0,0,0,0,0,0,0,0
7,6/8/50,22:32,88.535,0,104.974,33.92,27.868,0,0,170.769,0,14.307,44.886,13.067,48.86,0,0,125.616,0,0,21.348,0,0
7,6/8/50,22:33,125.151,0,9.198,58.069,0,0,0,125.695,0,30.21,27.479,116.741,69.799,0,0,111.017,0,0,33.44,45.723,0
7,6/8/50,22:34,31.187,0,0,33.168,0,0,0,89.008,0,0,7.347,69.361,121.061,0,0,115.35,0,0,22.558,125.741,0
7,6/8/50,22:35,4.306,0,81.613,0,0,0,0,74.857,0,17.902,43.135,35.308,87.015,0,0,94.237,0,0,48.655,36.735,0
7,6/8/50,22:36,155.402,0,115.55,0,0,0,0,21.136,0,0,49.568,0,53.748,0,0,100.644,0,0,55.191,91.438,0
7,6/8/50,22:37,175.82,0,5.273,50.275,0,0,0,36.383,0,116.527,42.513,47.691,73.232,0,0,104.123,0,0,7.861,118.205,0
7,6/8/50,22:38,36.246,0,68.154,39.317,0,0,0,138.498,0,97.967,22.062,81.177,32.866,0,0,119.059,0,0,21.494,74.684,0
7,6/8/50,22:39,119.597,3.191,26.268,78.726,0,0,0,58.499,0,72.036,32.135,64.729,0,0,0,136.908,0,0,40.686,115.752,0
7,6/8/50,22:40,105.564,70.577,152.231,101.469,0,0,0,0,0,30.559,0,0,0,0,0,50.615,0,0,54.678,84.718,0
7,6/8/50,22:41,51.544,171.654,131.603,46.584,0,0,0,0,0,20.93,0,0,0,0,0,95.223,0,0,21.888,110.379,0
7,6/8/50,22:42,26.068,82.474,17.677,83.512,0,0,0,0,0,12.04,0,0,0,0,0,14.596,0,0,17.156,75.42,0
7,6/8/50,22:43,45.121,23.462,101.734,107.157,0,0,0,0,0,10.075,0,0,0,0,0,0,0,0,43.251,45.443,0
7,6/8/50,22:44,32.856,139.216,153.447,100.485,0,0,0,0,0,42.185,0,0,0,0,0,66.114,0,0,23.907,120.092,0
7,6/8/50,22:45,47.718,148.238,149.827,52.433,0,0,0,0,0,69.557,0,0,0,0,0,0,0,0,61.916,127.233,0
7,6/8/50,22:46,88.903,49.5,36.688,0,0,0,0,0,0,36.529,0,0,0,0,0,0,0,0,30.28,0,0
7,6/8/50,22:47,100.818,186.348,93.15,0,0,0,0,0,0,51.188,0,0,0,0,0,135.024,0,112.904,12.916,12.971,0
7,6/8/50,22:48,21.61,193.26,45.414,0,0,0,0,0,0,16.546,0,0,0,0,0,0,0,56.054,35.441,98.165,0
7,6/8/50,22:49,28.403,196.849,47.254,0,0,0,0,0,0,47.274,0,0,0,0,0,0,0,113.094,32.504,73.521,0
7,6/8/50,22:50,26.616,206.226,50.617,0,0,0,0,0,0,57.512,0,0,0,0,0,0,0,152.849,0,56.822,0
7,6/8/50,22:51,136.889,235.722,70.507,0,0,0,0,0,0,56.501,0,0,0,0,0,0,0,56.084,0,21.114,0
7,6/8/50,22:52,60.429,229.213,128.321,0,0,0,0,0,0,108.458,0,0,0,0,0,0,0,60.505,0,41.82,0
7,6/8/50,22:53,111.121,249.069,101.163,0,0,0,0,0,0,0,0,0,0,0,0,0,0,78.53,0,83.544,0
7,6/8/50,22:54,0,157.033,0,0,0,0,0,0,0,71.315,0,0,0,0,0,0,0,77.735,79.231,217.716,0
7,6/8/50,22:55,0,169.613,0,0,0,0,94.523,0,0,36.845,0,0,0,0,0,0,0,79.791,16.119,118.908,0
7,6/8/50,22:56,120.752,118.419,79.216,0,0,0,46.01,0,0,62.478,0,0,0,0,0,0,0,28.054,33.42,187.468,0
7,6/8/50,22:57,98.796,139.64,189.242,0,0,0,140.089,0,0,105.672,0,0,0,0,0,0,0,62.445,19.943,122.376,0
7,6/8/50,22:58,16.192,102.454,27.849,0,0,0,31.873,0,0,107.029,0,0,0,0,0,0,0,96.486,55.774,35.161,0
7,6/8/50,22:59,20.084,172.385,0,0,0,0,100.087,124.085,0,71.349,0,0,0,0,0,0,0,37.125,131.661,36.952,0
7,6/8/50,23:00,75.045,97.451,0,0,0,0,30.019,60.367,55.563,29.823,0,0,0,0,0,0,0,0,14.912,158.129,0
7,6/8/50,23:01,83.16,6.305,0,0,0,0,77.087,33.282,39.675,49.215,0,0,0,0,0,0,0,69.887,28.657,121.38,0
7,6/8/50,23:02,51.119,40.607,0,0,0,0,69.073,7.754,19.495,0,0,0,0,0,0,0,0,51.277,75.502,45.189,0
7,6/8/50,23:03,47.199,174.988,0,0,0,0,76.111,25.298,0,0,0,0,0,0,0,0,0,58.842,91.899,40.969,0
7,6/8/50,23:04,0,118.945,0,0,0,0,36.05,48.618,0,0,0,0,0,0,0,0,0,7.947,61.864,119.031,0
7,6/8/50,23:05,46.969,160.84,0,0,0,0,59.895,67.285,14.358,0,0,0,0,0,0,0,0,0,49.414,53.142,0
7,6/8/50,23:06,111.228,103.215,0,0,0,0,96.809,20.665,31.753,0,0,0,0,0,0,0,0,58.35,107.973,164.789,0
7,6/8/50,23:07,75.297,139.776,0,0,0,0,118.691,146.89,41.992,0,0,0,0,0,0,0,0,25.771,89.461,81.736,0
7,6/8/50,23:08,11.931,274.25,0,0,0,0,104.986,120.679,25.677,0,0,0,0,0,0,0,0,64.062,54.466,71.975,0
7,6/8/50,23:09,134.868,127.921,0,0,0,0,0,79.228,0,0,0,0,0,0,0,0,0,53.426,100.858,40.461,0
7,6/8/50,23:10,69.675,71.734,0,0,0,0,0,165.896,15.793,0,0,0,0,22.414,0,0,0,0,11.136,60.39,0
7,6/8/50,23:11,35.473,64.098,0,0,0,0,0,86.936,33.304,0,0,0,0,65.513,0,0,0,104.705,68.485,93.841,0
7,6/8/50,23:12,131.605,168.084,0,0,0,0,42.754,83.312,39.287,0,0,0,0,105.282,147.202,0,0,98.995,84.644,24.139,0
7,6/8/50,23:13,138.511,191.424,0,0,0,0,133.188,104.672,38.87,0,0,0,0,114.862,139.038,0,0,59.218,24.173,5.733,0
7,6/8/50,23:14,70.698,126.799,0,0,0,0,36.763,29.142,75.406,0,0,0,0,53.835,134.553,0,0,30.726,17.3,107.065,0
7,6/8/50,23:15,40.454,130.753,0,0,0,0,57.642,58.84,37.517,0,0,0,0,31.534,142.74,0,0,13.884,42.107,82.701,0
7,6/8/50,23:16,87.135,187.468,0,0,0,0,103.072,61.74,56.412,0,0,0,0,0,84.269,0,0,74.723,35.144,96.414,0
7,6/8/50,23:17,44.058,220.153,0,0,0,0,139.088,52.777,0,0,0,0,0,0,73.747,0,0,75.569,22.761,51.901,0
7,6/8/50,23:18,132.336,158.121,0,0,0,0,46.103,64.15,0,0,0,0,0,18.353,185.088,0,0,52.889,15.413,52.913,0
7,6/8/50,23:19,23.88,176.755,0,0,0,0,0,7.108,0,0,0,0,0,0,101.455,0,0,57.807,62.633,0,0
7,6/8/50,23:20,73.479,187.612,0,0,0,0,0,37.404,0,0,0,0,0,41.642,16.39,0,0,127.489,60.638,0,0
7,6/8/50,23:21,69.385,35.371,0,0,0,0,62.2,30.818,0,0,0,0,0,32.101,17.692,0,0,0,3.647,58.62,0
7,6/8/50,23:22,189.206,7.784,0,24.498,0,0,4.639,36.774,0,0,0,0,0,74.447,88.507,0,0,81.632,33.155,0,0
7,6/8/50,23:23,34.748,0,0,48.719,0,0,25.153,16.092,0,0,0,0,0,62.931,108.841,0,0,29.133,0,0,0
7,6/8/50,23:24,0,2.453,0,182.593,0,0,97.34,41.547,0,0,0,0,0,17.813,150.885,0,0,22.535,0,82.135,0
7,6/8/50,23:25,105.084,39.258,0,85.397,0,0,41.922,60.993,0,0,0,0,0,65.856,0,0,0,119.342,0,72.118,0
7,6/8/50,23:26,0,118.821,0,65.324,0,0,46.745,11.155,0,0,0,0,0,47.224,0,0,0,80.374,0,118.89,0
7,6/8/50,23:27,0,14.552,0,70.844,0,0,0,72.925,0,0,0,0,0,17.144,142.477,0,0,0,0,82.169,0
7,6/8/50,23:28,0,0,0,47.882,0,0,0,7.749,0,0,0,0,0,33.647,56.309,0,0,0,0,98.171,0
7,6/8/50,23:29,0,0,0,116.207,0,0,0,41.043,0,0,0,0,0,21.395,158.445,0,0,0,0,66.662,0
7,6/8/50,23:30,0,0,0,68.987,0,0,0,13.353,76.397,0,0,0,0,64.593,31.218,0,0,0,0,72.962,0
7,6/8/50,23:31,0,81.795,0,78.173,0,0,0,28.507,113.938,0,0,0,0,41.515,120.105,0,0,0,0,90.781,0
7,6/8/50,23:32,0,11.34,0,63.796,0,0,0,50.682,64.156,0,0,0,0,33.454,67.466,0,0,11.329,0,0,0
7,6/8/50,23:33,0,160.219,0,112.721,0,0,0,0,56.524,0,0,0,0,52.109,139.847,0,0,81.089,0,41.885,0
7,6/8/50,23:34,0,42.962,0,38.677,0,0,0,0,53.031,0,0,0,0,20.963,112.723,0,0,93.764,0,40.507,0
7,6/8/50,23:35,0,81.856,0,0,0,0,0,0,38.652,0,0,0,0,57.17,60.127,0,0,18.975,0,108.363,0
7,6/8/50,23:36,0,184.435,0,0,0,0,0,105.557,21.765,0,0,0,0,25.066,0,0,0,29.797,0,113.286,0
7,6/8/50,23:37,0,165.513,0,0,0,0,0,33.266,78.898,0,0,0,0,0,58.487,0,0,37.322,0,64.127,0
7,6/8/50,23:38,0,53.186,0,0,0,0,0,26.302,60.961,0,0,0,0,66.129,0,0,0,27.297,0,59.144,0
7,6/8/50,23:39,0,0,0,0,0,0,0,0,14.457,0,0,0,0,46.659,145.745,0,0,19.157,0,108.388,0
7,6/8/50,23:40,0,0,0,0,0,0,0,0,15.542,0,0,0,0,20.907,8.597,0,0,46.727,0,119.88,0
7,6/8/50,23:41,0,0,0,0,0,0,0,0,24.145,0,0,0,0,28.747,50.665,0,0,48.16,0,59.826,0
7,6/8/50,23:42,0,0,0,0,0,0,0,0,35.421,0,0,0,0,30.901,51.534,0,0,120.745,0,143.057,0
7,6/8/50,23:43,0,0,0,0,0,0,0,0,0,0,0,0,0,82.728,54.226,0,0,85.268,0,57.168,0
7,6/8/50,23:44,0,0,0,0,0,0,0,0,0,0,0,0,0,71.929,99.349,0,0,64.81,0,0,0
7,6/8/50,23:45,0,0,0,99.008,0,0,0,0,0,0,0,0,0,51.793,45.064,0,0,0,0,0,0
7,6/8/50,23:46,0,0,0,56.127,0,0,0,0,0,0,0,0,0,31.599,87.511,0,0,0,0,0,0
7,6/8/50,23:47,0,0,0,81.806,0,0,0,0,0,0,0,0,0,144.802,99.642,0,0,0,0,0,0
7,6/8/50,23:48,0,0,0,69.693,0,0,0,0,0,0,0,0,0,49.134,28.917,0,0,0,0,0,0
7,6/8/50,23:49,0,0,0,95.597,0,0,0,0,0,0,0,0,0,196.422,68.489,0,0,0,0,0,0
7,6/8/50,23:50,0,0,0,66.144,0,0,0,0,0,0,0,0,0,77.573,12.32,0,0,0,0,0,0
7,6/8/50,23:51,0,0,0,34.735,0,23.219,0,0,0,0,0,0,0,75.314,89.738,0,0,0,0,0,0
7,6/8/50,23:52,0,0,0,21.973,0,84.196,0,0,0,0,0,0,0,87.941,84.063,9.925,0,0,0,0,0
7,6/8/50,23:53,0,0,0,18.462,0,117.038,0,0,0,0,0,0,0,38.807,80.566,185.87,0,0,0,0,0
7,6/8/50,23:54,0,0,0,66.984,0,118.136,0,0,0,0,0,0,0,74.674,0,160.238,0,0,0,0,0
7,6/8/50,23:55,0,0,0,39.432,0,120.048,0,0,0,0,0,0,0,24.083,0,149.903,0,0,0,0,0
7,6/8/50,23:56,0,0,0,42.447,0,123.442,0,0,0,0,0,0,0,62.088,0,188.028,0,0,0,0,0
7,6/8/50,23:57,0,0,0,0,0,0,0,0,0,0,0,0,0,17.225,0,161.124,0,0,0,0,0
7,6/8/50,23:58,0,0,0,0,0,69.293,0,0,0,0,0,0,0,17.201,0,162.123,0,0,0,0,0
7,6/8/50,23:59,0,0,0,0,0,48.778,0,0,0,0,0,0,0,32.358,0,147.012,0,0,0,0,0
7,6/9/50,0:00,0,0,0,52.263,0,0,0,0,0,0,0,0,0,15.954,0,143.283,0,0,0,0,0
7,6/9/50,0:01,79.669,0,0,60.22,0,0,0,0,0,0,0,0,0,54.174,0,176.716,0,0,0,0,0
7,6/9/50,0:02,12.576,0,0,79.516,0,0,0,0,0,0,0,0,0,62.628,0,131.922,0,0,0,0,0
7,6/9/50,0:03,26.994,0,0,101.983,0,0,0,0,0,0,0,0,0,21.356,0,73.69,0,0,0,0,0
7,6/9/50,0:04,0,0,0,36.325,0,64.052,0,0,0,0,0,0,0,46.837,0,134.616,0,0,0,0,0
7,6/9/50,0:05,0,0,0,0,0,22.049,0,0,0,0,0,0,0,0,0,1.482,0,0,0,0,0
7,6/9/50,0:06,0,0,0,0,0,0,0,0,0,0,0,0,0,0,0,71.104,0,0,0,0,0
7,6/9/50,0:07,0,0,0,0,0,0,0,0,0,0,0,25.561,0,0,0,192.457,0,0,0,0,0
7,6/9/50,0:08,106.765,0,0,0,0,0,0,0,0,0,0,157.195,0,0,0,92.628,0,0,0,0,0
7,6/9/50,0:09,107.1,0,0,0,0,19.033,0,0,0,0,0,16.727,0,0,0,62.537,0,0,0,0,0
7,6/9/50,0:10,95.793,0,0,0,0,101.643,0,0,0,0,0,50.38,0,0,0,20.736,0,0,0,0,0
7,6/9/50,0:11,185.844,0,0,0,46.257,46.641,0,0,0,0,0,107.965,0,0,0,71.856,0,0,5.247,0,0
7,6/9/50,0:12,34.228,0,0,0,186.335,58.882,0,0,0,0,0,123.206,0,0,0,116.885,0,0,56.57,0,0
7,6/9/50,0:13,99.118,0,0,0,92.872,0,0,0,0,0,0,46.812,0,0,0,69.411,0,0,100.86,0,0
7,6/9/50,0:14,34.37,0,0,0,139.352,67.782,0,0,0,0,0,112.776,0,0,0,0,0,0,61.19,0,0
7,6/9/50,0:15,42.277,0,0,0,136.61,0,0,0,0,0,0,67.679,0,0,0,118.096,0,0,70.358,0,0
7,6/9/50,0:16,0,0,0,0,33.174,52.527,0,0,0,0,0,105.37,0,0,0,58.949,0,0,23.405,0,0
7,6/9/50,0:17,0,0,0,0,100.633,0,0,0,0,0,0,54.966,0,0,0,83.124,0,0,105.24,0,0
7,6/9/50,0:18,0,0,0,0,104.103,0,0,0,0,0,0,87.998,0,0,0,103.589,0,0,36.526,0,0
7,6/9/50,0:19,0,0,48.88,0,52.427,0,0,0,0,0,0,65.593,0,0,0,115.011,0,0,48.038,0,0
7,6/9/50,0:20,0,0,44.742,0,63.769,0,0,0,0,0,42.889,100.749,38.214,0,0,91.675,0,0,19.715,0,0
7,6/9/50,0:21,0,0,32.628,0,127.306,0,0,0,0,0,85.67,89.925,76.55,0,0,46.471,0,0,53.8,0,0
7,6/9/50,0:22,0,0,101.725,0,38.143,0,0,0,0,0,70.642,36.281,81.939,0,0,39.861,0,0,57.247,0,0
7,6/9/50,0:23,0,0,0,0,0,0,0,0,0,0,79.243,63.503,89.503,0,0,0,0,0,0,0,0
7,6/9/50,0:24,0,0,0,0,0,0,0,0,0,0,47.881,0,87.738,0,0,0,0,0,57.923,0,0
7,6/9/50,0:25,0,0,0,0,39.987,0,0,0,0,0,30.38,67.611,86.108,0,0,50.28,0,0,67.784,0,0
7,6/9/50,0:26,0,0,0,0,100.867,0,0,0,0,0,75.52,151.058,43.271,0,0,149.886,0,0,32.374,0,0
7,6/9/50,0:27,0,0,0,0,64.968,0,0,0,0,0,7.333,82.571,60.251,0,0,55.892,0,0,20.555,0,0
7,6/9/50,0:28,0,0,0,0,36.736,0,0,0,0,0,95.832,142.358,38.843,0,0,153.865,0,0,15.516,0,0
7,6/9/50,0:29,0,0,0,0,65.13,0,0,0,0,0,49.485,99.933,58.127,0,0,140.865,0,0,20.673,0,0
7,6/9/50,0:30,0,0,0,0,1.369,0,0,0,0,0,64.069,44.028,41.743,0,0,113.042,0,0,54.053,0,0
7,6/9/50,0:31,0,23.472,0,0,93.357,0,0,19.555,0,0,0,126.112,0,0,0,57.552,0,0,122.183,0,0
7,6/9/50,0:32,0,29.297,0,0,0.91,0,0,108.696,0,0,28.031,136.592,52.881,0,0,0,0,0,66.86,0,0
7,6/9/50,0:33,0,0,0,0,0,0,0,79.852,0,0,11.189,146.901,165.174,0,0,0,0,0,0,0,0
7,6/9/50,0:34,0,0,0,0,0,0,0,61.993,0,0,0,189.33,93.101,0,0,0,0,0,37.453,0,0
7,6/9/50,0:35,0,0,0,0,72.774,0,0,56.01,0,0,0,67.128,118.517,0,0,0,0,0,10.442,0,0
7,6/9/50,0:36,0,82.974,0,0,40.742,0,0,73.274,0,0,82.982,94.195,82.426,0,0,44.413,0,0,31.715,0,0
7,6/9/50,0:37,0,82.78,0,0,54.579,0,0,98.649,0,0,27.197,129.65,11.404,0,0,156.9,0,0,10.176,0,0
7,6/9/50,0:38,0,65.164,0,0,0,0,0,35.973,0,0,91.025,57.389,36.725,0,0,127.671,0,0,30.773,0,0
7,6/9/50,0:39,0,233.874,46.31,0,37.879,0,0,92.908,0,60.643,114.288,89.55,53.863,0,0,109.894,0,0,32.912,0,0
7,6/9/50,0:40,0,121.882,209.291,0,43.817,0,0,0,0,41.952,81.13,76.386,0,0,0,161.016,0,0,0,0,0
7,6/9/50,0:41,0,20.617,23.097,0,42.267,0,0,24.974,0,41.31,43.601,26.366,0,0,0,76.632,0,0,0,0,0
7,6/9/50,0:42,0,0,0,0,24.394,0,0,17.435,0,52.807,99.941,84.454,86.443,0,0,104.462,0,0,0,0,0
7,6/9/50,0:43,0,0,0,0,40.097,0,0,98.701,0,85.929,73.715,38.28,60.043,0,0,32.916,0,0,85.974,0,0
7,6/9/50,0:44,0,147.994,152.387,0,56.681,0,0,49.222,0,37.287,6.67,62.227,27.124,0,0,0,0,0,69.085,0,0
7,6/9/50,0:45,0,69.506,24.546,0,44.286,0,0,0,0,18.652,99.381,26.272,31.954,0,0,0,0,0,23.849,0,0
7,6/9/50,0:46,0,209.878,0,0,72.496,0,0,56.33,0,46.893,131.404,27.933,0,0,0,83.488,0,0,8.293,0,0
7,6/9/50,0:47,0,82.955,0,0,84.779,0,0,68.677,0,49.752,72.939,86.557,0,0,0,0,0,101.599,16.702,0,0
7,6/9/50,0:48,0,247.065,0,0,71.845,0,97.954,65.36,0,98.97,130.529,77.922,0,0,0,17.895,0,123.265,18.813,95.829,0
7,6/9/50,0:49,0,96.859,0,0,48.746,0,78.596,70.397,0,13.13,215.685,41.074,0,0,0,69.676,0,118.811,16.835,135.486,0
7,6/9/50,0:50,0,0,0,0,45.76,0,125.408,11.721,0,8.925,289.151,24.42,0,0,0,159.573,0,108.139,59.79,95.165,0
7,6/9/50,0:51,0,75.311,0,0,45.611,0,69.675,11.023,0,63.74,97.647,36.721,0,0,0,113.516,0,55.228,0,119.615,0
7,6/9/50,0:52,0,202.537,0,0,43.569,0,82.893,26.311,0,47.639,29.744,43.432,0,0,0,0,0,23.773,61.948,95.213,0
7,6/9/50,0:53,0,115.604,0,0,23.737,0,161.173,25.765,0,52.412,40.683,54.891,0,0,0,0,0,92.893,49.027,138.311,0
7,6/9/50,0:54,0,133.93,0,0,0,0,72.887,54.358,0,32.11,6.778,27.394,0,0,0,0,0,29.488,0,0,0
7,6/9/50,0:55,0,232.543,0,87.49,61.355,0,77.319,18.811,0,44.016,29.277,0,0,0,0,0,0,22.629,0,57.228,0
7,6/9/50,0:56,0,263.939,0,1.345,55.37,0,1.805,0,0,18.148,0,0,0,0,0,0,0,55.106,0,138.613,0
7,6/9/50,0:57,0,119.03,0,36.97,121.568,0,0,0,0,38.028,0,0,0,0,0,0,0,27.078,0,15.549,0
7,6/9/50,0:58,0,302.983,0,74.667,126.28,0,0,0,0,12.115,0,0,0,0,0,0,0,16.387,0,125.437,0
7,6/9/50,0:59,0,177.096,0,69.607,71.429,0,1.753,87.332,0,0,0,0,0,0,0,0,0,65.854,0,148.341,0
7,6/9/50,1:00,0,136.759,54.668,51.241,0,0,95.803,52.813,0,22.616,0,0,0,0,0,0,0,65.106,0,161.604,0
7,6/9/50,1:01,0,239.849,41.09,0,0,0,111.958,9.569,0,23.55,0,0,0,0,0,0,0,62.134,0,75.492,0
7,6/9/50,1:02,0,20.558,109.485,0,0,0,81.7,57.473,0,0,0,0,0,0,0,0,0,78.926,0,39.219,0
7,6/9/50,1:03,0,42.185,0,0,0,0,80.814,109.423,0,72.602,0,0,0,0,0,0,0,120.78,0,12.998,0
7,6/9/50,1:04,0,47.565,175.902,0,0,0,129.321,80.353,0,2.441,0,0,0,0,0,0,0,0,0,88.981,0
7,6/9/50,1:05,0,152.809,99.589,0,0,0,41.662,64.383,0,41.14,0,0,0,0,0,0,0,0,0,77.569,0
7,6/9/50,1:06,0,123.543,57.679,0,0,0,0,57.286,0,83.342,0,0,0,0,0,0,0,0,0,60.224,0
7,6/9/50,1:07,0,62.605,141.271,0,0,0,0,29.741,0,89.929,0,0,0,0,0,0,0,0,0,36.337,0
7,6/9/50,1:08,0,0,0,0,0,0,0,0,0,29.994,0,0,0,0,93.99,0,0,0,0,67.467,0
7,6/9/50,1:09,0,94.001,120.591,0,0,0,0,0,0,44.669,0,0,0,0,142.673,0,0,0,0,76.451,0
7,6/9/50,1:10,0,113.367,42.139,0,0,0,0,0,0,65.281,0,0,0,0,84.231,0,0,0,0,143.761,0
7,6/9/50,1:11,0,80.674,166.564,0,0,0,0,0,0,23.657,0,0,0,0,176.988,0,0,0,0,83.206,0
7,6/9/50,1:12,0,187.768,112.273,0,0,0,0,0,0,0,0,0,0,0,62.885,0,0,0,0,30.54,0
7,6/9/50,1:13,0,0,81.019,0,0,0,0,0,0,0,0,0,0,0,154.966,0,0,0,0,0,0
7,6/9/50,1:14,0,0,92.295,0,0,0,0,0,0,0,0,0,0,0,116.508,0,0,0,0,0,0
7,6/9/50,1:15,0,0,112.703,0,0,0,57.277,0,0,0,0,0,0,0,64.899,0,81.165,0,0,0,0
7,6/9/50,1:16,0,0,37.613,0,0,0,30.911,0,0,0,0,0,0,0,133.098,0,121.308,0,0,0,0
7,6/9/50,1:17,0,0,0,0,0,0,29.097,0,0,0,0,0,0,0,84.062,0,65.512,0,0,0,0
7,6/9/50,1:18,0,0,0,0,0,0,62.099,0,0,0,0,0,0,0,78.112,0,17.046,0,0,0,0
7,6/9/50,1:19,0,69.937,0,0,0,0,0,0,0,0,0,0,0,0,114.361,0,0,0,0,0,0
7,6/9/50,1:20,0,92.025,0,0,0,0,34.743,0,0,0,0,0,0,0,71.752,0,87.129,0,0,0,0
7,6/9/50,1:21,0,0,0,0,0,0,122.486,0,0,0,0,0,0,0,59.36,0,18.123,0,0,0,0
7,6/9/50,1:22,0,0,0,0,0,0,88.043,0,0,0,0,0,0,0,51.7,0,0,0,0,0,0
7,6/9/50,1:23,0,0,0,0,0,0,62.19,0,0,0,0,0,0,0,38.229,0,73.837,0,0,0,0
7,6/9/50,1:24,0,0,0,0,0,23.336,111.03,0,0,0,0,0,0,0,1.6,0,14.83,0,0,0,0
7,6/9/50,1:25,0,0,0,0,0,112.516,42.439,0,0,0,0,0,0,0,34.682,0,75.834,0,0,0,60.55
7,6/9/50,1:26,0,0,0,0,0,168.209,0,0,0,0,0,0,0,0,0,0,33.153,0,0,0,116.36
7,6/9/50,1:27,0,0,0,0,0,1.514,0,0,0,0,0,0,0,0,131.789,0,88.167,0,0,0,71.687
7,6/9/50,1:28,155.366,0,0,0,0,93.558,0,0,0,0,0,0,0,0,152.501,0,45.51,0,0,0,0
7,6/9/50,1:29,0,0,0,0,0,120.154,55.605,0,0,0,0,0,0,0,54.059,0,58.131,0,0,0,0
7,6/9/50,1:30,0,0,0,0,0,15.534,74.359,0,0,0,0,0,0,0,39.231,0,46.081,0,0,0,8.746
7,6/9/50,1:31,0,0,129.545,0,0,69.587,70.628,0,0,0,0,0,0,0,99.831,0,40.754,0,0,0,75.909
7,6/9/50,1:32,60.898,0,0,0,0,48.166,13.201,0,0,0,0,0,0,0,55.619,0,23.138,0,0,0,126.522
7,6/9/50,1:33,48.688,0,0,0,0,0,17.18,0,0,0,0,0,0,0,52.864,0,81.994,100.288,0,0,0
7,6/9/50,1:34,17.735,0,0,0,0,0,99.928,0,0,0,0,0,0,0,104.648,0,103.82,50.639,0,0,35.428
7,6/9/50,1:35,117.813,0,0,0,0,0,66.288,0,0,0,0,0,0,0,74.671,0,82.809,81.602,0,0,85.865
7,6/9/50,1:36,0,0,0,0,0,0,0,0,0,0,0,0,0,0,147.114,0,12.66,27.915,0,0,82.532
7,6/9/50,1:37,43.336,0,0,0,0,0,0,0,0,0,0,0,0,0,44.311,0,110.904,0,0,0,82.846
7,6/9/50,1:38,74.433,0,0,0,0,0,0,0,0,0,0,0,0,0,33.206,0,108.835,0,0,0,44.139
7,6/9/50,1:39,29.133,0,0,63.559,0,0,0,0,0,0,0,0,0,0,99.891,0,0,0,0,0,46.324
7,6/9/50,1:40,91.295,0,0,37.38,0,0,0,0,0,0,0,0,0,0,215.222,0,0,0,0,0,78.782
7,6/9/50,1:41,141.699,0,0,56.529,0,0,0,0,0,0,0,0,0,0,181.185,0,0,0,0,0,110.633
7,6/9/50,1:42,186.036,0,0,52.173,0,0,0,0,0,0,0,0,0,0,152.682,0,0,0,0,0,162.647
7,6/9/50,1:43,34.945,0,0,95.185,0,0,0,0,0,0,0,0,0,0,116.609,0,0,0,0,0,71.901
7,6/9/50,1:44,0,0,0,69.349,0,0,0,0,0,0,0,0,0,0,176.424,0,0,0,0,0,28.783
7,6/9/50,1:45,0,0,0,34.568,0,0,0,0,0,0,0,0,0,0,160.618,0,0,0,0,0,38.281
7,6/9/50,1:46,0,0,0,86.915,0,0,0,0,0,0,0,0,0,0,33.254,0,0,0,0,0,83.047
7,6/9/50,1:47,0,0,0,73.84,0,0,0,0,0,0,0,0,0,0,76.126,0,0,0,0,0,57.449
7,6/9/50,1:48,0,0,0,75.07,0,0,0,0,0,0,0,0,0,0,0,0,0,0,0,0,37.303
7,6/9/50,1:49,0,0,0,106.617,0,0,0,0,0,0,0,0,0,0,0,0,0,0,0,0,0
7,6/9/50,1:50,0,0,0,53.426,0,0,0,0,0,0,0,0,0,0,0,0,0,0,0,0,29.647
7,6/9/50,1:51,0,0,0,23.751,0,0,0,38.195,0,0,0,0,0,0,0,0,0,0,0,0,75.701
7,6/9/50,1:52,0,0,0,0,0,0,0,81.84,0,0,0,0,0,0,0,0,0,0,0,0,66.761
7,6/9/50,1:53,0,0,0,0,0,0,0,85.528,0,0,0,0,0,0,0,0,0,0,0,0,145.845
7,6/9/50,1:54,0,0,0,0,0,0,0,86.573,0,0,0,0,0,0,0,0,0,0,0,0,5.334
7,6/9/50,1:55,0,0,0,0,0,0,0,132.27,0,0,0,0,0,0,0,0,0,0,0,0,68.548
7,6/9/50,1:56,0,0,0,0,0,0,0,144.205,0,0,0,0,0,0,0,0,0,0,0,0,67.296
7,6/9/50,1:57,0,0,0,0,0,0,0,60.123,0,0,0,0,0,0,0,0,0,0,0,0,45.325
7,6/9/50,1:58,0,0,0,0,85.06,0,0,72.271,0,0,0,0,0,0,0,0,0,0,0,0,84.564
7,6/9/50,1:59,0,0,0,0,104.373,0,0,65.019,0,0,0,0,0,0,0,0,0,0,0,0,136.499
7,6/9/50,2:00,0,0,0,0,37.502,0,0,52.51,0,0,0,0,0,0,0,0,0,0,0,0,125.041
7,6/9/50,2:01,0,0,0,0,134.918,0,0,89.233,0,0,0,0,0,0,0,0,0,0,0,0,1.411
7,6/9/50,2:02,0,0,0,0,154.49,0,0,34.65,0,0,0,0,0,0,0,0,0,0,0,0,0
7,6/9/50,2:03,0,0,0,0,14.823,0,0,94.545,0,0,0,0,0,0,0,0,0,0,0,0,0
7,6/9/50,2:04,0,0,0,35.754,24.679,0,0,69.722,0,0,0,0,0,0,0,0,0,0,0,0,0
7,6/9/50,2:05,0,0,0,36.325,146.687,0,0,151.827,0,0,0,0,0,0,0,0,0,0,0,0,0
7,6/9/50,2:06,0,0,0,81.909,8.802,0,0,18.156,0,0,0,0,0,0,0,0,0,0,0,0,0
7,6/9/50,2:07,0,0,0,66.997,81.295,0,0,0,0,0,0,0,0,0,0,0,0,0,0,0,0
7,6/9/50,2:08,0,0,0,47.359,54.223,0,0,44.204,0,0,0,0,0,0,0,8.667,0,0,0,0,0
7,6/9/50,2:09,0,0,0,0,0,0,0,13.879,0,0,0,47.48,0,0,0,131.073,0,0,0,0,0
7,6/9/50,2:10,0,0,0,8.372,7.881,0,0,0,0,0,0,96.31,0,0,0,146.335,0,0,0,162.457,0
7,6/9/50,2:11,0,0,0,92.619,44.941,0,0,0,0,0,0,75.923,0,0,0,234.035,0,0,0,106.763,0
7,6/9/50,2:12,0,0,0,109.335,0,0,0,0,0,0,0,131.273,0,0,0,136.994,0,0,0,170.236,0
7,6/9/50,2:13,0,0,0,84.951,22.497,0,0,0,0,0,0,152.049,0,0,0,56.676,0,0,0,91.583,0
7,6/9/50,2:14,0,0,0,113.635,38.549,0,0,0,0,0,0,50.466,0,0,0,219.277,0,0,0,0,0
7,6/9/50,2:15,0,0,0,36.26,10.817,0,0,0,0,0,0,198.652,0,0,0,125.583,0,0,0,0,0
7,6/9/50,2:16,0,0,0,41.726,19.791,0,0,0,0,0,0,84.986,0,0,0,189.438,0,0,0,0,0
7,6/9/50,2:17,0,0,0,60.118,87.233,0,0,0,0,0,0,219.324,0,0,0,24.739,0,0,0,0,0
7,6/9/50,2:18,0,0,0,148.403,24.353,0,0,0,0,0,0,72.551,0,0,0,97.625,0,0,0,90.155,0
7,6/9/50,2:19,0,0,0,80.751,0,0,0,0,0,0,0,106.208,0,0,0,65.258,0,0,106.98,109.555,0
7,6/9/50,2:20,0,0,0,0,49.814,0,0,0,0,0,0,90.087,0,0,0,110.467,0,0,2.915,57.76,0
7,6/9/50,2:21,0,0,0,65.047,225.59,0,0,0,0,0,0,25.835,0,0,0,83.737,0,0,28.41,195.53,0
7,6/9/50,2:22,0,0,0,80.381,173.116,0,0,0,0,0,0,61.144,0,0,0,29.847,0,0,18.121,32.669,0
7,6/9/50,2:23,0,0,0,209.956,28.965,0,0,0,0,0,0,44.166,0,0,0,35.94,0,70.708,13.599,116.586,0
7,6/9/50,2:24,0,0,0,35.186,0,0,0,0,0,0,0,78.891,0,0,0,102.113,0,52.598,133.661,119.7,0
7,6/9/50,2:25,0,0,0,0,0,0,0,0,0,0,0,63.078,0,0,0,0,0,156.003,27.586,112.434,0
7,6/9/50,2:26,0,0,0,29.502,0,0,0,0,0,0,0,151.459,0,0,0,0,0,43.679,69.772,106.357,0
7,6/9/50,2:27,0,0,0,65.114,0,0,0,0,0,0,0,86.792,0,0,0,0,0,16.232,0,66.66,0
7,6/9/50,2:28,0,0,0,65.769,0,0,0,0,0,0,0,90.041,0,0,0,0,0,60.041,0,6.602,0
7,6/9/50,2:29,0,0,0,63.289,0,0,0,0,0,0,0,117.777,0,0,0,0,0,71.622,0,68.017,0
7,6/9/50,2:30,0,0,0,133.592,0,0,0,0,0,0,0,71.316,0,0,0,0,0,87.243,40.321,91.619,0
7,6/9/50,2:31,0,0,0,32.8,0,0,0,0,0,0,0,0,0,0,0,0,0,41.211,34.766,160.667,0
7,6/9/50,2:32,0,0,0,0,0,0,32.298,0,0,0,0,0,0,0,0,0,0,66.676,40.529,19.391,0
7,6/9/50,2:33,0,0,0,0,0,0,43.388,0,0,0,0,0,0,0,0,0,0,51.199,0,100.889,0
7,6/9/50,2:34,0,0,0,0,0,0,30.4,0,0,0,0,0,99.161,0,0,0,0,41.462,0,129.406,0
7,6/9/50,2:35,0,0,0,0,0,0,0,0,0,50.913,0,0,143.767,0,0,0,0,0,58.184,68.461,0
7,6/9/50,2:36,0,0,0,0,0,0,0,0,0,48.493,0,0,54.909,0,0,0,0,0,0,36.61,0
7,6/9/50,2:37,0,0,0,0,0,0,0,0,0,163.139,0,0,101.157,0,0,0,0,0,23.697,78.496,0
7,6/9/50,2:38,34.225,0,0,0,0,0,0,0,0,0,0,0,0,0,0,0,0,0,30.918,43.834,0
7,6/9/50,2:39,0,22.775,0,0,0,0,0,0,0,43.685,0,0,0,0,0,0,0,0,0,63.496,0
7,6/9/50,2:40,0,0,0,0,0,0,0,0,0,36.646,0,0,99.94,0,0,0,0,0,0,110.185,0
7,6/9/50,2:41,0,0,0,0,0,0,0,0,0,55.21,0,0,18.668,0,0,0,0,0,0,21.696,0
7,6/9/50,2:42,0,105.751,0,0,0,0,0,0,0,48.889,0,0,25.582,0,0,0,0,0,0,29.815,0
7,6/9/50,2:43,0,0,0,0,0,0,0,0,0,21.81,0,0,41.788,0,0,0,0,0,0,0,0
7,6/9/50,2:44,0,0,0,0,0,0,0,0,0,35.924,0,0,48.535,0,0,0,0,0,0,51.523,0
7,6/9/50,2:45,0,0,0,0,0,0,0,0,0,62.089,0,0,46.868,0,0,0,0,0,0,0,0
7,6/9/50,2:46,0,0,0,0,0,0,0,0,0,39.693,0,0,97.222,0,0,0,0,0,0,0,0
7,6/9/50,2:47,0,0,0,0,0,0,0,0,0,36.53,0,0,41.915,0,0,0,0,0,0,0,0
7,6/9/50,2:48,0,0,0,0,0,0,0,0,0,47.954,0,0,62.889,0,0,0,0,0,0,0,0
7,6/9/50,2:49,0,0,0,0,0,0,0,0,0,67.518,0,0,36.007,0,0,0,0,0,0,0,0
7,6/9/50,2:50,0,119.102,0,0,0,0,0,0,0,86.973,0,0,47.245,0,0,0,0,0,0,0,0
7,6/9/50,2:51,0,84.588,0,0,0,0,0,0,0,23.557,0,0,150.226,0,0,0,0,0,0,0,0
7,6/9/50,2:52,0,23.154,0,0,0,0,0,0,0,97.49,0,0,73.395,0,0,0,0,0,0,0,0
7,6/9/50,2:53,0,0,0,0,0,0,0,0,0,86.512,0,0,121.638,0,0,0,0,0,0,0,0
7,6/9/50,2:54,0,156.762,0,0,0,0,0,0,0,91.311,0,0,79.139,0,0,0,0,0,0,0,0
7,6/9/50,2:55,0,14.81,0,0,0,0,0,0,0,25.141,0,0,16.551,0,0,0,0,0,0,0,0
7,6/9/50,2:56,0,199.018,0,0,0,0,0,0,0,20.136,0,0,68.148,0,0,0,0,0,0,0,0
7,6/9/50,2:57,0,209.153,0,0,0,0,0,0,0,0,0,0,0,0,0,0,0,0,0,0,0
7,6/9/50,2:58,0,165.118,0,0,0,0,102.553,0,0,0,0,0,0,0,0,0,0,0,0,0,0
7,6/9/50,2:59,0,121.526,0,0,0,0,107.75,0,0,0,0,0,0,0,0,0,0,0,0,0,0
7,6/9/50,3:00,0,192.046,0,0,0,0,49.217,0,0,23.11,0,0,0,0,0,0,0,0,0,0,0
7,6/9/50,3:01,0,111.016,0,0,0,0,80.989,0,0,54.802,0,0,0,0,0,0,0,0,0,0,0
7,6/9/50,3:02,0,139.3,0,0,0,0,34.811,0,0,14.609,0,0,0,0,0,0,0,0,0,0,0
7,6/9/50,3:03,0,65.607,0,0,0,0,100.052,0,0,18.357,0,0,0,0,0,0,0,0,0,0,0
7,6/9/50,3:04,0,0,0,0,0,0,84.613,0,0,80.24,0,0,0,0,0,0,0,0,0,0,0
7,6/9/50,3:05,0,128.142,0,0,0,0,17.042,0,0,34.1,0,0,0,0,0,0,0,0,0,0,0
7,6/9/50,3:06,0,149.91,0,0,0,0,71.682,0,0,46.884,0,0,46.94,0,0,0,0,0,0,0,0
7,6/9/50,3:07,0,0,0,0,0,0,111.826,53.691,0,30.922,0,0,120.982,0,0,0,0,0,0,0,0
7,6/9/50,3:08,0,0,0,0,0,0,98.155,74.347,0,66.498,0,0,107.678,0,0,0,0,0,0,0,0
7,6/9/50,3:09,0,0,0,0,0,0,24.523,90.363,0,58.096,0,0,24.37,0,0,0,0,0,0,0,0
7,6/9/50,3:10,0,0,0,0,0,30.966,59.597,72.098,0,48.355,0,0,62.141,0,0,0,0,0,0,0,0
7,6/9/50,3:11,0,0,0,0,0,41.197,13.066,81.741,0,41.306,0,0,0,0,0,0,0,0,0,0,0
7,6/9/50,3:12,0,0,0,0,0,0,78.353,55.534,0,11.738,0,0,0,0,0,0,0,0,0,0,0
7,6/9/50,3:13,0,0,0,0,0,69.91,83.829,66.189,0,61.63,0,0,0,0,0,0,0,0,0,0,0
7,6/9/50,3:14,0,0,0,0,0,187.601,46.72,86.982,0,0,0,0,0,0,0,0,0,0,0,0,0
7,6/9/50,3:15,0,0,0,0,0,84.95,0,35.66,0,25.423,0,0,0,0,0,0,0,0,0,0,0
7,6/9/50,3:16,0,0,0,0,0,44.774,0,104.274,0,4.644,0,0,0,0,0,0,0,0,0,0,0
7,6/9/50,3:17,0,0,0,0,0,58.873,38.103,30.363,0,0,0,0,0,0,0,0,0,0,0,0,0
7,6/9/50,3:18,0,0,0,0,0,0,109.928,0,0,0,0,0,0,0,0,0,0,0,0,0,0
7,6/9/50,3:19,0,0,0,0,0,0,139.59,0,0,86.562,0,0,0,0,0,0,0,0,0,0,0
7,6/9/50,3:20,0,0,0,0,0,46.814,27.381,0,0,103.143,0,0,0,0,0,0,0,0,0,0,0
7,6/9/50,3:21,0,0,0,0,0,19.781,90.489,0,0,89.146,0,0,0,0,0,0,0,0,0,0,0
7,6/9/50,3:22,0,0,38.392,0,0,0,0,0,0,106.715,0,0,0,0,0,0,0,26.002,0,0,0
7,6/9/50,3:23,0,0,194.195,0,0,0,35.423,0,0,16.593,0,0,0,0,0,0,0,49.593,0,0,0
7,6/9/50,3:24,0,0,107.513,0,0,0,0,0,0,33.77,0,0,0,0,0,0,0,52.946,0,0,0
7,6/9/50,3:25,0,0,67.687,0,0,0,0,0,0,0,0,0,0,0,0,0,0,73.127,0,0,0
7,6/9/50,3:26,0,0,145.42,0,0,0,0,0,0,0,0,0,0,0,0,0,0,88.185,0,0,0
7,6/9/50,3:27,0,0,68.028,82.267,0,0,0,0,0,0,0,0,0,0,0,0,0,1.58,0,0,0
7,6/9/50,3:28,0,0,126.897,46.783,0,0,0,0,0,0,0,0,0,0,0,0,0,0,0,0,0
7,6/9/50,3:29,0,0,53.904,60.413,0,0,0,0,0,0,0,0,0,0,0,0,0,0,0,0,0
7,6/9/50,3:30,0,0,74.845,37.092,0,0,0,0,0,0,0,0,0,0,0,0,0,0,0,0,0
7,6/9/50,3:31,0,0,102.363,74.778,0,0,0,0,0,0,0,0,0,0,0,0,0,0,0,0,0
7,6/9/50,3:32,0,0,57.659,79.57,0,0,0,0,0,0,0,0,0,0,0,0,0,0,0,0,0
7,6/9/50,3:33,0,0,88.483,32.441,0,0,0,0,0,0,0,0,0,0,0,0,0,0,0,0,0
7,6/9/50,3:34,0,0,74.383,16.925,0,0,0,0,0,0,0,0,0,0,0,0,0,0,0,0,0
7,6/9/50,3:35,0,0,88.158,206.525,0,0,0,0,0,0,0,26.542,0,0,0,0,0,0,0,0,0
7,6/9/50,3:36,0,0,141.025,43.843,0,0,0,0,0,0,0,110.625,0,0,0,0,0,0,0,0,0
7,6/9/50,3:37,0,0,173.612,49.595,0,0,0,0,0,0,0,34.305,0,0,0,0,0,0,0,0,0
7,6/9/50,3:38,0,0,67.731,34.602,0,0,0,0,0,0,0,105.724,0,0,94.377,0,0,0,0,0,0
7,6/9/50,3:39,48.642,0,34.049,70.491,0,0,0,0,0,0,0,48.261,0,0,127.455,0,0,0,0,0,0
7,6/9/50,3:40,233.586,0,0,0,0,0,0,0,0,0,0,33.221,0,0,95.66,0,0,0,0,0,0
7,6/9/50,3:41,75.76,0,144.711,81.387,0,0,0,0,0,0,0,95.979,0,0,81.368,0,0,0,0,0,0
7,6/9/50,3:42,49.094,0,0,110.062,0,0,0,0,0,0,0,92.694,0,0,32.677,156.488,0,0,0,0,0
7,6/9/50,3:43,48.442,0,90.767,102.461,0,0,0,0,0,0,0,35.465,0,0,152.665,133.2,0,0,0,0,0
7,6/9/50,3:44,72.32,0,161.306,91.087,0,0,0,0,0,0,0,0,0,0,81.405,91.372,0,0,0,29.586,0
7,6/9/50,3:45,71.789,0,147.526,110.693,55.842,0,0,0,0,0,0,48.84,0,0,10.849,164.262,0,0,0,107.459,0
7,6/9/50,3:46,18.732,0,36.741,120.747,166.003,0,0,0,0,0,0,133.688,0,0,31.939,171.583,0,0,0,80.483,0
7,6/9/50,3:47,0,0,49.493,47.118,118.235,0,0,0,0,0,62.466,13.488,0,0,199.141,107.829,0,0,0,84.961,0
7,6/9/50,3:48,0,0,53.955,146.4,84.565,0,0,0,0,0,28.199,0,0,0,119.237,0,0,0,0,25.154,0
7,6/9/50,3:49,0,0,18.251,127.083,0,0,0,0,0,0,55.317,0,0,0,62.914,97.19,0,0,0,0,85.712
7,6/9/50,3:50,0,0,0,26.63,72.593,0,0,0,0,0,72.465,0,0,0,17.939,195.705,0,0,0,0,0
7,6/9/50,3:51,0,0,0,83.633,85.66,0,0,0,0,0,100.428,0,0,0,20.512,201.501,0,0,0,0,129.261
7,6/9/50,3:52,0,0,0,15.876,35.639,0,0,0,0,0,31.629,0,0,0,81.994,99.427,0,0,0,0,95.241
7,6/9/50,3:53,0,0,0,16.779,0,0,0,0,0,0,110.223,41.608,0,0,65.217,0,0,0,0,0,0
7,6/9/50,3:54,0,0,0,0,0,0,0,0,0,0,51.189,100.42,0,0,0,34.599,0,0,0,0,0
7,6/9/50,3:55,7.527,0,0,0,0,0,0,0,0,0,67.695,0,0,0,0,61.821,0,0,0,0,0
7,6/9/50,3:56,220.754,0,0,0,52.507,0,0,0,0,0,37.302,0,0,0,0,47.097,0,0,0,0,0
7,6/9/50,3:57,91.583,41.154,0,0,57.58,0,0,99.642,0,0,54.789,0,0,0,0,83.433,0,0,0,0,0
7,6/9/50,3:58,75.52,0,0,0,88.228,0,55.555,89.943,0,0,95.28,0,0,61.685,0,156.847,0,0,0,0,0
7,6/9/50,3:59,79.41,124.169,0,0,0,0,29.833,82.054,0,0,104.385,0,0,67.147,0,29.553,0,151.127,0,76.954,0
7,6/9/50,4:00,0,183.272,0,0,66.998,0,30.077,62.674,0,0,39.064,0,0,75.802,0,0,0,96.466,0,105.115,17.612
7,6/9/50,4:01,188.418,122.331,0,0,0,0,0,56.324,0,0,0,0,0,82.421,0,0,0,38.768,0,96.44,44.942
7,6/9/50,4:02,0,179.598,0,0,0,0,0,109.865,0,0,0,0,0,42.3,0,0,0,0,0,25.497,100.99
7,6/9/50,4:03,0,130.366,93.997,0,0,0,0,103.735,0,0,0,0,0,91.225,0,0,0,13.91,38.541,119.399,75.574
7,6/9/50,4:04,0,0,35.577,0,0,0,0,72.963,0,0,0,0,0,148.079,0,0,0,86.51,107.541,123.658,0
7,6/9/50,4:05,0,86.485,139.967,0,0,0,0,39.833,0,0,0,0,0,0,0,0,0,101.243,28.47,31.352,16.245
7,6/9/50,4:06,0,130.801,82.915,0,0,0,0,0,0,0,0,0,0,0,0,0,0,68.638,48.585,128.344,40.431
7,6/9/50,4:07,0,98.249,0,0,0,0,0,61.415,0,0,0,0,0,19.54,0,0,0,51.627,44.046,92.172,27.432
7,6/9/50,4:08,0,22.972,69.751,0,0,0,0,100.49,0,0,0,0,0,20.668,0,0,0,0,46.658,142.7,21.098
7,6/9/50,4:09,0,161.081,20.541,0,0,0,0,22.807,0,0,0,0,0,26.912,0,0,0,0,0,151.077,75.048
7,6/9/50,4:10,0,90.108,73.237,0,0,0,0,65.152,0,0,0,0,0,16.515,0,0,0,0,0,70.68,44.022
7,6/9/50,4:11,0,69.175,131.427,0,0,0,0,169.903,0,0,0,0,0,11.008,0,0,0,0,10.676,10.747,55.699
7,6/9/50,4:12,0,42.005,70.748,0,0,0,0,56.001,0,0,0,0,0,25.732,0,0,0,49.361,25.944,79.657,16.844
7,6/9/50,4:13,0,132.164,38.441,0,0,0,0,33.047,0,0,0,0,0,44.372,0,0,0,40.236,9.494,95.227,45.387
7,6/9/50,4:14,0,91.536,0,0,0,0,0,0,0,0,0,0,0,0,0,0,0,0,7.956,127.864,0
7,6/9/50,4:15,0,19.206,0,0,0,0,0,7.356,0,0,0,0,0,141.477,0,0,0,0,11.653,35.69,0
7,6/9/50,4:16,0,35.804,0,0,0,0,0,59.449,0,0,0,0,0,55.695,0,0,0,0,37.358,31.831,81.029
7,6/9/50,4:17,0,52.673,0,0,0,0,0,48.78,0,0,0,0,0,0,0,0,0,0,28.784,73.242,50.538
7,6/9/50,4:18,0,149.249,0,0,0,0,0,43.566,0,0,0,0,0,0,0,0,0,0,4.929,139.473,103.823
7,6/9/50,4:19,0,62.279,0,0,0,0,0,57.414,0,0,0,0,0,39.444,0,0,0,0,0,43.835,68.529
7,6/9/50,4:20,0,122.345,0,0,0,0,0,38.187,0,0,0,0,0,114.572,0,0,0,0,83.087,146.427,64.262
7,6/9/50,4:21,0,40.838,0,0,0,0,0,19.717,0,0,0,0,0,0,0,0,0,0,29.612,50.899,39.149
7,6/9/50,4:22,0,221.4,0,0,0,0,0,53.669,0,0,0,0,0,5.82,0,0,0,0,208.39,0,50.85
7,6/9/50,4:23,0,108.246,0,0,0,0,0,25.425,0,0,0,0,0,112.618,0,0,0,0,40.092,0,64.289
7,6/9/50,4:24,0,21.509,0,0,0,0,0,32.048,0,0,0,0,0,164.107,0,0,0,0,35.044,0,87.878
7,6/9/50,4:25,0,91.65,0,0,0,0,0,35.543,0,0,0,0,0,142.911,0,0,0,0,28.109,0,80.627
7,6/9/50,4:26,0,121.382,0,0,0,0,0,40.84,0,0,0,0,0,21.329,0,0,0,0,31.289,0,86.245
7,6/9/50,4:27,0,0,0,0,0,0,0,32.406,0,0,0,0,0,22.043,0,0,0,0,38.168,0,30.296
7,6/9/50,4:28,0,37.936,0,0,0,0,0,84.608,0,0,0,0,0,53.069,0,0,0,0,0,0,128.02
7,6/9/50,4:29,0,169.457,0,0,0,0,0,84.618,0,0,0,0,0,30.806,0,0,0,0,101.167,0,189.723
7,6/9/50,4:30,0,126.428,0,0,0,0,0,31.42,0,0,0,0,0,0,0,0,0,0,82.657,0,58.043
7,6/9/50,4:31,0,97.996,0,0,0,23.981,0,0,0,0,0,0,0,0,0,0,0,0,37.104,0,81.448
7,6/9/50,4:32,0,97.724,0,0,0,34.28,0,0,0,0,0,0,0,0,0,0,0,0,36.927,0,177.877
7,6/9/50,4:33,0,107.202,0,0,0,11.82,0,0,0,0,0,0,0,0,0,0,0,0,31.865,0,137.307
7,6/9/50,4:34,42.808,74.106,0,0,0,89.12,0,100.421,0,0,0,0,0,0,0,0,0,0,47.375,0,0
7,6/9/50,4:35,74.654,60.531,244.222,0,0,104.384,0,115.779,0,0,0,0,0,0,0,0,0,0,14.143,0,0
7,6/9/50,4:36,47.897,101.75,138.781,0,0,101.958,0,40.723,0,0,0,0,0,0,0,0,0,0,120.555,0,0
7,6/9/50,4:37,63.76,114.524,157.975,0,0,24.244,0,57.543,0,0,0,0,0,0,0,0,0,0,0,0,0
7,6/9/50,4:38,92.805,76.204,242.38,0,0,81.828,32.205,19.479,0,0,0,0,0,0,0,0,0,0,0,0,0
7,6/9/50,4:39,54.699,0,0,0,0,101.734,96.322,0,0,0,0,0,0,0,148.397,0,0,0,67.778,0,0
7,6/9/50,4:40,121.399,0,68.805,0,0,153.407,86.122,0,0,0,0,0,0,0,98.746,0,0,0,226.124,0,0
7,6/9/50,4:41,67.18,0,46.57,0,0,48.923,83.534,0,0,0,0,0,0,0,0,0,24.323,0,176.462,0,0
7,6/9/50,4:42,40.766,0,76.3,0,0,0,44.707,0,0,0,0,0,0,0,0,0,67.025,0,130.657,0,0
7,6/9/50,4:43,120.569,0,59.301,0,0,141.201,153.228,0,0,0,0,0,0,0,0,0,39.861,0,0,0,0
7,6/9/50,4:44,192.311,28.034,136.476,0,0,154.679,73.84,0,0,0,0,0,0,0,85.053,0,53.251,0,0,0,0
7,6/9/50,4:45,19.467,49.081,71.17,0,0,59.6,68.428,0,0,0,0,46.54,0,0,211.718,0,0,0,0,0,0
7,6/9/50,4:46,5.485,106.456,113.631,0,0,107.799,64.163,56.736,0,0,0,68.338,0,0,114.62,0,0,0,0,0,0
7,6/9/50,4:47,134.575,21.688,150.64,0,0,83.026,78.614,142.026,0,0,0,139.398,0,0,275.924,0,41.73,0,0,0,0
7,6/9/50,4:48,18.037,21.613,167.492,0,0,6.91,139.407,195.504,49.293,0,0,68.783,0,0,112.77,0,69.838,0,0,0,0
7,6/9/50,4:49,37.738,80.175,130.121,56.63,0,0,60.151,127.989,52.073,0,0,74.033,0,0,171.107,0,58.05,0,0,0,0
7,6/9/50,4:50,168.897,33.962,97.822,12.934,0,61.395,63.301,71.765,6.262,0,0,69.507,0,0,105.309,0,38.002,0,0,0,0
7,6/9/50,4:51,148.025,23.429,2.477,41.31,0,61.679,85.031,97.275,43.848,38.825,0,106.936,80.306,0,2.795,0,59.198,0,0,0,0
7,6/9/50,4:52,59.74,160.968,105.887,71.224,0,0,129.875,42.621,19.583,0,0,47.391,141.164,0,72.553,0,74.128,0,0,0,0
7,6/9/50,4:53,39.508,43.78,154.136,84.67,0,0,64.228,0,36.735,12.977,0,0,67.948,0,68.115,0,97.199,0,0,0,0
7,6/9/50,4:54,109.399,148.907,160.235,1.078,0,32.108,22.282,0,17.787,0,0,0,42.993,0,38.323,0,43.286,0,0,0,0
7,6/9/50,4:55,106.659,187.436,49.153,95.466,0,0,0,0,42.011,0,0,0,53.519,0,7.583,0,21.525,0,0,0,0
7,6/9/50,4:56,33.33,55.268,46.733,137.878,0,0,6.806,0,54.93,0,0,0,112.985,0,164.778,0,85.105,0,0,0,0
7,6/9/50,4:57,51.274,27.618,40.176,119.071,0,35.562,99.39,0,44.364,95.385,0,0,84.24,0,81.56,0,25.956,0,0,0,0
7,6/9/50,4:58,84.768,0,148.415,0,0,84.307,57.761,0,36.711,58.142,0,0,160.294,0,0,0,37.016,0,0,0,0
7,6/9/50,4:59,22.905,0,157.948,130.875,0,0,91.88,0,13.2,31.998,0,0,121.889,0,67.366,0,68.307,0,0,0,0
7,6/9/50,5:00,39.787,0,21.666,46.456,0,0,47.754,0,29.63,59.142,0,0,34.349,0,33.092,0,79.677,67.938,0,0,0
7,6/9/50,5:01,165.641,0,188.39,88.544,0,39.285,40.03,0,0,55.101,0,0,74.905,0,90.076,0,15.06,77.648,0,0,0
7,6/9/50,5:02,154.128,0,7.456,19.618,0,83.126,84.548,0,0,9.771,0,0,13.322,0,94.503,0,43.695,100.797,0,0,0
7,6/9/50,5:03,123.448,0,51.27,47.542,0,108.406,0,0,4.085,28.468,0,0,19.92,0,0,36.859,84.888,137.633,0,0,0
7,6/9/50,5:04,79.003,0,63.72,62.253,0,35.462,0,0,70.97,31.976,0,0,28.055,0,0,130.309,39.319,103.842,0,0,0
7,6/9/50,5:05,111.813,0,43.672,54.945,0,64.439,0,0,34.296,16.264,0,0,98.374,0,47.06,130.908,28.262,0,0,0,0
7,6/9/50,5:06,115.53,0,38.803,65.652,0,0,0,0,22.221,24.627,0,0,77.279,0,103.179,202.637,68.377,0,0,0,0
7,6/9/50,5:07,133.131,0,45.909,64.02,0,29.564,0,0,0,78.559,0,0,95.231,0,135.713,162.273,174.791,0,0,0,0
7,6/9/50,5:08,11.173,0,202.487,0,0,0,0,0,0,34.642,0,0,144.372,0,157.625,153.267,50.498,0,0,0,0
7,6/9/50,5:09,103.249,0,71.289,0,0,0,0,0,0,22.47,0,0,88.652,0,153.807,148.92,59.576,65.248,0,0,0
7,6/9/50,5:10,109.448,0,0,0,0,83.328,0,0,0,118.662,0,0,111.311,0,62.252,52.258,65.097,3.04,0,0,0
7,6/9/50,5:11,125.546,0,0,0,0,30.034,0,0,0,88.935,0,0,85.159,0,142.644,158.206,117.081,40.36,0,0,0
7,6/9/50,5:12,16.376,0,0,0,0,8.923,0,0,0,125.348,0,0,93.197,0,83.434,186.669,153.489,156.636,0,0,0
7,6/9/50,5:13,60.815,0,0,0,0,0,0,0,54.359,7.202,0,0,0,0,0,103.932,104.674,53.484,0,41.921,0
7,6/9/50,5:14,0,0,0,0,0,0,0,0,56.764,39.91,0,0,18.605,0,0,163.626,196.387,144.204,0,22.636,0
7,6/9/50,5:15,60.441,0,0,0,0,0,0,0,39.66,18.594,0,0,32.288,0,0,67.713,163.608,0,0,136.372,0
7,6/9/50,5:16,87.924,0,0,0,0,61.429,0,0,20.709,0,0,0,2.79,0,0,0,37.996,0,0,171.721,0
7,6/9/50,5:17,161.826,0,0,0,0,34.712,0,25.465,31.035,0,0,0,0,0,0,111.754,27.822,0,0,82.235,0
7,6/9/50,5:18,36.048,0,0,0,0,36.433,0,137.949,28.213,0,0,0,0,0,0,53.842,52.376,0,0,121.75,0
7,6/9/50,5:19,36.327,0,0,0,0,21.485,0,15.852,44.225,0,0,0,53.398,0,0,54.763,29.882,0,0,86.37,0
7,6/9/50,5:20,34.009,0,0,0,0,23.666,0,14.08,69.643,0,135.067,0,64.403,0,0,0,69.853,0,0,82.264,0
7,6/9/50,5:21,45.07,0,0,0,0,79.11,0,131.069,17.052,0,75.719,0,61.171,0,0,0,42.934,0,0,163.674,0
7,6/9/50,5:22,25.787,0,0,0,0,130.064,0,99.678,31.936,0,30.353,0,85.024,0,0,0,87.726,0,0,17.348,0
7,6/9/50,5:23,156.149,0,0,0,0,26.995,0,45.216,19.37,0,44.242,0,161.135,0,0,0,67.329,0,0,41.143,0
7,6/9/50,5:24,16.008,0,0,0,96.433,59.05,0,89.039,38.649,0,47.779,0,61.033,0,0,0,113.489,0,0,100.164,0
7,6/9/50,5:25,0,0,0,0,106.717,49.874,0,127.746,0,0,66.517,0,39.329,0,0,0,65.586,0,0,11.944,0
7,6/9/50,5:26,0,0,0,0,19.5,67.124,0,90.998,0,0,37.518,0,44.956,0,0,0,71.008,0,0,87.88,0
7,6/9/50,5:27,0,0,0,0,17.957,36.549,0,74.401,0,0,56.23,0,0,0,0,0,83.23,0,0,61.208,0
7,6/9/50,5:28,0,0,0,0,104.162,81.79,0,38.592,0,0,44.646,0,0,0,0,0,0,0,0,47.534,0
7,6/9/50,5:29,0,0,0,0,110.844,29.771,0,97.39,0,0,37.194,0,0,0,0,0,0,0,0,85.164,0
7,6/9/50,5:30,0,0,0,0,36.121,109.219,0,77.898,0,0,77.43,0,0,0,0,0,238.283,0,0,0,0
7,6/9/50,5:31,42.384,0,0,0,94.741,64.087,0,92.409,0,0,0,0,0,0,0,0,99.474,0,0,132.877,0
7,6/9/50,5:32,197.132,0,0,0,64.169,0,0,66.735,0,0,0,0,0,0,0,0,15.449,0,0,124.728,0
7,6/9/50,5:33,0,0,0,0,37.635,70.458,0,168.974,0,0,0,0,0,0,0,0,49.242,0,0,143.322,0
7,6/9/50,5:34,187.008,0,0,0,41.14,44.626,0,40.532,0,0,0,0,0,0,0,0,145.271,0,0,46.792,0
7,6/9/50,5:35,35.428,0,0,0,43.325,67.676,0,36.267,0,0,150.195,0,0,0,0,0,0,0,0,0,0
7,6/9/50,5:36,0,0,0,0,0,0,0,25.93,0,0,108.154,0,0,0,0,0,0,0,0,0,0
7,6/9/50,5:37,0,0,0,0,0,0,0,22.521,0,0,91.624,0,0,0,0,0,0,0,0,0,0
7,6/9/50,5:38,0,0,0,0,75.144,0,0,105.457,0,0,0,0,0,0,0,0,32.096,0,0,0,0
7,6/9/50,5:39,0,0,0,0,0,0,0,58.44,0,0,0,20.417,0,0,0,0,104.519,0,0,0,0
7,6/9/50,5:40,0,0,0,0,0,0,0,15.253,0,0,0,108.401,0,0,0,0,129.726,0,0,0,0
7,6/9/50,5:41,0,0,0,0,0,19.858,34.227,117.141,0,0,0,80.415,0,0,0,0,0,0,0,0,0
7,6/9/50,5:42,0,0,0,0,0,117.246,127.147,96.265,0,0,0,63.41,0,0,0,0,0,0,0,0,0
7,6/9/50,5:43,0,0,0,0,0,14.304,196.224,43.688,0,0,0,16.121,0,0,0,0,0,0,0,0,0
7,6/9/50,5:44,0,0,0,0,0,72.189,110.032,58.509,0,0,0,62.612,0,0,0,0,0,0,0,0,0
7,6/9/50,5:45,0,0,0,0,0,183.027,114.518,36.517,0,0,0,126.744,0,0,0,0,0,0,0,0,0
7,6/9/50,5:46,0,0,0,0,0,102.015,44.694,13.523,0,0,0,21.636,0,0,0,0,0,0,0,0,0
7,6/9/50,5:47,0,0,0,0,0,22.628,36.745,27.468,0,0,0,43.889,0,0,0,0,0,0,0,0,0
7,6/9/50,5:48,0,0,0,0,0,77.702,30.147,129.394,0,0,0,83.918,0,0,0,0,0,0,0,0,18.316
7,6/9/50,5:49,0,0,0,0,0,78.197,33.488,68.142,0,0,0,50.956,0,0,59.173,0,0,0,0,0,227.122
7,6/9/50,5:50,0,0,0,0,0,35.889,109.607,22.899,0,0,0,81.434,0,0,124.359,0,0,0,0,0,0
7,6/9/50,5:51,0,0,0,0,0,53.316,30.039,29.442,0,0,0,28.765,0,0,106.105,0,0,0,0,0,0
7,6/9/50,5:52,0,0,0,0,0,40.739,71.614,24.783,0,0,0,21.111,0,0,143.786,0,0,0,0,0,0
7,6/9/50,5:53,0,0,0,0,0,20.371,67.427,62.128,0,0,0,122.669,0,0,123.388,0,0,0,0,0,78.981
7,6/9/50,5:54,0,23.579,0,0,0,0,156.418,33.883,0,0,0,72.183,0,0,76.213,0,0,0,0,0,0
7,6/9/50,5:55,0,162.49,0,0,0,43.046,55.999,131.164,0,0,0,68.743,0,0,0,0,0,21.831,0,0,87.248
7,6/9/50,5:56,0,44.95,0,0,0,0,59.703,88.495,0,0,0,99.073,0,0,106.165,0,0,35.288,0,0,81.103
7,6/9/50,5:57,0,157.094,0,0,0,0,108.103,78.311,0,0,0,146.739,0,0,138.886,0,0,0,0,0,85.16
7,6/9/50,5:58,0,76.631,0,57.527,0,0,40.99,79.95,0,0,0,26.64,0,0,131.056,0,0,114.159,0,0,27.373
7,6/9/50,5:59,0,89.621,0,112.735,0,0,0,0,0,0,0,18.184,0,0,107.397,0,0,74.698,0,0,163.519
8,6/9/50,6:00,0,94.128,0,79.585,0,0,0,82.773,0,0,0,45.078,0,0,37.206,0,0,38.567,0,0,31.039
8,6/9/50,6:01,0,192.745,0,55.779,0,0,0,110.444,0,0,0,0,0,0,202.461,0,0,70.51,0,0,314.909
8,6/9/50,6:02,0,40.638,0,15.801,0,0,88.461,66.958,0,0,0,0,0,0,106.734,0,0,49.968,0,0,369.126
8,6/9/50,6:03,0,19.513,0,92.813,0,0,87.474,91.909,0,0,0,0,0,125.316,81.162,0,0,0,0,0,351.015
8,6/9/50,6:04,0,24.055,0,65.206,0,0,35.183,0,0,0,0,0,0,105.215,88.919,0,0,0,0,0,0
8,6/9/50,6:05,0,69.771,0,82.035,0,0,61.224,0,0,0,0,0,0,188.923,107.766,0,0,0,0,0,0
8,6/9/50,6:06,0,37.112,0,45.753,0,0,100.417,0,0,0,0,0,0,44.106,130.083,0,0,6.46,0,0,0
8,6/9/50,6:07,0,172.855,0,67.737,0,0,62.28,0,0,0,0,0,0,30.345,0,0,0,66.837,0,0,0
8,6/9/50,6:08,0,28.059,0,50.181,0,0,51.754,0,0,0,0,0,0,22.209,35.088,0,0,81.766,0,0,0
8,6/9/50,6:09,0,0,0,72.964,0,0,24.587,0,0,0,0,0,0,20.419,92.86,0,0,44.804,0,0,0
8,6/9/50,6:10,0,0,0,121.352,0,0,21.076,0,0,0,0,0,0,30.849,106.92,0,0,0,0,0,0
8,6/9/50,6:11,0,88.772,0,23.988,0,0,0,0,0,0,0,105.562,0,54.695,83.761,0,0,0,0,0,0
8,6/9/50,6:12,0,0,0,71.44,0,0,67.994,0,0,0,0,33.984,0,79.835,41.84,0,0,0,0,0,0
8,6/9/50,6:13,0,36.831,0,44.826,0,0,61.246,0,0,0,0,0,0,102.709,176.274,0,0,0,0,0,0
8,6/9/50,6:14,0,53.682,0,137.707,0,0,38.984,0,0,0,0,0,0,14.484,0,0,0,0,0,0,60.149
8,6/9/50,6:15,0,100.094,0,89.386,0,0,54.999,0,0,0,0,0,50.535,0,0,0,0,0,0,0,0
8,6/9/50,6:16,0,73.19,0,21.609,0,0,44.531,0,0,0,0,0,27.352,0,62.871,0,0,0,0,0,0
8,6/9/50,6:17,0,28.076,0,18.791,0,0,24.361,0,0,0,0,0,84.565,0,95.753,0,0,0,0,0,0
8,6/9/50,6:18,0,57.406,0,60.32,0,0,48.73,0,0,0,0,0,108.879,38.093,48.562,0,0,0,0,0,0
8,6/9/50,6:19,0,69.14,0,39.802,0,0,27.692,0,0,0,0,0,0,38.242,79.32,0,0,0,0,0,0
8,6/9/50,6:20,0,13.583,0,0,0,0,48.179,0,0,0,0,0,0,41.879,33.903,0,0,0,0,0,0
8,6/9/50,6:21,0,79.528,0,0,0,0,0,0,0,0,0,0,0,68.302,52.548,114.601,0,0,0,0,0
8,6/9/50,6:22,0,0,0,24.521,0,0,0,0,0,0,0,0,0,60.62,68.776,172.873,0,0,0,0,0
8,6/9/50,6:23,0,123.426,0,64.736,0,0,0,0,0,0,0,0,0,0,0,76.198,0,0,0,0,0
8,6/9/50,6:24,0,40.689,0,72.758,0,0,81.981,0,0,0,0,0,0,0,0,144.408,0,0,0,0,0
8,6/9/50,6:25,0,0,0,0,0,0,124.27,0,0,0,0,0,0,0,0,75.424,0,0,0,0,0
8,6/9/50,6:26,0,0,0,0,0,0,152.412,0,0,0,0,0,27.967,0,0,102.306,0,0,0,0,0
8,6/9/50,6:27,0,0,0,0,0,0,47.227,0,0,0,0,0,31.008,0,0,75.508,0,0,0,0,0
8,6/9/50,6:28,0,0,0,0,0,0,0,0,0,0,0,0,35.19,0,0,0,0,0,0,0,0
8,6/9/50,6:29,0,0,0,0,0,0,0,0,0,0,0,0,50.175,0,0,0,0,0,0,0,0
8,6/9/50,6:30,0,0,0,0,0,0,0,0,0,0,0,0,73.215,0,0,0,0,0,0,0,0
8,6/9/50,6:31,0,0,0,0,0,0,0,0,0,0,0,0,113.666,0,0,0,0,0,0,0,0
8,6/9/50,6:32,0,0,0,0,0,0,0,0,0,0,0,0,67.605,0,0,0,0,0,0,0,0
8,6/9/50,6:33,0,0,0,0,0,0,0,0,0,0,0,0,82.503,0,0,0,0,0,0,0,0
8,6/9/50,6:34,0,0,0,0,0,0,0,0,0,0,0,0,72.978,0,0,0,0,0,0,0,0
8,6/9/50,6:35,0,0,0,0,0,0,0,0,0,0,0,0,40.345,0,0,9.716,0,0,0,0,0
8,6/9/50,6:36,0,0,0,0,0,0,0,0,0,0,0,0,8.085,0,0,192.689,0,0,0,0,0
8,6/9/50,6:37,0,0,0,0,0,0,0,0,0,0,0,0,6.142,0,0,13.879,0,0,0,0,0
8,6/9/50,6:38,0,0,0,0,0,0,0,0,0,0,0,0,91.984,0,0,76.577,0,0,0,0,0
8,6/9/50,6:39,0,0,0,0,0,0,0,0,0,0,0,0,141.91,0,0,63.259,0,0,0,0,0
8,6/9/50,6:40,0,0,0,0,0,0,0,0,0,0,0,0,26.416,0,0,127.456,0,0,0,0,0
8,6/9/50,6:41,0,0,0,0,0,0,0,0,0,0,0,0,23.171,0,0,160.794,0,0,0,0,0
8,6/9/50,6:42,0,0,0,0,0,0,0,0,0,0,0,0,23.623,0,0,37.789,0,0,0,0,0
8,6/9/50,6:43,0,0,0,0,0,0,0,0,0,0,0,0,91.783,0,0,194.799,0,0,0,0,0
8,6/9/50,6:44,0,0,0,0,0,0,0,0,0,0,0,0,89.826,0,0,75.122,0,0,0,0,0
8,6/9/50,6:45,0,0,0,0,0,0,0,0,0,0,0,0,78.845,0,0,0,0,0,0,0,0
8,6/9/50,6:46,0,0,0,0,0,0,0,0,0,0,0,0,55.38,0,0,0,0,0,0,0,0
8,6/9/50,6:47,0,0,0,0,0,56.504,0,0,0,0,0,0,0,0,0,0,0,0,0,0,0
8,6/9/50,6:48,0,0,0,0,0,71.061,0,0,0,0,0,0,0,0,0,0,0,0,0,0,0
8,6/9/50,6:49,0,0,0,0,0,47.154,0,0,0,0,0,0,0,0,0,0,0,0,0,0,0
8,6/9/50,6:50,0,0,0,0,0,82.128,0,0,0,0,0,0,0,0,0,0,0,0,0,0,0
8,6/9/50,6:51,0,0,0,0,0,31.723,0,0,0,0,0,0,0,0,0,0,0,0,0,0,0
8,6/9/50,6:52,26.702,0,0,0,0,17.757,0,0,0,0,0,0,0,0,0,0,0,0,0,0,0
8,6/9/50,6:53,0,0,0,0,0,72.315,0,0,0,0,0,0,0,0,0,0,0,0,0,30.768,0
8,6/9/50,6:54,0,0,0,0,0,92.179,0,0,0,0,0,0,0,0,0,0,0,0,0,28.632,0
8,6/9/50,6:55,0,0,0,0,0,116.069,0,0,0,0,0,0,0,0,0,0,0,0,0,20.821,0
8,6/9/50,6:56,0,0,0,0,0,74.323,0,0,0,0,0,0,0,0,0,0,0,0,0,94.915,0
8,6/9/50,6:57,0,0,0,0,0,96.089,0,0,0,0,0,0,0,0,0,0,0,0,0,0,0
8,6/9/50,6:58,0,0,0,0,0,105.457,0,0,0,0,0,0,0,0,0,0,0,0,0,0,0
8,6/9/50,6:59,0,0,0,0,0,36.412,0,0,0,0,0,0,0,0,0,0,0,0,0,58.441,0
8,6/9/50,7:00,0,0,0,0,0,44.544,0,0,0,0,0,0,0,0,0,0,0,0,0,82.581,0
8,6/9/50,7:01,0,0,0,0,0,0,0,0,0,0,0,0,0,0,0,0,0,0,0,125.933,0
8,6/9/50,7:02,0,0,0,0,0,0,0,0,0,0,0,0,0,0,0,0,0,0,0,78.358,0
8,6/9/50,7:03,0,0,0,0,0,0,0,0,0,0,0,0,0,0,0,0,0,0,0,4.916,0
8,6/9/50,7:04,0,0,0,0,0,0,0,0,0,0,0,0,0,0,0,0,0,0,0,61.494,0
8,6/9/50,7:05,0,0,0,0,0,0,0,0,0,0,0,0,0,0,0,0,0,0,0,0,0
8,6/9/50,7:06,0,0,0,0,0,0,0,0,0,0,0,0,0,0,0,0,0,0,0,82.469,0
8,6/9/50,7:07,0,0,0,0,0,0,0,0,0,0,0,0,0,0,0,0,0,0,0,103.206,0
8,6/9/50,7:08,0,0,0,0,0,0,0,0,0,0,0,0,0,0,0,0,0,63.783,0,85.492,0
8,6/9/50,7:09,0,0,0,0,0,0,0,0,0,0,0,0,0,0,0,0,0,39.951,0,43.526,0
8,6/9/50,7:10,0,0,0,0,0,0,0,0,0,0,0,0,0,0,0,0,0,14.109,0,48.193,0
8,6/9/50,7:11,0,0,0,0,0,0,0,0,0,0,0,0,0,0,0,0,0,16.535,0,30.307,0
8,6/9/50,7:12,0,0,0,0,0,0,0,0,0,0,0,0,0,0,0,0,0,65.41,0,25.043,0
8,6/9/50,7:13,0,0,0,0,0,0,0,0,0,0,0,0,0,0,0,0,0,0,0,56.741,0
8,6/9/50,7:14,0,0,0,0,0,0,0,0,0,0,0,0,0,0,0,0,0,0,0,74.326,0
8,6/9/50,7:15,0,0,0,0,0,0,0,0,0,0,0,0,0,0,0,0,0,0,0,59.308,0
8,6/9/50,7:16,0,0,0,0,0,0,0,0,0,0,0,0,0,0,0,0,0,0,0,12.275,0
8,6/9/50,7:17,0,0,0,0,0,0,92.666,0,0,0,0,0,0,0,0,0,0,0,0,122.024,0
8,6/9/50,7:18,0,0,1.522,0,0,0,84.159,0,0,0,0,0,0,0,0,0,0,0,0,0,0
8,6/9/50,7:19,0,0,53.489,0,0,0,85.036,0,27.323,0,0,0,0,0,0,0,0,0,0,18.838,0
8,6/9/50,7:20,0,0,0,0,0,0,78.754,0,110.06,0,0,0,0,0,0,0,0,0,0,0,0
8,6/9/50,7:21,0,0,32.057,0,0,0,13.536,0,29.116,0,0,0,0,0,0,0,0,0,0,0,0
8,6/9/50,7:22,0,0,0,0,0,0,0,0,36.617,0,0,0,0,0,0,0,0,0,0,29.167,0
8,6/9/50,7:23,0,0,0,0,0,0,0,0,18.306,0,0,0,0,0,18.278,0,0,0,0,0,0
8,6/9/50,7:24,0,0,35.01,0,0,0,0,0,24.817,0,0,0,0,0,77.321,0,0,0,0,0,0
8,6/9/50,7:25,0,0,0,0,0,0,0,0,34.484,0,0,0,0,0,19.619,62.712,0,0,0,0,0
8,6/9/50,7:26,0,0,0,0,0,0,0,0,63.574,0,0,0,0,0,125.422,52.287,0,0,0,0,0
8,6/9/50,7:27,0,0,0,0,0,0,0,0,87.802,0,0,0,0,0,115.947,169.875,0,0,0,0,0
8,6/9/50,7:28,0,0,0,0,0,0,0,0,25.474,0,0,0,0,0,0,55.6,0,0,0,0,0
8,6/9/50,7:29,0,0,0,0,0,0,0,0,18.246,0,0,0,0,0,0,192.209,0,0,0,0,0
8,6/9/50,7:30,0,0,0,0,0,0,0,0,22.615,0,0,0,0,0,0,209.611,0,0,0,0,0
8,6/9/50,7:31,0,0,0,0,0,0,0,0,94.067,0,0,0,0,0,0,137.87,0,0,0,0,0
8,6/9/50,7:32,0,0,0,0,0,0,0,0,42.035,0,0,0,0,0,0,116.668,0,0,0,0,0
8,6/9/50,7:33,0,0,0,0,0,0,0,0,38.564,0,0,0,0,0,0,124.93,0,0,0,0,0
8,6/9/50,7:34,0,0,0,0,0,0,0,0,54.364,0,0,0,0,0,0,137.253,0,0,0,0,0
8,6/9/50,7:35,0,0,0,0,0,0,0,0,84.592,0,0,0,0,0,0,60.538,0,0,0,0,0
8,6/9/50,7:36,0,0,0,0,0,0,0,0,21.367,0,0,0,0,0,0,93.152,0,0,0,0,0
8,6/9/50,7:37,0,0,0,0,0,0,0,0,25.529,0,0,0,0,0,0,50.609,0,0,0,0,0
8,6/9/50,7:38,0,0,0,0,0,0,35.025,0,33.584,0,0,0,0,0,0,99.111,0,0,0,0,0
8,6/9/50,7:39,0,0,0,0,0,0,79.358,0,22.373,0,0,0,0,0,0,0,0,0,0,0,0
8,6/9/50,7:40,0,0,0,0,0,0,0,0,44.908,0,0,0,0,0,0,64.508,0,0,0,0,0
8,6/9/50,7:41,0,21.516,0,0,0,0,0,0,89.379,0,0,0,0,0,0,0,0,0,0,0,0
8,6/9/50,7:42,0,157.573,0,0,0,0,0,0,69.816,0,0,0,0,0,0,0,0,0,0,0,0
8,6/9/50,7:43,0,135.835,0,0,0,0,0,0,97.055,0,0,0,0,0,0,0,0,0,0,0,0
8,6/9/50,7:44,0,38.668,0,0,0,0,0,0,24.87,0,0,0,0,0,0,0,0,0,0,0,0
8,6/9/50,7:45,0,109.308,0,0,0,0,0,0,0,0,0,0,0,0,0,0,0,0,0,0,0
8,6/9/50,7:46,0,0,0,0,0,0,0,0,0,0,0,0,0,0,0,0,0,0,71.727,0,0
8,6/9/50,7:47,0,0,0,0,0,0,0,0,0,0,0,0,0,0,0,0,0,0,48.292,0,0
8,6/9/50,7:48,0,60.486,0,0,0,0,0,0,0,0,0,0,0,0,0,0,0,0,96.412,0,0
8,6/9/50,7:49,0,156.151,0,0,0,0,0,0,0,0,0,0,0,0,0,11.801,0,0,71.25,0,0
8,6/9/50,7:50,0,0,0,0,0,0,0,0,0,0,0,0,0,0,0,131.142,0,0,47.183,0,0
8,6/9/50,7:51,0,24.367,0,0,0,0,0,0,0,0,0,0,0,0,0,181.358,0,0,8.83,0,0
8,6/9/50,7:52,0,0,0,0,0,0,0,0,0,0,0,0,0,0,0,19.92,0,0,0,0,0
8,6/9/50,7:53,0,98.098,0,0,0,0,0,0,0,0,0,0,0,0,0,0,0,0,0,0,0
8,6/9/50,7:54,0,103.392,0,0,0,0,0,0,0,0,0,0,0,90.908,0,0,0,0,0,0,0
8,6/9/50,7:55,0,0,0,0,0,0,0,0,0,0,0,0,0,116.873,0,72.683,0,0,52.28,0,0
8,6/9/50,7:56,0,0,0,0,0,0,0,0,0,0,0,0,0,0,0,0,0,0,108.815,0,0
8,6/9/50,7:57,0,100.808,0,0,0,0,0,0,0,0,0,0,0,0,0,0,0,0,20.993,0,0
8,6/9/50,7:58,0,0,0,0,0,38.088,0,0,0,0,0,0,0,0,0,0,0,0,0,0,0
8,6/9/50,7:59,0,0,0,0,0,0,0,0,0,0,0,0,0,0,0,0,0,0,0,0,0
8,6/9/50,8:00,0,0,0,0,0,81.794,0,0,0,0,0,0,0,0,0,0,0,0,0,0,0
8,6/9/50,8:01,0,0,0,0,0,22.694,0,0,0,0,0,0,0,0,0,0,0,0,0,0,0
8,6/9/50,8:02,0,0,0,0,0,26.376,0,0,0,0,0,0,0,0,0,0,0,0,0,0,0
8,6/9/50,8:03,0,0,0,0,0,0,0,0,0,0,0,0,0,0,0,0,0,0,0,0,0
8,6/9/50,8:04,0,0,0,0,0,0,0,0,0,0,0,0,0,0,0,0,0,0,0,0,0
8,6/9/50,8:05,0,0,0,0,0,0,0,0,0,0,0,0,0,0,0,0,0,0,0,0,0
8,6/9/50,8:06,0,0,0,0,0,0,0,0,0,0,0,0,0,0,0,0,0,0,0,0,0
8,6/9/50,8:07,0,0,0,0,0,0,0,0,0,0,0,0,0,0,0,0,0,0,0,0,0
8,6/9/50,8:08,0,0,0,0,0,0,0,0,0,0,0,0,0,0,0,0,0,0,0,0,0
8,6/9/50,8:09,0,0,0,0,0,0,0,0,0,0,0,0,0,0,0,0,0,0,0,0,0
8,6/9/50,8:10,0,0,0,0,0,0,0,0,0,0,0,0,0,0,0,0,0,0,0,0,0
8,6/9/50,8:11,0,0,0,0,0,0,0,0,0,0,0,0,0,0,0,0,0,0,0,0,0
8,6/9/50,8:12,0,0,0,0,0,0,0,0,0,0,0,0,0,0,0,0,0,0,0,0,0
8,6/9/50,8:13,0,0,0,0,0,0,52.627,0,0,0,0,0,0,0,0,0,0,0,0,0,0
8,6/9/50,8:14,0,0,0,0,0,0,89.891,0,0,0,0,0,0,0,0,0,0,0,0,0,0
8,6/9/50,8:15,64.844,0,0,0,0,0,0,0,0,0,0,0,0,0,0,0,0,0,0,0,0
8,6/9/50,8:16,129.076,0,0,0,0,0,37.073,0,0,0,0,0,0,0,0,0,0,0,0,0,0
8,6/9/50,8:17,34.283,0,0,0,0,0,0,0,0,0,0,0,0,0,0,0,0,0,0,0,0
8,6/9/50,8:18,48.794,0,0,0,0,0,0,0,0,0,0,0,0,0,0,0,0,0,0,0,0
8,6/9/50,8:19,48.369,0,0,0,0,0,0,0,0,0,0,0,0,0,0,0,0,0,0,0,0
8,6/9/50,8:20,113.192,0,0,0,0,0,0,0,0,0,0,0,0,0,0,0,0,0,0,0,0
8,6/9/50,8:21,0,0,0,0,0,0,0,0,0,0,0,0,0,0,0,0,0,0,0,0,0
8,6/9/50,8:22,21.255,0,0,0,0,0,0,0,0,0,0,0,0,0,0,0,0,0,0,0,0
8,6/9/50,8:23,55.352,0,0,0,0,0,0,0,0,0,0,0,0,0,0,0,0,0,0,0,0
8,6/9/50,8:24,20.438,0,0,0,0,0,0,0,0,0,0,0,0,0,0,0,0,0,0,0,0
8,6/9/50,8:25,28.08,0,0,0,0,0,0,0,0,0,0,0,0,0,0,0,0,0,0,0,0
8,6/9/50,8:26,39.828,0,0,0,0,0,0,0,0,0,0,0,0,0,0,0,0,0,0,0,0
8,6/9/50,8:27,102.495,0,0,0,0,0,0,0,0,0,0,0,0,0,0,0,0,0,0,0,0
8,6/9/50,8:28,180.225,0,0,0,0,0,0,0,0,0,0,0,0,0,0,0,0,0,0,0,0
8,6/9/50,8:29,154.889,0,0,0,0,0,0,0,0,0,0,0,0,0,0,0,0,0,0,0,0
8,6/9/50,8:30,67.97,0,0,0,0,0,0,0,0,3.194,0,0,0,0,0,0,0,0,0,0,0
8,6/9/50,8:31,101.396,0,0,0,0,0,0,0,0,60.879,0,0,0,0,0,0,0,0,0,0,0
8,6/9/50,8:32,49.581,0,0,0,0,0,0,0,0,0,0,0,0,0,0,0,0,0,0,0,0
8,6/9/50,8:33,0,0,0,0,0,0,0,0,0,0,0,0,0,0,0,0,0,0,0,0,0
8,6/9/50,8:34,0,0,0,0,0,0,0,0,0,0,0,0,0,0,0,0,0,0,0,0,0
8,6/9/50,8:35,0,0,0,0,0,0,0,0,0,0,0,0,0,0,0,0,0,0,0,0,0
8,6/9/50,8:36,0,0,0,0,0,0,0,0,0,0,0,0,0,0,71.693,0,0,0,0,0,0
8,6/9/50,8:37,0,0,0,0,0,0,0,0,0,0,0,0,0,0,85.581,0,0,0,0,0,0
8,6/9/50,8:38,0,0,0,0,0,0,0,0,0,0,0,0,0,0,66.833,0,0,0,0,0,0
8,6/9/50,8:39,92.718,0,0,0,0,0,0,0,0,0,0,0,0,0,121.381,0,0,0,0,0,0
8,6/9/50,8:40,0,0,0,0,0,0,0,0,0,0,0,0,0,0,47.533,0,0,0,0,0,0
8,6/9/50,8:41,0,0,0,0,0,0,0,0,0,0,0,0,0,0,0,0,0,0,0,0,0
8,6/9/50,8:42,23.442,0,0,0,0,0,0,0,0,0,0,0,0,0,102.842,0,0,0,0,0,0
8,6/9/50,8:43,87.561,0,0,0,0,0,0,0,0,0,0,0,0,0,42.261,0,0,0,0,0,0
8,6/9/50,8:44,108.601,0,0,0,0,0,0,0,0,0,0,0,0,0,70.496,0,0,0,0,0,0
8,6/9/50,8:45,88.172,0,0,0,0,0,0,0,0,0,0,0,0,0,80.009,0,0,0,0,0,0
8,6/9/50,8:46,0,0,0,0,0,0,0,0,0,0,0,0,0,0,100.342,0,0,0,0,0,0
8,6/9/50,8:47,0,0,0,0,0,0,0,0,0,0,0,0,0,0,100.329,0,0,0,0,0,0
8,6/9/50,8:48,0,0,0,0,0,0,0,0,0,0,0,0,0,0,101.662,0,0,0,0,0,0
8,6/9/50,8:49,0,0,0,0,0,0,0,0,0,0,0,0,0,0,222.476,0,0,0,0,0,0
8,6/9/50,8:50,0,0,0,0,0,0,0,0,0,0,0,0,0,0,102.277,0,0,0,0,0,0
8,6/9/50,8:51,0,0,0,0,0,0,0,0,0,0,0,41.481,0,0,123.275,0,0,0,0,0,0
8,6/9/50,8:52,0,0,0,0,0,0,0,0,0,0,0,65.073,0,0,168.885,0,0,0,0,0,0
8,6/9/50,8:53,0,0,0,0,0,0,0,0,0,0,0,60.25,0,0,121.473,0,0,0,0,0,0
8,6/9/50,8:54,0,0,0,0,0,0,0,0,0,0,0,23.218,0,0,0,0,0,0,0,0,0
8,6/9/50,8:55,0,0,0,0,0,0,0,0,0,0,0,41.264,0,0,21.885,0,0,0,0,0,0
8,6/9/50,8:56,0,0,0,0,0,0,0,0,0,0,0,26.271,0,0,2.3,0,0,0,0,0,0
8,6/9/50,8:57,0,0,0,0,0,0,0,0,0,0,0,0,0,0,0,0,0,0,0,0,0
8,6/9/50,8:58,0,0,0,0,0,0,0,0,0,0,0,0,0,0,0,0,0,0,0,0,0
8,6/9/50,8:59,0,0,0,0,0,0,0,0,0,0,0,0,0,0,0,0,0,0,0,0,0
8,6/9/50,9:00,0,0,0,0,0,0,0,0,0,0,0,0,0,0,0,0,0,0,0,0,0
8,6/9/50,9:01,0,0,0,0,0,0,0,0,0,0,0,0,0,0,0,0,0,0,0,0,0
8,6/9/50,9:02,0,0,0,0,0,0,0,0,0,0,0,0,0,0,0,0,0,0,0,0,0
8,6/9/50,9:03,0,0,0,0,0,0,0,0,0,0,0,0,0,0,0,0,0,0,0,0,0
8,6/9/50,9:04,0,0,0,0,0,0,0,0,0,0,0,0,0,0,0,0,0,0,0,0,0
8,6/9/50,9:05,0,0,0,41.476,0,0,0,0,0,0,0,0,0,0,0,0,0,0,0,0,0
8,6/9/50,9:06,0,0,0,76.164,0,0,0,0,0,0,0,0,0,0,0,0,0,0,0,0,0
8,6/9/50,9:07,0,0,0,9.093,0,0,0,0,0,0,0,0,0,0,0,0,0,0,0,0,0
8,6/9/50,9:08,0,0,0,110.058,0,0,0,0,0,0,0,0,0,0,0,0,0,0,0,0,0
8,6/9/50,9:09,0,0,0,0,0,0,0,0,0,0,0,0,0,0,0,0,0,34.772,0,0,0
8,6/9/50,9:10,0,0,0,0,0,0,0,0,0,0,0,0,0,0,0,0,0,101.28,0,0,0
8,6/9/50,9:11,0,0,0,0,0,0,0,0,0,0,0,0,0,0,0,0,0,17.326,0,0,0
8,6/9/50,9:12,0,0,0,0,0,0,0,0,0,0,0,0,0,0,0,0,0,38.215,0,0,0
8,6/9/50,9:13,0,0,0,21.013,0,0,0,0,0,0,0,0,0,0,0,0,0,0,0,0,0
8,6/9/50,9:14,0,0,0,138.769,0,0,0,0,0,0,0,0,0,0,0,0,0,0,0,0,0
8,6/9/50,9:15,0,0,0,0,0,0,0,0,0,0,0,0,0,0,0,0,0,0,0,0,0
8,6/9/50,9:16,0,0,0,0,0,0,0,0,0,0,0,0,0,0,0,0,0,0,0,0,0
8,6/9/50,9:17,0,0,0,0,0,0,0,0,0,0,0,0,0,0,0,0,0,0,0,0,0
8,6/9/50,9:18,0,0,0,0,0,0,0,0,0,0,0,0,0,0,0,0,0,0,0,0,0
8,6/9/50,9:19,0,0,0,0,0,0,0,0,0,0,0,0,0,0,0,0,0,0,0,0,0
8,6/9/50,9:20,0,0,0,0,0,0,0,0,0,0,0,0,0,0,0,0,0,0,0,0,0
8,6/9/50,9:21,0,0,0,0,0,0,0,0,0,0,0,0,0,0,0,0,0,0,0,0,0
8,6/9/50,9:22,0,0,0,0,0,0,0,0,0,0,0,0,0,0,0,0,0,0,0,0,0
8,6/9/50,9:23,0,0,0,0,0,15.147,0,0,0,0,0,0,0,0,0,0,0,0,0,0,0
8,6/9/50,9:24,0,0,0,0,0,98.871,0,0,0,0,0,0,0,0,0,0,0,0,0,0,0
8,6/9/50,9:25,0,0,0,0,0,0,0,0,0,0,0,0,0,0,0,0,0,0,0,0,0
8,6/9/50,9:26,0,0,0,0,0,0,0,0,0,0,0,0,0,0,0,0,0,0,0,0,0
8,6/9/50,9:27,0,0,0,0,0,85.906,0,0,0,0,0,0,0,0,0,0,0,0,0,0,0
8,6/9/50,9:28,0,0,0,0,0,94.536,0,0,0,0,0,0,0,0,0,0,0,0,0,0,0
8,6/9/50,9:29,0,0,0,0,0,36.459,0,0,0,0,0,0,0,0,0,0,0,0,0,0,0
8,6/9/50,9:30,0,0,0,0,0,42.197,0,0,0,0,0,0,0,0,0,0,0,0,0,0,0
8,6/9/50,9:31,0,0,0,0,0,0,0,0,0,0,0,0,0,0,0,0,0,0,0,0,0
8,6/9/50,9:32,0,0,0,0,0,0,0,0,0,0,0,0,0,0,0,0,0,0,0,0,0
8,6/9/50,9:33,0,0,0,0,0,46.804,0,0,0,0,0,0,0,0,0,0,0,0,0,0,0
8,6/9/50,9:34,0,0,0,0,0,40.673,0,0,0,0,0,0,0,0,0,0,0,0,0,0,0
8,6/9/50,9:35,0,0,0,0,0,0,0,0,0,0,0,0,62.759,0,0,0,0,0,0,0,0
8,6/9/50,9:36,0,0,0,0,0,0,0,0,0,0,0,0,91.02,0,0,0,0,0,0,0,0
8,6/9/50,9:37,0,0,0,0,0,0,0,0,0,64.527,0,0,83.124,0,0,0,0,0,0,0,0
8,6/9/50,9:38,0,0,0,0,0,0,0,0,0,40.594,0,0,72.082,0,0,0,0,0,0,0,0
8,6/9/50,9:39,0,0,0,0,0,0,0,0,0,35.392,0,0,83.977,0,0,0,0,0,0,0,0
8,6/9/50,9:40,0,0,0,0,0,0,0,0,0,54.983,0,0,29.942,0,0,0,0,0,0,0,0
8,6/9/50,9:41,0,0,0,0,0,0,0,0,0,38.217,0,0,90.193,0,0,0,0,0,0,0,0
8,6/9/50,9:42,0,0,0,0,0,0,0,0,0,1.823,0,0,44.007,0,0,0,0,0,0,0,0
8,6/9/50,9:43,0,0,0,0,0,0,0,0,0,100.044,0,0,66.722,0,0,0,26.378,0,0,0,0
8,6/9/50,9:44,0,0,0,0,0,0,0,0,0,67.517,0,0,0,0,0,0,22.423,0,0,0,0
8,6/9/50,9:45,0,0,0,0,0,0,0,0,0,45.387,0,0,53.843,0,0,0,0,0,0,0,0
8,6/9/50,9:46,0,0,0,0,0,0,0,0,0,68.83,0,0,0,0,0,0,122.462,0,0,0,0
8,6/9/50,9:47,0,0,0,0,0,0,0,0,0,51.043,0,0,0,0,0,0,0,0,0,0,0
8,6/9/50,9:48,0,0,0,0,0,0,0,0,0,0,0,0,0,0,0,0,71.774,0,0,0,0
8,6/9/50,9:49,0,0,0,0,0,0,0,0,0,0,0,0,0,0,0,0,40.463,0,0,0,0
8,6/9/50,9:50,0,0,0,0,0,0,0,0,0,0,0,0,0,0,0,0,0,0,0,0,0
8,6/9/50,9:51,0,0,0,0,0,0,0,0,0,64.803,0,0,0,0,0,0,68.646,0,0,0,0
8,6/9/50,9:52,0,0,0,0,0,0,0,0,0,79.22,0,0,0,101.644,0,0,147.614,0,0,0,0
8,6/9/50,9:53,0,0,0,0,0,0,0,0,0,44.416,0,0,0,15.675,0,0,257.483,0,0,0,0
8,6/9/50,9:54,0,0,0,0,0,0,0,0,0,0,0,0,0,25.6,0,0,74.748,0,0,0,0
8,6/9/50,9:55,0,0,0,0,0,0,0,0,0,0,0,0,0,34.246,0,0,31.264,0,0,0,0
8,6/9/50,9:56,0,0,0,0,0,0,0,0,0,0,0,0,0,154.172,0,0,0,0,0,0,0
8,6/9/50,9:57,0,0,0,0,0,0,0,0,0,0,0,0,0,31.409,0,0,0,0,0,0,0
8,6/9/50,9:58,0,0,0,0,0,0,0,0,0,0,0,0,0,63.264,0,0,0,0,0,0,0
8,6/9/50,9:59,0,0,0,0,0,0,0,0,0,0,0,0,0,53.9,0,0,0,0,0,0,0
8,6/9/50,10:00,0,0,0,0,0,0,0,0,0,0,0,0,0,0,0,0,0,0,0,0,0
8,6/9/50,10:01,0,0,0,0,0,0,0,0,0,0,0,0,0,71.467,0,0,0,0,0,0,0
8,6/9/50,10:02,0,0,0,0,0,0,0,0,0,2.337,0,0,0,205.943,0,0,0,0,0,0,0
8,6/9/50,10:03,0,0,0,0,0,0,0,0,0,60.037,0,0,0,193.916,0,0,0,0,0,0,0
8,6/9/50,10:04,0,0,0,0,0,0,0,0,0,0,0,0,0,25.624,0,0,0,0,0,0,0
8,6/9/50,10:05,0,0,0,0,0,0,0,0,0,0,0,0,0,79.265,0,0,0,0,0,0,0
8,6/9/50,10:06,0,0,0,0,0,0,0,0,0,0,0,0,0,52.765,0,0,0,0,0,0,0
8,6/9/50,10:07,0,0,0,0,0,0,0,0,0,0,0,0,0,0,0,0,0,0,0,0,0
8,6/9/50,10:08,0,0,0,0,0,0,0,0,0,0,0,0,0,27.986,0,0,0,0,0,0,0
8,6/9/50,10:09,0,0,0,0,0,0,0,0,0,0,0,0,0,74.395,0,0,0,0,0,0,0
8,6/9/50,10:10,0,0,0,0,0,0,0,0,0,0,0,0,0,0,0,0,0,0,0,0,0
8,6/9/50,10:11,0,0,0,0,0,0,0,0,0,0,0,0,0,0,0,0,0,0,33.216,0,0
8,6/9/50,10:12,0,0,0,0,0,0,0,0,0,0,0,0,0,51.572,0,0,0,0,26.828,0,0
8,6/9/50,10:13,0,0,0,0,0,0,0,0,0,0,0,0,0,0,0,0,0,0,82.965,0,0
8,6/9/50,10:14,0,0,0,0,0,0,0,0,0,0,0,0,0,0,0,0,0,0,87.433,0,0
8,6/9/50,10:15,0,0,0,0,0,0,0,0,0,0,0,0,0,0,0,0,0,0,22.071,0,0
8,6/9/50,10:16,0,0,0,0,26.618,0,0,0,0,0,0,0,0,0,0,0,0,0,25.934,0,0
8,6/9/50,10:17,0,0,0,0,107.633,0,0,0,0,0,0,0,0,0,0,0,0,0,42.513,0,0
8,6/9/50,10:18,0,0,0,0,73.011,0,0,0,0,0,0,0,0,0,0,0,0,0,11.921,0,0
8,6/9/50,10:19,0,0,0,0,0,0,0,0,0,0,0,0,0,0,0,0,0,0,23.017,0,0
8,6/9/50,10:20,0,0,0,0,50.48,0,0,0,0,0,0,0,0,0,0,0,0,0,22.074,0,0
8,6/9/50,10:21,0,0,0,0,0,0,0,0,0,0,0,0,0,0,0,0,0,nan,nan,nan,nan
8,6/9/50,10:22,0,0,0,0,61.422,0,0,0,0,0,0,0,0,0,0,0,0,0,0,0,0
8,6/9/50,10:23,0,0,0,0,51.009,0,0,0,0,0,0,0,0,0,0,38.767,0,0,0,0,0
8,6/9/50,10:24,0,0,0,0,31.996,0,0,0,0,0,0,0,0,nan,nan,nan,nan,0,0,0,0
8,6/9/50,10:25,0,0,0,0,0,0,0,0,0,0,0,0,0,nan,nan,nan,nan,0,0,0,0
8,6/9/50,10:26,0,0,0,0,0,0,0,0,0,0,0,0,0,nan,nan,nan,nan,0,0,0,0
8,6/9/50,10:27,0,0,0,0,0,0,0,0,0,0,0,0,0,nan,nan,nan,nan,0,0,0,0
8,6/9/50,10:28,0,0,0,0,0,0,0,0,0,0,0,0,0,nan,nan,nan,nan,0,0,0,0
8,6/9/50,10:29,0,0,0,0,0,0,0,0,0,0,0,0,0,nan,nan,nan,nan,0,0,0,0
8,6/9/50,10:30,0,0,0,0,0,0,0,0,0,0,0,0,0,0,39.451,0,0,0,0,0,0
8,6/9/50,10:31,0,0,0,0,0,0,0,0,0,0,0,0,0,0,164.33,15.614,0,0,0,0,0
8,6/9/50,10:32,0,0,0,0,0,0,0,0,0,0,0,0,0,0,27.045,21.225,0,0,0,0,94.293
8,6/9/50,10:33,0,0,0,0,0,0,0,0,0,0,0,0,0,0,126.269,49.308,0,0,0,0,18.582
8,6/9/50,10:34,0,0,0,0,0,0,0,0,0,0,0,0,0,0,85.893,0,0,0,0,0,0
8,6/9/50,10:35,0,0,0,0,0,0,0,0,0,0,0,0,0,0,35.069,27.209,0,0,0,0,35.164
8,6/9/50,10:36,0,0,0,0,0,0,0,0,0,0,0,0,0,0,103.716,125.12,0,0,0,0,78.078
8,6/9/50,10:37,0,0,0,0,0,0,0,0,0,0,0,0,0,0,149.889,117.068,0,0,0,0,54.143
8,6/9/50,10:38,0,0,0,0,0,0,0,0,0,0,0,0,0,0,132.866,3.931,0,0,0,0,25.67
8,6/9/50,10:39,0,0,0,0,0,0,0,0,0,0,0,0,0,0,166.713,0,0,0,0,0,0
8,6/9/50,10:40,0,0,0,0,0,0,0,0,0,0,0,0,0,0,161.902,0,0,0,0,0,55.884
8,6/9/50,10:41,0,0,0,0,0,0,0,0,0,0,0,0,0,0,241.851,0,0,0,0,0,35.572
8,6/9/50,10:42,0,0,0,0,0,0,0,0,0,0,0,0,0,0,195.988,0,0,0,0,0,0
8,6/9/50,10:43,0,0,0,0,0,0,0,0,0,0,0,0,0,0,189.536,0,0,0,0,0,0
8,6/9/50,10:44,0,26.803,0,0,0,0,0,0,0,0,0,0,0,0,233.686,0,0,0,0,0,0
8,6/9/50,10:45,0,82.678,0,0,0,0,0,0,0,0,0,0,0,0,123.405,0,0,0,0,0,0
8,6/9/50,10:46,0,110.607,0,0,0,0,0,0,0,0,0,54.207,0,0,184.764,0,0,0,0,0,0
8,6/9/50,10:47,0,170.057,0,0,0,0,0,0,0,0,0,154.246,0,0,134.273,0,0,0,0,0,0
8,6/9/50,10:48,0,203.381,0,0,0,0,0,0,0,0,0,129.563,0,0,183.596,0,0,0,0,0,0
8,6/9/50,10:49,0,90.005,0,0,0,0,0,0,0,0,0,142.17,0,0,147.078,0,0,0,0,0,0
8,6/9/50,10:50,0,194.631,0,0,0,0,0,0,0,0,0,43.739,0,0,204.485,0,0,0,0,0,0
8,6/9/50,10:51,0,72.792,0,0,0,0,0,0,0,0,0,57.963,0,0,187.923,0,0,0,0,0,0
8,6/9/50,10:52,0,99.021,0,0,0,0,0,0,0,0,0,123.665,0,0,148.639,0,0,0,0,0,0
8,6/9/50,10:53,0,144.42,0,0,0,0,0,0,0,0,0,39.925,0,0,182.556,0,0,0,0,0,0
8,6/9/50,10:54,0,148.724,0,0,0,0,0,0,0,0,0,0,0,0,147.12,0,0,0,0,0,0
8,6/9/50,10:55,0,53.271,0,0,0,0,0,0,0,0,0,0,0,0,155.744,0,0,0,0,0,0
8,6/9/50,10:56,0,90.121,0,0,0,0,0,0,0,0,0,0,0,0,104.141,0,0,0,0,0,0
8,6/9/50,10:57,0,26.956,0,0,0,0,0,0,0,0,0,0,0,0,104.225,0,0,0,0,0,0
8,6/9/50,10:58,0,27.473,0,0,0,0,0,0,0,0,0,0,0,0,166.758,0,0,0,0,0,0
8,6/9/50,10:59,0,0,0,0,0,0,0,0,0,0,0,0,0,0,154.569,0,0,0,0,0,0
8,6/9/50,11:00,0,0,0,0,0,0,0,0,0,0,0,0,0,0,124.295,0,0,0,0,0,0
8,6/9/50,11:01,0,0,0,0,0,0,0,0,0,0,0,0,0,0,174.192,0,0,0,0,0,0
8,6/9/50,11:02,0,0,0,0,0,0,0,0,0,0,0,0,0,0,114.394,0,0,0,0,0,0
8,6/9/50,11:03,0,0,0,0,0,0,0,0,0,0,0,0,0,0,159.146,0,0,0,0,0,0
8,6/9/50,11:04,0,0,0,0,0,0,0,0,0,0,0,0,0,0,116.803,0,0,0,0,0,0
8,6/9/50,11:05,0,0,0,0,0,0,0,0,0,0,0,0,0,0,162.104,0,0,0,103.006,0,0
8,6/9/50,11:06,0,0,0,0,0,33.686,0,0,0,0,0,0,0,0,96.491,0,0,0,70.909,0,0
8,6/9/50,11:07,0,82.197,0,0,0,0,0,0,0,0,0,0,0,0,108.901,0,0,0,25.467,0,0
8,6/9/50,11:08,0,0,0,0,0,0,0,0,0,0,0,0,0,0,0,0,0,0,18.776,0,0
8,6/9/50,11:09,0,0,0,0,0,0,0,0,0,0,0,0,0,0,0,0,0,0,19.364,0,0
8,6/9/50,11:10,0,0,0,0,0,26.749,0,nan,nan,nan,0,0,0,0,0,0,0,0,124.295,0,0
8,6/9/50,11:11,0,0,0,0,0,101.17,0,nan,nan,nan,0,0,0,0,92.553,0,0,0,57.008,0,0
8,6/9/50,11:12,0,0,0,0,0,34.514,0,nan,nan,nan,0,0,0,0,0,0,0,0,0,0,0
8,6/9/50,11:13,0,0,0,0,0,83.706,0,nan,nan,nan,0,0,0,0,0,113.111,0,0,0,0,0
8,6/9/50,11:14,0,0,0,0,0,0,0,nan,nan,nan,0,0,0,0,0,0,0,0,0,0,0
8,6/9/50,11:15,0,0,0,0,0,0,0,nan,nan,nan,0,0,0,0,0,0,0,0,48.343,0,0
8,6/9/50,11:16,0,0,30.687,0,0,0,0,nan,nan,nan,0,0,0,0,0,0,0,0,21.054,0,0
8,6/9/50,11:17,0,0,95.545,0,0,0,0,0,0,0,0,0,0,0,0,0,0,0,21.674,0,0
8,6/9/50,11:18,0,0,93.97,0,0,0,0,0,0,0,0,0,0,0,0,0,0,0,19.047,0,0
8,6/9/50,11:19,0,0,71.678,24.408,0,0,0,0,0,0,0,0,0,0,0,0,0,0,4.507,0,0
8,6/9/50,11:20,0,0,4.177,33.446,0,0,0,0,0,0,0,0,0,0,0,0,0,0,52.834,0,0
8,6/9/50,11:21,0,0,83.717,0,0,0,0,0,0,0,0,0,0,0,0,0,0,0,84.889,0,0
8,6/9/50,11:22,0,0,53.422,0,0,0,0,0,0,0,0,0,0,0,0,0,0,0,0,0,0
8,6/9/50,11:23,0,0,0,0,0,0,0,0,0,0,0,0,0,0,0,0,0,0,0,0,0
8,6/9/50,11:24,0,0,26.053,0,0,0,0,0,0,0,0,0,0,0,0,0,0,0,0,0,0
8,6/9/50,11:25,0,0,0,0,0,0,0,0,0,0,0,0,0,0,0,0,0,0,0,0,0
8,6/9/50,11:26,0,0,0,0,0,0,0,0,0,0,0,0,0,0,0,0,0,0,0,0,0
8,6/9/50,11:27,0,0,0,0,0,0,0,0,0,41.789,0,0,0,0,0,0,0,0,0,0,0
8,6/9/50,11:28,0,0,0,nan,nan,nan,nan,0,0,14.977,0,0,0,0,0,0,0,0,0,0,0
8,6/9/50,11:29,0,0,0,nan,nan,nan,nan,0,0,24.449,0,0,0,0,0,0,0,0,0,0,0
8,6/9/50,11:30,0,0,0,0,0,0,0,0,0,0,0,0,0,0,0,0,0,0,0,0,0
8,6/9/50,11:31,0,0,0,0,0,0,0,0,0,0,0,0,0,0,0,0,0,0,0,0,0
8,6/9/50,11:32,0,0,0,0,0,0,0,0,0,0,0,0,0,0,0,0,0,0,0,0,0
8,6/9/50,11:33,0,0,0,0,0,0,0,0,0,20.21,0,0,0,0,0,0,0,0,0,0,0
8,6/9/50,11:34,0,0,0,0,0,0,0,0,0,9.499,0,0,50.339,0,0,0,0,0,0,0,0
8,6/9/50,11:35,0,0,0,0,0,0,0,0,0,37.062,0,0,97.217,0,0,0,0,0,0,0,0
8,6/9/50,11:36,0,0,0,0,0,0,0,0,0,0,0,0,103.392,0,0,0,0,0,0,0,0
8,6/9/50,11:37,0,0,0,0,0,0,0,0,0,57.402,0,0,76.981,0,0,0,0,0,0,0,0
8,6/9/50,11:38,0,0,0,0,0,0,0,0,0,89.614,0,0,64.706,0,0,0,0,0,0,0,0
8,6/9/50,11:39,0,0,0,0,0,0,0,0,0,79.937,0,0,44.087,0,0,0,0,0,0,0,0
8,6/9/50,11:40,0,0,0,0,0,0,0,0,0,23.594,0,0,31.884,0,0,0,0,0,0,0,0
8,6/9/50,11:41,0,0,0,0,0,0,0,0,0,0,0,0,64.247,0,0,0,0,0,0,0,0
8,6/9/50,11:42,0,0,0,0,0,0,0,0,0,0,0,0,111.856,0,0,0,0,0,0,0,0
8,6/9/50,11:43,0,0,0,0,0,0,0,0,0,0,0,0,29.969,0,0,0,0,0,0,0,0
8,6/9/50,11:44,0,0,0,0,0,0,0,0,0,0,0,0,0,0,0,0,0,0,0,0,0
8,6/9/50,11:45,0,0,0,0,0,0,0,0,0,0,0,0,0,0,0,0,0,0,0,0,0
8,6/9/50,11:46,0,0,0,0,0,0,0,0,0,0,0,0,0,0,0,0,0,0,0,0,0
8,6/9/50,11:47,0,0,0,0,0,0,0,0,0,0,0,0,0,0,0,0,0,0,0,0,0
8,6/9/50,11:48,0,0,0,0,0,0,0,0,0,0,0,0,0,0,0,0,57.289,0,0,0,0
8,6/9/50,11:49,0,0,0,0,0,0,0,0,0,0,0,0,0,0,0,0,0,0,0,0,25.406
8,6/9/50,11:50,0,0,0,0,0,0,0,0,0,0,0,0,0,0,0,0,35.959,0,0,0,0
8,6/9/50,11:51,0,0,0,0,0,0,0,0,0,0,0,0,0,0,0,0,63.463,0,0,0,37.611
8,6/9/50,11:52,0,0,0,0,0,0,0,0,0,0,0,0,0,0,0,0,33.036,0,0,0,146.941
8,6/9/50,11:53,0,0,0,0,0,0,0,0,0,0,0,0,0,0,0,0,82.939,0,0,0,0
8,6/9/50,11:54,0,0,0,0,0,0,0,0,0,0,0,0,0,0,0,0,49.505,0,0,0,0
8,6/9/50,11:55,0,0,0,0,0,0,0,0,0,0,0,0,0,0,0,0,0,0,0,0,0
8,6/9/50,11:56,0,0,0,0,0,0,0,0,0,0,0,0,0,0,0,0,71.267,0,0,0,0
8,6/9/50,11:57,0,0,0,0,0,30.795,0,0,0,0,0,0,0,0,0,0,47.001,0,0,55.526,0
8,6/9/50,11:58,0,0,0,0,0,0,0,0,0,0,0,0,0,0,0,0,23.982,0,0,61.305,0
8,6/9/50,11:59,0,0,0,0,0,24.782,0,0,0,0,0,0,0,0,0,0,0,0,0,49.436,0
8,6/9/50,12:00,0,0,0,0,0,36.684,0,0,0,0,0,0,0,0,0,0,0,0,0,30.592,30.468
8,6/9/50,12:01,0,0,0,0,0,0,0,0,0,0,0,0,0,0,0,0,114.543,0,0,100.179,84.249
8,6/9/50,12:02,0,0,0,0,0,36.173,0,0,0,0,0,0,0,0,0,0,83.835,0,0,63.229,29.488
8,6/9/50,12:03,0,0,0,0,0,35.678,0,0,0,0,0,0,0,0,0,0,0,0,0,39.358,47.729
8,6/9/50,12:04,0,0,0,0,0,0,0,0,0,0,0,0,0,0,0,0,75.39,0,0,57.211,42.711
8,6/9/50,12:05,0,0,0,0,0,0,0,0,0,0,0,0,0,0,0,0,0,0,0,28.827,153.077
8,6/9/50,12:06,0,0,0,0,0,0,0,0,0,0,0,0,0,0,0,0,0,0,0,76.893,122.363
8,6/9/50,12:07,0,0,0,0,0,0,0,0,0,0,0,0,0,0,0,0,0,0,0,78.411,133.746
8,6/9/50,12:08,0,0,0,0,0,84.141,0,110.762,0,0,0,0,0,0,0,0,0,0,0,32.294,122.624
8,6/9/50,12:09,0,0,0,0,0,120.592,0,86.905,0,0,0,0,0,0,0,0,0,0,0,51.988,112.883
8,6/9/50,12:10,66.175,0,0,0,0,0,0,71.074,0,0,0,0,0,0,0,0,0,0,0,109.939,74.781
8,6/9/50,12:11,48.029,0,0,0,0,0,0,86.087,0,0,0,0,0,0,0,0,0,0,0,0,110.001
8,6/9/50,12:12,60.318,0,0,0,0,0,0,0,0,0,0,0,0,0,31.209,0,0,0,0,0,164.074
8,6/9/50,12:13,52.883,0,0,0,0,0,0,0,0,0,0,0,0,0,163.999,0,0,0,0,0,137.034
8,6/9/50,12:14,73.565,0,0,0,0,0,0,0,0,0,0,0,0,0,136.49,0,0,0,0,0,64.007
8,6/9/50,12:15,24.107,0,0,0,0,0,0,0,0,0,0,0,0,0,39.15,0,0,0,0,0,37.402
8,6/9/50,12:16,75.267,0,0,0,0,0,0,0,0,0,0,0,0,0,146.07,0,0,0,0,0,51.475
8,6/9/50,12:17,0,0,0,0,0,0,0,0,0,0,0,0,0,0,102.728,0,0,0,0,0,0
8,6/9/50,12:18,70.142,0,0,0,0,0,0,0,0,0,0,0,0,0,85.744,0,0,0,0,0,0
8,6/9/50,12:19,81.984,0,0,0,0,0,0,0,0,0,0,0,0,0,160.657,0,0,0,0,0,0
8,6/9/50,12:20,0,0,0,0,0,0,0,0,0,0,0,0,0,0,85.099,0,0,0,0,0,0
8,6/9/50,12:21,0,0,0,0,0,0,0,0,0,0,0,0,0,0,108.558,0,0,0,0,0,0
8,6/9/50,12:22,0,0,0,0,0,0,0,0,0,0,0,0,0,0,164.861,0,0,0,0,0,0
8,6/9/50,12:23,0,0,0,0,0,0,0,0,0,0,0,0,0,0,21.838,0,0,0,0,0,0
8,6/9/50,12:24,0,0,0,0,0,0,0,0,63.517,0,0,0,0,0,35.496,0,0,0,0,0,0
8,6/9/50,12:25,0,0,0,0,0,0,0,0,28.466,0,0,0,0,0,0,0,0,0,0,0,0
8,6/9/50,12:26,0,0,0,0,0,0,0,0,17.107,0,0,0,0,0,0,0,0,63.44,0,0,0
8,6/9/50,12:27,0,0,0,0,0,0,0,0,17.675,0,0,0,0,0,0,0,0,73.312,0,0,0
8,6/9/50,12:28,0,0,0,0,0,0,0,0,26.974,0,0,0,0,36.153,0,0,0,49.17,24.645,0,0
8,6/9/50,12:29,0,0,0,0,0,0,0,0,59.462,0,0,0,0,38.974,0,0,0,30.265,29.95,0,0
8,6/9/50,12:30,0,0,0,0,0,0,0,0,0,0,0,0,0,23.096,0,0,0,0,0,0,0
8,6/9/50,12:31,0,0,0,0,0,0,0,0,0,0,0,0,0,17.227,0,0,0,0,17.526,0,0
8,6/9/50,12:32,0,0,0,0,0,0,0,0,0,0,0,0,0,20.944,0,0,0,0,44.835,0,0
8,6/9/50,12:33,0,0,0,0,0,0,0,0,0,0,0,0,0,13.356,0,0,0,0,0,0,0
8,6/9/50,12:34,0,0,0,0,0,0,0,0,0,0,0,0,0,33.668,0,0,0,0,55.985,0,0
8,6/9/50,12:35,0,0,0,0,0,0,0,0,0,0,0,0,0,22.206,0,0,0,0,82.672,0,0
8,6/9/50,12:36,0,0,0,0,0,0,0,0,0,0,0,0,0,26.87,0,0,0,0,34.064,0,0
8,6/9/50,12:37,0,0,0,0,0,0,0,0,0,0,0,0,0,45.868,0,0,0,0,24.666,0,0
8,6/9/50,12:38,0,0,0,0,0,0,0,0,0,0,0,0,0,28.741,0,0,0,0,11.001,0,0
8,6/9/50,12:39,0,0,0,0,0,0,0,0,0,0,0,0,0,67.978,0,0,0,0,34.046,0,0
8,6/9/50,12:40,0,0,0,0,0,0,0,0,0,0,0,0,0,60.83,0,0,0,0,42.425,0,0
8,6/9/50,12:41,0,0,0,0,0,0,0,0,0,0,0,0,0,0,0,0,0,0,54.07,0,0
8,6/9/50,12:42,0,0,0,0,0,0,0,0,0,0,0,0,0,0,0,0,0,0,21.226,0,0
8,6/9/50,12:43,0,0,0,0,0,0,0,0,0,0,0,0,0,0,0,0,0,0,31.951,0,0
8,6/9/50,12:44,0,0,0,0,0,0,0,0,0,0,0,0,0,0,0,0,0,0,136.51,0,0
8,6/9/50,12:45,0,0,0,0,0,0,0,0,0,55.174,0,0,0,0,0,69.787,0,0,1.842,0,0
8,6/9/50,12:46,0,0,0,0,0,0,0,0,0,66.548,33.721,0,0,0,0,0,0,0,0,0,0
8,6/9/50,12:47,0,0,0,0,0,0,0,0,0,23.765,68.547,0,0,0,0,6.337,0,0,21.299,0,0
8,6/9/50,12:48,0,0,0,0,0,0,0,0,0,107.375,57.769,0,0,0,0,0,0,0,0,0,0
8,6/9/50,12:49,0,0,0,0,0,24.343,0,0,0,21.616,84.128,0,0,0,0,0,0,0,116.521,0,0
8,6/9/50,12:50,0,0,0,0,0,55.816,0,0,0,15.326,0.052,0,0,0,0,0,0,0,0,0,0
8,6/9/50,12:51,0,0,0,0,0,45.094,0,0,0,35.781,0,0,0,0,0,0,0,0,0,0,0
8,6/9/50,12:52,0,0,0,0,0,40.083,0,0,0,68.476,38.261,0,0,0,0,0,0,0,0,0,0
8,6/9/50,12:53,0,0,0,0,0,21.732,0,0,0,14.162,23.37,0,0,0,0,0,0,0,0,0,0
8,6/9/50,12:54,0,0,0,0,0,55.235,0,0,0,0,32.5,0,0,0,0,0,0,0,0,0,0
8,6/9/50,12:55,0,0,0,0,0,0,0,0,0,0,63.95,0,0,0,0,0,0,0,0,0,0
8,6/9/50,12:56,0,0,0,0,0,0,0,0,0,0,0,0,0,0,0,0,0,0,0,0,0
8,6/9/50,12:57,0,0,0,0,0,0,0,0,0,0,0,0,0,0,0,0,0,0,0,0,0
8,6/9/50,12:58,0,0,0,0,0,0,0,0,0,0,58.514,0,0,0,0,0,0,0,0,0,0
8,6/9/50,12:59,0,0,0,0,0,0,0,0,0,0,36.048,127.935,0,0,0,0,0,0,0,0,0
8,6/9/50,13:00,0,0,0,0,0,0,0,0,0,0,72.573,131.928,0,0,0,0,0,0,0,0,0
8,6/9/50,13:01,0,54.08,0,0,0,0,0,0,0,0,35.523,109.676,0,0,0,0,0,0,0,0,0
8,6/9/50,13:02,0,200.438,0,0,35.923,0,0,0,0,0,0,0,0,0,0,0,0,0,0,0,0
8,6/9/50,13:03,0,105.285,0,0,29.76,0,0,0,0,0,47.142,0,0,0,0,0,0,0,0,0,0
8,6/9/50,13:04,0,71.762,0,0,0,0,0,0,0,0,69.254,0,0,0,0,0,0,0,0,0,0
8,6/9/50,13:05,0,36.85,0,0,0,0,0,0,0,0,40.559,0,0,0,0,0,0,0,0,0,0
8,6/9/50,13:06,0,142.445,0,0,4.386,0,0,0,0,0,0,0,0,0,0,0,0,0,0,0,0
8,6/9/50,13:07,0,9.821,0,0,95.376,0,0,0,0,0,0,0,0,0,0,0,0,0,0,0,0
8,6/9/50,13:08,0,0,0,0,38,0,0,0,0,0,0,0,0,0,0,0,0,0,0,0,0
8,6/9/50,13:09,0,0,0,0,46.393,0,0,0,0,0,0,0,0,0,0,0,0,0,0,0,0
8,6/9/50,13:10,0,0,0,0,0,0,0,0,0,0,0,0,0,0,0,0,0,0,0,0,0
8,6/9/50,13:11,0,0,0,0,0,0,0,0,0,0,0,0,0,0,0,0,0,0,0,0,0
8,6/9/50,13:12,0,0,0,0,23.919,0,0,0,0,0,0,0,0,0,0,0,0,0,0,0,0
8,6/9/50,13:13,0,0,0,0,0,0,0,0,0,0,0,0,0,0,0,0,0,0,0,0,0
8,6/9/50,13:14,0,0,0,0,0,0,0,0,0,0,0,0,0,0,0,0,0,0,0,0,0
8,6/9/50,13:15,0,50.494,0,0,0,0,0,0,0,0,0,0,0,0,0,0,0,0,0,0,0
8,6/9/50,13:16,53.377,74.917,0,0,0,0,0,0,0,0,0,0,0,0,0,0,0,0,0,0,0
8,6/9/50,13:17,110.112,63.639,0,0,0,0,0,0,0,0,0,0,0,0,0,0,0,0,0,0,0
8,6/9/50,13:18,135.114,75.517,0,0,0,0,0,0,0,0,0,0,0,0,0,0,0,0,0,0,0
8,6/9/50,13:19,142.861,119.351,0,0,0,0,0,0,0,0,0,0,0,0,0,0,0,0,0,0,0
8,6/9/50,13:20,163.538,0,0,0,0,0,0,0,0,0,0,0,0,0,0,0,0,0,0,0,0
8,6/9/50,13:21,46.077,80.131,67.908,0,0,0,0,0,0,0,0,0,0,0,0,0,0,0,0,0,0
8,6/9/50,13:22,0,79.284,131.581,0,0,0,0,0,0,0,0,0,0,0,0,0,0,0,0,0,0
8,6/9/50,13:23,0,76.479,57.668,0,0,0,0,0,0,0,0,0,0,0,0,0,0,0,0,0,0
8,6/9/50,13:24,137.844,150.671,13.217,0,0,0,0,0,0,0,0,0,0,0,0,0,0,0,0,0,0
8,6/9/50,13:25,56.356,101.078,39.751,0,0,0,0,0,0,0,0,0,0,0,0,0,0,0,0,0,0
8,6/9/50,13:26,48.57,0,20.044,0,0,0,0,0,0,0,0,0,0,0,0,0,0,0,0,0,0
8,6/9/50,13:27,109.351,0,22.673,0,0,0,0,0,0,0,0,0,0,0,0,0,0,0,0,0,0
8,6/9/50,13:28,83.895,0,23.468,0,0,0,0,0,0,0,0,0,0,0,0,0,0,0,0,0,0
8,6/9/50,13:29,76.855,57.273,16.118,0,0,0,0,0,0,0,0,0,0,0,0,0,0,0,0,0,0
8,6/9/50,13:30,103.387,122.281,68.332,0,0,0,0,0,0,0,0,0,0,0,0,0,0,0,0,0,0
8,6/9/50,13:31,14.526,41.612,0,0,0,0,0,0,0,0,0,0,0,0,0,0,0,0,0,0,0
8,6/9/50,13:32,0,78.368,0,0,0,0,0,0,0,0,0,0,0,0,0,0,0,0,0,0,0
8,6/9/50,13:33,0,37.879,0,0,0,0,0,0,0,0,0,0,0,0,0,0,0,0,0,0,0
8,6/9/50,13:34,0,51.607,0,0,0,0,0,41.484,0,0,0,0,0,0,0,0,0,0,0,0,0
8,6/9/50,13:35,0,0,0,0,0,0,0,59.116,0,0,0,0,0,0,0,0,0,0,0,0,0
8,6/9/50,13:36,0,0,0,0,0,0,0,0,0,0,0,0,0,0,0,0,0,0,0,0,0
8,6/9/50,13:37,0,0,0,0,0,0,0,0,0,0,0,0,0,0,0,0,82.168,0,0,0,0
8,6/9/50,13:38,0,0,0,0,0,0,0,0,0,0,0,0,0,0,0,0,49.173,0,0,0,0
8,6/9/50,13:39,0,0,0,0,0,0,0,0,0,0,0,0,0,0,0,0,78.251,0,0,0,0
8,6/9/50,13:40,0,0,0,0,0,0,0,0,0,0,0,0,0,0,0,0,71.153,0,0,0,0
8,6/9/50,13:41,0,0,0,0,0,0,0,0,0,0,0,0,0,0,0,0,110.549,0,0,0,0
8,6/9/50,13:42,0,0,0,28.99,0,0,0,0,0,0,0,0,0,0,0,0,9.817,0,0,0,0
8,6/9/50,13:43,0,0,0,8.936,0,0,0,0,0,0,0,0,0,0,0,0,72.771,0,0,0,0
8,6/9/50,13:44,0,0,0,91.071,0,0,0,0,0,0,0,0,0,0,0,0,27.482,0,0,0,0
8,6/9/50,13:45,0,0,0,65.359,0,0,0,0,0,0,0,0,0,0,92.947,0,145.063,0,0,0,0
8,6/9/50,13:46,0,0,0,117.674,0,0,0,0,0,0,0,0,0,0,78.352,0,189.043,0,0,0,0
8,6/9/50,13:47,0,0,0,80.356,0,0,0,0,0,0,0,0,0,0,140.417,0,254.809,0,0,0,0
8,6/9/50,13:48,0,0,0,48.303,0,0,0,0,0,0,0,0,0,0,103.136,0,34.122,0,0,0,0
8,6/9/50,13:49,0,0,0,129.476,0,0,0,0,0,0,0,0,0,0,130.708,0,202.961,0,0,0,0
8,6/9/50,13:50,0,0,0,29.732,0,0,0,0,0,0,0,0,0,0,68.124,0,3.644,0,0,0,0
8,6/9/50,13:51,0,0,0,23.321,0,0,0,0,0,0,0,0,0,0,105.696,0,89.466,0,0,0,0
8,6/9/50,13:52,0,0,0,0,0,0,0,0,0,0,0,0,0,0,0,0,9.278,0,0,0,0
8,6/9/50,13:53,0,0,0,0,0,0,0,0,0,0,0,0,0,0,47.594,0,58.798,0,0,0,25.051
8,6/9/50,13:54,0,0,0,0,0,0,0,0,0,0,0,0,0,0,90.016,0,16.591,0,0,0,36.441
8,6/9/50,13:55,0,0,0,0,0,0,0,0,0,0,0,0,0,0,56.571,0,13.362,0,0,0,0
8,6/9/50,13:56,0,0,0,0,0,0,0,0,0,0,0,0,0,0,0,0,51.184,0,0,39.985,51.709
8,6/9/50,13:57,0,0,0,0,0,0,0,0,0,0,0,0,0,0,0,0,38.036,0,0,76.926,0
8,6/9/50,13:58,0,0,0,0,0,0,0,0,0,0,0,0,0,0,0,0,20.843,0,0,29.849,24.199
8,6/9/50,13:59,0,0,0,0,0,0,0,0,0,0,0,0,55.673,64.14,0,0,21.47,0,0,0,57.009
8,6/9/50,14:00,0,0,0,0,0,0,0,0,0,0,0,0,16.698,16.317,0,0,39.457,0,0,0,122.527
8,6/9/50,14:01,0,0,0,0,0,31.605,0,0,0,0,0,0,52.354,34.926,0,0,57.551,0,0,0,14.27
8,6/9/50,14:02,0,0,0,0,0,0,0,0,0,0,0,0,34.136,53.626,0,0,75.86,0,0,0,0
8,6/9/50,14:03,0,0,0,0,0,91.914,0,0,0,0,0,0,13.246,53.99,0,0,0,0,0,0,10.46
8,6/9/50,14:04,0,0,0,0,0,67.384,0,0,0,0,nan,nan,nan,14.691,0,0,0,0,0,0,25.403
8,6/9/50,14:05,0,0,0,0,0,0,0,0,0,0,0,0,0,5.489,0,0,0,0,0,0,0
8,6/9/50,14:06,0,0,0,0,0,26.101,0,0,0,0,0,0,23.854,6.89,0,0,0,0,0,0,0
8,6/9/50,14:07,0,0,0,0,0,0,0,0,0,0,0,0,34.239,28.891,0,0,0,0,0,0,0
8,6/9/50,14:08,0,0,0,0,0,0,0,0,0,0,0,0,75.365,60.246,0,0,0,0,0,0,0
8,6/9/50,14:09,0,0,0,0,0,0,0,0,0,0,0,0,82.798,60.18,0,0,0,0,0,0,0
8,6/9/50,14:10,0,0,0,0,0,0,0,0,0,0,0,0,30.009,49.091,0,0,0,0,0,0,0
8,6/9/50,14:11,0,0,0,0,0,0,0,0,0,0,0,0,43.728,48.599,0,0,0,0,0,0,0
8,6/9/50,14:12,0,0,0,0,0,0,0,0,0,0,0,0,0,66.431,0,0,0,0,0,0,0
8,6/9/50,14:13,0,0,0,0,0,0,0,0,0,0,0,0,0,50.174,0,0,0,0,0,0,0
8,6/9/50,14:14,0,0,0,0,0,0,0,0,0,0,0,0,0,26.853,0,0,0,0,0,0,41.647
8,6/9/50,14:15,0,0,0,0,0,0,0,0,0,0,0,0,0,37.569,0,0,0,0,0,0,52.241
8,6/9/50,14:16,0,0,0,0,0,0,0,0,0,0,0,0,0,9.738,0,0,0,0,0,0,35.385
8,6/9/50,14:17,0,0,0,0,0,0,0,0,0,0,0,0,0,21.177,0,0,0,0,0,0,0
8,6/9/50,14:18,0,0,0,0,0,0,0,0,0,0,0,0,0,18.136,0,0,0,26.219,0,0,90.445
8,6/9/50,14:19,0,0,0,0,0,0,0,0,0,0,0,0,0,53.287,0,0,0,81.712,0,0,18.108
8,6/9/50,14:20,0,0,0,0,0,0,0,0,0,0,0,0,0,160.852,0,0,0,4.247,0,0,0
8,6/9/50,14:21,0,0,0,0,0,0,0,0,0,0,0,0,0,24.682,0,0,0,0,0,0,43.864
8,6/9/50,14:22,0,0,0,0,0,0,0,0,0,0,0,0,0,21.312,0,0,0,0,0,0,11.958
8,6/9/50,14:23,0,0,0,0,0,0,0,0,0,0,0,0,0,42.362,0,0,0,0,0,0,66.481
8,6/9/50,14:24,0,0,0,0,0,0,0,0,0,0,0,0,0,39.311,0,0,0,0,0,0,47.526
8,6/9/50,14:25,0,0,0,0,0,0,0,0,0,0,0,0,0,0,0,66.395,0,0,0,0,59.577
8,6/9/50,14:26,0,0,0,0,0,0,0,0,0,0,0,0,0,12.838,0,69.226,0,0,0,0,21.83
8,6/9/50,14:27,0,0,0,0,0,0,0,0,0,0,0,0,0,4.16,0,62.486,0,0,0,0,81.408
8,6/9/50,14:28,0,0,0,0,0,0,0,0,0,0,0,0,0,44.717,0,108.084,0,0,0,0,0
8,6/9/50,14:29,0,0,0,0,0,0,0,0,0,0,0,0,0,26.07,0,0,0,0,0,0,0
8,6/9/50,14:30,0,0,0,0,0,0,0,0,0,0,0,0,0,0,0,0,0,0,0,0,0
8,6/9/50,14:31,0,0,0,0,0,0,0,0,0,0,0,0,0,55.722,0,0,0,0,0,0,0
8,6/9/50,14:32,0,0,0,0,0,0,0,0,0,0,0,0,0,59.313,0,0,0,0,0,0,0
8,6/9/50,14:33,0,0,0,0,0,0,0,0,0,0,0,0,0,0,0,0,0,0,0,0,0
8,6/9/50,14:34,0,0,0,0,0,0,0,0,0,0,0,0,0,0,0,0,0,0,0,0,0
8,6/9/50,14:35,0,0,0,0,0,0,0,0,0,0,0,0,0,0,0,0,0,0,0,0,0
8,6/9/50,14:36,0,0,0,0,0,0,0,0,0,0,0,0,0,0,0,0,0,0,0,0,0
8,6/9/50,14:37,0,0,0,0,0,0,0,0,0,0,0,0,0,0,0,0,0,0,0,0,0
8,6/9/50,14:38,0,0,0,0,0,0,0,0,0,0,0,0,0,0,0,0,0,0,0,0,0
8,6/9/50,14:39,0,0,0,0,0,0,0,0,0,0,0,0,0,0,0,0,0,0,0,0,0
8,6/9/50,14:40,0,0,0,0,0,0,0,0,0,0,0,0,0,0,0,0,0,0,0,0,0
8,6/9/50,14:41,0,0,0,0,0,0,0,0,0,0,0,0,0,0,0,0,0,0,0,0,0
8,6/9/50,14:42,0,0,0,0,0,0,0,0,0,0,0,0,0,0,0,0,0,0,0,0,0
8,6/9/50,14:43,0,0,0,0,0,0,0,0,0,0,0,0,0,0,0,0,0,0,0,0,0
8,6/9/50,14:44,0,0,0,0,0,0,0,0,0,0,0,0,0,0,0,0,0,0,0,0,0
8,6/9/50,14:45,0,0,0,0,0,0,0,0,0,0,0,0,0,0,0,0,0,0,0,0,0
8,6/9/50,14:46,0,0,0,0,0,0,0,0,0,0,0,0,0,0,0,0,0,0,0,0,0
8,6/9/50,14:47,0,0,0,0,0,0,0,0,0,0,0,0,0,0,0,0,0,0,0,0,0
8,6/9/50,14:48,0,0,0,0,0,0,0,0,0,0,0,0,0,0,0,0,0,0,0,0,0
8,6/9/50,14:49,0,0,0,0,0,0,0,0,0,0,0,0,0,0,0,0,0,0,30.354,0,0
8,6/9/50,14:50,0,0,0,0,0,0,0,0,0,0,0,0,0,0,0,0,0,0,42.98,0,0
8,6/9/50,14:51,0,0,0,0,0,0,0,0,0,0,0,0,0,0,0,0,0,0,20.998,0,0
8,6/9/50,14:52,0,0,0,0,0,0,0,0,0,0,0,0,0,86.712,0,0,0,0,21.933,0,0
8,6/9/50,14:53,0,0,0,0,0,0,0,0,4.222,0,0,0,0,179.176,0,0,0,0,9.081,0,0
8,6/9/50,14:54,0,0,0,0,0,0,0,0,87.718,0,0,0,0,152.335,0,0,0,0,14.325,0,0
8,6/9/50,14:55,0,0,0,0,0,0,0,0,0,0,0,0,0,170.193,0,0,0,0,28.887,0,0
8,6/9/50,14:56,0,0,0,0,0,0,0,0,82.338,0,0,0,0,34.863,0,0,0,0,17.781,0,0
8,6/9/50,14:57,106.887,0,0,0,0,0,0,0,47.077,0,0,0,0,171.282,0,0,0,0,26.621,0,0
8,6/9/50,14:58,71.384,0,0,0,0,0,0,0,15.372,0,0,0,0,103.278,0,0,0,0,11.797,0,0
8,6/9/50,14:59,66.634,0,0,0,0,0,0,0,33.536,0,0,0,0,111.618,0,0,0,0,19.216,0,0
8,6/9/50,15:00,74.838,0,0,0,0,0,0,0,56.815,4.182,0,0,0,59.784,0,0,0,0,61.375,0,0
8,6/9/50,15:01,69.876,0,0,0,88.577,0,0,0,21.9,29.703,0,0,0,121.129,0,0,0,0,4.594,0,0
8,6/9/50,15:02,71.745,0,0,0,39.05,0,0,0,32.64,30.468,0,0,0,133.871,0,0,0,0,20.232,0,0
8,6/9/50,15:03,0,0,0,0,67.441,0,0,0,10.868,0,27.026,0,0,96.894,0,0,0,0,0,0,0
8,6/9/50,15:04,0,0,0,0,24.383,0,0,0,30.383,37.343,66.683,0,0,26.249,0,0,0,0,47.785,0,0
8,6/9/50,15:05,98.452,0,0,0,105.375,0,0,0,48.946,21.472,19.442,0,0,44.743,0,0,0,0,32.835,0,0
8,6/9/50,15:06,105.228,0,0,0,83.956,0,0,0,57.159,31.366,41.536,0,0,20.406,0,0,0,0,75.006,0,0
8,6/9/50,15:07,51.548,0,0,0,19.962,0,4.501,0,20.342,36.179,27.597,0,0,29.848,0,0,0,0,0,0,0
8,6/9/50,15:08,56.555,0,0,0,45.078,0,17.553,0,46.404,0,34.992,0,0,58.029,0,0,0,0,0,0,0
8,6/9/50,15:09,0,0,0,0,0,0,20.354,0,22.075,0,91.979,0,0,1.296,0,0,0,0,0,0,0
8,6/9/50,15:10,0,0,0,0,0,0,68.743,0,54.23,0,64.56,0,0,0,0,0,0,0,0,0,0
8,6/9/50,15:11,0,0,0,0,11.196,0,93.541,0,24.93,0,50.679,0,0,0,0,0,0,0,0,0,0
8,6/9/50,15:12,0,0,0,0,54.522,0,172.46,0,0,0,26.637,0,0,0,0,0,0,0,0,0,0
8,6/9/50,15:13,0,0,0,0,0,0,68.001,0,0,0,57.104,0,0,0,0,0,0,0,0,0,0
8,6/9/50,15:14,0,0,0,0,0,0,0,0,0,0,53.895,0,0,0,0,0,0,0,0,0,0
8,6/9/50,15:15,0,0,0,0,80.506,0,0,0,116.011,0,46.528,0,0,0,0,0,0,0,0,0,0
8,6/9/50,15:16,0,0,0,0,26.268,0,0,0,90.143,0,0,0,0,0,0,0,0,0,0,0,0
8,6/9/50,15:17,0,0,0,79.408,49.151,0,0,0,29.975,0,0,0,0,0,0,0,45.367,0,0,0,0
8,6/9/50,15:18,0,0,0,0,32.126,0,0,0,29.1,0,0,0,0,0,0,0,50.588,0,0,0,0
8,6/9/50,15:19,0,0,0,31.675,33.114,0,0,0,43.194,0,0,0,0,0,156.172,0,82.973,0,0,0,0
8,6/9/50,15:20,0,0,0,40.501,104.724,0,0,0,55.394,0,0,34.878,0,0,129.734,0,38.456,0,0,0,0
8,6/9/50,15:21,0,0,0,43.592,26.807,0,0,0,15.863,0,0,99.902,0,0,159.247,0,137.624,0,0,0,0
8,6/9/50,15:22,0,0,0,0,27.021,0,0,0,23.722,0,0,33.816,0,0,134.106,0,104.334,0,0,0,0
8,6/9/50,15:23,0,0,0,0,36.894,24.997,0,0,58.238,0,0,76.119,0,0,80.79,0,0,0,0,0,0
8,6/9/50,15:24,0,0,0,0,105.733,0,0,0,0,0,0,85.083,0,0,132.949,0,102.31,0,0,0,0
8,6/9/50,15:25,0,0,0,0,36.773,57.601,0,0,0,0,0,83.996,0,0,159.371,0,80.588,0,0,38.651,0
8,6/9/50,15:26,0,0,0,0,39.546,14.848,0,0,0,0,0,69.862,0,0,98.383,0,64.721,0,0,93.263,0
8,6/9/50,15:27,0,0,0,0,0,50.901,0,0,0,0,0,0,0,0,55.886,0,72.841,0,0,0,0
8,6/9/50,15:28,0,0,0,0,0,76.387,0,0,0,0,0,0,0,0,34.811,0,42.859,0,0,70.863,0
8,6/9/50,15:29,0,0,0,0,0,64.272,0,0,0,0,0,0,0,0,0,0,35.803,0,0,63.539,0
8,6/9/50,15:30,0,0,80.613,0,0,38.227,0,0,0,0,0,0,0,0,0,0,0,0,0,0,0
8,6/9/50,15:31,0,0,92.219,0,0,25.445,0,0,0,0,0,0,0,0,0,0,0,0,0,0,0
8,6/9/50,15:32,0,0,29.15,0,0,16.762,0,0,0,0,0,48.184,0,0,0,0,0,0,0,0,0
8,6/9/50,15:33,0,0,80.754,0,0,31.92,0,0,0,0,0,121.403,0,0,0,37.153,0,0,0,0,0
8,6/9/50,15:34,0,0,27.61,0,0,43.379,0,0,0,0,0,0,0,0,0,136.052,0,0,0,0,0
8,6/9/50,15:35,0,0,13.594,0,0,0,0,0,0,0,0,0,0,0,0,170.436,0,0,0,0,0
8,6/9/50,15:36,0,0,41.056,0,0,0,0,0,0,0,0,0,51.93,0,0,121.736,0,0,0,0,0
8,6/9/50,15:37,0,0,0,0,0,0,0,0,0,0,0,0,31.377,0,0,51.432,0,0,0,0,0
8,6/9/50,15:38,0,0,94.97,0,0,0,0,0,0,0,0,0,48.43,0,0,79.732,0,0,0,0,0
8,6/9/50,15:39,0,0,46.639,0,0,0,0,0,0,0,0,0,47.371,0,0,60.935,0,0,0,0,0
8,6/9/50,15:40,0,0,35.974,0,0,0,0,0,0,0,0,0,67.831,0,0,128.48,0,0,0,0,0
8,6/9/50,15:41,0,0,61.703,0,0,0,0,0,0,0,0,0,51.339,0,0,63.215,0,0,0,0,0
8,6/9/50,15:42,0,0,96.818,0,0,0,0,0,0,0,0,0,56.425,0,0,130.162,0,0,0,0,0
8,6/9/50,15:43,0,0,42.188,0,0,0,0,0,0,0,0,0,44.147,0,0,0,0,0,0,0,0
8,6/9/50,15:44,0,0,24.671,0,0,0,0,0,0,0,0,0,63.332,0,0,125.721,0,0,0,0,0
8,6/9/50,15:45,0,0,39.969,0,0,0,0,0,0,0,0,0,40.867,0,0,21.809,0,0,0,0,0
8,6/9/50,15:46,0,0,0,0,0,0,0,0,0,0,0,0,0,0,0,0,0,0,0,0,0
8,6/9/50,15:47,0,0,0,0,0,0,0,0,0,0,0,0,0,0,0,0,0,0,0,0,0
8,6/9/50,15:48,0,0,0,0,0,0,0,0,0,0,0,0,0,0,0,0,0,0,0,0,0
8,6/9/50,15:49,0,0,0,0,0,0,0,0,0,0,0,0,0,0,0,0,0,0,0,0,0
8,6/9/50,15:50,0,0,0,0,0,0,0,0,0,0,0,0,0,0,0,0,0,0,0,0,0
8,6/9/50,15:51,0,0,0,0,0,0,0,0,0,0,0,0,0,0,0,0,0,0,0,0,0
8,6/9/50,15:52,0,0,0,0,0,0,0,0,0,0,0,0,0,0,0,0,0,0,0,0,0
8,6/9/50,15:53,0,0,0,0,0,0,0,0,0,0,0,0,0,0,0,0,0,0,0,0,0
8,6/9/50,15:54,0,0,0,0,0,0,0,0,0,0,0,0,0,0,0,0,0,0,0,0,0
8,6/9/50,15:55,0,0,0,0,0,0,0,0,0,0,0,0,0,0,0,0,0,0,0,0,0
8,6/9/50,15:56,0,0,0,0,0,0,0,0,0,0,0,0,0,0,0,0,0,0,0,0,0
8,6/9/50,15:57,0,0,0,0,0,0,0,0,0,0,0,0,0,0,0,0,0,0,0,0,0
8,6/9/50,15:58,0,0,0,0,0,0,0,0,0,0,0,0,0,0,0,0,0,0,0,0,0
8,6/9/50,15:59,0,0,0,0,0,0,0,0,0,0,0,0,0,0,0,0,0,0,0,0,0
8,6/9/50,16:00,0,0,0,0,0,0,0,0,0,0,0,0,0,0,0,0,0,0,0,0,0
8,6/9/50,16:01,0,0,0,0,0,0,0,0,0,0,0,0,0,0,0,0,0,0,0,0,0
8,6/9/50,16:02,0,0,0,0,0,0,0,0,0,0,0,0,0,0,0,0,0,0,0,0,0
8,6/9/50,16:03,0,0,0,0,0,0,0,0,0,0,0,0,0,0,0,0,0,0,0,0,0
8,6/9/50,16:04,0,0,0,0,0,0,0,0,0,0,0,0,0,0,0,0,0,0,0,0,0
8,6/9/50,16:05,0,0,0,0,0,0,0,0,0,0,0,0,0,0,0,0,0,0,0,0,0
8,6/9/50,16:06,0,0,0,0,0,0,0,0,0,0,0,0,0,0,0,0,0,0,0,0,0
8,6/9/50,16:07,0,0,0,0,0,0,0,0,0,0,0,0,0,0,0,0,0,0,0,0,0
8,6/9/50,16:08,0,0,0,0,0,0,0,0,0,0,0,0,0,0,0,0,0,0,0,0,0
8,6/9/50,16:09,0,0,0,0,0,0,0,0,0,0,0,0,0,0,0,0,0,0,0,0,0
8,6/9/50,16:10,0,0,0,0,0,0,0,0,0,0,0,0,0,0,0,0,0,0,0,0,0
8,6/9/50,16:11,0,0,0,0,0,0,0,0,0,0,0,0,0,0,0,0,0,0,0,0,0
8,6/9/50,16:12,0,0,0,0,0,0,0,0,0,0,0,0,0,0,0,0,0,0,0,0,0
8,6/9/50,16:13,0,0,0,0,0,0,0,0,0,0,0,0,0,0,0,0,0,0,0,0,0
8,6/9/50,16:14,45.188,0,0,0,0,0,0,0,0,0,0,0,0,0,0,0,0,0,0,0,0
8,6/9/50,16:15,87.705,0,0,0,0,0,5.03,0,0,0,0,0,0,0,0,0,0,0,0,0,0
8,6/9/50,16:16,45.978,0,0,0,0,0,73.597,0,0,0,0,0,0,0,0,0,0,0,0,0,0
8,6/9/50,16:17,65.249,0,0,0,0,0,55.668,0,0,0,0,0,0,0,0,0,0,0,0,0,0
8,6/9/50,16:18,33.08,0,0,0,0,0,61.788,0,0,0,0,0,0,0,0,0,0,0,0,0,0
8,6/9/50,16:19,79.589,0,0,0,0,0,31.372,0,0,0,0,0,0,0,0,0,0,0,0,0,0
8,6/9/50,16:20,21.695,0,0,0,0,0,60.93,0,0,0,0,0,0,0,0,0,0,30.452,0,0,0
8,6/9/50,16:21,49.672,0,0,0,0,0,193.894,0,0,0,0,0,0,0,0,0,0,41.02,0,0,0
8,6/9/50,16:22,59.337,0,0,0,0,0,82.636,0,31.593,0,0,0,0,0,0,0,0,30.815,0,0,0
8,6/9/50,16:23,41.404,0,0,0,0,0,32.783,0,84.611,34.511,0,0,0,0,0,0,0,22.613,0,0,23.717
8,6/9/50,16:24,69.253,0,0,60.741,0,0,0,0,0,33.616,0,0,0,0,0,0,0,0,0,0,53.44
8,6/9/50,16:25,101.41,0,0,53.564,0,0,0,0,0,57.107,0,0,0,0,0,0,75.431,0,0,0,10.477
8,6/9/50,16:26,95.594,0,0,17.646,0,0,0,0,0,35.511,0,0,0,40.886,0,0,22.982,0,0,0,41.443
8,6/9/50,16:27,32.355,0,0,80.684,0,0,0,0,0,30.777,0,0,0,30.374,0,0,47.835,0,0,0,35.903
8,6/9/50,16:28,0,0,0,149.965,0,0,0,0,0,0,0,0,0,32.357,0,0,96.015,0,0,0,47.012
8,6/9/50,16:29,0,0,0,69.569,0,0,0,0,0,0,0,0,0,67.87,0,0,86.959,0,0,0,38.425
8,6/9/50,16:30,0,0,0,78.024,0,0,0,0,0,0,0,0,0,28.185,0,0,79.689,0,0,0,29.427
8,6/9/50,16:31,0,0,0,29.8,0,0,0,0,0,0,0,0,0,14.537,101.023,0,56.825,0,0,0,0
8,6/9/50,16:32,0,29.23,0,0,0,128.89,0,0,0,0,0,0,0,16.127,42.567,0,66.663,0,0,0,61.374
8,6/9/50,16:33,0,153.272,0,0,0,0,0,0,0,0,0,0,0,14.122,51.054,0,87.437,0,0,0,67.767
8,6/9/50,16:34,0,92.143,0,0,0,59.449,0,0,0,0,0,0,0,33.333,102.857,0,74.569,0,0,0,59.892
8,6/9/50,16:35,0,88.466,0,0,0,89.119,0,0,0,0,0,0,0,61.506,79.802,0,97.48,0,0,0,17.384
8,6/9/50,16:36,0,65.581,0,0,0,85.263,0,0,0,0,0,0,0,0,57.986,0,103.708,0,0,0,38.591
8,6/9/50,16:37,0,85.389,0,0,0,23.426,0,21.826,0,0,0,0,0,22.04,0,0,22.308,0,0,0,70.103
8,6/9/50,16:38,0,181.627,0,0,0,86.262,0,72.263,0,0,0,0,0,31.178,0,0,16.467,0,0,0,63.876
8,6/9/50,16:39,0,47.673,0,0,0,42.467,0,0,0,0,0,0,0,42.731,0,0,147.025,0,0,0,0
8,6/9/50,16:40,0,0,0,0,0,94.09,0,40.927,0,0,0,0,0,8.429,0,0,152.697,0,0,0,0
8,6/9/50,16:41,0,0,0,0,0,14.883,0,58.023,0,0,0,0,0,11.099,0,0,0,0,0,0,20.586
8,6/9/50,16:42,0,0,0,0,0,86.97,0,0,0,0,0,0,0,5.935,0,0,0,0,0,0,93.964
8,6/9/50,16:43,0,0,0,0,0,111.785,0,0,0,0,0,0,0,15.546,0,0,0,0,0,0,32.945
8,6/9/50,16:44,0,0,0,0,0,39.453,0,0,0,0,0,0,0,11.139,0,0,0,0,0,0,52.374
8,6/9/50,16:45,0,0,0,0,0,0,0,0,0,0,0,0,0,5.011,0,0,0,0,0,0,44.96
8,6/9/50,16:46,0,0,0,0,0,0,0,0,0,0,0,0,0,52.472,0,0,59.135,0,0,46.39,64.261
8,6/9/50,16:47,0,0,0,0,0,0,0,0,0,0,0,0,0,0,0,0,95.705,0,0,89.113,60.072
8,6/9/50,16:48,0,0,0,0,0,0,0,0,0,0,0,0,0,0,0,0,53.891,0,0,28.016,12.786
8,6/9/50,16:49,0,0,0,0,0,0,0,0,0,0,0,0,0,0,0,0,82.771,0,0,79.783,66.73
8,6/9/50,16:50,0,0,0,0,0,0,0,0,0,0,0,0,0,0,0,0,78.98,0,0,0,72.762
8,6/9/50,16:51,0,0,0,0,57.049,0,0,0,52.208,0,0,0,0,0,0,0,58.976,0,0,0,113.168
8,6/9/50,16:52,0,0,0,0,32.284,0,0,0,35.054,0,0,0,0,0,0,0,139.061,0,0,0,17.171
8,6/9/50,16:53,0,0,0,0,85.638,0,0,0,17.406,0,0,0,0,0,0,0,64.388,0,0,0,0
8,6/9/50,16:54,0,0,0,0,122.931,0,0,0,42.075,0,0,0,0,0,0,0,52.695,0,66.16,0,0
8,6/9/50,16:55,0,0,0,0,68.673,0,0,0,25.047,0,0,0,0,0,0,0,44.093,0,35.979,0,0
8,6/9/50,16:56,0,0,0,0,239,0,0,0,63.753,0,0,0,0,0,0,0,13.898,0,0,0,0
8,6/9/50,16:57,0,0,0,0,44.949,0,0,0,51.133,0,0,0,0,0,0,0,22.901,0,33.151,0,0
8,6/9/50,16:58,0,0,0,0,37.402,0,0,0,0,0,0,0,0,0,0,0,124.471,0,18.004,0,0
8,6/9/50,16:59,0,0,0,0,46.572,0,0,0,0,0,0,0,0,0,0,0,0,0,16.847,0,0
8,6/9/50,17:00,0,0,0,0,43.522,0,0,0,0,0,0,0,0,0,0,0,0,0,25.911,0,0
8,6/9/50,17:01,0,0,0,0,62.565,0,0,0,0,0,0,0,0,0,0,0,0,0,32.641,0,0
8,6/9/50,17:02,0,0,0,0,79.261,0,0,0,0,0,0,0,0,0,0,0,0,0,15.336,0,0
8,6/9/50,17:03,0,0,0,0,33.39,0,0,0,0,0,0,1.065,36.02,0,0,144.023,0,0,5.962,0,0
8,6/9/50,17:04,0,0,0,0,51.785,0,0,0,0,0,0,56.174,60.425,0,0,32.536,0,0,72.427,0,0
8,6/9/50,17:05,0,0,0,0,0,0,0,0,0,0,0,81.591,76.754,0,0,0,0,0,42.546,0,0
8,6/9/50,17:06,0,0,71.14,0,0,0,0,0,0,0,0,81.772,59.281,0,0,0,0,0,35.637,0,0
8,6/9/50,17:07,0,0,59.037,0,0,0,0,51.621,0,0,0,127.964,31.319,0,0,0,0,0,34.4,0,0
8,6/9/50,17:08,0,0,34.63,0,0,0,0,48.649,0,0,0,100.606,0,0,0,0,0,0,11.528,0,0
8,6/9/50,17:09,0,0,33.855,0,0,0,0,101.134,0,0,0,62.178,0,0,0,0,0,0,14.187,0,0
8,6/9/50,17:10,0,0,39.683,0,0,0,0,97.6,0,0,0,35.117,0,0,0,0,0,0,19.708,0,0
8,6/9/50,17:11,0,0,17.123,0,0,0,0,109.433,0,0,0,0,0,0,0,0,0,0,38.632,0,0
8,6/9/50,17:12,0,0,76.609,0,0,0,0,54.238,0,0,0,0,0,0,0,0,0,0,0,0,0
8,6/9/50,17:13,0,0,82.689,0,0,0,0,65.515,0,0,0,0,0,0,0,0,0,0,0,0,0
8,6/9/50,17:14,0,0,51.769,0,0,0,0,18.614,0,0,0,0,0,0,0,0,0,0,0,0,0
8,6/9/50,17:15,0,0,42.032,0,0,0,4.304,22.29,0,0,0,0,0,0,0,0,0,0,0,0,0
8,6/9/50,17:16,0,0,65.302,0,0,0,87.086,0,0,0,0,0,0,0,0,0,0,0,0,0,0
8,6/9/50,17:17,66.163,0,101.723,0,0,0,63.57,0,0,0,0,0,0,0,0,0,0,0,0,0,0
8,6/9/50,17:18,68.296,0,0,0,0,0,68.186,0,0,0,0,0,0,0,0,0,0,0,0,0,0
8,6/9/50,17:19,58.928,0,0,0,0,0,92.619,0,0,0,0,0,0,0,0,0,0,0,0,0,0
8,6/9/50,17:20,96.159,0,0,0,0,0,78.978,0,0,0,0,0,70.255,0,0,0,0,0,0,0,0
8,6/9/50,17:21,88.192,0,0,75.167,0,0,35.282,0,101.749,0,0,0,70.922,0,0,0,0,0,0,0,0
8,6/9/50,17:22,48.573,0,0,68.753,0,0,82.775,0,135.929,0,0,0,76.235,0,0,0,0,0,0,0,0
8,6/9/50,17:23,0,0,0,36.204,0,0,73.526,0,0,0,0,0,59.955,0,0,0,0,0,0,0,0
8,6/9/50,17:24,0,0,0,129.405,0,0,45.619,0,38.181,30.925,0,0,116.413,0,0,49.544,0,0,0,0,0
8,6/9/50,17:25,0,0,0,159.277,0,25.089,45.535,0,65.207,33.683,32.056,0,54.043,0,0,93.817,0,0,0,0,0
8,6/9/50,17:26,0,0,0,77.181,0,0,0,0,48.308,39.399,28.129,0,39.494,0,0,119.409,0,0,0,0,0
8,6/9/50,17:27,57.138,0,0,102.214,0,1.387,0,0,50.988,34.896,45.543,0,31.069,0,0,110.036,0,0,0,0,0
8,6/9/50,17:28,85.517,0,0,64.55,0,80.203,0,0,31.478,52.809,27.097,0,35.528,0,0,143.699,0,0,0,0,0
8,6/9/50,17:29,60.451,0,0,127.796,0,54.393,0,0,27.472,31.199,33.285,0,27.936,0,0,47.221,0,0,0,0,0
8,6/9/50,17:30,40.599,0,0,73.682,0,53.022,0,0,43.949,92.356,22.672,0,45.695,43.383,0,0,0,0,0,0,0
8,6/9/50,17:31,38.707,0,0,159.708,0,56.129,0,0,43.084,73.002,72.273,0,18.818,57.651,0,0,0,0,0,0,0
8,6/9/50,17:32,70.186,0,0,195.643,0,0,0,0,38.471,53.322,33.291,0,7.556,48.551,0,0,0,0,0,0,0
8,6/9/50,17:33,35.536,50.551,0,76.561,0,0,0,0,0,58.571,0,0,40.622,14.873,0,0,0,0,0,0,0
8,6/9/50,17:34,0,152.826,0,112.295,0,0,0,0,0,0,0,0,53.473,8.013,0,0,0,0,0,0,0
8,6/9/50,17:35,0,108.672,0,85.413,0,0,0,0,0,70.521,48.11,0,41.43,37.774,0,0,107.467,0,0,0,0
8,6/9/50,17:36,0,116.563,0,58.36,0,0,0,0,0,0,26.083,0,30.393,23.454,0,0,53.859,0,0,0,0
8,6/9/50,17:37,0,50.889,0,0,0,0,0,0,0,0,29.85,0,0,56.707,0,0,33.914,0,0,0,0
8,6/9/50,17:38,0,105.426,0,0,0,0,0,0,0,0,45.324,0,0,8.687,0,0,184.524,0,0,0,0
8,6/9/50,17:39,0,68.075,0,0,0,0,0,0,0,0,0,0,0,20.364,0,0,97.992,0,0,0,0
8,6/9/50,17:40,0,162.045,0,0,0,0,0,0,0,0,0,0,0,43.294,0,0,74.727,0,0,0,0
8,6/9/50,17:41,0,177.179,0,0,0,0,0,0,0,0,0,0,0,10.838,0,0,158.145,0,0,0,0
8,6/9/50,17:42,0,75.179,0,0,0,0,0,0,0,0,0,0,0,83.254,23.864,0,77.76,0,0,0,0
8,6/9/50,17:43,0,191.063,0,0,0,0,0,0,0,0,0,0,0,62.54,46.734,0,95.83,0,0,0,0
8,6/9/50,17:44,0,56.25,0,0,0,0,0,0,0,0,0,0,0,30.718,146.673,0,41.867,33.002,0,0,0
8,6/9/50,17:45,0,178.852,0,0,0,0,0,0,0,0,0,0,0,82.726,88.302,0,59.846,66.863,0,27.683,0
8,6/9/50,17:46,0,102.156,0,0,41.324,0,0,0,23.331,0,0,0,0,13.979,47.149,0,40.224,49.87,0,40.581,0
8,6/9/50,17:47,0,0,0,0,76.121,0,0,0,111.499,0,0,0,0,4.913,104.273,0,20.279,49.548,0,80.075,0
8,6/9/50,17:48,0,0,0,0,110.782,23.856,0,0,24.483,0,0,0,0,5.911,51.648,0,117.35,7.475,0,151.958,0
8,6/9/50,17:49,0,0,0,0,107.477,0,0,0,0,0,0,0,0,20.13,0,0,55.767,150.25,0,0,0
8,6/9/50,17:50,0,0,0,0,49.613,55.595,0,0,50.666,0,0,0,0,73.751,0,0,11.827,32.43,0,0,52.135
8,6/9/50,17:51,142.591,0,0,0,0,43.757,0,0,54.112,0,0,0,0,19.844,0,0,18.736,0,0,0,37.805
8,6/9/50,17:52,55.085,0,0,0,0,48.002,0,17.194,0,0,0,0,0,32.962,0,0,149.598,0,0,0,58.241
8,6/9/50,17:53,86.583,0,0,0,0,63.149,0,76.545,0,0,0,0,0,18.371,0,0,194.351,0,0,0,54.644
8,6/9/50,17:54,59.887,0,0,0,0,96.269,0,115.772,0,0,0,0,0,8.551,0,0,155.486,0,0,0,100.176
8,6/9/50,17:55,59.542,0,0,0,0,49.436,0,86.521,24.919,0,0,32.456,0,8.337,0,0,0.294,0,0,0,13.301
8,6/9/50,17:56,0,0,0,0,0,198.867,0,89.635,31.362,0,0,28.254,0,5.136,0,0,58.391,0,0,0,4.405
8,6/9/50,17:57,0,0,0,0,0,89.764,0,0,55.825,0,0,53.094,0,7.133,0,0,65.572,0,0,0,29.245
8,6/9/50,17:58,0,0,0,0,0,92.818,0,0,79.089,0,0,32.469,0,5.319,0,0,64.824,0,0,0,38.46
8,6/9/50,17:59,0,0,0,40.845,0,120.854,0,0,0,0,0,0,0,13.529,0,0,0,0,0,0,74.378
8,6/9/50,18:00,0,0,0,15.053,0,0,0,0,57.334,0,0,0,0,56.901,0,0,0,0,0,0,28.543
8,6/9/50,18:01,0,0,0,64.442,0,0,0,0,36.285,0,0,0,0,20.479,0,0,0,0,0,0,71.288
8,6/9/50,18:02,0,0,0,81.188,52.858,0,0,0,39.32,0,0,0,0,8.812,0,0,0,0,0,0,57.612
8,6/9/50,18:03,0,0,0,19.047,22.561,0,0,0,7.197,0,0,0,0,6.584,0,0,0,0,0,0,57.763
8,6/9/50,18:04,0,0,0,0,214.551,0,13.589,0,35.861,0,0,0,0,7.714,0,59.614,0,0,0,0,49.252
8,6/9/50,18:05,0,0,0,0,242.898,0,177.854,0,0,0,0,0,0,64.162,0,94.764,0,0,0,0,9.675
8,6/9/50,18:06,0,0,0,0,238.281,0,107.723,0,0.69,79.071,97.398,0,0,66.797,0,196.083,0,0,0,0,185.404
8,6/9/50,18:07,0,0,52.266,0,197.176,0,222.017,53.699,74.991,208.241,0,0,0,47.725,0,112.198,0,17.303,0,0,67.296
8,6/9/50,18:08,0,0,110.804,0,155.114,0,67.488,167.767,40.462,190.53,0,0,0,43.147,0,101.257,0,74.134,83.768,0,159.114
8,6/9/50,18:09,0,0,218.238,0,197.84,0,129.314,105.093,46.246,79.174,0,0,0,0,0,96.321,0,186.173,92.437,0,123.338
8,6/9/50,18:10,0,0,126.091,0,115.27,0,72.791,289.913,112.841,101.75,0,0,212.67,0,0,108.427,0,134.513,20.162,0,124.519
8,6/9/50,18:11,0,0,153.325,0,159.479,0,38.8,77.082,85.812,148.47,0,0,42.88,0,104.794,59.596,0,43.485,17.722,0,178.532
8,6/9/50,18:12,0,0,190.357,0,219.012,0,0,85.244,87.242,91.911,82.258,0,137.292,0,81.435,164.233,3.154,99.187,56.873,41.646,126.125
8,6/9/50,18:13,0,0,121.476,0,87.571,0,0,123.09,100.002,45.392,85.026,0,80.041,102.212,134.842,84.737,267.419,106.113,17.865,73.811,145.658
8,6/9/50,18:14,0,0,218.353,0,48.319,0,0,86.284,80.091,97.935,80.469,0,67.687,89.279,141.197,74.243,193.081,82.394,57.322,174.595,247.113
8,6/9/50,18:15,0,0,137.228,90.993,163.824,0,0,79.849,154.157,80.988,54.775,160.118,147.649,66.834,101.597,79.705,123.207,35.488,37.725,92.303,66.772
8,6/9/50,18:16,0,0,143.6,49.067,81.738,36.487,0,0,43.565,0,52.034,116.183,86.736,53.71,41.314,136.172,230.876,33.077,46.607,190.017,99.235
8,6/9/50,18:17,0,0,160.547,118.967,58.184,119.216,0,27.301,99.291,0,139.464,106.619,84.217,31.897,0,156.285,73.345,33.82,61.899,93.789,61.61
8,6/9/50,18:18,0,0,160.308,97.721,0,58.898,0,0,76.603,0,95.07,142.038,89.19,38.364,0,119.323,97.735,94.825,31.998,66.059,101.818
8,6/9/50,18:19,0,184.204,198.839,152.964,3.471,45.888,100.845,0,54.33,0,68.19,64.158,55.757,39.309,0,13.875,40.888,142.22,97.984,50.658,14.261
8,6/9/50,18:20,0,173.657,171.93,107.883,163.647,62.42,83.332,0,45.662,0,129.09,137.196,65.296,37.891,0,28.55,87.554,127.341,35.213,0,11.982
8,6/9/50,18:21,178.24,146.412,132.985,146.004,106.775,97.517,78.028,0,0,0,106.933,105.302,67.265,70.651,0,119.351,77.401,27.16,25.078,0,25.001
8,6/9/50,18:22,112.858,246.886,160.23,34.855,108.597,160.468,18.235,1.044,0,0,44.13,68.283,41.987,40.28,0,185.04,75.475,39.657,100.388,0,26.262
8,6/9/50,18:23,181.818,82.693,174.78,52.114,0,52.673,39.136,74.115,0,0,81.024,107.711,61.053,28.204,0,188.356,52.626,93.637,34.335,73.584,64.07
8,6/9/50,18:24,76.271,128.101,142.844,192.229,28.685,0,36.221,101.012,0,0,36.716,143.45,168.202,60.105,0,13.555,134.093,0,9.468,78.097,69.073
8,6/9/50,18:25,166.839,138.966,94.512,52.898,29.074,100.854,104.664,54.64,43.787,0,92.336,131.509,47.075,105.831,119.361,0,14.548,39.194,7.108,112.792,86.209
8,6/9/50,18:26,174.062,83.25,155.768,38.813,153.249,62.155,75.027,155.521,86.034,0,0,19.717,72.066,77.43,77.137,0,68.402,0,49.327,16.669,86.291
8,6/9/50,18:27,79.748,133.289,130.389,122.318,60.838,0,62.187,133.519,60.743,0,0,82.27,64.13,60.01,47.927,30.467,23.355,109.898,0,31.338,90.757
8,6/9/50,18:28,81.047,203.497,118.358,64.846,103.804,102.92,89.307,105.144,59.715,0,0,105.339,0,18.921,63.488,158.145,131.711,35.779,0,88.256,40.507
8,6/9/50,18:29,42.01,160.898,128.61,55.476,67.926,87.375,52.593,116.172,43.689,0,0,84.744,10.224,26.823,0,98.306,136.62,28.875,0,126.542,42.489
8,6/9/50,18:30,72.147,144.089,110.626,180.17,63.116,98.436,58.173,36.184,54.562,0,0,56.783,47.561,57.207,0,200.131,125.613,44.722,0,66.323,64.464
8,6/9/50,18:31,105.138,152.844,144.611,8.69,0,155.305,87.316,30.656,58.037,69.794,0,100.008,40.7,30.102,0,47.61,41.906,88.808,0,31.725,69.214
8,6/9/50,18:32,63.414,198.147,111.155,65.952,0,149.665,40.042,28.388,25.074,150.99,0,21.056,67.86,53.458,0,38.39,90.812,144.026,0,27.958,0
8,6/9/50,18:33,68.827,144.074,38.496,99.457,102.238,58.611,0,100.897,39.67,70.105,0,0,97.473,94.516,0,60.675,83.978,92.259,0,0.267,0
8,6/9/50,18:34,100.446,193.263,115.192,59.764,86.077,0,0,59.95,0,67.159,0,0,71.767,0,0,171.794,0,33.665,0,55.295,0
8,6/9/50,18:35,97.615,126.383,167.248,0,154.91,0,0,41.12,0,79.474,0,0,28.724,18.564,121.254,164.964,18.6,43.782,0,146.709,0
8,6/9/50,18:36,32.941,174.754,112.253,0,151.263,0,0,0,0,81.878,0,0,89.42,85.267,99.842,78.419,40.496,0,0,76.661,0
8,6/9/50,18:37,25.977,69.031,122.73,0,105.123,0,0,0,0,26.106,0,0,0,25.86,99.988,174.206,83.291,0,0,99.078,0
8,6/9/50,18:38,66.649,135.921,142.366,0,71.974,0,0,0,0,10.14,0,24.392,0,52.163,39.41,89.008,50.11,0,0,25.805,67.823
8,6/9/50,18:39,156.287,148.771,131.8,0,42.338,162.09,0,0,28.748,8.74,0,91.904,63.866,93.835,0,21.366,113.066,0,0,17.519,99.956
8,6/9/50,18:40,182.303,172.986,177.616,0,0,168.602,0,0,83.636,11.447,0,48.319,56.914,118.41,0,13.395,45.629,0,0,46.92,177.84
8,6/9/50,18:41,6.433,86.462,97.296,39.871,0,19.537,0,0,22.229,3.807,60.936,37.781,28.786,29.367,0,0,71.632,0,0,90.306,93.631
8,6/9/50,18:42,28.794,80.238,95.218,32.882,33.574,44.803,0,0,52.756,104.968,91.874,127.63,93.507,55.329,0,28.69,27.724,0,0,47.21,111.604
8,6/9/50,18:43,35.494,190.492,160.908,86.057,112.791,0,0,0,0,59.907,122.337,121.356,95.114,81.681,0,214.205,38.837,111.705,0,120.814,200.958
8,6/9/50,18:44,45.866,207.514,94.689,65.468,215.09,25.056,0,0,49.468,15.619,87.05,96.033,86.98,91.174,0,49.763,92.589,23.61,0,15.808,59.691
8,6/9/50,18:45,148.949,274.776,162.845,28.883,80.725,53.187,0,0,81.513,27.366,135.824,53.998,14.835,49.166,0,135.756,0,19.788,0,60.082,88.984
8,6/9/50,18:46,41.027,336.851,110.448,0,75.773,88.542,0,2.309,47.188,10.154,136.487,34.396,144.834,30.444,67.14,30.5,33.202,109.07,0,33.668,34.036
8,6/9/50,18:47,0,185.504,184.988,0,34.706,153.536,61.351,59.111,24.427,11.47,68.365,0,77.308,20.92,40.646,76.205,101.217,110.617,40.926,73.801,64.731
8,6/9/50,18:48,53.022,21.374,146.282,0,187.831,119.249,61.291,85.856,25.505,9.861,117.763,0,90.983,42.886,104.285,26.629,54.799,144.96,25.106,59.761,0
8,6/9/50,18:49,42.508,0,132.366,0,72.511,66.454,101.246,77.589,21.629,26.351,80.026,0,62.904,62.638,0,17.96,73.468,127.262,32.078,143.608,55.553
8,6/9/50,18:50,63.93,96.179,187.493,0,149.767,64.188,44.479,69.069,17.797,0,7.449,0,79.458,0,0,20.892,85.927,4.132,123.19,59.219,74.276
8,6/9/50,18:51,142.214,185.79,35.439,84.193,70.836,0,0,108.1,15.925,0,21.804,0,96.559,27.059,0,28.243,69.575,39.604,46.474,4.128,62.242
8,6/9/50,18:52,58.299,236.996,0,119.693,82.489,0,0,66.611,23.219,0,50.446,0,72.93,96.776,102.737,67.591,73.557,46.21,89.78,35.487,70.822
8,6/9/50,18:53,86.945,224.354,0,49.757,108.75,113.457,0,65.986,23.627,0,68.234,60.638,63.443,15.04,142.368,92.597,24.362,56.363,0,91.823,12.563
8,6/9/50,18:54,108.332,238.544,0,0,82.56,81.298,0,64.527,26.695,0,63.383,143.473,85.395,24.158,150.966,59.007,0,28.41,97.802,51.339,101.554
8,6/9/50,18:55,162.56,226.304,62.19,0,57.089,47.19,0,17.332,49.096,0,20.542,84.785,167.432,11.452,36.89,173.931,0,0,61.986,0,99.47
8,6/9/50,18:56,158.409,137.629,53.677,0,70.759,86.199,0,17.961,60.227,0,0,26.935,74.799,49.91,82.675,76.681,0,0,6.248,0,139.162
8,6/9/50,18:57,148.131,20.76,40.72,0,66.201,72.53,0,53.39,0,0,0,70.632,76.66,55.725,0,28.744,0,0,56.797,22.277,46.265
8,6/9/50,18:58,153.174,163.298,154.712,0,118.582,25.114,0,59.364,57.569,0,0,53.329,14.087,107.328,0,68.962,0,0,55.229,44.085,93.942
8,6/9/50,18:59,87.389,151.852,102.407,0,14.796,29.475,0,102.536,44.394,0,0,0,1.064,64.812,0,118.762,0,0,41.047,80.121,65.952
8,6/9/50,19:00,61.691,64.949,96.789,25.287,141.437,48.124,0,126.9,31.109,0,0,34.165,107.952,0,0,105.533,34.863,0,8.926,84.684,99.525
8,6/9/50,19:01,98.159,94.845,0,104.231,33.04,52.602,0,89.036,24.585,0,0,40.646,99.652,0,0,35.267,91.631,0,61.323,92.251,28.774
8,6/9/50,19:02,26.217,165.093,0,94.909,95.211,62.82,0,72.968,63.039,0,0,97.373,64.724,73.171,0,0.323,74.923,0,7.771,172.59,82.993
8,6/9/50,19:03,120.818,156.16,0,114.856,40.231,83.935,0,50.318,0,0,0,55.126,154.6,36.157,0,96.48,108.98,0,70.776,38.338,126.045
8,6/9/50,19:04,72.944,49.795,0,124.233,69.66,89.552,0,81.939,124.312,0,0,0,13.296,80.963,0,68.814,156.925,0,63.405,6.27,77.775
8,6/9/50,19:05,186.276,30.765,0,0,42.627,49.468,0,46.638,42.235,0,0,0,61.969,60.815,0,17.176,195.545,0,34.428,0,42.164
8,6/9/50,19:06,198.357,25.952,0,44.081,179.454,0,0,37.368,66.223,0,0,0,24.845,108.533,0,17.454,150.767,0,54.636,0,125.974
8,6/9/50,19:07,155.217,122.675,0,115.14,32.89,0,0,117.452,44.662,0,0,0,70.308,55.621,0,99.408,146.066,0,74.619,113.294,0
8,6/9/50,19:08,78.371,192.384,0,40.032,97.838,0,89.069,91.092,15.295,0,0,0,131.624,29.141,0,80.208,156.924,0,96.452,81.425,26.568
8,6/9/50,19:09,31.7,152.993,0,42.561,20.3,0,111.4,34.501,45.045,29.592,0,0,39.744,0,0,46.817,151.187,0,21.874,28.581,88.511
8,6/9/50,19:10,77.997,284.008,0,109.514,33.065,110.112,139.766,60.95,0,85.823,0,0,69.018,0,22.654,225.394,86.485,83.526,0,68.171,85.266
8,6/9/50,19:11,114.953,258.665,0,78.41,29.311,42.445,77.198,82.123,0,82.347,0,23.739,83.309,0,94.874,73.56,114.971,123.423,0,62.373,64.362
8,6/9/50,19:12,100.427,282.049,0,87.127,82.83,0,95.983,83.744,0,43.862,0,69.755,57.689,0,47.721,70.613,23.859,100.952,54.313,49.811,72.195
8,6/9/50,19:13,117.085,332.023,0,103.495,96.793,45.781,74.722,54.677,0,39.836,0,70.189,86.583,155.478,0,205.134,48.366,68.61,17.401,92.214,57.3
8,6/9/50,19:14,87.755,131.113,0,66.15,0,98.509,77.874,74.716,0,0,0,81.027,66.093,16.075,0,61.159,0,85.223,30.768,0,80.551
8,6/9/50,19:15,37.424,124.83,0,112.652,26.488,71,0,110.076,18.524,0,0,67.374,73.247,72.989,0,33.663,47.368,82.017,72.22,0,47.224
8,6/9/50,19:16,43.481,206.206,0,28.52,120.949,17.833,0,61.599,33.647,0,0,0,0,46.147,0,134.125,46.132,53.191,27.355,0,76.085
8,6/9/50,19:17,113.835,208.147,0,106.171,100.197,39.854,22.479,38.646,57.617,0,0,0,0,0,0,128.809,55.867,56.325,41.363,0,67.777
8,6/9/50,19:18,70.556,172.564,0,123.308,0,30.295,77.895,80.416,106.753,0,0,98.164,0,0,0,173.783,56.465,61.572,100.947,14.756,17.244
8,6/9/50,19:19,202.919,166.436,0,27.208,84.277,61.979,113.535,68.754,0,0,0,127.308,0,93.035,0,121.154,66.539,62.955,2.01,26.824,67.413
8,6/9/50,19:20,58.835,188.304,0,15.186,73.216,94.041,165.223,77.764,0,0,0,174.438,0,15.464,66.78,108.872,74.033,34.624,62.976,33.218,78.181
8,6/9/50,19:21,112.551,199.637,0,116.185,43.32,97.149,102.773,26.906,0,0,0,36.543,0,30.513,101.761,208.092,10.684,44.635,7.523,89.506,3.782
8,6/9/50,19:22,103.7,127.923,24.126,57.69,77.044,96.969,83.264,63.693,0,0,0,23.97,0,28.255,70.306,70.724,15.683,69.307,53.711,105.119,93.546
8,6/9/50,19:23,76.455,0,31.866,0,108.084,39.515,99.321,41.776,0,0,0,0,0,12.696,49.769,45.729,43.147,67.487,22.396,112.299,69.978
8,6/9/50,19:24,201.219,0,0,0,79.501,59.448,33.448,86.662,0,0,0,0,0,50.451,158.397,0,53.516,0,41.01,92.434,142.102
8,6/9/50,19:25,129.005,110.419,0,0,97.68,10.401,0,65.81,113.489,64.777,0,99.978,0,67.53,158.197,33.197,108.826,125.841,58.894,63.368,71.87
8,6/9/50,19:26,13.065,120.921,58.949,0,85.404,25.792,0,60.11,30.323,67.071,0,126.368,0,30.946,95.958,95.517,93.895,64.184,44.482,116.769,109.802
8,6/9/50,19:27,53.449,211.871,143.947,0,178.627,6.37,0,128.59,0,30.752,0,72.837,0,84.09,94.842,55.209,36.043,41.769,67.464,126.546,94.981
8,6/9/50,19:28,39.128,189.427,77.397,0,65.527,21.611,12.794,74.086,35.839,62.012,0,35.808,0,0,113.199,65.311,178.17,81.97,2.116,89.514,78.05
8,6/9/50,19:29,54.976,126.446,110.431,0,114.637,0,112.11,90.757,25.105,0,0,67.595,0,14.335,96.195,15.339,49.643,63.699,14.753,118.137,84.569
8,6/9/50,19:30,63.133,195.067,198.859,0,44.592,61.371,138.859,83.575,47.856,0,0,85.354,0,95.556,45.046,49.686,21.902,36.093,73.491,115.775,45.808
8,6/9/50,19:31,77.301,62.278,158.918,0,0,45.118,117.526,28.261,30.552,0,0,48.565,0,26.181,55.861,143.569,36.116,30.928,62.4,51.921,94.368
8,6/9/50,19:32,123.562,103.142,98.411,0,0,0,125.6,32.581,65.991,0,0,124.699,0,22.013,122.944,26.319,144.282,31.624,25.726,129.939,16.471
8,6/9/50,19:33,125.754,296.269,169.6,0,0,0,92.378,0,0,0,0,0,0,13.148,57.474,109.22,95.287,28.555,106.968,48.785,97.696
8,6/9/50,19:34,87.893,11.553,68.236,64.423,0,0,145.124,0,0,0,0,0,0,10.209,81.564,0,38.513,26.519,23.788,94.706,105.792
8,6/9/50,19:35,100.519,39.897,219.524,97.63,90.008,0,169.615,0,0,0,0,36.992,0,68.872,164.442,87.794,13.115,91.886,0,130.565,147.041
8,6/9/50,19:36,42.447,39.788,218.297,134.012,76.146,0,127.773,0,2.362,0,0,69.351,0,0,39.021,0,20.93,67.746,0,28.017,157.815
8,6/9/50,19:37,25.332,0,107.141,143.745,96.192,0,18.565,0,96.718,0,25.393,119.1,72.592,0,118.371,73.627,20.664,35.661,0,58.785,68.425
8,6/9/50,19:38,0,36.376,88.744,60.871,125.385,0,120.349,0,20.744,0,19.729,82.365,78.856,0,76.545,46.464,25.726,43.815,0,130.233,130.581
8,6/9/50,19:39,0,145.797,14.502,0,0,0,85.6,0,36.088,0,32.202,26.643,99.576,0,0,48.058,132.729,74.61,0,70.963,106.595
8,6/9/50,19:40,0,198.348,200.447,0,77.94,0,163.945,0,18.741,0,94.659,0,116.945,0,0,66.894,180.061,76.787,0,34.921,88.563
8,6/9/50,19:41,0,238.785,251.727,0,10.387,0,93.054,0,20.608,0,50.405,0,37.747,0,55.064,78.707,114.025,0,0,32.355,31.532
8,6/9/50,19:42,0,178.731,12.241,77.359,48.973,0,32.389,0,32.161,0,66.957,0,0,0,0,148.603,86.915,69.175,0,0,0
8,6/9/50,19:43,0,165.858,76.536,103.214,0,0,47.422,0,45.125,0,33.831,0,0,0,134.184,108.729,162.376,71.633,0,126.255,119.955
8,6/9/50,19:44,0,174.943,26.913,45.787,0,0,95.735,0,15.327,0,33.252,0,76.017,0,69.297,33.226,184.679,22.104,0,10.815,53.942
8,6/9/50,19:45,0,141.608,18.492,0,0,0,136.892,0,46.108,0,47.562,0,91.767,0,103.359,55.802,129.012,59.609,0,104.756,36.416
8,6/9/50,19:46,0,133.651,54.335,0,0,0,58.597,0,16.471,0,32.145,0,68.205,0,94.1,116.09,139.968,35.622,0,173.857,50.34
8,6/9/50,19:47,0,177.813,105.358,0,0,0,94.117,0,42.448,0,62.036,41.457,70.923,0,61.965,0,53.99,66.302,0,153.355,55.966
8,6/9/50,19:48,0,169.523,160.302,0,0,0,111.342,0,0,0,0,47.658,101.683,0,0,22.683,24.763,0,0,58.988,44.397
8,6/9/50,19:49,0,120.004,42.178,0,52.12,0,88.985,0,0,34.609,58.07,123.286,74.749,0,0,0,42.031,0,0,0,79.995
8,6/9/50,19:50,0,32.857,71.309,0,57.292,0,40.678,0,0,17.058,89.852,102.782,103.196,0,0,0,42.088,0,0,0,78.782
8,6/9/50,19:51,0,213.969,71.016,0,45.572,0,41.382,0,0,17.609,62.594,2.147,34.249,44.225,50.238,0,126.03,0,0,77.392,100.877
8,6/9/50,19:52,0,39.845,139.586,0,76.229,0,36.841,0,52.202,20.471,83.774,84.937,43.909,29.822,111.929,0,50.39,0,0,50.136,0
8,6/9/50,19:53,0,0,152.881,0,49.672,0,66.235,0,45.247,11.626,91.558,29.771,7.666,69.462,34.84,0,0,0,0,31.408,0
8,6/9/50,19:54,0,122.375,149.99,0,38.385,0,36.795,0,13.935,52.818,82.946,0,79.78,9.423,50.394,0,47.997,0,0,55.138,0
8,6/9/50,19:55,172.049,188.54,15,32.253,92.599,0,123.656,0,0,65.641,44.208,0,0,5.239,153.012,0,0,0,0,120.946,0
8,6/9/50,19:56,95.29,263.926,186.765,73.713,133.954,0,74.073,0,0,42.217,0,0,68.86,34.784,84.205,0,0,0,0,32.69,0
8,6/9/50,19:57,17.066,187.934,148.868,117.179,188.738,0,135.873,0,0,57.687,0,68.542,47.665,18.534,0,0,0,0,0,51.609,0
8,6/9/50,19:58,52.11,37.594,118.575,130.187,68.4,0,37.846,0,0,14.417,0,58.544,0,29.773,130.713,0,0,0,0,131.292,0
8,6/9/50,19:59,49.924,43.54,180.672,57.755,82.748,0,0,0,0,10.225,0,0,39.249,83.949,10.424,0,0,0,0,78.658,0
8,6/9/50,20:00,21.216,145.647,180.783,33.908,55.238,0,0,0,0,112.013,0,100.767,27.915,22.317,0,0,0,0,39.492,78.437,0
8,6/9/50,20:01,0,91.316,60.539,17.11,25.564,0,0,0,63.113,11.265,0,84.552,104.043,21.907,0,0,0,0,8.608,72.664,0
8,6/9/50,20:02,0,242.402,150.767,116.209,75.91,0,0,0,48.494,13.796,0,110.755,52.782,7.045,0,0,0,0,47.69,113.121,0
8,6/9/50,20:03,0,113.18,140.683,27.406,132.451,0,0,0,61.331,9.477,0,110.554,98.469,11.335,0,0,0,0,5.996,76.769,0
8,6/9/50,20:04,0,127.372,32.549,91.189,0,0,0,0,59.641,29.1,0,66.613,36.144,53.34,0,0,0,0,30.536,82.798,0
8,6/9/50,20:05,0,128.125,106.75,142.482,47.488,0,0,0,0,43.097,0,64.833,0,15.833,0,0,0,0,8.477,64.505,0
8,6/9/50,20:06,0,232.003,99.292,106.249,46.1,0,0,0,0,6.315,0,129.9,0,36.403,0,0,0,0,103.296,91.347,0
8,6/9/50,20:07,0,186.036,45.809,107.15,89.664,0,0,0,0,40.442,0,62.383,0,45.338,0,144.267,0,0,52.637,58.891,0
8,6/9/50,20:08,0,249.233,0,113.769,68.153,0,0,0,3.485,30.213,0,68.306,0,0,0,114.471,0,0,19.419,30.655,0
8,6/9/50,20:09,76.469,174.073,0,147.215,32.657,0,0,0,78.686,0,0,23.805,0,0,0,127.261,0,0,16.997,48.683,0
8,6/9/50,20:10,76.002,44.009,0,84.919,12.181,0,0,0,14.052,0,0,71.208,0,0,0,21.627,0,0,62.641,23.256,0
8,6/9/50,20:11,83.316,50.705,0,71.913,57.221,0,0,0,136.546,0,0,32.766,0,0,0,111.834,0,0,13.755,64.89,0
8,6/9/50,20:12,149.606,174.749,0,92.41,63.287,0,0,0,0,0,0,0,0,0,0,140.072,0,0,28.649,61.845,0
8,6/9/50,20:13,188.635,174.059,0,81.577,0,0,0,0,0,0,0,74.921,0,0,182.332,32.168,0,0,73.008,18.032,0
8,6/9/50,20:14,38.827,174.438,0,155.111,0,0,0,0,78.205,0,18.127,59.832,0,0,41.712,178.309,0,0,57.079,0,0
8,6/9/50,20:15,0,164.954,0,16.103,0,0,0,0,0,0,67.95,99.604,0,0,0,79.354,0,0,19.255,0,0
8,6/9/50,20:16,0,210.931,0,0,0,0,0,0,0,0,36.453,45.646,0,69.005,0,180.836,0,0,98.768,37.718,0
8,6/9/50,20:17,0,253.239,0,47.784,0,0,0,0,0,0,55.379,38.802,0,86.625,0,119.163,0,0,71.995,88.62,0
8,6/9/50,20:18,0,140.228,0,96.128,0,0,0,0,0,0,94.017,0,0,26.093,0,78.93,0,0,67.33,18.749,0
8,6/9/50,20:19,0,0,0,105.505,0,0,0,0,66.839,0,60.329,72.606,0,13.578,0,174.124,0,0,22.453,72.351,0
8,6/9/50,20:20,33.097,15.575,0,109.695,51.185,0,0,0,0,0,38.444,44.812,0,10.156,0,114.823,0,72.368,0,90.353,0
8,6/9/50,20:21,26.727,187.28,0,49.707,60.051,0,0,0,0,0,59.324,34.862,0,27.328,41.894,21.233,0,66.797,0,53.71,0
8,6/9/50,20:22,20.995,180.516,0,95.731,95.455,60.056,0,0,0,0,77.175,43.557,0,88.204,84.756,4.45,0,68.561,0,103.083,0
8,6/9/50,20:23,96.191,143.311,0,90.471,75.823,182.52,0,0,0,0,81.864,130.883,0,24.698,121.238,150.271,0,88.478,0,109.378,0
8,6/9/50,20:24,83.222,204.71,0,59.715,56.334,71.879,0,0,0,0,60.777,29.506,0,52.904,191.406,237.835,0,66.179,0,142.861,0
8,6/9/50,20:25,59.002,191.033,0,0,82.883,0,0,0,0,0,85.898,55.233,0,62.949,87.137,194.053,0,122.622,0,10.167,0
8,6/9/50,20:26,39.096,80.963,0,0,0,0,106.408,0,0,0,69.171,75.348,0,12.305,0,138.244,0,48.347,0,0,0
8,6/9/50,20:27,155.973,105.753,0,0,41.073,63.344,116.231,0,0,0,75.186,105.603,0,10.152,62.479,202.675,0,31.271,0,11,0
8,6/9/50,20:28,24.915,30.655,0,0,20.945,51.798,118.793,65.449,0,0,29.557,79.531,0,57.471,132.228,92.124,0,23.302,0,12.053,0
8,6/9/50,20:29,49.735,61.749,0,0,51.879,15.848,130.965,96.229,0,0,66.692,20.911,0,13.081,62.43,71.464,0,41.822,0,0,0
8,6/9/50,20:30,39.501,0,0,0,36.532,86.294,122.845,166.508,0,0,93.218,48.494,0,33.64,109.601,2.439,0,93.617,0,30.704,0
8,6/9/50,20:31,0,0,0,0,54.45,82.858,99.578,153.153,0,0,71.426,134.343,0,92.963,104.141,131.245,0,69.817,0,28.967,0
8,6/9/50,20:32,0,137.126,0,0,38.019,37.28,51.87,98.57,0,0,92.407,118.399,101.495,29.372,68.74,96.509,0,96.829,0,17.439,0
8,6/9/50,20:33,0,214.547,0,0,35.284,0,36.033,74.619,0,54.764,18.126,36.219,50.02,14.425,110.962,79.148,0,24.424,0,77.029,0
8,6/9/50,20:34,0,176.659,0,0,76.003,33.453,0,94.22,0,41.64,0,93.666,43.575,70.074,9.985,76.554,0,0,0,0,0
8,6/9/50,20:35,0,208.262,0,0,80.558,17.904,72.705,64.245,0,35.157,0,63.61,62.325,1.949,129.347,151.977,0,35.952,0,0,0
8,6/9/50,20:36,48.275,221.58,0,0,77.755,55.81,65.279,58.848,0,50.676,0,87.418,66.972,0,86.616,78.705,0,45.535,0,0,0
8,6/9/50,20:37,59.125,190.87,0,0,0,0,58.949,0,0,60.956,0,50.431,12.616,0,49.21,109.196,0,89.181,53.005,0,0
8,6/9/50,20:38,56.851,77.544,0,0,0,0,83.537,77.467,0,47.347,0,74.342,33.412,0,105.217,54.217,0,56.34,16.441,0,0
8,6/9/50,20:39,146.152,0,0,0,0,69.424,81.658,30.89,0,46.622,0,0,65.028,0,0,149.297,0,38.942,62.858,0,0
8,6/9/50,20:40,56.631,63.351,58.997,0,78.189,25.395,68.401,60.384,0,52.516,0,0,98.085,0,59.684,84.634,0,49.926,138.083,0,0
8,6/9/50,20:41,34.744,0,124.186,0,85.362,48.474,55.837,147.923,0,39.866,0,0,28.994,0,0,63.675,0,66.726,58.367,0,0
8,6/9/50,20:42,36.164,0,64.228,0,34.86,74.379,6.346,44.356,0,75.663,0,0,0,0,0,137.981,0,131.327,0,0,0
8,6/9/50,20:43,95.124,0,44.499,0,41.197,112.568,14.118,73.603,0,111.247,0,0,0,0,0,111.36,0,22.813,0,0,0
8,6/9/50,20:44,55.742,0,121.334,0,15.06,0,65.584,72.485,0,11.665,0,0,0,0,11.928,41.237,0,0,0,0,0
8,6/9/50,20:45,0,63.32,106.251,0,25.738,100.399,88.636,44.616,0,24.781,0,0,0,0,94.153,113.381,0,7.003,0,0,0
8,6/9/50,20:46,0,138.829,124.046,0,22.255,104.131,71.415,58.143,0,84.647,0,0,0,0,79.869,141.762,0,63.102,0,0,0
8,6/9/50,20:47,0,0,151.617,0,34.593,94.476,13.927,143.539,0,10.843,0,0,0,0,19.174,0,0,72.669,0,0,0
8,6/9/50,20:48,0,0,42.796,0,71.21,60.189,35.057,108.164,0,103.987,0,0,0,0,36.042,0,0,58.701,0,0,0
8,6/9/50,20:49,0,0,150.318,0,53.47,73.201,106.356,0,0,67.927,0,0,0,0,94.722,8.196,0,76.503,0,0,0
8,6/9/50,20:50,0,0,77.845,36.182,17.863,41.515,85.707,1.014,0,30.265,0,0,0,0,125.428,40.106,0,76.805,0,0,0
8,6/9/50,20:51,0,0,152.135,99.389,63.924,71.032,40.837,68.017,0,19.775,0,0,0,0,74.492,70.837,0,69.871,0,0,0
8,6/9/50,20:52,0,0,145.992,117.289,130.001,54.412,106.719,72.406,0,44.748,0,0,0,0,145.103,33.842,0,68.108,0,0,0
8,6/9/50,20:53,76.148,0,58.913,39.331,16.787,79.288,18.454,100,0,57.432,0,0,0,0,0,93.356,0,77.436,0,162.624,41.408
8,6/9/50,20:54,77.886,0,172.832,112.138,70.204,95.645,77.423,68.186,0,57.964,0,0,0,0,72.325,128.534,0,78.373,0,98.094,0
8,6/9/50,20:55,113.878,0,176.89,72.684,50.11,14.035,75.185,60.17,0,40.709,0,0,0,0,120.978,112.463,0,58.587,0,46.246,138.528
8,6/9/50,20:56,76.088,0,56.02,70.802,102.986,60.058,109.683,55.978,0,44.752,0,0,0,0,89.528,74.066,0,22.23,0,167.578,138.356
8,6/9/50,20:57,7.19,0,85.505,0,30.705,35.861,23.527,42.158,0,53.652,0,0,0,0,126.951,49.98,0,16.614,0,48.227,132.476
8,6/9/50,20:58,124.088,0,0,0,30.766,0,34.91,89.262,0,86.748,0,0,0,0,76.065,77.299,0,78.588,0,66.365,118.283
8,6/9/50,20:59,29.764,0,111.769,0,24.53,91.163,62.025,91.207,0,96.084,0,0,0,0,115.886,112.969,0,114.702,0,82.647,170.527
8,6/9/50,21:00,40.391,0,172.015,0,34.635,32.711,25.839,77.818,0,0,18.369,0,0,0,62.207,81.006,0,24.864,0,45.47,183.798
8,6/9/50,21:01,61.951,0,39.679,0,47.727,84.109,85.249,71.062,0,11.152,58.31,0,0,0,78.128,84.485,0,88.112,81.932,39.86,201.005
8,6/9/50,21:02,77.89,0,73.471,0,49.074,59.946,127.586,88.77,0,20.812,20.368,0,0,0,23.382,67.344,0,72.418,0,84.04,62.125
8,6/9/50,21:03,45.308,0,157.754,0,20.443,0,53.124,0,0,0,64.332,0,0,31.418,26.866,167.951,0,62.454,122.378,29.432,88.54
8,6/9/50,21:04,139.166,0,72.044,0,89.475,0,143.951,0,0,0,15.725,0,0,71.821,76.945,152.343,0,41.886,112.158,133.932,50.632
8,6/9/50,21:05,114.443,0,72.834,0,35.156,0,16.788,71.967,0,0,65.337,0,0,24.084,0,81.893,0,11.065,66.337,178.868,0
8,6/9/50,21:06,48.753,0,165.778,0,58.327,86.097,60.307,114.931,0,0,64.736,0,0,75.65,0,28.319,0,57.524,91.336,109.038,0
8,6/9/50,21:07,113.899,0,88.946,0,0,22.932,73.908,64.128,0,0,101.762,0,0,64.934,0,54.017,0,119.751,17.875,34.563,10.973
8,6/9/50,21:08,35.293,0,50.893,0,0,28.49,85.793,29.213,0,0,87.086,0,0,21.662,0,134.003,0,8.439,18.192,43.869,80.083
8,6/9/50,21:09,28.932,42.206,92.934,0,0,98.556,83.507,98.366,0,0,30.399,0,0,6.808,0,127.957,0,70.712,6.475,22.215,11.072
8,6/9/50,21:10,0,60.748,37.678,0,0,137.525,22.166,71.553,0,0,35.74,4.741,0,0,0,118.276,0,43.136,42.593,42.384,0
8,6/9/50,21:11,0,113.851,175.454,0,0,39.23,0,85.899,0,0,91.739,123.627,0,18.833,0,25.49,0,137.303,100.455,73.564,35.775
8,6/9/50,21:12,0,202.125,75.312,0,0,27.585,0,23.813,0,0,32.5,55.117,0,74.805,0,22.063,0,5.101,11.753,108.429,52.213
8,6/9/50,21:13,0,79.764,97.963,0,0,54.653,55.469,69.235,0,0,38.475,111.65,0,41.628,0,75.237,0,39.408,6.99,160.61,37.159
8,6/9/50,21:14,0,81.78,137.412,0,81.094,24.716,101.984,113.112,0,0,12.682,129.134,0,60.312,0,150.116,0,113.923,17.972,34.186,58.111
8,6/9/50,21:15,0,103.272,113.67,64.427,9.271,46.963,44.672,14.354,0,0,45.184,62.688,0,29.828,0,61.675,0,61.766,80.517,30.077,60.39
8,6/9/50,21:16,0,111,139.447,60.296,30.568,36.179,14.943,29.998,0,0,85.706,124.606,0,48.602,0,69.184,0,72.758,20.356,118.562,90.995
8,6/9/50,21:17,0,69.965,51.407,48.678,13.401,20.092,24.326,44.043,0,0,66.904,132.344,0,72.741,0,123.046,0,33.973,86.751,30.561,68.199
8,6/9/50,21:18,0,149.884,78.006,113.243,35.704,66.841,4.684,0,0,0,58.082,71.174,0,52.049,0,80.307,0,130.891,13.655,35.634,57.579
8,6/9/50,21:19,0,176.063,117.698,116.301,17.645,0,0,16.277,0,0,0,143.983,0,55.042,0,22.221,0,94.194,87.021,125.564,162.881
8,6/9/50,21:20,0,43.498,66.844,161.265,0,0,52.842,9.827,0,0,0,55.808,27.398,12.855,0,69.848,0,49.878,89.903,132.66,158.669
8,6/9/50,21:21,0,97.461,122.678,34.9,0,0,37.201,70.526,0,0,0,99.438,63.273,28.52,58.638,96.82,0,74.064,26.247,1.632,199.862
8,6/9/50,21:22,0,130.298,41.212,0,0,88.017,35.308,32.259,63.642,0,0,71.629,51.568,18.96,72.263,29.212,0,139.624,0,76.854,165.439
8,6/9/50,21:23,0,170.066,172.811,0,0,121.953,76.33,16.019,15.154,0,0,20.933,31.741,73.336,48.934,45.51,7.102,0,0,119.017,76.251
8,6/9/50,21:24,0,124.306,206.479,0,0,7.414,119.241,22.164,0,0,0,0,22.729,0,0,111.775,109.751,37.391,0,38.668,14.929
8,6/9/50,21:25,0,144.984,208.058,0,0,60.144,122.943,32.12,0,0,0,0,13.629,0,0,126.767,57.707,69.937,53.089,112.954,104.042
8,6/9/50,21:26,0,126.754,66.181,0,0,18.266,89.058,156.714,0,0,0,0,50.807,40.856,38.219,76.137,124.515,114.3,101.88,53.229,59.637
8,6/9/50,21:27,0,181.232,112.171,0,0,74.349,0,145.529,1.683,0,0,0,25.688,0,106.547,30.09,167.341,25.817,45.103,114.876,58.944
8,6/9/50,21:28,0,179.553,0,0,0,49.083,0,141.976,10.525,30.246,0,0,32.347,0,50.251,118.672,153.336,10.503,35.801,13.122,5.56
8,6/9/50,21:29,0,133.599,37.155,0,0,0,64.312,68.312,97.123,18.441,0,0,62.973,65.839,0,134.151,108.656,0,0,101.598,38.711
8,6/9/50,21:30,0,252.946,28.391,75.316,0,0,17.683,31.409,0,18.194,0,0,52.112,50.336,0,1.353,117.6,0,0,138.074,102.507
8,6/9/50,21:31,0,41.889,42.263,112.354,0,0,35.052,0,24.634,16.677,0,0,31.18,15.236,99.754,0,199.632,0,0,168.3,24.512
8,6/9/50,21:32,0,14.142,56.216,78.491,0,0,84.299,0,2.589,15.46,0,0,35.439,15.665,79.344,0,87.004,7.842,26.329,35.453,105.419
8,6/9/50,21:33,0,33.628,62.14,106.48,0,0,33.462,0,42.705,18.333,0,0,57.536,57.052,28.418,0,9.754,53.899,16.657,110.085,22.26
8,6/9/50,21:34,0,7.169,169.311,55.128,0,12.306,0,0,9.044,0,0,0,0,34.764,0.34,0,0,36.129,70.323,90.613,60.848
8,6/9/50,21:35,0,218.395,95.691,82.799,0,116.552,0,0,0,19.44,0,0,0,87.396,0,0,3.746,34.015,8.311,120.401,77.108
8,6/9/50,21:36,0,235.432,0,11.203,0,1.004,0,0,0,27.505,0,0,23.661,54.424,120.476,0,20.515,28.441,62.404,112.334,92.952
8,6/9/50,21:37,0,86.92,79.74,118.27,0,76.389,0,0,45.5,0,0,0,28.478,27.207,71.042,0,44.078,71.318,36.833,168.62,76.503
8,6/9/50,21:38,0,167.838,61.486,98.563,0,68.058,0,0,9.178,0,0,0,72.785,28.645,57.613,45.013,57.315,79.664,24.605,111.548,83.826
8,6/9/50,21:39,0,95.755,157.818,141.217,0,92.399,0,0,36.472,0,0,0,54.313,22.284,37.076,117.082,107.641,138.837,0,23.676,89.439
8,6/9/50,21:40,0,0,33.299,66.882,0,49.411,0,0,13.026,0,0,0,2.696,115.904,77.882,12.077,48.385,75.106,22.615,18.342,134.961
8,6/9/50,21:41,0,74.106,166.116,140.859,0,47.376,0,0,2.701,0,0,0,19.748,22.492,122.687,0,0,67.617,67.226,33.884,168.039
8,6/9/50,21:42,0,60.06,0,67.419,0,94.908,0,0,43.047,0,0,0,4.664,0,86.479,165.898,61.118,33.502,34.829,107.372,38.665
8,6/9/50,21:43,0,84.42,0,131.878,0,133.27,0,0,0,0,0,0,40.543,0,0,0,48.371,0,53.348,79.853,139.925
8,6/9/50,21:44,66.152,122.781,0,60.016,0,46.19,0,0,0,0,0,33.39,59.485,44.05,0,62.121,31.361,0,25.821,118.603,96.551
8,6/9/50,21:45,137.292,69.131,0,46.569,118.986,57.241,0,0,0,0,0,26.682,71.167,46.331,0,24.817,0,0,23.993,176.421,26.358
8,6/9/50,21:46,218.674,205.307,0,94.035,103.494,0,0,0,0,0,0,33.377,41.256,50.332,0,100.017,44.698,0,44.957,80.528,61.345
8,6/9/50,21:47,83.991,108.937,2.229,0,53.428,0,0,0,0,0,0,60.461,0,104.618,0,44.072,84.44,0,74.494,40.286,33.398
8,6/9/50,21:48,81.844,160.358,155.162,0,180.099,0,0,0,0,0,0,95.603,0,27.497,72.633,0,22.736,0,30.825,116.507,49.138
8,6/9/50,21:49,11.564,40.671,187.618,0,89.33,0,0,0,0,0,0,66.881,0,19.294,90.234,0,113.753,0,12.271,34.02,79.809
8,6/9/50,21:50,46.616,104.892,245.274,0,0,0,0,0,1.437,0,0,103.732,0,6.739,67.262,0,89.609,0,0,0,120.788
8,6/9/50,21:51,121.771,100.772,92.26,0,0,75.485,0,0,4.023,0,0,116.005,0,69.306,41.507,0,123.417,0,0,0,86.785
8,6/9/50,21:52,51.086,71.436,56.27,0,66.605,62.949,0,0,47.137,0,0,125.093,0,0,185.592,0,88.983,0,85.975,36.967,58.374
8,6/9/50,21:53,148.923,83.825,138.869,0,65.737,64.87,0,0,103.477,0,0,96.916,0,0,92.357,0,129.974,0,18.057,95.703,0
8,6/9/50,21:54,45.998,124.595,31.138,77.477,0,44.912,0,0,0,0,0,67.002,0,0,101.215,0,103.605,0,112.286,0,0
8,6/9/50,21:55,172.117,241.44,52.926,30.914,16.137,0,0,0,0,0,0,138.249,0,0,74.944,0,103.648,0,63.318,52.832,0
8,6/9/50,21:56,43.069,164.845,92.518,55.477,112.18,62.716,0,0,0,0,0,92.144,0,44.246,96.229,0,0,0,23.139,91.566,82.63
8,6/9/50,21:57,41.757,156.147,109.81,56.779,134.114,0,0,0,0,0,0,72.48,0,15.855,0,0,0,0,9.106,73.153,84.959
8,6/9/50,21:58,62.556,205.624,80.295,0,43.016,0,0,0,31.452,0,0,21.108,0,66.322,0,0,99.318,0,42.082,66.411,156.713
8,6/9/50,21:59,169.481,89.01,190.427,0,25.286,0,0,0,0,0,0,82.818,53.957,24.581,0,0,118.114,0,64.657,44.848,98.415
8,6/9/50,22:00,99.819,0,32.331,0,68.229,0,0,0,56.204,0,0,25.455,109.576,22.44,11.445,0,0,0,28.254,118.073,44.466
8,6/9/50,22:01,124.286,96.3,37.902,0,24.457,0,0,0,107.911,30.675,0,84.046,23.663,41.604,18.006,0,0,0,0,122.954,52.54
8,6/9/50,22:02,49.424,57.357,21.54,0,34.634,0,0,0,36.757,35.883,0,74.884,0,8.028,125.124,0,17.274,0,0,15.13,234.992
8,6/9/50,22:03,0,187.38,33.173,0,154.604,0,0,0,0,0,0,42.334,0,22.828,102.311,0,43.573,0,43.821,83.949,132.62
8,6/9/50,22:04,0,191.67,63.591,53.381,0,0,0,0,0,0,0,70.661,3.35,15.31,94.345,0,4.445,0,4.833,108.325,26.111
8,6/9/50,22:05,0,106.596,98.028,35.827,46.81,0,0,0,0,76.827,0,40.48,64.641,52.123,75.402,0,65.881,0,55.144,70.858,100.682
8,6/9/50,22:06,0,207.968,170.499,136.427,14.506,0,0,0,0,40.368,0,121.719,79.437,66.349,27.03,0,0,0,39.645,0,0
8,6/9/50,22:07,0,0,37.881,59.294,55.774,0,0,0,0,24.847,0,60.673,0,38.318,46.941,0,34.51,0,35.906,2.478,0
8,6/9/50,22:08,0,0,47.843,71.348,25.498,0,0,0,0,0,0,32.811,4.535,100.01,82.839,0,62.463,0,55.701,80.783,0
8,6/9/50,22:09,76.493,0,0,0,73.812,0,0,0,0,0,73.096,67.975,70.286,88.236,115.551,0,92.89,0,47.84,54.563,0
8,6/9/50,22:10,65.382,0,0,72.286,48.459,0,0,0,0,0,68.902,32.998,49.42,44.557,56.373,0,79.623,0,0,134.636,0
8,6/9/50,22:11,149.928,0,0,101.921,0,0,0,0,0,21.183,35.289,62.293,48.735,150.159,54.526,0,12.86,0,51.998,113.386,0
8,6/9/50,22:12,70.003,0,0,95.881,27.58,0,0,0,0,61.719,97.015,91.004,28.741,149.438,67.399,0,37.631,0,38.492,83.065,0
8,6/9/50,22:13,80.636,21.29,0,76.086,90.775,0,0,0,0,61.534,10.453,20.414,60.541,109.932,91.346,0,132.421,0,0,38.332,0
8,6/9/50,22:14,82.75,103.416,0,97.997,0,0,0,0,0,30.159,10.919,27.783,24.703,100.515,83.973,0,114.136,0,25.194,31.498,0
8,6/9/50,22:15,169.505,105.717,0,108.191,0,0,0,0,0,54.165,72.006,41.197,79.969,109.014,65.916,0,139.941,0,21.112,159.335,0
8,6/9/50,22:16,16.816,98.338,0,38.766,28.215,0,0,0,0,40.076,48.327,36.154,47.074,107.678,84.636,0,140.042,0,17.561,78.879,0
8,6/9/50,22:17,34.244,191.776,0,193.237,77.417,0,0,0,0,33.504,46.82,0,69.065,68.819,68.16,58.585,148.975,0,18.584,104.001,0
8,6/9/50,22:18,76.262,0,0,53.244,28.413,0,0,0,0,0,69.195,35.947,34.599,70.342,71.608,104.353,32.157,0,0,78.696,0
8,6/9/50,22:19,84.092,0,0,0,40.358,0,0,0,0,0,0,94.902,20.875,80.273,31.505,102.883,136.909,0,0,219.237,0
8,6/9/50,22:20,42.124,25.348,0,0,17.958,0,0,0,0,0,9.515,59.945,49.05,0,46.804,103.208,0,0,29.409,78.409,0
8,6/9/50,22:21,17.954,0,0,19.538,48.581,0,0,0,0,0,71.154,85.788,97.44,34.254,78.61,190.094,0,0,46.825,75.741,0
8,6/9/50,22:22,205.288,0,0,36.114,6.628,0,0,0,0,0,74.751,43.22,83.101,11.065,198.356,93.121,0,0,30.158,0,0
8,6/9/50,22:23,113.059,67.578,0,28.462,59.432,0,0,0,0,0,10.602,0,47.756,50.919,53.692,64.277,0,0,61.757,143.616,0
8,6/9/50,22:24,40.768,0,0,27.454,26.816,0,0,0,0,0,0,0,21.983,0,31.983,187.36,0,0,43.132,40.284,0
8,6/9/50,22:25,27.062,0,0,114.062,5.364,0,0,71.06,0,0,49.551,0,43.995,0,33.452,242.002,0,0,11.688,26.716,0
8,6/9/50,22:26,88.827,0,0,38.55,0,0,0,1.117,0,0,50.484,0,32.074,0,161.404,194.925,0,0,0,53.857,0
8,6/9/50,22:27,77.592,0,0,100.699,42.412,0,0,56.355,0,0,59.242,0,0,0,105.556,172.988,0,0,18.53,81.812,0
8,6/9/50,22:28,18.113,0,0,0,73.99,0,0,3.416,0,48.57,54.06,0,25.6,0,59.175,143.682,0,0,16.891,95.518,0
8,6/9/50,22:29,22.061,0,0,65.95,50.848,0,0,3.733,0,26.432,44.09,0,58.914,0,58.547,120.77,0,0,62.715,0,0
8,6/9/50,22:30,23.291,0,0,35.579,39.146,0,0,119.75,0,82.787,42.566,0,24.296,0,83.047,195.782,0,0,27.581,69.24,0
8,6/9/50,22:31,128.711,0,0,79.016,23.752,0,0,112.308,0,53.982,9.278,0,64.645,0,78.348,86.13,0,0,36.045,22.788,0
8,6/9/50,22:32,122.067,0,0,31.263,47.938,0,0,0,0,130.724,9.295,0,110.539,0,111.011,56.995,0,0,111.139,126.682,0
8,6/9/50,22:33,115.196,0,0,94.358,60.668,0,0,0,0,68.548,7.993,0,22.239,0,0,84.824,0,0,104.929,55.876,0
8,6/9/50,22:34,19.946,0,0,29.823,30.361,0,115.191,145.442,0,56.812,10.678,0,12.978,0,48.752,35.928,0,0,7.939,147.727,0
8,6/9/50,22:35,17.79,0,0,0,71.344,0,147.339,39.484,0,61.71,10.37,0,83.082,0,35.43,157.604,0,0,49.211,84.492,0
8,6/9/50,22:36,189.204,0,0,0,73.807,0,98.488,84.274,0,33.618,10.617,0,71.448,0,65.158,167.656,0,44.021,59.86,29.249,0
8,6/9/50,22:37,64.211,0,0,0,38.578,0,78.362,87.628,0,43.313,10.906,0,28.417,0,64.937,143.64,0,102.666,61.082,51.362,0
8,6/9/50,22:38,51.955,0,0,0,72.904,0,82.252,76.67,0,11.33,64.374,0,43.381,0,66.354,222.728,0,102.425,0,28.871,0
8,6/9/50,22:39,56.115,0,0,0,0,0,78.981,129.222,0,12.815,89.198,0,60.161,0,39.59,81.106,0,35.388,0,87.396,0
8,6/9/50,22:40,154.515,0,0,0,0,0,98.244,82.545,0,12.723,110.954,81.387,19.907,0,85.832,99.455,0,44.243,97.434,124.078,0
8,6/9/50,22:41,123.448,0,0,0,0,0,64.06,167.108,0,29.939,18.572,136.282,0,0,128.324,61.013,0,87.522,22.289,56.121,0
8,6/9/50,22:42,18.572,0,0,0,0,0,38.115,47.174,0,68.563,78.404,63.119,0,0,61.264,122.562,0,50.583,42.458,101.028,0
8,6/9/50,22:43,83.584,0,0,0,0,0,32.457,84.741,0,39.705,61.669,107.224,0,0,10.443,81.896,0,0,53.759,0,0
8,6/9/50,22:44,102.009,0,0,0,0,0,87.109,97.015,0,56.057,48.578,52.474,0,0,11.774,46.612,0,46.378,22.975,0,0
8,6/9/50,22:45,44.753,0,0,0,0,0,83.55,127.54,0,54.736,15.38,11.586,0,0,68.95,105.114,0,70.753,49.875,26.394,0
8,6/9/50,22:46,43.021,0,0,0,0,0,28.376,131.11,0,62.937,79.313,20.521,0,0,100.315,49.102,0,58.013,35.896,76.184,0
8,6/9/50,22:47,99.911,0,0,0,0,0,72.399,34.805,0,18.11,11.78,75.156,0,0,113.012,84.412,0,151.343,15.657,110.035,0
8,6/9/50,22:48,101.804,0,0,0,0,0,170.844,113.639,0,29.657,0,92.389,0,0,126.093,127.663,0,69.893,18.856,132.709,0
8,6/9/50,22:49,96.113,0,0,0,0,0,59.283,140.918,0,12.961,27.684,136.518,29.098,0,0,106.762,0,53.1,17.412,64.873,0
8,6/9/50,22:50,122.03,0,0,0,0,0,155.945,155.166,0,15.749,56.178,23.496,29.699,0,0,80.9,0,40.558,47.322,0,0
8,6/9/50,22:51,92.477,0,0,0,0,0,105.965,71.854,0,12.032,64.75,16.77,113.276,0,0,139.729,0,62.07,38.734,85.187,0
8,6/9/50,22:52,85.113,0,0,0,0,0,68.021,107.798,0,60.986,66.354,24.097,71.369,0,0,50.108,0,40.955,18.865,0,0
8,6/9/50,22:53,60.918,0,0,0,0,0,37.045,57.868,0,73.111,12.778,27.687,46.688,0,0,0,0,35.96,85.135,0,0
8,6/9/50,22:54,0,0,17.142,0,133.971,0,0,32.207,0,90.598,0,19.076,104.369,0,0,0,0,102.893,24.04,0,0
8,6/9/50,22:55,93.219,0,101.631,0,0,0,0,114.907,0,43.22,0,32.366,64.251,0,0,0,0,18.915,65.847,0,0
8,6/9/50,22:56,72.652,0,83.596,0,140.335,0,23.339,45.899,0,48.44,24.208,36.246,63.021,0,0,0,0,63.324,112.731,0,0
8,6/9/50,22:57,46.055,0,27.015,0,135.627,0,86.412,119.785,0,45.519,71.557,88.296,0,0,0,127.443,0,0,63.659,0,0
8,6/9/50,22:58,47.595,0,99.674,0,37.375,0,153.967,15.556,0,86.23,46.285,79.2,37.243,0,0,110.902,0,0,11.932,0,0
8,6/9/50,22:59,0,0,0,0,80.613,0,56.038,14.233,0,84.084,0,46.2,31.74,0,0,119.015,0,0,24.269,0,0
8,6/9/50,23:00,0,0,0,0,53.942,0,79.724,44.258,0,33.038,0,77.657,0,0,0,172.553,0,0,53.812,0,0
8,6/9/50,23:01,0,0,105.32,0,0,0,84.824,104.398,0,34.3,108.46,67.269,0,0,0,0,0,138.757,60.315,0,0
8,6/9/50,23:02,0,0,210.193,0,36.383,0,48.785,129.002,0,55.649,5.592,83.369,0,0,0,71.705,0,74.122,52.333,0,0
8,6/9/50,23:03,0,0,134.66,0,68.322,0,71.498,32.42,0,55.486,18.448,112.095,0,0,0,154.668,0,106.682,39.692,0,0
8,6/9/50,23:04,0,0,166.443,0,25.439,0,0,56.474,0,65.41,40.39,73.154,0,0,0,80.809,0,104.802,78.37,0,0
8,6/9/50,23:05,0,0,167.725,0,14.316,0,0,20.92,0,123.073,66.72,44.346,0,0,0,0,0,70.461,96.973,0,0
8,6/9/50,23:06,0,0,141.144,0,50.191,0,0,124.078,0,107.797,48.83,90.728,0,0,0,45.95,0,85.189,22.048,0,0
8,6/9/50,23:07,0,0,35.701,0,46.138,0,0,30.733,0,40.074,26.741,52.284,0,0,0,72.653,0,47.491,18.775,0,0
8,6/9/50,23:08,0,0,91.615,0,13.131,0,0,100.073,0,43.591,11.313,82.123,0,0,0,99.374,0,0,16.658,0,0
8,6/9/50,23:09,0,0,209.201,0,47.569,0,0,106.294,0,46.042,6.163,45.132,49.744,0,0,118.506,0,38.946,55.21,0,0
8,6/9/50,23:10,0,0,34.279,0,0,0,0,79.755,0,22.481,2.152,81.015,77.227,0,0,90.255,0,99.2,28.241,0,0
8,6/9/50,23:11,0,0,0,0,22.461,0,0,75.252,0,13.382,26.475,72.874,100.042,0,0,40.704,0,0,52.762,0,0
8,6/9/50,23:12,0,0,114.14,0,78.922,0,0,0,0,18.255,85.497,34.388,122.82,0,0,36.748,0,0,58.748,0,0
8,6/9/50,23:13,0,0,61.231,0,53.966,0,0,23.658,0,0,76.364,45.567,60.225,0,0,67.601,0,0,71.931,0,0
8,6/9/50,23:14,0,0,104.235,0,15.623,0,0,92.69,0,0,49.759,20.643,165.56,0,0,0,0,0,0,0,0
8,6/9/50,23:15,0,0,23.737,0,0,0,0,128.768,0,0,40.175,30.001,89.014,0,0,0,0,77.76,0,0,0
8,6/9/50,23:16,0,0,163.741,0,0,0,0,0,0,0,31.59,16.636,168.826,0,0,0,0,100.513,0,0,0
8,6/9/50,23:17,0,0,104.398,0,68.427,0,0,78.485,0,0,56.757,27.875,96.814,0,0,0,0,52.928,0,0,0
8,6/9/50,23:18,0,0,130.747,0,31.255,0,0,52.856,0,0,26.706,60.106,20.84,0,0,0,0,91.807,0,0,0
8,6/9/50,23:19,0,80.524,110.117,0,60.185,0,0,61.551,0,0,0,144.627,43.087,0,0,0,0,101.741,0,0,0
8,6/9/50,23:20,0,163.683,27.414,0,37.868,0,0,97.118,0,0,0,85.243,47.249,0,0,0,0,33.424,0,0,0
8,6/9/50,23:21,0,244.188,36.683,0,0,0,0,143.9,0,0,0,68.711,120.489,0,0,0,0,0,0,0,0
8,6/9/50,23:22,0,259.168,10.888,0,0,77.375,0,114.434,0,0,0,39.781,23.599,0,0,0,0,35.656,0,0,13.712
8,6/9/50,23:23,0,20.41,179.152,0,40.525,99.118,0,51.539,0,0,0,55.13,60.006,0,0,0,0,0,0,0,115.629
8,6/9/50,23:24,0,61.109,31.27,0,53.72,124.317,0,38.632,0,0,0,22.051,34.343,0,0,0,0,0,0,0,90.999
8,6/9/50,23:25,0,165.704,11.331,0,44.094,31.858,0,139.11,0,0,0,23.768,0,0,0,0,0,0,0,0,18.579
8,6/9/50,23:26,0,182.106,42.77,0,0,0,0,135.613,0,0,0,51.701,143.961,0,0,0,0,0,0,0,74.156
8,6/9/50,23:27,0,227.74,33.401,0,93.881,0,0,123.845,0,0,0,33.212,102.049,0,0,0,0,0,0,0,90.755
8,6/9/50,23:28,0,120.25,80.796,0,33.656,0,0,95.227,0,0,0,83.809,0,0,0,0,0,21.869,0,0,161.02
8,6/9/50,23:29,0,72.398,0,0,0,0,0,61.458,0,0,0,95.867,0,0,0,0,0,78.639,0,0,236.144
8,6/9/50,23:30,0,216.229,0,0,0,2.055,0,0,0,0,0,38.97,41.807,0,0,0,0,73.154,0,0,175.154
8,6/9/50,23:31,0,199.746,0,0,16.204,36.236,0,0,0,0,0,79.29,41.4,0,0,0,0,59.941,0,0,62.818
8,6/9/50,23:32,0,253.311,0,0,107.481,144.758,0,59.358,0,0,0,73.336,0,0,0,0,0,109.86,0,0,0
8,6/9/50,23:33,0,219.721,0,0,152.54,15.221,0,59.816,0,0,0,46.245,0,0,0,0,137.53,114.419,0,0,23.149
8,6/9/50,23:34,0,82.494,0,0,34.446,56.172,0,97.646,0,0,0,71.988,0,0,0,0,0,119.612,0,0,105.292
8,6/9/50,23:35,0,113.027,0,0,28.035,48.114,0,50.145,0,0,0,0,0,0,0,0,11.455,95.655,0,0,70.274
8,6/9/50,23:36,0,155.142,0,0,52.239,0,0,30.307,0,0,0,32.973,0,0,0,0,16.602,0,0,0,27.625
8,6/9/50,23:37,0,98.675,0,0,88.009,0,0,0,0,0,0,105.319,0,0,0,0,24.048,0,0,0,44.156
8,6/9/50,23:38,0,134.158,67.637,0,63.466,0,0,0,0,0,0,65.585,0,0,0,0,150.591,76.93,0,0,77.09
8,6/9/50,23:39,0,247.548,7.056,0,128.414,0,0,0,0,0,0,126.656,0,0,0,0,176.499,76.024,0,0,37.31
8,6/9/50,23:40,0,2.723,0,0,67.919,0,0,0,0,0,0,68.089,0,0,0,0,74.955,0,0,0,43.983
8,6/9/50,23:41,0,176.093,0,0,59.706,0,0,0,0,0,0,0,0,0,0,0,84.444,0,0,0,64.024
8,6/9/50,23:42,0,150.807,0,0,43.714,0,0,0,0,0,0,0,0,0,0,0,26.675,0,0,0,0
8,6/9/50,23:43,0,34.204,0,0,28.094,0,0,0,0,0,0,0,0,0,0,0,0,0,0,0,37.291
8,6/9/50,23:44,0,0,0,0,65.077,0,0,0,0,0,0,47.547,0,0,0,0,0,0,0,0,110.955
8,6/9/50,23:45,0,111.974,0,0,2.39,0,0,0,0,0,0,26.841,0,0,0,0,62.341,0,0,0,88.484
8,6/9/50,23:46,0,112.535,0,0,0,0,0,0,0,0,0,63.425,0,0,0,0,0,0,0,0,0
8,6/9/50,23:47,0,77.22,0,0,88.497,0,0,0,0,0,0,39.784,0,0,0,0,0,0,0,0,34.678
8,6/9/50,23:48,0,64.007,0,55.737,0,0,0,0,0,0,0,108.925,0,0,0,0,0,0,0,0,69.227
8,6/9/50,23:49,0,43.682,0,121.293,40.952,0,0,0,0,0,0,33.199,0,0,0,0,0,0,0,0,100.42
8,6/9/50,23:50,0,49.064,0,122.685,53.374,0,0,0,0,0,0,145.964,0,0,0,0,0,0,0,0,63.603
8,6/9/50,23:51,0,121.716,0,55.59,129.86,0,0,0,0,0,0,47.777,0,0,0,0,0,0,0,0,111.972
8,6/9/50,23:52,0,67.201,0,49.96,91.473,0,0,0,0,0,0,68.568,0,0,0,0,0,0,0,0,77.618
8,6/9/50,23:53,0,97.695,0,91.161,7.128,0,0,0,0,0,0,46.851,0,0,0,0,0,0,0,0,75.242
8,6/9/50,23:54,0,274.815,0,107.55,0,0,0,0,0,0,0,22.065,0,0,0,0,0,0,0,0,57.22
8,6/9/50,23:55,0,94.924,0,25.762,0,0,0,0,0,0,0,25.818,0,0,0,0,0,0,0,0,93.613
8,6/9/50,23:56,0,35.892,0,22.944,30.408,0,0,0,0,0,0,50.98,0,0,0,0,0,0,0,0,98.909
8,6/9/50,23:57,0,155.996,0,31.671,116.563,0,0,0,0,0,0,81.997,0,0,0,0,0,0,0,0,67.433
8,6/9/50,23:58,0,136.426,0,59.935,114.902,0,0,38.812,0,0,0,16.053,0,0,0,0,0,0,0,0,38.546
8,6/9/50,23:59,0,169.926,0,78.392,133.995,0,0,128.774,0,0,0,57.786,0,0,0,0,0,0,0,0,136.318
8,6/10/50,0:00,0,83.614,0,39.669,104.44,0,0,40.407,0,0,0,41.425,0,0,0,0,0,0,0,0,5.918
8,6/10/50,0:01,0,155.705,0,50.802,168.211,0,49.572,17.219,0,0,0,32.345,0,0,0,0,0,0,0,0,0
8,6/10/50,0:02,0,193.572,0,12.138,107.847,0,66.42,19.983,0,0,0,0,0,0,0,0,0,0,0,0,0
8,6/10/50,0:03,0,178.442,0,30.469,33.219,0,101.297,141.035,0,0,0,0,0,0,0,0,0,0,0,0,0
8,6/10/50,0:04,0,38.818,0,109.567,18.309,0,77.668,63.066,0,0,0,0,0,0,0,0,0,0,0,0,123.03
8,6/10/50,0:05,0,101.114,0,96.2,27.761,0,0,59.804,0,0,0,0,0,0,0,0,0,0,0,0,66.408
8,6/10/50,0:06,0,73.842,0,143.588,102.928,53.639,36.134,95.132,0,0,0,0,0,0,0,0,0,0,0,0,0
8,6/10/50,0:07,0,56.774,0,105.733,38.19,95.79,90.649,63.537,0,0,0,0,0,0,0,0,0,0,0,0,0
8,6/10/50,0:08,0,83.195,0,75.443,0,151.707,152.19,58.01,0,0,0,0,0,0,0,0,0,0,0,0,0
8,6/10/50,0:09,0,117.977,0,75.034,6.253,65.848,104.02,19.203,0,0,0,0,0,0,0,0,0,0,0,0,0
8,6/10/50,0:10,0,49.047,0,121.714,56.552,30.013,50.345,39.531,0,0,0,0,0,0,0,0,0,0,0,0,0
8,6/10/50,0:11,0,143.74,0,29.499,70.187,71.504,82.831,45.592,0,0,0,0,0,0,0,0,0,0,0,0,0
8,6/10/50,0:12,0,39.102,0,62.092,102.562,18.473,103.395,16.653,0,0,0,0,0,0,0,0,0,0,0,0,0
8,6/10/50,0:13,0,70.791,0,113.45,6.846,73.815,42.26,102.099,0,19.235,0,0,0,0,0,0,0,0,0,0,0
8,6/10/50,0:14,0,0,0,60.331,115.242,0,84.368,83.035,0,18.941,0,0,0,0,0,0,0,0,0,0,0
8,6/10/50,0:15,0,0,0,89.204,32.189,0,85.07,93.044,0,22.53,0,0,0,0,0,0,0,0,0,28.516,0
8,6/10/50,0:16,0,0,0,157.915,46.531,0,70.623,46.965,0,34.853,0,0,0,0,0,0,0,0,0,92.098,0
8,6/10/50,0:17,0,0,0,40.42,114.754,0,121.24,0,0,37.341,0,0,0,0,0,0,0,0,37.581,72.168,6.033
8,6/10/50,0:18,0,0,0,0,15.81,0,55.229,46.226,0,104.021,0,0,0,0,0,0,0,0,74.753,68.987,107.437
8,6/10/50,0:19,0,0,0,83.98,42.345,0,0,26.554,0,74.008,0,0,0,0,0,0,0,0,103.988,133.357,72.609
8,6/10/50,0:20,0,70.373,0,72.48,16.729,0,0,34.215,0,31.988,0,0,0,0,0,0,0,0,40.484,131.967,0
8,6/10/50,0:21,0,8.756,0,165.92,43.566,0,61.047,135.292,0,23.26,0,0,0,0,0,0,0,0,73.17,29.003,0
8,6/10/50,0:22,0,72.49,0,92.825,37.314,0,92.108,24.795,0,22.054,0,0,0,0,0,0,0,0,0,15.064,0
8,6/10/50,0:23,0,84.639,0,163.525,0,0,152.821,0,0,0,0,0,0,0,0,0,0,0,0,20.746,0
8,6/10/50,0:24,0,90.989,0,93.35,0,0,53.128,0,0,0,0,0,0,0,146.133,0,0,0,0,59.797,26.74
8,6/10/50,0:25,0,84.768,0,74.275,0,0,0,16.087,0,0,0,0,0,0,158.594,0,0,0,70.017,105.245,0
8,6/10/50,0:26,0,140.324,0,115.265,0,0,84.264,52.973,0,0,0,0,0,0,71.568,0,0,0,73.149,42.897,0
8,6/10/50,0:27,0,164.903,0,22.387,0,0,29.131,107.252,0,0,0,0,0,0,141.877,0,0,0,42.899,138.323,80.968
8,6/10/50,0:28,0,73.371,0,89.635,0,0,27.249,71.32,0,0,0,0,0,0,141.062,72.645,0,0,68.649,162.889,104.199
8,6/10/50,0:29,0,190.631,0,89.402,0,0,73.791,0,0,65.339,0,0,0,0,182.841,136.678,0,0,50.118,0,0
8,6/10/50,0:30,0,142.998,0,30.143,0,0,0,0,0,37.333,0,0,0,0,83.628,141.19,0,0,0,92.508,0
8,6/10/50,0:31,0,43.936,0,100.104,0,0,46.792,0,0,50.227,0,0,0,0,136.371,209.027,0,0,0,146.889,0
8,6/10/50,0:32,0,137.52,0,106.777,0,9.566,69.313,0,0,21.572,0,0,0,0,192.498,259.055,0,0,33.365,104.412,0
8,6/10/50,0:33,0,174.36,0,81.748,0,145.545,30.392,0,0,12.892,0,0,0,0,126.819,131.521,0,0,114.965,14.022,0
8,6/10/50,0:34,0,204.041,0,73.487,0,150.831,84.721,0,0,15.587,0,0,0,0,30.792,153.332,0,0,63.446,26.647,0
8,6/10/50,0:35,0,226.918,0,39.706,0,0,96.78,0,0,14.44,0,0,0,0,47.451,67.97,0,0,0,119.085,0
8,6/10/50,0:36,0,109.959,0,0,0,0,103.745,0,0,16.701,0,0,0,0,193.21,229.519,0,0,0,116.771,0
8,6/10/50,0:37,0,111.925,0,0,0,0,37.608,0,0,61.069,143.346,0,0,0,57.757,39.733,0,0,45.836,59.771,0
8,6/10/50,0:38,0,0,0,0,0,0,103.341,0,0,72.888,98.406,0,0,0,103.013,117.899,0,0,7.544,0,0
8,6/10/50,0:39,0,0,0,0,0,0,28.944,0,0,102.163,99.068,0,0,0,122.806,90.796,0,0,41.176,76.199,0
8,6/10/50,0:40,0,0,0,0,0,0,55.305,0,0,67.933,27.94,0,0,0,107.374,40.259,0,0,79.03,164.536,0
8,6/10/50,0:41,76.499,0,0,0,0,0,139.202,0,0,29.713,59.603,0,0,0,79.533,105.291,0,0,80.48,166.376,33.15
8,6/10/50,0:42,28.961,0,0,0,0,0,0,0,0,68.75,35.615,0,0,0,82.932,135.487,0,0,17.727,80.971,36.365
8,6/10/50,0:43,0,0,0,0,0,0,0,0,0,67.079,50.064,0,0,0,0,67.895,0,0,55.182,99.579,134.164
8,6/10/50,0:44,0,82.458,0,0,0,0,0,0,0,65.995,108.017,0,0,0,0,61.959,0,0,0,54.397,89.633
8,6/10/50,0:45,38.131,60.61,0,0,0,0,0,0,0,32.546,34.247,0,0,0,0,30.961,0,0,0,161.313,0
8,6/10/50,0:46,0,86.392,0,0,0,0,0,0,0,18.994,47.82,0,0,0,0,62.125,0,19.465,0,177.528,0
8,6/10/50,0:47,0,0,0,0,0,0,0,0,0,14.849,42.867,0,0,0,0,53.288,0,79.837,68.292,67.045,0
8,6/10/50,0:48,0,0,0,0,0,0,0,0,0,0,64.075,0,0,0,0,145.278,0,98.367,38.092,0,0
8,6/10/50,0:49,0,0,0,0,0,0,0,0,0,34.986,63.157,0,0,50.021,0,167.085,0,20.01,30.93,4.554,0
8,6/10/50,0:50,0,0,0,0,0,0,0,0,0,43.879,13.56,0,0,63.624,0,150.378,0,84.552,6.584,87.487,0
8,6/10/50,0:51,0,0,0,0,0,0,0,0,0,0,79.324,0,0,95.637,0,134.096,0,64.301,102.391,84.603,0
8,6/10/50,0:52,0,0,0,0,0,0,0,0,0,0,104.247,0,0,54.757,0,145.008,0,71.13,55.201,79.943,0
8,6/10/50,0:53,0,0,0,0,0,0,0,0,0,0,56.556,0,0,26.3,0,107.215,0,77.85,16.278,0,0
8,6/10/50,0:54,0,0,0,0,0,0,0,0,0,0,0,0,0,50.494,0,134.82,0,0,0,0,0
8,6/10/50,0:55,0,0,0,0,0,0,0,0,0,0,0,0,0,108.378,0,27.035,0,158.868,13.936,0,0
8,6/10/50,0:56,0,0,0,0,0,0,0,0,0,0,25.585,0,0,108.846,0,57.556,0,56.352,12.031,67.846,0
8,6/10/50,0:57,0,0,0,0,0,0,0,0,0,0,109.363,0,0,24.414,0,168.893,0,114.185,31.035,99.429,0
8,6/10/50,0:58,0,0,0,0,0,0,0,0,0,0,48.319,0,0,10.118,0,112.453,0,133.565,0,104.507,0
8,6/10/50,0:59,0,0,0,0,0,0,0,0,0,0,46.603,0,0,104.186,0,114.886,0,40.063,0,32.061,0
8,6/10/50,1:00,0,0,0,0,0,0,0,0,0,0,66.444,0,0,26.421,0,108.469,0,64.214,0,63.012,0
8,6/10/50,1:01,0,0,0,0,0,0,0,29.373,0,0,62.324,0,0,23.265,0,132.502,0,98.676,0,65.077,0
8,6/10/50,1:02,0,0,0,0,0,0,0,25.628,0,80.19,31.132,0,0,26.762,0,84.278,0,16.55,0,91.879,0
8,6/10/50,1:03,0,0,0,0,0,0,0,113.962,0,0,0,0,0,70.386,0,111.423,0,9.037,0,119.15,0
8,6/10/50,1:04,0,0,0,0,0,0,0,72.787,0,0,72.46,0,0,5.117,0,24.824,0,96.678,0,21.077,0
8,6/10/50,1:05,0,0,0,0,0,0,0,28.939,0,0,170.985,0,0,0,0,36.06,0,39.568,0,169.568,0
8,6/10/50,1:06,0,0,0,0,0,0,0,92.342,0,0,165.085,0,0,12.594,0,80.076,0,56.809,0,153.888,0
8,6/10/50,1:07,0,0,0,0,0,0,0,110.195,0,0,62.258,0,0,16.29,0,4.489,0,46.924,0,51.396,0
8,6/10/50,1:08,0,0,0,0,0,0,0,150.054,0,0,2.233,0,0,7.552,0,0,0,56.73,0,36.826,0
8,6/10/50,1:09,0,0,0,0,0,0,0,105.076,0,0,0,0,0,12.135,0,0,0,0,0,132.225,0
8,6/10/50,1:10,0,0,77.647,0,0,0,0,32.923,0,0,55.591,0,0,72.997,0,0,0,0,0,65.631,0
8,6/10/50,1:11,0,0,200.891,0,0,0,0,19.447,0,0,56.865,0,0,0,0,0,0,0,0,0,0
8,6/10/50,1:12,0,0,35.874,0,0,0,0,74.575,0,0,25.771,0,0,0,0,0,0,0,0,58.166,0
8,6/10/50,1:13,0,0,0,0,0,0,0,104.183,0,0,45.359,0,0,32.679,0,0,0,0,0,85.598,0
8,6/10/50,1:14,0,0,0,0,0,0,0,104.111,0,0,0,0,0,3.118,0,0,0,0,0,39.662,0
8,6/10/50,1:15,0,0,0,0,0,0,0,65.032,0,0,0,0,0,52.321,0,0,0,0,0,119.736,0
8,6/10/50,1:16,0,0,0,0,0,0,0,155.714,10.57,0,0,0,0,50.127,0,0,0,0,93.841,79.973,0
8,6/10/50,1:17,0,0,0,0,0,0,0,22.144,50.578,0,0,0,0,79.197,0,0,0,0,56.921,84.59,0
8,6/10/50,1:18,0,0,0,0,0,0,0,95.794,0.132,0,0,0,0,49.542,0,0,0,0,0,27.538,0
8,6/10/50,1:19,0,0,0,0,0,0,0,60.553,41.752,0,0,0,0,92.699,0,0,0,0,63.025,48.844,0
8,6/10/50,1:20,0,0,0,0,0,0,0,0,15.274,0,0,0,0,149.619,0,0,0,0,2.59,113.783,0
8,6/10/50,1:21,0,0,0,0,0,0,0,0,36.217,0,0,0,0,112.591,0,0,0,0,27.933,74.278,0
8,6/10/50,1:22,0,0,111.037,0,0,0,0,0,0,0,0,0,0,91.537,0,0,0,0,17.414,96.373,0
8,6/10/50,1:23,0,0,143.673,0,0,0,0,0,23.206,0,0,0,0,10.197,0,0,0,0,69.905,46.499,0
8,6/10/50,1:24,0,0,211.353,0,0,0,0,0,38.329,0,0,0,0,26.337,0,0,0,0,54.558,45.848,0
8,6/10/50,1:25,0,0,51.475,0,0,0,0,0,0,0,0,0,0,93.327,0,0,0,0,78.037,45.491,0
8,6/10/50,1:26,0,0,93.25,0,0,0,0,0,0,0,0,0,0,29.793,0,0,0,0,14.877,50.867,0
8,6/10/50,1:27,0,0,159.405,0,0,0,0,0,0,0,0,0,0,53.165,0,0,72.114,0,0,57.21,0
8,6/10/50,1:28,0,0,110.693,0,0,0,0,0,0,0,0,0,0,66.768,0,0,4.416,0,6.48,136.45,0
8,6/10/50,1:29,0,0,254.04,0,0,0,0,0,0,0,0,0,0,0,0,0,0,0,24.848,15.433,0
8,6/10/50,1:30,0,0,143.893,0,0,0,0,0,0,0,0,0,0,0,0,0,0,0,53.187,0,0
8,6/10/50,1:31,0,0,191.263,0,0,0,0,0,0,0,0,0,0,22.186,0,0,0,0,61.477,0,0
8,6/10/50,1:32,0,0,154.83,0,0,0,0,0,0,0,0,0,0,0,0,0,3.865,0,9.687,0,0
8,6/10/50,1:33,0,24.137,54.578,0,0,0,0,0,0,0,0,0,0,0,0,0,137.382,0,43.759,0,0
8,6/10/50,1:34,0,184.507,33.093,0,0,0,0,0,0,0,0,0,0,0,0,0,76.041,0,17.263,0,0
8,6/10/50,1:35,0,105.247,234.861,0,0,0,0,0,0,0,0,0,0,0,0,0,41.777,0,14.608,0,0
8,6/10/50,1:36,0,69.54,165.5,0,0,0,0,0,0,0,0,0,0,66.844,0,0,79.099,0,8.775,0,0
8,6/10/50,1:37,0,119.149,134.504,0,0,0,0,0,0,0,0,0,0,49.263,0,0,58.807,0,63.314,0,0
8,6/10/50,1:38,0,185.99,49.124,0,0,0,0,0,0,0,0,0,0,83.262,0,0,74.118,0,55.515,0,0
8,6/10/50,1:39,0,43.535,146.251,0,0,0,0,0,0,0,0,0,0,73.308,0,0,65.907,0,0,0,0
8,6/10/50,1:40,0,0,152.307,0,0,0,0,0,0,0,0,0,0,127.779,0,0,27.253,0,0,0,0
8,6/10/50,1:41,0,0,189.213,0,0,0,0,0,0,0,0,0,0,63.508,0,0,153.94,0,73.565,0,0
8,6/10/50,1:42,0,0,40.624,0,0,0,0,0,0,0,0,0,0,16.143,0,0,176.298,0,91.004,0,0
8,6/10/50,1:43,0,0,33.754,0,0,0,0,0,0,0,0,0,0,0,0,0,172.483,0,89.276,0,0
8,6/10/50,1:44,0,0,90.206,0,0,24.831,0,0,0,0,0,0,0,0,0,0,153.863,0,67.055,0,0
8,6/10/50,1:45,0,0,43.547,0,0,45.265,0,0,0,0,0,0,0,0,0,0,45.413,0,53.835,0,0
8,6/10/50,1:46,0,0,55.373,0,25.444,59.737,0,0,0,0,0,0,0,0,0,0,43.072,0,116.498,0,0
8,6/10/50,1:47,0,0,141.513,0,172.151,77.644,0,0,0,0,0,0,0,0,0,0,0,0,32.033,0,0
8,6/10/50,1:48,0,0,106.367,0,37.734,167.728,0,0,0,0,0,86.558,0,0,0,0,31.976,0,30.197,0,0
8,6/10/50,1:49,0,0,162.1,0,61.235,54.908,15.628,0,0,0,0,106.439,0,0,0,0,52.583,0,12.767,0,0
8,6/10/50,1:50,0,0,44.438,0,134.697,12.514,90.017,0,0,0,0,62.712,0,0,0,0,22.329,0,16.36,0,0
8,6/10/50,1:51,0,0,172.625,61.196,51.502,51.178,84.81,0,0,0,0,114.13,0,0,125.256,0,20.849,0,27.486,0,0
8,6/10/50,1:52,0,0,0,66.207,34.902,0,135.134,0,0,0,0,115.89,0,0,95.926,0,61.29,0,147.13,0,0
8,6/10/50,1:53,0,0,0,66.258,28.168,0,52.566,0,0,0,0,102.197,53.103,0,87.62,0,0,0,79.929,0,0
8,6/10/50,1:54,0,0,0,22.225,141.834,0,59.805,0,0,0,0,26.958,148.839,0,0,0,0,81.527,0,0,0
8,6/10/50,1:55,0,0,8.303,35.7,73.208,0,59.626,0,0,0,0,0,13.74,0,0,0,0,94.535,12.207,0,0
8,6/10/50,1:56,0,0,170.855,130.191,140.679,0,28.705,0,0,0,0,42.557,26.851,0,0,142.714,0,133.255,70.449,0,0
8,6/10/50,1:57,0,0,2.372,58.108,0,0,0,0,0,0,0,130.091,149.269,0,0,137.389,0,150.823,29.178,0,0
8,6/10/50,1:58,0,0,0,142.902,0,0,0,0,0,0,0,71.173,55.818,0,0,202.342,0,86.882,0,0,0
8,6/10/50,1:59,0,0,0,84.306,0,0,0,0,0,0,0,63.992,91.143,0,0,146.539,0,89.111,0,0,0
8,6/10/50,2:00,0,0,0,144.83,37.3,0,0,0,0,0,0,52.047,71.091,0,0,204.619,0,6.133,0,0,0
8,6/10/50,2:01,0,0,0,43.074,15.559,0,0,0,0,0,0,111.774,47.271,0,93.839,36.057,0,93.292,0,0,0
8,6/10/50,2:02,0,0,0,56.7,17.477,0,0,0,0,0,0,62.318,44.906,0,124.202,116.884,0,99.115,0,0,0
8,6/10/50,2:03,0,0,0,102.019,200.004,0,0,0,0,0,0,113.747,33.458,0,96.886,84.761,0,116.839,0,0,0
8,6/10/50,2:04,0,0,0,111.163,107.244,44.289,22.298,0,0,18.322,0,70.862,0,0,76.064,76.178,0,64.37,0,0,0
8,6/10/50,2:05,0,0,0,22.204,5.556,38.653,50.631,0,0,16.738,0,110.796,0,0,26.287,91.32,0,79.665,0,0,0
8,6/10/50,2:06,0,0,0,16.414,52.089,83.735,99.859,0,0,20.017,0,0,60.594,0,133.092,77.936,0,109.749,0,0,0
8,6/10/50,2:07,0,0,0,28.4,0,0,33.618,0,0,18.136,0,0,45.669,0,54.066,74.618,0,61.559,0,0,0
8,6/10/50,2:08,0,0,0,74.324,0,0,0,0,0,45.901,0,0,93.504,0,111.071,41.221,0,22.085,0,0,0
8,6/10/50,2:09,0,0,0,52.953,78.603,0,0,0,0,141.276,0,0,47.652,0,159.047,131.422,0,0,0,0,0
8,6/10/50,2:10,0,0,0,98.318,14.279,0,0,0,0,12.675,0,109.95,39.558,0,146.956,141.008,0,80.087,0,0,0
8,6/10/50,2:11,0,0,0,69.086,0,0,0,0,0,11.635,0,98.905,63.184,0,105.76,74.046,0,32.304,0,0,0
8,6/10/50,2:12,0,0,0,42.055,59.281,0,67.302,0,0,23.057,0,75.628,23.011,0,96.261,118.065,0,29.319,0,0,0
8,6/10/50,2:13,0,0,0,0,54.827,0,57.84,0,0,26.229,0,43.647,102.925,0,50.897,15.189,0,53.135,0,0,0
8,6/10/50,2:14,0,0,0,121.042,0,0,0,0,0,13.017,0,0,87.684,0,42.611,108.073,0,92.857,0,0,0
8,6/10/50,2:15,0,41.233,0,65.939,0,0,0,0,0,15.104,0,0,56.461,0,0,35.388,0,42.643,0,0,0
8,6/10/50,2:16,0,0,0,69.077,0,0,0,0,0,27.755,0,0,24.541,0,45.012,58.062,0,0,0,0,0
8,6/10/50,2:17,0,60.922,0,121.462,40.087,0,0,0,0,39.907,0,0,0,0,113.13,98.492,0,0,0,0,0
8,6/10/50,2:18,0,152.807,0,21.624,86.398,0,0,0,0,39.115,0,0,22.375,0,93.701,74.894,0,0,0,0,0
8,6/10/50,2:19,0,58.282,0,44.101,54.467,0,0,0,0,31.753,0,0,102.176,0,91.907,84.651,0,0,0,0,0
8,6/10/50,2:20,0,45.241,0,0,71.698,0,0,0,0,24.75,0,0,105.898,0,146.136,127.082,0,0,0,0,0
8,6/10/50,2:21,0,0.809,0,0,94.553,0,0,0,0,47.54,0,0,34.63,0,25.181,204.474,0,0,0,0,0
8,6/10/50,2:22,0,77.131,0,0,129.488,0,0,0,0,58.682,0,0,0,0,0,64.979,0,0,0,0,0
8,6/10/50,2:23,0,92.187,0,0,0,0,0,0,0,17.741,0,0,12.957,0,0,0,0,0,0,0,0
8,6/10/50,2:24,0,0,0,0,9.834,0,0,0,0,112.091,0,0,24.062,0,0,0,0,0,0,0,0
8,6/10/50,2:25,0,0,0,0,40.572,0,0,0,0,26.852,0,0,43.41,0,0,0,0,0,0,0,0
8,6/10/50,2:26,0,0,0,0,34.172,0,0,0,0,68.251,0,0,41.825,0,22.139,0,0,0,0,0,0
8,6/10/50,2:27,0,0,0,0,36.738,0,0,0,0,42.99,0,0,0,0,95.899,0,0,0,0,0,0
8,6/10/50,2:28,0,0,0,0,45.472,0,0,0,0,20.023,0,0,0,0,139.23,0,0,0,0,0,0
8,6/10/50,2:29,0,0,0,0,35.325,0,0,4.635,0,0,0,0,0,0,127.316,74.843,0,0,0,0,0
8,6/10/50,2:30,0,0,0,0,61.605,0,0,97.55,0,0,0,0,0,0,174.61,109.178,0,0,0,0,0
8,6/10/50,2:31,0,0,0,0,0,0,0,102.069,0,0,0,0,0,0,103.092,141.376,0,0,0,0,0
8,6/10/50,2:32,0,0,0,0,13.52,0,0,101.087,0,0,0,0,0,0,4.476,171.472,0,0,0,0,0
8,6/10/50,2:33,0,0,0,0,63.007,0,0,9.075,0,0,0,0,0,0,0,57.081,0,0,0,0,0
8,6/10/50,2:34,0,0,0,0,0,0,0,122.285,0,0,0,0,0,0,0,127.657,0,0,0,0,0
8,6/10/50,2:35,0,0,0,0,0,0,0,24.65,0,0,0,0,0,0,0,118.419,0,0,0,0,0
8,6/10/50,2:36,79.503,0,0,0,0,0,0,0,0,0,0,0,0,0,0,224.926,0,0,0,0,0
8,6/10/50,2:37,132.729,0,0,0,0,0,0,0,0,0,0,0,0,0,0,95.997,0,0,0,0,0
8,6/10/50,2:38,72.754,0,0,0,0,0,0,0,0,0,0,0,0,0,0,47.798,0,0,0,0,0
8,6/10/50,2:39,96.563,0,0,0,0,0,0,0,0,0,0,0,0,0,0,86.817,0,0,0,0,0
8,6/10/50,2:40,192.982,0,0,0,0,0,0,0,0,0,0,0,0,0,0,122.657,0,0,0,0,0
8,6/10/50,2:41,19.95,0,0,0,0,0,0,0,0,0,0,0,0,0,0,142.317,0,0,0,0,26.381
8,6/10/50,2:42,54.631,0,0,0,0,0,0,0,0,0,0,0,0,0,0,129.756,0,0,0,0,0
8,6/10/50,2:43,58.012,0,0,0,0,0,0,0,0,0,0,0,0,0,0,98.253,0,0,0,0,0
8,6/10/50,2:44,57.021,0,0,0,0,0,0,0,0,0,0,0,0,0,0,21.846,0,0,0,0,0
8,6/10/50,2:45,0,0,0,0,0,0,0,0,0,0,0,0,0,0,0,0,0,0,0,0,0
8,6/10/50,2:46,0,0,0,0,0,0,0,0,0,0,0,0,0,0,0,0,0,0,0,0,141.709
8,6/10/50,2:47,0,0,0,0,0,0,0,0,0,0,0,0,0,0,0,0,0,0,0,0,199.525
8,6/10/50,2:48,0,0,0,0,0,113.429,0,0,0,0,0,0,0,0,0,0,0,0,0,0,0
8,6/10/50,2:49,0,0,0,0,0,87.26,0,0,0,0,0,0,0,0,0,0,0,0,0,130.356,0
8,6/10/50,2:50,0,0,0,0,0,121.666,0,0,0,0,0,0,0,0,0,0,0,0,0,58.334,0
8,6/10/50,2:51,0,0,0,0,0,38.129,0,0,0,0,0,0,0,0,0,0,0,0,0,63.584,53.191
8,6/10/50,2:52,0,0,0,0,0,0,0,0,0,0,0,0,0,0,0,0,0,0,0,114.115,75.03
8,6/10/50,2:53,0,0,0,0,0,0,0,0,0,0,0,0,0,0,0,0,0,0,0,3.77,45.727
8,6/10/50,2:54,0,0,0,0,0,0,0,0,0,0,0,0,0,0,0,0,0,0,0,109.902,154.566
8,6/10/50,2:55,0,0,0,0,0,0,0,0,0,0,0,0,0,0,0,0,0,0,0,62.614,0
8,6/10/50,2:56,0,0,0,0,0,66.038,0,0,0,0,0,0,0,0,0,0,0,0,0,22.655,0
8,6/10/50,2:57,0,0,0,0,0,11.054,0,0,0,0,0,0,0,0,0,0,0,0,0,64.769,69.333
8,6/10/50,2:58,0,0,0,0,0,55.284,0,0,0,0,0,0,0,0,0,0,0,0,0,121.147,0
8,6/10/50,2:59,0,202.739,0,0,0,33.054,0,0,0,0,0,0,0,0,0,0,0,0,0,152.445,0
8,6/10/50,3:00,0,69.645,0,0,0,19.787,0,0,0,0,0,0,0,0,0,0,0,0,0,40.049,0
8,6/10/50,3:01,0,97.022,0,0,0,78.321,0,0,0,0,0,0,0,0,0,0,0,0,0,5.929,0
8,6/10/50,3:02,0,121.88,0,0,0,120.922,0,0,0,0,0,0,0,0,0,0,0,0,0,155.851,0
8,6/10/50,3:03,0,0,0,0.783,0,43.011,0,0,0,0,0,0,0,0,0,0,0,0,86.428,0,0
8,6/10/50,3:04,0,0,0,65.658,0,45.798,0,0,0,0,0,0,0,0,0,0,0,0,117.305,0,0
8,6/10/50,3:05,0,0,0,104.473,0,0,0,0,0,0,0,0,0,0,0,0,0,0,134.125,60.668,0
8,6/10/50,3:06,0,0,0,87.06,0,42.719,0,0,0,0,0,0,0,0,0,0,0,55.353,28.932,38.079,0
8,6/10/50,3:07,0,0,0,57.351,0,43.784,58.193,0,0,0,0,0,0,0,0,0,0,163.418,15.294,128.159,0
8,6/10/50,3:08,0,0,0,63.57,0,0,163.856,0,0,0,0,0,0,0,0,0,0,116.073,16.318,122.712,16.093
8,6/10/50,3:09,0,0,0,77.081,0,0,167.1,0,0,0,0,0,0,0,0,0,0,134.598,22.496,32.982,86.182
8,6/10/50,3:10,0,0,0,94.63,0,0,36.451,0,0,0,0,0,0,0,0,0,0,165.147,90.094,195.462,25.713
8,6/10/50,3:11,0,0,0,58.906,0,0,77.934,0,0,0,0,0,0,0,0,0,0,53.484,11.111,53.42,0
8,6/10/50,3:12,0,0,0,106.68,0,0,86.263,0,0,0,0,0,0,0,0,0,0,67.25,0,64.174,0
8,6/10/50,3:13,0,0,0,29.372,0,0,94.515,0,0,0,0,0,0,0,0,0,0,34.155,0,38.267,0
8,6/10/50,3:14,0,0,0,0,0,0,27.39,0,0,0,0,0,0,0,0,0,0,119.549,0,59.341,0
8,6/10/50,3:15,0,0,0,0,0,0,90.442,0,0,0,0,0,0,0,0,0,0,76.513,0,20.507,0
8,6/10/50,3:16,0,0,0,0,0,0,74.556,0,0,0,0,0,0,0,0,0,0,95.066,57.298,0,0
8,6/10/50,3:17,0,0,0,0,0,0,156.477,0,0,0,0,0,0,0,0,0,0,53.547,81.597,0,0
8,6/10/50,3:18,0,0,0,0,0,0,4.07,0,0,0,0,23.737,0,0,0,0,0,45.159,46.615,0,0
8,6/10/50,3:19,0,0,0,0,0,0,0,0,1.309,0,0,51.167,0,0,0,0,0,77.186,0,0,0
8,6/10/50,3:20,0,0,0,0,0,0,0,0,67.713,0,0,69.242,0,0,0,0,0,110.218,22.235,0,0
8,6/10/50,3:21,0,0,0,0,0,0,0,0,21.474,0,0,60.76,0,0,0,0,0,0,26.226,0,0
8,6/10/50,3:22,0,0,0,0,0,0,81.792,0,32.451,44.898,0,88.624,0,0,0,0,0,0,4.221,0,0
8,6/10/50,3:23,0,0,0,0,0,0,0,0,30.316,67.44,0,61.303,0,0,0,0,0,0,77.905,0,0
8,6/10/50,3:24,0,0,0,0,0,0,98.958,0,41.575,94.088,0,82.452,0,0,0,0,0,0,85.624,0,0
8,6/10/50,3:25,0,0,0,0,0,0,90.342,0,89.213,111.099,0,27.875,0,0,0,0,0,0,31.467,0,0
8,6/10/50,3:26,0,0,0,0,0,0,48.892,0,29.948,38.734,0,0,0,0,23.389,0,0,0,38.295,0,0
8,6/10/50,3:27,0,0,0,0,0,0,83.924,86.241,25.829,38.23,0,0,0,0,34.538,0,0,0,0,0,0
8,6/10/50,3:28,0,0,0,0,0,0,75.357,94.809,46.312,46.732,0,0,0,0,84.413,0,0,0,0,0,0
8,6/10/50,3:29,0,0,0,0,0,0,49.594,64.584,20.502,48.006,0,0,0,0,74.669,0,0,0,38.359,0,0
8,6/10/50,3:30,0,35.827,0,0,0,0,87.352,120.773,16.128,34.383,0,0,0,0,0,0,0,0,100.568,0,0
8,6/10/50,3:31,0,97.16,0,0,0,0,0,29.208,34.95,63.023,0,0,0,0,0,0,0,0,81.407,0,0
8,6/10/50,3:32,0,177.861,0,0,0,0,0,58.466,45.899,39.006,0,0,0,0,0,91.97,0,0,107.344,0,0
8,6/10/50,3:33,0,240.34,0,0,0,0,0,57.517,0,49.526,43.351,0,0,0,0,100.386,0,0,54.91,0,0
8,6/10/50,3:34,0,86.968,0,0,0,0,0,34.428,0,66.069,44.997,0,0,0,0,0,0,0,72.539,0,0
8,6/10/50,3:35,0,132.917,0,0,0,0,0,74.326,0,38.069,128.604,0,0,0,0,0,0,0,0,0,0
8,6/10/50,3:36,0,170.522,0,0,0,0,0,56.828,0,64.17,35.661,0,0,0,0,0,0,0,0,0,0
8,6/10/50,3:37,0,113.654,0,0,0,0,0,81.45,0,34.118,72.989,0,0,0,0,0,0,0,0,0,0
8,6/10/50,3:38,69.277,145.973,0,0,0,0,0,50.49,0,43.27,22.944,0,0,0,0,3.705,0,0,0,0,0
8,6/10/50,3:39,0,183.187,0,0,0,0,0,0,0,64.354,52.492,0,0,0,0,89.361,0,0,0,0,0
8,6/10/50,3:40,0,146.522,0,0,0,0,0,0,0,62.178,47.935,0,0,0,0,105.276,0,0,0,0,0
8,6/10/50,3:41,0,127.337,0,0,0,0,0,0,0,0,85.573,0,0,0,0,159.905,0,0,0,0,0
8,6/10/50,3:42,0,181.5,0,0,0,0,0,0,0,16.754,96.17,0,0,0,0,54.825,0,0,0,0,0
8,6/10/50,3:43,0,159.486,0,0,0,0,0,0,0,31.526,0,0,0,0,0,0,0,0,0,0,0
8,6/10/50,3:44,0,0,0,0,0,0,0,0,0,80.125,0,0,0,0,0,0,0,0,0,0,0
8,6/10/50,3:45,0,84.075,0,0,0,0,0,0,0,111.991,0,0,0,0,0,99.598,0,0,0,0,0
8,6/10/50,3:46,0,37.815,0,0,0,0,0,0,0,47.336,24.487,0,0,0,0,69.61,0,0,0,0,0
8,6/10/50,3:47,0,40.606,0,0,0,0,0,0,0,19.069,34.366,0,0,0,0,163.668,0,0,0,0,0
8,6/10/50,3:48,0,191.778,0,0,0,0,0,0,0,24.886,0,0,0,0,0,153.224,0,0,0,0,0
8,6/10/50,3:49,0,116.561,0,0,0,0,0,0,0,9.95,36.307,0,0,0,0,94.398,0,0,0,0,0
8,6/10/50,3:50,0,152.988,0,0,0,0,0,0,0,15.257,58.23,0,0,0,0,149.144,0,0,0,0,0
8,6/10/50,3:51,0,159.776,0,0,0,0,0,0,0,12.441,0,0,0,0,0,150.773,0,0,0,0,0
8,6/10/50,3:52,0,84.807,0,0,0,0,0,0,0,31.155,0,0,0,0,0,198.819,0,0,0,0,0
8,6/10/50,3:53,0,89.424,0,0,0,0,0,0,0,85.029,0,0,0,0,0,111.983,0,0,0,0,0
8,6/10/50,3:54,58.317,90.805,0,0,0,0,0,0,0,25.973,0,0,0,0,0,67.843,0,0,0,0,0
8,6/10/50,3:55,0,38.699,100.404,0,42.3,0,0,0,0,12.19,0,0,0,0,0,32.112,0,0,0,0,0
8,6/10/50,3:56,0,157.672,244.46,0,153.315,0,0,0,0,0,0,0,0,0,0,0,0,0,0,0,0
8,6/10/50,3:57,0,84.67,119.267,0,47.795,0,0,0,0,53.461,0,0,0,0,0,0,0,0,0,0,0
8,6/10/50,3:58,0,18.551,55.81,0,0,0,0,0,0,96.551,0,0,0,0,0,51.646,0,0,0,0,0
8,6/10/50,3:59,0,0,216.212,0,0,0,0,0,0,78.761,0,0,0,0,0,0,0,92.61,0,0,0
8,6/10/50,4:00,0,18.904,15.419,0,0,0,0,0,0,10.611,0,0,0,0,0,0,0,0,0,0,0
8,6/10/50,4:01,0,49.813,113.528,0,0,0,0,0,0,57.895,0,0,0,0,0,0,0,17.783,0,0,0
8,6/10/50,4:02,0,56.339,80.027,0,0,0,0,0,0,78.223,0,0,0,0,0,0,0,72.162,0,0,0
8,6/10/50,4:03,0,161.456,144.411,0,0,0,0,0,0,39.462,0,0,0,0,0,0,0,149.168,0,0,0
8,6/10/50,4:04,0,65.961,60.598,0,0,0,0,0,0,0,0,0,0,0,0,0,0,46.085,0,0,0
8,6/10/50,4:05,0,146.698,41.581,0,0,0,0,0,0,0,0,0,0,0,0,0,0,77.899,0,0,0
8,6/10/50,4:06,0,77.646,0,0,0,0,0,0,0,0,0,0,0,0,0,0,0,59.123,0,0,124.078
8,6/10/50,4:07,0,60.785,0,0,0,0,0,0,0,0,0,0,0,0,0,0,0,0,0,0,0
8,6/10/50,4:08,0,50.029,0,0,0,170.029,0,0,0,0,0,0,0,0,0,0,0,0,0,0,0
8,6/10/50,4:09,0,31.478,0,0,0,83.848,0,0,0,0,0,0,0,0,0,0,0,0,0,0,0
8,6/10/50,4:10,0,53.001,0,59.905,0,0,0,0,0,0,0,0,0,0,0,0,0,0,0,0,51.114
8,6/10/50,4:11,0,98.329,0,68.933,0,0,0,62.755,0,0,0,0,0,0,0,0,0,0,0,0,175.952
8,6/10/50,4:12,6.024,114.769,0,0,0,0,0,77.391,0,0,0,92.889,0,0,0,0,0,0,0,0,16.801
8,6/10/50,4:13,197.107,143.842,0,80.129,0,58.843,0,66.351,0,0,0,117.726,0,0,0,0,0,0,0,0,26.263
8,6/10/50,4:14,40.204,25.887,0,79.893,0,50.09,0,44.672,0,0,0,49.494,0,0,0,0,0,0,0,0,121.81
8,6/10/50,4:15,53.192,68.454,0,58.674,0,58.447,0,13.851,0,0,0,99.438,0,0,0,0,0,0,0,0,182.237
8,6/10/50,4:16,67.492,101.63,0,0,0,0,0,126.614,0,0,0,69.713,0,0,0,0,0,0,0,0,0
8,6/10/50,4:17,84.305,78.285,0,0,0,0,0,34.499,0,0,0,87.718,0,0,0,0,0,0,0,0,62.653
8,6/10/50,4:18,43.224,107.758,0,42.51,0,0,0,96.941,0,0,0,26.375,0,0,0,0,0,0,0,0,221.4
8,6/10/50,4:19,49.46,100.798,0,152.756,0,0,0,78.047,0,0,0,72.301,0,0,0,0,0,0,0,0,433.005
8,6/10/50,4:20,56.98,74.002,0,0,0,0,0,103.404,0,0,0,49.272,0,0,0,0,0,0,0,0,292.695
8,6/10/50,4:21,89.761,60.886,0,70.147,0,0,0,99.706,0,0,0,9.881,0,0,0,0,0,0,0,27.637,0
8,6/10/50,4:22,37.691,78.565,0,0,0,117.566,0,47.809,0,0,0,13.698,0,0,0,0,0,0,0,108.657,0
8,6/10/50,4:23,3.263,19.66,95.129,26.007,0,40.464,0,87.305,0,0,0,17.518,0,0,0,0,0,0,0,0.497,0
8,6/10/50,4:24,65.539,137.796,121.077,25.947,0,0,0,4.968,0,0,0,24.118,130.183,0,0,0,0,0,0,66.386,0
8,6/10/50,4:25,126.104,63.282,196.468,28.555,0,42.121,0,61.459,0,0,0,56.93,93.987,0,56.413,0,0,0,0,89.321,0
8,6/10/50,4:26,36.436,62.128,49.493,36.051,0,0,0,32.925,0,0,0,55.597,76.58,0,143.687,0,0,0,0,144.711,0
8,6/10/50,4:27,124.425,0,126.461,71.36,0,0,0,0,0,0,0,56.651,29.699,0,127.12,0,0,0,0,74.755,0
8,6/10/50,4:28,37.75,0,85.486,92.225,0,0,0,0,0,0,0,50.377,39.496,67.245,127.468,0,0,0,0,123.572,56.835
8,6/10/50,4:29,80.682,0,170.455,96.908,0,0,0,0,0,0,0,54.948,92.32,122.467,95.106,0,0,0,0,107.65,97.86
8,6/10/50,4:30,0,0,79.127,22.444,0,0,0,0,0,0,0,94.956,91.23,126.432,59.076,0,0,0,0,75.351,83.703
8,6/10/50,4:31,0,0,92.119,198.845,0,0,0,0,0,0,0,36.454,24.318,29.436,75.448,0,0,0,0,29.548,0
8,6/10/50,4:32,0,9.923,54.452,0,0,0,0,0,0,0,0,9.201,13.294,0,89.857,0,0,0,0,45.233,0
8,6/10/50,4:33,67.324,84.263,128.743,19.734,0,0,0,0,0,0,0,0,76.41,36.18,83.461,0,0,0,0,57.697,0
8,6/10/50,4:34,89.855,0,118.645,56.456,0,0,63.67,0,0,0,0,0,22.609,0,51.021,0,0,0,0,28.142,0
8,6/10/50,4:35,74.202,88.75,25.705,0,0,0,123.089,0,0,0,0,0,69.316,31.539,77.867,0,0,0,0,0,0
8,6/10/50,4:36,131.534,60.108,193.007,46.922,0,0,135.285,0,0,0,0,0,48.82,0,119.1,0,23.518,0,0,67.254,64.414
8,6/10/50,4:37,59.011,134.594,125.19,146.136,0,0,29.776,0,0,0,0,40.874,31.155,24.664,48.282,0,0,0,0,31.523,67.234
8,6/10/50,4:38,0,121.571,114.126,70.183,0,0,0,0,0,0,0,132.7,47.187,19.173,33.786,0,0,0,0,101.5,22.286
8,6/10/50,4:39,25.91,48.958,81.722,84.492,2.504,0,0,0,0,0,0,84.513,55.849,0,20.839,0,71.109,0,0,265.547,10.749
8,6/10/50,4:40,129.82,62.32,168.95,0,124.232,0,0,0,0,0,0,0,50.573,15.153,43.224,0,57.991,0,0,136.699,16.323
8,6/10/50,4:41,130.114,2.697,160.465,20.786,75.328,0,0,0,0,0,0,0,63.924,14.604,40.128,0,0.386,0,0,11.129,17.766
8,6/10/50,4:42,15.913,0,138.837,87.287,0,0,35.921,0,0,0,0,0,43.083,30.719,154.611,0,25.642,0,0,64.064,25.952
8,6/10/50,4:43,119.33,0,87.543,0,0,0,107.706,0,0,0,0,0,40.699,0,0,0,53.702,0,0,16.461,29.211
8,6/10/50,4:44,66.639,0,0,0,0,0,84.719,0,0,0,0,0,0,0,60.507,0,18.847,0,0,21.228,27.24
8,6/10/50,4:45,0,0,41.903,0,0,0,59.857,0,0,0,0,0,0,0,105.434,0,29.52,0,0,102.208,36.228
8,6/10/50,4:46,138.529,0,172.997,0,27.085,0,59.293,0,0,0,0,0,0,0,132.837,0,69.185,0,54.486,159.37,63.768
8,6/10/50,4:47,22.212,0,53.027,0,65.278,0,17.302,0,0,0,0,0,0.365,0,167.844,0,41.405,0,50.788,103.607,31.161
8,6/10/50,4:48,57.412,0,33.144,0,69.282,0,0,0,0,0,0,0,129.968,0,90.562,0,76.45,0,115.377,134.828,0
8,6/10/50,4:49,42.432,0,78.358,0,50.734,0,29.917,0,0,0,0,0,64.392,0,35.758,0,62.412,0,12.438,103.907,0
8,6/10/50,4:50,44.749,0,46.532,0,115.963,0,108.464,0,0,0,0,0,28.666,0,47.248,0,0,0,0,0,0
8,6/10/50,4:51,56.612,0,61.577,0,3.854,0,97.8,0,0,0,0,0,78.346,0,0,0,0,0,0,0,0
8,6/10/50,4:52,73.08,0,42.981,0,42.814,0,69.969,0,0,0,0,0,83.094,0,0,0,100.562,0,0,122.328,0
8,6/10/50,4:53,57.283,0,66.935,0,116.541,0,44.664,0,0,0,0,0,44.101,0,106.067,0,39.311,0,0,53.675,0
8,6/10/50,4:54,58.583,0,87.15,0,40.136,0,67.819,0,0,0,0,0,67.588,0,94.472,0,0,0,20.686,0,0
8,6/10/50,4:55,113.792,0,28.755,0,55.635,0,17.778,0,0,0,0,0,43.576,0,68.765,0,30.404,0,49.086,0,0
8,6/10/50,4:56,154.152,0,0,0,12.503,0,30.842,0,0,0,0,0,3.834,0,82.378,0,0,0,47.606,0,0
8,6/10/50,4:57,177.117,0,0,0,37.829,0,96.027,0,0,0,0,0,0,0,129.947,0,37.065,0,0,0,54.499
8,6/10/50,4:58,35.458,0,0,0,0,0,71.733,0,0,0,0,0,0,0,0,0,54.494,0,95.181,0,0
8,6/10/50,4:59,91.032,0,0,0,0,0,55.893,0,0,0,0,0,0,0,0,0,67.425,0,150.653,0,0
8,6/10/50,5:00,125.615,0,0,0,0,0,27.261,0,0,0,0,0,0,0,0,0,0,194.725,72.906,0,0
8,6/10/50,5:01,105.385,0,0,0,0,0,0,0,0,0,0,0,0,0,0,0,0,31.405,48.948,0,0
8,6/10/50,5:02,64.328,0,0,0,0,0,0,0,0,0,0,0,0,0,0,0,19.66,112.238,10.6,0,0
8,6/10/50,5:03,57.166,0,0,0,0,0,0,0,0,0,0,0,0,0,0,199.181,84.553,83.904,0,0,0
8,6/10/50,5:04,79.586,0,0,0,64.951,0,94.484,0,0,0,0,0,0,0,0,124.332,93.459,80.237,0,0,0
8,6/10/50,5:05,84.98,0,0,0,0,0,61.872,0,0,0,25.108,0,0,0,0,202.784,69.191,145.221,0,0,0
8,6/10/50,5:06,157.078,0,0,0,0,0,23.605,0,0,0,102.762,0,0,0,0,87.233,6.143,60.464,20.349,0,0
8,6/10/50,5:07,31.287,0,0,0,0,0,0,0,0,0,48.123,0,0,0,0,130.744,72.308,29.199,41.73,0,0
8,6/10/50,5:08,131.825,0,0,0,0,0,0,0,0,0,0,0,0,0,0,135.402,0,83.727,0,0,0
8,6/10/50,5:09,103.615,0,0,0,0,0,0,0,0,0,52.459,0,0,0,0,150.095,0,96.896,0,0,0
8,6/10/50,5:10,16.495,0,0,0,0,24.525,0,163.389,0,146.161,67.545,0,0,0,0,220.753,0,83.654,0,0,0
8,6/10/50,5:11,11.801,0,0,0,0,0,0,79.592,0,88.905,13.631,0,0,0,0,187.285,0,19.978,0,0,0
8,6/10/50,5:12,42.352,0,0,0,0,12.597,0,98.108,0,104.128,92.283,0,0,0,0,159.285,0,51.627,0,0,0
8,6/10/50,5:13,65.651,0,0,0,0,164.207,0,136.574,0,83.951,86.832,0,0,0,0,120.167,0,0,0,0,0
8,6/10/50,5:14,108.567,0,0,0,0,87.852,0,59.377,0,42.746,81.297,0,0,0,0,172.839,0,22.672,0,0,0
8,6/10/50,5:15,51.564,0,0,0,0,77.822,0,91.824,0,32.307,26.568,137.774,0,0,0,17.976,0,0,0,0,0
8,6/10/50,5:16,156.683,0,0,0,0,46.977,0,84.007,0,72.876,124.768,110.08,0,0,0,110.514,0,28.884,0,0,0
8,6/10/50,5:17,39.142,0,0,25.012,0,60.654,0,85.994,0,69.056,37.543,112.134,0,0,0,81.567,0,47.419,0,0,0
8,6/10/50,5:18,203.961,0,0,61.887,0,80.129,0,60.874,0,15.554,17.479,38.358,0,0,0,0,0,37.062,0,0,0
8,6/10/50,5:19,19.329,0,0,57.373,0,43.421,0,47.293,0,0,23.957,55.512,0,0,0,0,89.769,66.086,0,0,0
8,6/10/50,5:20,0,0,0,56.561,0,29.138,0,79.832,0,18.317,0,100.752,0,0,0,69.697,55.802,103.115,0,0,0
8,6/10/50,5:21,72.08,0,0,46.834,0,43.29,0,55.105,0,60.942,0,52.696,0,0,0,0,96.59,53.719,0,0,0
8,6/10/50,5:22,15.411,0,0,49.908,0,81.981,0,73.463,0,42.508,0,16.555,0,0,0,0,92.361,3.298,0,0,0
8,6/10/50,5:23,0,0,0,199.283,0,54.396,0,78.765,104.125,77.079,0,23.686,0,0,0,0,162.426,52.653,0,0,0
8,6/10/50,5:24,0,0,0,90.743,0,0,0,31.234,109.501,54.464,0,28.834,0,0,0,0,124.879,0,0,0,0
8,6/10/50,5:25,0,0,0,52.711,0,0,0,77.13,61.955,61.189,0,15.395,0,0,0,39.878,59.843,0,0,0,0
8,6/10/50,5:26,0,0,0,14.406,0,0,0,30.576,89.962,0,0,22.13,0,0,0,131.161,0,0,0,0,0
8,6/10/50,5:27,29.33,0,0,37.975,0,0,0,20.662,38.943,0,0,38.243,0,0,0,118.088,10.753,0,0,0,0
8,6/10/50,5:28,100.735,0,0,30.832,0,38.917,0,27.372,43.321,0,0,41.799,0,0,0,0,0,0,0,0,0
8,6/10/50,5:29,60.906,0,0,92.457,0,41.025,0,24.555,45.048,0,0,32.498,0,0,0,0,52.272,0,0,0,0
8,6/10/50,5:30,75.857,0,0,0,0,76.52,0,95.579,30.609,0,0,41.467,0,0,0,0,27.63,0,0,0,0
8,6/10/50,5:31,67.474,0,0,151.573,0,53.821,0,72.232,70.564,0,0,47.468,0,0,0,4.596,92.419,0,0,0,0
8,6/10/50,5:32,19.623,0,0,18.682,0,0,0,125.24,36.977,0,0,52.731,0,0,0,87.818,167.084,0,0,0,0
8,6/10/50,5:33,135.483,0,0,35.21,0,52.963,0,46.943,20.935,0,0,124.148,0,0,0,77.219,193.902,0,0,0,0
8,6/10/50,5:34,116.103,0,0,18.856,0,75.163,0,0,21.975,0,0,135.506,0,0,0,84.851,111.185,0,0,0,0
8,6/10/50,5:35,131.456,0,0,20.58,0,0,0,56.562,14.69,0,0,60.225,0,0,0,150.852,114.506,0,0,0,0
8,6/10/50,5:36,67.392,0,0,25.806,0,34.369,0,23.422,10.507,0,0,77.202,0,0,0,138.846,33.246,0,0,0,0
8,6/10/50,5:37,0,0,81.672,28.45,0,49.195,0,0,84.756,0,0,99.808,0,0,0,0,108.154,0,0,0,0
8,6/10/50,5:38,0,0,137.41,59.729,0,156.811,0,0,30.535,0,0,36.789,0,0,0,0,138.989,0,0,0,0
8,6/10/50,5:39,0,0,113.032,27.816,0,86.026,0,0,19.081,0,0,36.1,0,0,0,0,95.76,0,0,0,0
8,6/10/50,5:40,74.391,0,164.996,70.736,0,41.5,0,0,37.404,0,0,14.965,0,0,0,0,0,0,0,37.915,0
8,6/10/50,5:41,91.575,0,81.533,42.189,0,102.593,0,0,23.063,0,0,18.588,0,0,0,0,91.734,0,0,100.15,0
8,6/10/50,5:42,0,0,61.819,0,0,0,0,0,58.329,0,0,19.43,0,0,0,0,0,0,0,130.357,0
8,6/10/50,5:43,0,0,144.823,0,0,0,0,0,53.249,0,0,99.769,0,0,0,0,153.08,0,0,53.353,0
8,6/10/50,5:44,145.723,0,196.033,0,0,67.872,0,0,39.217,0,0,54.982,0,191.573,0,0,0,0,0,146.441,0
8,6/10/50,5:45,84.375,0,127.952,0,0,63.571,0,0,46.529,0,0,44.17,0,76.228,0,0,56.479,0,0,59.44,0
8,6/10/50,5:46,35.693,0,189.715,14.664,0,87.687,0,0,71.09,0,0,0,0,73.625,0,0,117.403,0,0,71.461,0
8,6/10/50,5:47,128.992,0,134.031,89.56,0,0,0,0,47.145,0,0,0,0,116.912,0,0,105.963,0,0,51.747,0
8,6/10/50,5:48,43.61,0,167.968,51.258,0,0,0,0,28.749,0,0,53.7,0,90.431,0,0,22.758,0,0,15.732,0
8,6/10/50,5:49,80.16,0,114.344,106.864,0,2.77,0,0,47.588,0,0,94.092,0,49.348,0,0,16.518,0,0,59.594,0
8,6/10/50,5:50,88.462,0,180.868,10.743,0,44.343,0,0,61.408,0,0,87.042,0,30.647,0,0,12.178,0,0,144.583,0
8,6/10/50,5:51,147.926,0,166.485,43.615,0,0,0,0,82.413,0,0,68.64,0,46.31,0,0,9.021,0,0,108.89,0
8,6/10/50,5:52,123.193,0,225.604,144.568,0,0,0,0,36.912,0,0,28.147,0,33.683,0,0,100.905,0,0,114.77,0
8,6/10/50,5:53,66.43,0,142.663,99.747,0,0,0,0,19.767,0,0,27.34,0,28.847,0,0,0,0,0,82.152,0
8,6/10/50,5:54,0,0,84.317,102.943,0,0,0,0,63.709,0,0,40.359,0,26.917,0,0,0,0,0,52.712,0
8,6/10/50,5:55,0,0,227.881,48.302,0,0,0,0,26.36,0,0,30.279,0,60.112,0,0,0,0,0,0,0
8,6/10/50,5:56,0,0,67.23,50.127,0,0,0,0,17.921,0,0,39.792,0,0,0,0,0,0,0,134.891,0
8,6/10/50,5:57,0,0,61.368,0,0,98.53,0,0,21.746,0,0,145.68,0,119.076,0,0,0,0,0,184.598,0
8,6/10/50,5:58,0,0,154.418,24.883,0,126.367,0,0,87.309,0,0,51.209,0,0,0,0,0,0,0,35.141,0
8,6/10/50,5:59,0,0,24.964,56.234,0,105.517,0,0,29.059,0,0,40.042,0,50.856,0,0,0,0,0,74.286,0
9,6/10/50,6:00,105.493,0,24.274,32.32,0,154.136,0,0,106.563,0,0,56.163,90.759,79.973,0,0,0,0,0,130.13,0
9,6/10/50,6:01,33.746,0,216.716,10.688,0,77.426,0,0,32.162,0,0,179.569,93.548,13.67,0,0,0,0,0,12.837,0
9,6/10/50,6:02,89.804,0,112.291,54.998,0,95.369,0,0,29.472,0,0,184.449,108.357,0,0,0,0,0,0,174.544,0
9,6/10/50,6:03,90.933,0,98.29,20.361,0,0,0,0,88.234,0,0,33.253,44.548,6.251,0,0,0,0,0,35.452,0
9,6/10/50,6:04,37.753,0,48.955,87.151,0,0,0,0,0,0,0,19.139,59.941,6.969,0,0,0,0,0,54.303,0
9,6/10/50,6:05,0,0,31.809,63.084,0,0,0,0,0,0,0,0,74.24,17.307,0,0,0,0,0,87.292,0
9,6/10/50,6:06,24.295,0,30.877,103.619,0,0,0,0,0,0,0,123.964,77.507,0,0,0,0,0,0,15.409,0
9,6/10/50,6:07,108.944,0,58.653,18.218,0,0,0,0,0,0,0,86.913,0,78.946,0,0,0,0,0,0,0
9,6/10/50,6:08,0,44.597,0,13.514,0,0,0,33.311,0,0,0,0,76.166,0,0,0,0,0,0,0,0
9,6/10/50,6:09,0,35.552,0,26.369,0,0,0,116.128,0,0,0,0,32.488,0,0,0,0,0,0,0,0
9,6/10/50,6:10,0,42.238,0,0,0,0,0,0,0,0,0,0,18.423,0,0,0,0,0,0,0,0
9,6/10/50,6:11,0,87.638,0,0,0,0,0,59.741,0,0,0,0,27.662,0,0,0,0,0,0,0,0
9,6/10/50,6:12,0,116.015,0,0,32.141,0,0.826,3.973,0,0,0,0,53.321,0,0,0,0,0,0,0,0
9,6/10/50,6:13,0,41.652,0,0,88.323,0,53.473,26.555,0,0,0,0,50.052,0,0,0,0,0,0,0,0
9,6/10/50,6:14,0,122.486,0,0,53.667,0,21.11,0,0,0,0,0,52.651,0,0,0,0,0,0,0,0
9,6/10/50,6:15,0,195.413,0,0,57.091,0,76.685,0,0,0,0,0,58.255,0,0,0,0,0,0,0,0
9,6/10/50,6:16,0,108.156,0,0,23.685,0,46.275,7.443,0,0,0,0,62.702,0,0,0,0,0,0,0,0
9,6/10/50,6:17,0,72.49,0,0,0,0,102.512,32.058,0,0,0,0,62.805,0,0,0,0,0,0,0,0
9,6/10/50,6:18,0,112.045,0,0,1.054,0,108.259,0,0,0,0,0,42.014,0,0,0,0,0,0,0,0
9,6/10/50,6:19,0,44.172,0,0,14.809,0,146.311,0,0,0,0,0,0,0,0,0,0,0,0,0,0
9,6/10/50,6:20,0,0,0,0,38.12,0,97.305,0,0,0,0,0,0,0,0,0,0,0,0,0,0
9,6/10/50,6:21,0,0,0,0,26.351,0,42.082,0,0,0,0,0,70.647,0,0,0,0,0,0,0,0
9,6/10/50,6:22,0,80.885,0,0,26.889,0,32.383,0,0,0,0,0,39.54,0,0,0,0,0,0,0,0
9,6/10/50,6:23,0,11.286,0,0,14.535,0,60.599,0,0,0,0,0,23.518,0,0,0,0,0,0,0,0
9,6/10/50,6:24,0,45.305,0,0,32.037,0,21.347,0,0,0,0,0,28.163,0,0,0,0,0,0,0,0
9,6/10/50,6:25,0,0,0,0,48.608,0,59.975,0,0,0,0,0,35.781,0,0,0,0,0,0,0,0
9,6/10/50,6:26,0,17.012,0,0,0,0,105.973,0,0,0,0,0,100.134,0,0,0,0,0,0,0,0
9,6/10/50,6:27,0,34.182,0,0,0,0,37.63,0,0,0,0,0,44.61,0,80.246,0,0,0,0,0,0
9,6/10/50,6:28,0,86.083,0,0,0,0,101.923,0,0,0,0,0,24.409,0,137.74,51.287,0,0,0,0,0
9,6/10/50,6:29,0,79.608,0,0,0,0,23.118,0,0,0,0,0,34.705,0,105.416,60.214,0,0,0,0,0
9,6/10/50,6:30,0,52.08,0,0,0,0,36.545,0,0,0,0,0,0,0,54.249,31.155,0,0,0,0,0
9,6/10/50,6:31,0,0,0,0,0,0,83.265,0,0,0,0,0,0,0,59.567,0,0,0,0,0,0
9,6/10/50,6:32,0,0,0,0,0,0,110.105,0,0,0,0,0,0,0,75.556,85.392,0,0,0,0,0
9,6/10/50,6:33,0,0,0,0,0,0,33.884,0,0,0,0,0,0,0,114.31,176.695,0,0,0,0,0
9,6/10/50,6:34,0,0,0,0,0,0,0,0,0,0,0,0,0,0,29.646,111.946,0,0,0,0,0
9,6/10/50,6:35,0,0,0,0,0,0,0,0,0,0,0,0,0,0,110.013,130.097,0,0,0,0,0
9,6/10/50,6:36,0,0,0,0,0,0,0,0,0,0,0,0,0,0,0,139.623,0,0,0,0,0
9,6/10/50,6:37,0,0,0,0,0,0,0,0,0,0,0,0,0,0,0,78.701,0,0,0,0,0
9,6/10/50,6:38,0,0,0,0,0,0,13.028,0,0,0,0,0,0,0,83.006,73.003,0,0,0,0,0
9,6/10/50,6:39,0,0,0,0,0,0,122.03,0,0,0,0,0,0,0,4.242,0,0,0,0,0,0
9,6/10/50,6:40,0,0,0,0,0,0,52.9,0,0,0,0,0,0,0,106.033,0,0,0,0,0,0
9,6/10/50,6:41,0,0,0,0,0,0,0,0,0,0,0,0,0,0,0,0,0,0,0,0,0
9,6/10/50,6:42,0,0,0,0,0,0,0,0,0,0,0,0,0,0,0,0,0,0,0,0,0
9,6/10/50,6:43,0,0,0,0,0,0,62.808,0,0,0,0,0,0,0,0,0,0,0,0,0,0
9,6/10/50,6:44,0,0,0,0,0,0,78.357,0,0,0,0,0,0,0,0,0,0,0,0,0,0
9,6/10/50,6:45,0,0,0,0,0,0,25.895,0,0,0,0,0,0,0,0,0,0,0,0,0,0
9,6/10/50,6:46,0,0,0,0,0,0,89.09,0,0,21.959,0,0,0,0,0,0,0,0,0,0,0
9,6/10/50,6:47,0,0,0,0,0,0,42.01,0,0,39.713,0,0,0,0,0,0,0,95.926,0,0,0
9,6/10/50,6:48,0,0,0,0,0,0,42.761,0,0,15.05,0,0,0,0,0,0,0,44.178,0,0,0
9,6/10/50,6:49,0,0,0,0,0,0,39.658,0,0,15.299,0,0,0,0,0,0,0,53.82,0,0,0
9,6/10/50,6:50,0,0,0,0,0,0,0,0,0,29.323,0,0,0,0,0,0,0,126.171,0,0,0
9,6/10/50,6:51,0,0,0,0,0,0,0,0,0,58.489,0,0,0,0,0,0,0,0,0,0,0
9,6/10/50,6:52,0,0,0,0,0,0,0,0,0,86.492,0,0,0,0,0,0,0,0,0,0,0
9,6/10/50,6:53,0,0,0,0,0,0,0,0,0,14.631,0,0,0,0,0,0,0,0,0,0,0
9,6/10/50,6:54,0,0,0,0,0,0,0,0,0,49.572,0,0,0,0,0,0,0,0,0,0,0
9,6/10/50,6:55,0,0,0,0,0,0,0,0,0,104.785,0,0,0,0,0,0,0,0,0,0,0
9,6/10/50,6:56,0,0,0,0,0,0,0,0,0,43.06,0,0,0,0,0,0,0,0,0,0,0
9,6/10/50,6:57,0,0,0,0,0,0,0,0,0,0,0,0,0,0,0,0,0,0,0,0,0
9,6/10/50,6:58,0,0,0,0,0,0,0,0,0,0,0,0,0,0,0,0,0,0,0,0,0
9,6/10/50,6:59,0,0,0,0,0,0,0,0,0,0,0,0,0,0,0,0,0,0,0,0,0
9,6/10/50,7:00,0,0,0,0,0,0,0,0,0,0,0,0,0,0,0,0,0,0,0,0,0
9,6/10/50,7:01,0,0,0,0,0,0,0,0,0,0,0,0,0,0,0,0,0,0,0,0,0
9,6/10/50,7:02,0,0,0,0,0,0,0,0,0,0,0,0,0,0,0,0,0,0,0,0,0
9,6/10/50,7:03,0,0,0,0,0,0,0,0,0,0,0,0,0,0,0,0,0,0,0,0,0
9,6/10/50,7:04,0,0,0,0,0,0,0,0,0,0,0,0,0,0,0,0,0,0,0,0,0
9,6/10/50,7:05,0,0,0,0,0,0,0,0,0,0,0,0,0,0,0,0,0,0,0,0,0
9,6/10/50,7:06,0,0,0,0,0,0,0,0,0,0,0,0,0,0,0,0,0,0,0,0,0
9,6/10/50,7:07,0,0,0,0,0,0,0,0,0,0,0,0,0,0,0,0,0,0,0,0,0
9,6/10/50,7:08,0,0,0,0,0,0,0,0,0,0,0,0,0,0,0,0,0,0,0,0,0
9,6/10/50,7:09,0,0,0,0,0,0,0,0,0,0,0,0,0,0,0,0,0,0,0,0,0
9,6/10/50,7:10,0,0,0,0,0,0,0,0,0,0,0,0,0,0,0,0,0,0,0,0,0
9,6/10/50,7:11,0,0,0,0,0,0,0,0,0,0,0,0,0,0,0,0,0,0,0,0,0
9,6/10/50,7:12,0,0,0,0,0,0,0,0,0,0,0,0,0,0,0,0,0,0,0,0,0
9,6/10/50,7:13,0,0,0,0,0,0,0,0,0,0,0,0,0,0,0,0,0,0,0,0,0
9,6/10/50,7:14,0,0,0,0,0,0,0,0,0,0,0,0,0,0,0,0,0,0,0,0,0
9,6/10/50,7:15,0,0,0,0,0,0,0,0,0,0,0,0,0,0,0,0,0,0,0,0,0
9,6/10/50,7:16,0,0,0,0,0,0,0,0,0,0,0,0,0,0,0,0,0,0,0,0,0
9,6/10/50,7:17,0,0,0,0,0,0,0,0,0,0,0,0,0,0,0,0,0,0,0,0,0
9,6/10/50,7:18,0,0,0,0,0,0,0,0,0,0,0,0,0,0,0,0,0,0,0,0,0
9,6/10/50,7:19,0,0,0,0,0,0,0,0,0,0,0,0,0,0,0,0,0,0,0,0,0
9,6/10/50,7:20,0,0,0,0,0,0,0,0,0,0,0,0,0,0,0,0,0,0,27.934,0,0
9,6/10/50,7:21,0,0,0,0,0,30.836,0,0,0,0,0,0,0,0,0,0,0,0,51.089,0,0
9,6/10/50,7:22,0,0,0,0,0,14.477,0,0,0,0,0,0,0,0,0,0,0,0,84.728,0,0
9,6/10/50,7:23,0,0,0,0,0,24.588,0,0,0,0,0,0,0,0,0,0,0,0,96.774,0,0
9,6/10/50,7:24,0,0,0,0,0,53.502,0,0,0,0,0,0,0,0,0,0,0,0,42.029,0,0
9,6/10/50,7:25,0,0,0,0,0,0,0,0,0,0,0,0,0,0,0,0,0,0,0,0,0
9,6/10/50,7:26,0,0,0,0,0,0,0,0,0,0,0,0,0,0,0,0,0,0,0,0,0
9,6/10/50,7:27,0,0,0,0,0,0,0,0,0,0,0,0,0,0,0,0,0,0,18.378,0,0
9,6/10/50,7:28,0,0,0,0,0,0,0,0,0,0,0,0,0,0,0,0,0,0,25.651,0,0
9,6/10/50,7:29,0,0,0,0,0,0,0,0,0,0,0,0,0,0,0,0,0,0,0,0,0
9,6/10/50,7:30,0,0,0,0,0,0,0,0,0,0,0,0,0,0,0,0,0,0,0,0,0
9,6/10/50,7:31,0,0,0,0,0,0,0,0,0,0,0,0,0,0,0,0,0,0,24.927,0,0
9,6/10/50,7:32,0,0,0,0,0,0,0,0,0,0,0,0,0,0,0,132.105,0,0,23.28,0,0
9,6/10/50,7:33,0,0,0,0,0,0,0,0,0,0,0,0,0,0,0,0,0,0,104.954,0,0
9,6/10/50,7:34,0,0,0,0,0,0,0,0,0,0,0,0,0,0,0,0,0,0,0,0,0
9,6/10/50,7:35,0,0,0,0,0,0,0,0,0,0,0,0,0,0,0,117.689,0,0,0,0,0
9,6/10/50,7:36,0,0,0,0,0,0,0,0,0,0,0,0,0,0,0,126.766,0,0,0,0,0
9,6/10/50,7:37,5.697,0,0,0,0,0,0,0,0,0,0,0,0,0,0,105.067,0,0,0,0,0
9,6/10/50,7:38,102.301,0,0,0,0,0,0,0,0,0,0,0,0,0,0,154.434,0,0,0,0,0
9,6/10/50,7:39,98.699,0,0,0,0,0,0,0,0,0,0,0,0,0,0,157.658,0,0,0,0,0
9,6/10/50,7:40,17.33,0,0,0,0,0,0,0,0,0,0,0,0,0,0,161.847,0,0,0,0,0
9,6/10/50,7:41,0,0,0,0,0,0,0,0,0,0,0,0,0,0,0,173.768,0,31.587,0,0,0
9,6/10/50,7:42,40.299,0,0,0,0,0,0,0,0,0,0,0,0,0,0,199.304,0,76.326,0,0,0
9,6/10/50,7:43,64.357,0,0,0,0,0,0,0,0,0,0,0,57.982,0,0,179.638,0,12.731,0,0,0
9,6/10/50,7:44,35.027,0,0,0,0,0,0,0,0,0,0,0,76.613,0,0,202.315,0,95.918,0,0,0
9,6/10/50,7:45,0,0,0,0,0,0,0,0,0,0,0,0,138.889,0,0,45.265,0,56.748,0,0,0
9,6/10/50,7:46,0,0,0,0,0,0,0,0,0,0,0,0,74.384,0,0,112.191,0,36.978,0,0,0
9,6/10/50,7:47,0,0,0,0,0,0,0,0,0,0,0,0,0,0,0,0,0,121.485,0,0,0
9,6/10/50,7:48,0,0,0,0,0,0,0,0,0,0,0,0,14.33,0,0,0,0,70.915,0,0,0
9,6/10/50,7:49,0,0,0,0,0,0,0,0,0,0,0,0,52.77,0,0,0,0,46.154,0,0,0
9,6/10/50,7:50,21.476,0,0,0,0,0,0,0,0,0,0,0,43.882,0,0,0,0,44.067,0,0,0
9,6/10/50,7:51,167.142,0,0,0,0,0,0,0,0,0,0,0,118.221,0,0,109.706,0,0,0,0,0
9,6/10/50,7:52,46.27,0,0,0,0,0,0,0,0,0,0,0,92.576,0,0,27.084,0,0,0,0,0
9,6/10/50,7:53,0,0,0,0,0,0,0,0,0,0,0,0,26.806,0,0,138.804,0,20.684,0,0,0
9,6/10/50,7:54,0,0,0,0,0,0,0,0,0,0,0,0,0,0,0,109.42,0,0,0,0,0
9,6/10/50,7:55,0,0,0,0,0,0,0,0,0,0,0,0,0,0,0,9.371,0,0,0,0,0
9,6/10/50,7:56,57.097,0,0,0,0,0,0,0,0,0,0,0,0,0,0,0,0,0,0,0,0
9,6/10/50,7:57,0,0,0,0,0,0,0,0,0,0,0,0,0,0,0,0,0,0,0,0,0
9,6/10/50,7:58,0,0,0,0,0,0,0,0,0,0,0,0,0,0,0,0,0,0,0,0,0
9,6/10/50,7:59,0,0,0,0,0,0,0,0,0,0,0,0,0,0,0,0,0,0,0,0,0
9,6/10/50,8:00,0,0,0,0,0,0,0,0,0,0,0,0,0,0,0,0,0,0,0,0,0
9,6/10/50,8:01,0,0,0,0,0,0,0,0,0,0,0,0,72.666,0,0,0,0,0,0,0,0
9,6/10/50,8:02,0,0,0,0,0,0,0,0,0,0,0,0,91.957,0,0,0,0,0,0,0,0
9,6/10/50,8:03,0,0,0,0,0,0,0,0,0,0,0,0,83.807,0,0,0,0,0,0,0,0
9,6/10/50,8:04,0,0,0,0,0,0,0,0,0,0,0,0,69.586,0,0,0,0,0,0,0,0
9,6/10/50,8:05,0,0,0,0,0,0,0,0,0,0,0,0,64.559,0,0,0,0,0,0,0,0
9,6/10/50,8:06,0,0,0,0,0,0,0,0,0,0,0,0,0,0,0,0,0,0,0,0,0
9,6/10/50,8:07,0,0,0,0,0,0,0,0,0,0,0,0,0,0,0,0,0,0,0,0,0
9,6/10/50,8:08,0,0,0,0,0,0,0,0,0,0,0,0,0,0,0,0,0,0,0,0,0
9,6/10/50,8:09,0,0,0,0,0,0,0,0,0,0,0,0,0,0,0,0,0,0,0,0,0
9,6/10/50,8:10,0,0,0,0,0,0,0,0,0,0,0,0,0,0,0,0,0,0,0,0,0
9,6/10/50,8:11,0,0,0,0,0,0,0,0,0,0,0,0,0,0,0,0,0,0,0,0,0
9,6/10/50,8:12,0,0,0,0,0,0,0,0,0,0,0,0,0,0,0,0,0,0,0,0,0
9,6/10/50,8:13,0,0,0,0,0,0,0,0,0,0,0,0,0,0,0,0,0,0,0,0,0
9,6/10/50,8:14,0,0,36.204,0,0,0,0,0,0,0,0,0,0,0,0,0,0,0,0,0,0
9,6/10/50,8:15,0,0,0,0,0,0,0,0,0,0,0,0,0,0,0,0,0,0,0,0,0
9,6/10/50,8:16,0,0,0,0,0,0,0,0,0,0,0,0,0,0,0,0,0,0,0,0,0
9,6/10/50,8:17,0,0,0,0,0,0,0,0,0,0,0,0,0,0,0,0,0,0,0,0,0
9,6/10/50,8:18,0,0,0,0,0,0,0,0,0,0,0,0,0,0,0,0,0,0,0,0,0
9,6/10/50,8:19,0,0,0,0,0,0,0,0,0,0,0,0,0,0,0,0,0,0,0,0,0
9,6/10/50,8:20,0,0,0,0,0,90.449,0,0,0,0,0,0,0,0,0,0,0,0,0,0,0
9,6/10/50,8:21,0,0,0,33.112,0,28.847,0,0,0,0,0,0,0,0,0,0,0,0,0,31.487,0
9,6/10/50,8:22,0,0,0,160.812,0,50.526,0,0,0,0,0,0,0,0,0,0,0,0,0,29.054,0
9,6/10/50,8:23,0,0,0,0,0,0,0,0,0,0,0,0,0,0,0,0,0,0,0,33.257,0
9,6/10/50,8:24,0,0,0,0,0,0,0,0,0,0,0,0,0,0,0,0,0,0,0,64.069,0
9,6/10/50,8:25,0,0,0,0,0,0,0,0,0,0,0,0,0,0,0,0,0,0,0,42.122,0
9,6/10/50,8:26,0,0,0,0,0,0,0,0,0,0,0,0,0,0,0,0,0,0,0,92.255,35.931
9,6/10/50,8:27,0,0,0,0,0,0,0,0,0,0,0,0,0,0,0,0,0,0,0,38.667,9.174
9,6/10/50,8:28,0,0,0,0,0,0,0,0,0,0,0,0,0,0,0,0,0,0,0,35.874,34.83
9,6/10/50,8:29,0,0,0,0,0,0,0,0,0,0,0,0,0,0,0,0,0,0,0,0,0
9,6/10/50,8:30,0,0,0,0,0,0,0,0,0,0,0,0,0,0,0,0,0,0,0,0,0
9,6/10/50,8:31,0,0,0,0,0,0,0,0,0,0,0,0,0,0,0,0,0,0,0,0,59.293
9,6/10/50,8:32,0,0,0,0,0,0,0,0,0,0,0,0,0,0,0,0,0,0,0,0,8.644
9,6/10/50,8:33,0,21.355,0,0,0,0,0,0,0,0,0,0,0,0,0,0,0,0,0,84.439,0
9,6/10/50,8:34,0,39.589,0,0,0,0,0,0,0,0,0,0,0,0,0,0,0,0,0,100.702,0
9,6/10/50,8:35,0,30.748,0,0,0,0,0,0,0,0,0,0,0,0,0,0,0,0,0,111.853,0
9,6/10/50,8:36,0,148.906,0,0,0,0,0,0,0,0,0,0,0,0,0,0,0,0,0,64.471,0
9,6/10/50,8:37,0,19.81,0,0,0,0,0,0,0,0,0,0,0,0,0,0,0,0,0,0,0
9,6/10/50,8:38,0,66.994,0,0,0,0,0,0,0,0,0,0,0,0,0,0,0,0,0,0,0
9,6/10/50,8:39,0,31.062,0,0,0,0,0,0,0,0,0,0,0,0,0,0,0,0,0,0,0
9,6/10/50,8:40,0,0,0,0,0,0,0,0,0,0,0,0,0,0,0,0,0,0,0,0,0
9,6/10/50,8:41,0,0,0,0,0,0,0,0,0,0,0,0,0,0,0,0,0,0,0,0,0
9,6/10/50,8:42,0,12.231,0,0,0,0,0,0,0,0,0,0,0,0,0,0,0,0,0,0,0
9,6/10/50,8:43,0,141.412,0,0,0,0,0,0,0,0,0,0,0,0,0,57.234,0,0,0,0,0
9,6/10/50,8:44,0,28.992,0,0,0,0,0,0,0,0,0,0,0,0,0,44.449,0,0,0,0,0
9,6/10/50,8:45,0,35.793,0,0,0,0,0,0,0,0,0,0,0,0,0,84.673,0,0,0,0,0
9,6/10/50,8:46,0,77.178,0,0,37.843,0,0,0,0,0,0,0,0,0,0,22.7,0,0,0,0,0
9,6/10/50,8:47,0,19.903,0,0,86.444,0,0,0,0,0,0,0,0,0,0,0,0,0,0,0,0
9,6/10/50,8:48,0,103.644,0,0,87.998,0,0,0,0,0,0,0,0,0,0,0,0,0,0,0,0
9,6/10/50,8:49,0,0,0,0,71.519,0,0,0,0,0,0,0,0,0,0,0,0,0,0,0,0
9,6/10/50,8:50,0,23.529,0,0,32.519,0,0,0,0,0,0,0,0,0,0,0,0,0,0,0,0
9,6/10/50,8:51,0,30.972,0,0,24.42,0,0,0,0,0,0,0,0,0,0,0,0,0,0,0,0
9,6/10/50,8:52,0,122.914,0,0,0,0,0,0,0,0,0,0,0,0,0,0,0,0,0,0,0
9,6/10/50,8:53,0,91.241,0,0,0,0,0,0,0,0,0,0,0,0,0,0,0,0,0,0,0
9,6/10/50,8:54,0,0,0,0,9.685,0,0,0,0,0,0,0,0,0,0,0,0,0,0,0,0
9,6/10/50,8:55,0,0,0,0,151.161,0,0,0,0,0,0,0,0,0,0,0,0,0,0,0,0
9,6/10/50,8:56,0,42.648,0,0,32.993,0,0,0,0,0,0,32.434,0,0,0,0,0,0,0,0,0
9,6/10/50,8:57,0,0,0,0,0,0,0,0,0,0,0,16.078,0,0,0,0,0,0,0,0,0
9,6/10/50,8:58,0,0,0,0,0,0,0,0,0,0,0,55.914,0,0,0,0,0,0,0,0,0
9,6/10/50,8:59,0,0,0,0,0,0,0,0,0,0,0,44.131,0,0,0,0,0,0,0,0,0
9,6/10/50,9:00,0,0,0,0,0,0,0,0,0,0,0,101.931,0,0,0,0,0,0,57.923,0,0
9,6/10/50,9:01,0,0,0,0,0,0,0,0,0,0,0,47.752,0,0,0,0,0,0,11.809,0,0
9,6/10/50,9:02,0,0,0,0,0,0,0,0,0,0,0,0,0,0,0,0,23.451,0,19.836,0,0
9,6/10/50,9:03,0,0,0,0,0,0,0,0,0,0,0,0,0,0,23.803,0,37.506,0,36.602,0,0
9,6/10/50,9:04,0,0,0,0,0,0,0,0,0,0,0,0,0,0,72.965,0,50.95,0,0,0,0
9,6/10/50,9:05,0,0,0,0,0,0,0,0,0,0,0,0,0,0,56.5,0,145.416,0,26.663,0,0
9,6/10/50,9:06,0,0,0,0,0,0,0,0,0,0,0,0,0,0,75.242,0,109.122,0,0,0,0
9,6/10/50,9:07,0,0,0,0,0,0,0,0,0,0,0,0,0,0,33.071,0,37.04,0,0,0,0
9,6/10/50,9:08,0,0,0,0,0,0,0,0,0,0,0,0,0,53.099,36.255,0,132.237,0,126.501,0,0
9,6/10/50,9:09,0,0,0,0,0,0,0,0,0,0,0,0,0,100.281,0,0,0,0,70.551,0,0
9,6/10/50,9:10,0,0,0,0,0,0,0,0,0,0,0,0,0,41.958,0,0,57.17,0,16.446,0,0
9,6/10/50,9:11,0,0,0,0,0,0,0,0,0,0,0,0,0,53.192,0,0,50.73,0,9.008,0,0
9,6/10/50,9:12,0,0,0,0,0,0,0,0,0,0,0,0,0,8.838,0,0,0,0,0,0,0
9,6/10/50,9:13,0,0,0,0,0,0,0,0,0,0,0,0,0,5.853,0,0,120.668,0,34.457,0,0
9,6/10/50,9:14,0,0,0,0,0,0,0,0,0,0,0,0,0,0,0,0,108.395,0,0,0,0
9,6/10/50,9:15,0,0,0,0,0,0,0,0,0,0,0,0,0,28.742,0,0,157.791,0,0,0,0
9,6/10/50,9:16,0,0,0,0,0,0,0,0,0,0,0,0,0,60.357,0,0,55.126,0,0,0,0
9,6/10/50,9:17,0,0,0,0,0,0,0,0,0,0,0,0,0,0,0,0,122.207,0,0,0,0
9,6/10/50,9:18,0,0,0,0,0,0,0,0,0,0,0,0,0,0,0,0,81.134,0,0,0,0
9,6/10/50,9:19,0,0,0,0,0,0,80.721,0,0,0,0,0,0,0,0,0,166.949,0,0,0,0
9,6/10/50,9:20,0,0,0,0,0,0,87.274,0,0,35.632,0,0,69.788,139.676,0,0,115.267,39.359,0,0,0
9,6/10/50,9:21,0,0,0,0,0,0,77.804,0,0,4.138,0,0,33.705,42.032,0,0,0,59.142,0,0,0
9,6/10/50,9:22,0,0,0,0,0,0,25.437,0,0,79.043,0,0,41.107,111.056,0,0,0,106.39,0,0,0
9,6/10/50,9:23,0,0,0,0,0,0,15.893,0,0,58.751,0,0,0,29.455,0,0,0,56.901,0,0,0
9,6/10/50,9:24,0,0,0,0,0,0,0,0,0,66.499,0,0,0,87.525,0,0,0,0,0,0,0
9,6/10/50,9:25,0,0,0,0,0,0,16.193,0,0,0,0,0,0,66.718,0,0,0,0,0,0,0
9,6/10/50,9:26,0,0,0,0,0,0,101.413,0,0,0,0,0,0,82.394,0,0,0,62.754,0,0,0
9,6/10/50,9:27,0,0,0,0,0,0,103.004,0,0,10.02,0,0,0,62.888,0,0,0,35.963,0,0,0
9,6/10/50,9:28,0,0,0,0,0,0,0,0,0,94.529,0,0,0,0,0,0,0,149.695,0,0,0
9,6/10/50,9:29,0,0,0,0,0,0,0,0,0,57.652,0,0,0,0,0,0,0,68.05,0,0,0
9,6/10/50,9:30,0,0,0,0,0,0,0,0,0,98.435,0,0,0,0,0,0,0,49.021,0,0,0
9,6/10/50,9:31,0,0,0,0,0,0,0,0,0,49.705,0,0,0,0,0,0,0,12.438,0,0,0
9,6/10/50,9:32,0,0,0,0,0,0,41.293,0,0,5.245,0,0,0,0,0,0,0,28.062,0,0,0
9,6/10/50,9:33,0,0,0,0,0,0,146.321,0,0,4.631,0,0,0,0,0,0,0,47.642,0,0,0
9,6/10/50,9:34,0,0,0,0,0,0,72.642,0,0,24.694,0,0,0,0,0,0,0,0,0,0,0
9,6/10/50,9:35,0,0,0,0,0,0,0,0,0,0,0,0,0,0,0,0,0,0,0,0,0
9,6/10/50,9:36,0,0,0,0,0,0,0,0,0,0,0,0,0,0,0,0,0,0,0,0,0
9,6/10/50,9:37,0,0,0,0,0,0,0,0,0,0,0,0,0,0,0,0,0,0,0,0,0
9,6/10/50,9:38,0,0,0,0,0,0,0,0,0,0,0,0,0,0,0,0,0,0,0,0,0
9,6/10/50,9:39,0,0,0,0,0,0,0,0,0,0,0,0,0,0,0,0,0,0,0,0,0
9,6/10/50,9:40,0,0,0,0,0,0,0,0,0,0,0,0,0,0,0,0,0,0,0,0,0
9,6/10/50,9:41,0,0,0,0,0,0,0,0,0,0,0,0,0,0,0,0,0,0,0,0,0
9,6/10/50,9:42,0,0,0,0,0,0,0,0,0,0,0,0,0,0,0,0,0,0,0,0,0
9,6/10/50,9:43,0,0,0,0,0,0,0,0,0,0,0,0,0,0,0,0,0,0,0,0,0
9,6/10/50,9:44,0,0,0,0,0,0,0,0,0,0,0,0,0,0,0,0,0,0,0,0,0
9,6/10/50,9:45,0,0,0,0,0,0,0,0,0,0,0,0,0,0,0,0,0,0,0,0,0
9,6/10/50,9:46,0,0,0,0,0,0,0,0,0,0,0,0,0,0,0,0,0,0,0,0,0
9,6/10/50,9:47,0,0,0,0,0,0,0,0,0,0,0,0,0,0,0,0,0,0,0,0,0
9,6/10/50,9:48,0,0,0,0,0,0,0,0,0,0,0,0,0,0,0,0,0,0,0,0,0
9,6/10/50,9:49,0,0,0,0,0,0,0,0,0,0,0,0,0,0,0,0,0,0,0,0,0
9,6/10/50,9:50,0,0,0,0,0,0,0,0,0,0,0,0,0,0,0,0,0,0,0,0,0
9,6/10/50,9:51,0,0,0,0,0,0,0,0,0,0,0,0,0,0,0,0,0,0,0,0,0
9,6/10/50,9:52,0,0,0,0,0,0,0,0,0,0,0,0,0,0,0,0,0,0,0,0,0
9,6/10/50,9:53,0,0,0,0,0,0,0,0,0,0,0,0,0,0,0,0,0,0,0,46.52,0
9,6/10/50,9:54,0,0,0,0,0,0,0,0,0,0,0,0,0,0,0,0,0,0,0,70.203,0
9,6/10/50,9:55,0,0,0,0,0,0,0,0,0,0,0,0,0,0,0,0,0,0,0,41.42,0
9,6/10/50,9:56,0,0,0,0,0,0,0,0,0,0,0,0,0,0,0,0,0,0,0,0,0
9,6/10/50,9:57,0,0,0,0,0,0,0,0,0,0,0,0,0,0,0,0,0,0,0,0,0
9,6/10/50,9:58,0,0,0,0,0,0,0,0,0,0,0,0,0,0,0,0,0,0,0,0,0
9,6/10/50,9:59,0,0,0,0,0,0,0,0,0,0,0,0,0,0,0,0,0,0,0,0,0
9,6/10/50,10:00,0,0,0,0,0,0,0,0,0,0,0,0,0,0,0,0,0,0,0,0,0
9,6/10/50,10:01,0,0,0,0,0,0,0,0,0,0,0,0,0,0,0,0,0,0,0,0,0
9,6/10/50,10:02,0,0,0,0,0,0,0,0,0,0,0,0,0,0,0,0,0,0,0,0,0
9,6/10/50,10:03,0,0,0,0,0,0,0,0,0,0,0,0,0,0,0,0,0,0,0,0,0
9,6/10/50,10:04,0,0,0,0,0,0,0,0,0,0,0,0,0,0,0,0,0,0,0,0,0
9,6/10/50,10:05,0,0,0,0,0,0,0,0,0,0,0,0,0,0,0,0,0,0,0,0,0
9,6/10/50,10:06,0,0,0,0,0,0,0,0,0,0,0,0,0,0,0,0,0,0,0,0,0
9,6/10/50,10:07,0,0,0,0,0,0,0,0,0,0,0,0,0,0,0,0,0,0,0,0,0
9,6/10/50,10:08,0,0,0,0,0,0,0,0,0,0,0,0,0,0,0,0,0,0,0,0,0
9,6/10/50,10:09,0,0,0,0,0,0,0,0,0,0,0,0,0,0,0,0,0,0,0,0,0
9,6/10/50,10:10,0,0,0,0,0,0,0,0,0,0,0,0,0,0,0,0,0,0,0,0,0
9,6/10/50,10:11,0,0,0,0,0,0,0,0,0,0,0,0,0,0,0,98.45,0,0,0,0,0
9,6/10/50,10:12,0,0,0,0,0,0,0,0,0,0,53.633,0,0,0,0,106.879,0,0,0,0,0
9,6/10/50,10:13,0,0,0,0,0,0,0,0,0,0,0,0,0,0,0,18.439,0,0,0,0,0
9,6/10/50,10:14,0,0,0,0,0,0,0,0,0,0,0,0,0,0,0,47.792,0,0,0,0,0
9,6/10/50,10:15,0,0,0,0,0,0,0,0,0,0,17.498,0,0,0,0,19.99,0,0,0,0,0
9,6/10/50,10:16,0,0,0,0,0,0,0,0,0,0,9.29,0,0,0,0,0,0,0,0,0,0
9,6/10/50,10:17,0,0,0,0,0,0,0,0,0,0,0,0,0,0,0,0,0,0,0,0,0
9,6/10/50,10:18,0,0,0,0,0,0,0,0,0,0,0,0,0,0,0,24.204,0,0,0,0,0
9,6/10/50,10:19,0,0,0,0,0,0,0,0,0,0,22.045,0,0,0,0,15.258,0,0,0,0,0
9,6/10/50,10:20,0,0,0,0,0,0,0,0,0,0,0,0,0,0,0,0,0,0,0,0,0
9,6/10/50,10:21,0,0,0,0,0,0,0,0,0,0,0,0,0,0,0,0,0,0,0,0,0
9,6/10/50,10:22,0,0,0,0,0,0,0,0,0,0,0,0,0,0,0,0,0,0,0,0,0
9,6/10/50,10:23,0,0,0,0,0,0,0,0,0,0,0,0,0,0,0,0,0,0,0,0,0
9,6/10/50,10:24,0,0,0,0,0,0,0,0,0,0,0,0,0,0,0,0,0,0,0,0,0
9,6/10/50,10:25,0,0,0,0,0,0,0,0,0,0,0,0,0,0,0,0,0,0,0,0,0
9,6/10/50,10:26,0,0,0,0,0,0,0,0,0,0,0,0,0,0,0,0,0,0,0,0,0
9,6/10/50,10:27,0,0,0,0,0,13.239,0,0,0,0,0,0,0,0,0,0,0,0,0,0,0
9,6/10/50,10:28,0,0,0,0,0,117.715,0,0,0,0,0,0,0,0,0,0,0,0,0,0,0
9,6/10/50,10:29,0,0,0,0,0,1.038,0,0,0,0,0,0,0,0,0,0,0,0,0,0,0
9,6/10/50,10:30,0,0,0,0,0,48.919,0,0,0,0,0,0,0,0,0,0,0,0,0,0,0
9,6/10/50,10:31,0,0,0,0,0,0,0,0,0,0,0,0,0,0,0,0,0,0,0,0,0
9,6/10/50,10:32,0,0,0,0,0,0,0,0,0,0,0,0,0,0,0,0,0,0,0,0,0
9,6/10/50,10:33,0,0,0,0,0,0,0,0,0,0,0,0,0,0,0,0,0,0,0,0,0
9,6/10/50,10:34,0,0,0,0,0,0,0,0,0,0,0,0,0,0,0,0,0,0,0,0,0
9,6/10/50,10:35,0,0,0,0,0,55.011,0,0,0,0,0,0,0,0,0,0,0,0,0,0,0
9,6/10/50,10:36,0,0,0,0,0,78.022,0,0,0,0,0,0,0,0,0,0,0,0,0,0,0
9,6/10/50,10:37,0,1.635,0,0,0,32.411,0,0,0,0,0,0,0,0,0,0,0,0,0,0,0
9,6/10/50,10:38,0,142.798,0,0,0,0,0,0,0,0,0,0,0,0,0,0,0,0,0,0,0
9,6/10/50,10:39,0,5.798,0,0,0,0,0,0,0,0,0,0,0,0,0,0,0,0,0,0,0
9,6/10/50,10:40,0,71.212,0,0,0,0,0,0,0,0,0,0,0,0,0,0,0,0,0,0,0
9,6/10/50,10:41,0,0,0,0,0,0,0,0,0,0,0,0,0,0,0,0,0,0,0,0,0
9,6/10/50,10:42,0,0,0,0,0,0,0,0,0,0,0,0,0,0,0,0,0,0,0,0,0
9,6/10/50,10:43,0,0,0,0,0,0,0,0,0,0,0,0,0,0,0,0,0,0,0,0,0
9,6/10/50,10:44,0,0,0,0,0,0,0,0,0,0,0,0,0,0,0,0,0,0,0,0,0
9,6/10/50,10:45,0,0,0,0,0,0,0,0,0,0,0,0,0,0,0,0,0,0,0,0,0
9,6/10/50,10:46,0,0,0,0,0,0,0,0,0,0,0,0,0,0,0,0,0,0,0,0,0
9,6/10/50,10:47,0,0,0,0,0,0,0,0,0,0,0,0,0,0,0,0,0,0,0,0,0
9,6/10/50,10:48,0,0,0,0,0,0,0,0,0,0,0,56.245,0,0,0,0,0,0,0,0,0
9,6/10/50,10:49,0,0,0,0,0,0,0,0,0,0,0,18.69,0,0,0,0,0,0,0,0,0